session_id,scenario,window_start,window_end,state,temperature_mean,temperature_std,temperature_min,temperature_max,temperature_trend,pressure_mean,pressure_std,pressure_min,pressure_max,pressure_trend,vibration_mean,vibration_std,vibration_min,vibration_max,vibration_trend
compressor-0000,degrading,0,29,NORMAL,51.68312,1.9937458319120485,48.0725,54.3794,-0.1792049833147953,8.167936666666666,0.20097173181541944,7.7431,8.4355,-0.012614082313681938,1.48599,0.13024880383327903,1.2286,1.7205,-0.00021977753058957645
compressor-0000,degrading,10,39,DEGRADATION,51.60498666666668,2.2071573705762106,48.0725,55.8712,0.01933232480533797,8.144696666666666,0.18815398212338977,7.7431,8.4355,0.0038380645161287014,1.5619533333333335,0.18583013521911768,1.2286,1.9705,0.014501134593993313
compressor-0000,degrading,20,49,DEGRADATION,52.58308666666668,2.900879143493496,48.0725,56.4961,0.3024235817575071,8.088263333333332,0.21898374594679143,7.4776,8.3797,-0.003918731924360494,1.5847300000000002,0.17745118981473937,1.3138,1.9705,0.00047276974416015467
compressor-0000,degrading,30,59,DEGRADATION,54.05367,1.7075788409616706,50.3291,56.4961,0.04807753058954297,7.949656666666667,0.3165575499898171,7.3341,8.3797,-0.03150667408231397,1.7068699999999997,0.22331447206424693,1.2875,2.2224,0.004669299221357043
compressor-0000,degrading,40,69,DEGRADATION,54.62808333333333,1.1564803751277215,52.6814,57.0774,-0.03727993325917769,7.753239999999999,0.2578092455026907,7.3341,8.3447,-0.01699448275862099,1.7792466666666664,0.2660129655152587,1.2875,2.2225,0.02074135706340372
compressor-0000,degrading,50,79,DEGRADATION,55.11239,1.82261357457727,52.6814,59.1281,0.1387306117908772,7.648420000000001,0.18715181253018462,7.3341,7.9724,-0.0013517686318133136,1.9728400000000004,0.19104032314322195,1.2875,2.313,0.011146295884315878
compressor-0000,degrading,60,89,DEGRADATION,55.40558999999999,1.61011570461049,53.2448,59.1281,-0.004602424916574167,7.515536666666667,0.25770034210730547,7.0579,7.9724,-0.019674727474972373,2.03382,0.15824335562670558,1.755,2.4124,0.005101579532814177
compressor-0000,degrading,70,99,DEGRADATION,55.94480666666667,1.4995326642954094,53.2448,59.1281,-0.0364818687430489,7.475006666666667,0.23930175223391545,7.0579,7.9724,-0.008427230255839992,2.163616666666667,0.1993039556110772,1.7864,2.4883,0.013781735261401544
compressor-0000,degrading,80,109,DEGRADATION,56.49052,1.9484942623129964,53.2448,60.4979,0.20882558398220205,7.400626666666666,0.17065573129028574,7.0579,7.7345,0.008142380422691758,2.2126033333333335,0.18818312266395082,1.7864,2.4883,0.009710856507230201
compressor-0000,degrading,90,119,DEGRADATION,57.507646666666666,1.4323341334417126,55.1456,60.4979,0.07235657397107732,7.385649999999999,0.1957209676214244,6.9683,7.7345,-0.015753348164627545,2.292673333333333,0.1198004366528863,2.087,2.5261,-0.0029614682981090336
compressor-0000,degrading,100,129,DEGRADATION,58.378773333333335,1.323244603977494,56.3157,60.8067,0.029087919911010365,7.27133,0.17123353478023315,6.9683,7.5921,-0.009745205784204838,2.34035,0.15902749605021135,2.087,2.6058,0.013194682981090028
compressor-0000,degrading,110,139,DEGRADATION,59.134903333333334,1.734356011796758,56.3157,61.7546,0.15203583982202212,7.196766666666665,0.1435653238850602,6.9683,7.4303,0.0011451835372634357,2.3999866666666665,0.16779414517662866,2.0746,2.6227,0.005377619577308057
compressor-0001,failure,0,29,DEGRADATION,53.55908,1.7316389002714552,49.5071,55.7897,-0.14755074527252604,8.242376666666667,0.11121614895728436,7.9941,8.4921,-0.0031207341490546645,1.3756366666666666,0.16587317139576516,1.0521,1.6776,-0.007662669632925505
compressor-0001,failure,10,39,DEGRADATION,54.04756666666667,2.1995270331495265,49.5071,57.3735,0.07012289210233381,8.19799,0.12360434013415528,7.9266,8.4485,-0.006733014460511908,1.5035633333333334,0.3014123404721328,1.0521,2.0136,0.02772309232480532
compressor-0001,failure,20,49,DEGRADATION,54.41019666666667,2.320753062475388,49.5071,57.3735,0.18396598442714063,8.02966,0.2615942157872252,7.3589,8.3566,-0.02484591768631833,1.6855633333333335,0.272422045710124,1.1236,2.0158,0.020798598442714134
compressor-0001,failure,30,59,DEGRADATION,55.769549999999995,0.9122807326512313,53.7224,57.3735,-0.01896073414905561,7.693586666666666,0.416063315480816,6.9683,8.2868,-0.043405294771969145,1.8714400000000002,0.12673059509579107,1.5994,2.1305,0.0003142157953280764
compressor-0001,failure,40,69,DEGRADATION,56.63555,1.6929776556410898,54.3386,59.8625,0.14986084538375932,7.3581633333333345,0.34074478081924536,6.8532,8.0438,-0.031326162402669645,2.0331466666666667,0.27728910152081754,1.5994,2.5551,0.02551452725250273
compressor-0001,failure,50,79,FAILURE,58.599916666666665,2.636229220317451,54.3386,63.3934,0.26907548387096625,7.156036666666667,0.18908484424253097,6.8532,7.6381,-0.005195038932146911,2.239476666666667,0.2744979522489902,1.7246,2.6864,0.026024894327029965
compressor-0001,failure,60,89,FAILURE,59.527113333333325,2.531859263562825,53.1142,63.3934,-0.05081971078976746,7.127346666666667,0.14366555776834222,6.8532,7.3323,0.0032195328142379624,2.4978166666666666,0.22539377702639052,2.0225,3.1852,0.015809721913236843
compressor-0001,failure,70,99,FAILURE,60.466499999999996,2.8580709862889457,53.1142,65.152,-0.016395061179089714,7.100146666666666,0.17615107480669984,6.755,7.4249,-0.0035618687430479874,2.7083333333333335,0.3261676780771237,2.0225,3.2925,0.029334282536151217
compressor-0001,failure,80,109,FAILURE,61.342706666666665,3.4856500206736505,53.1142,66.8175,0.25363911012235657,6.94335,0.2929906047981744,6.1952,7.4249,-0.02310791991101245,2.92421,0.3814911850008246,2.276,3.6395,0.02547419354838705
compressor-0001,failure,90,119,FAILURE,62.02927999999999,2.649763899721382,56.8185,66.8175,-0.016285873192438145,6.654999999999999,0.3749280126459834,5.915,7.4249,-0.03687537263626275,3.1093599999999997,0.34321390667240353,2.276,3.6395,0.01900671857619573
compressor-0001,failure,100,129,FAILURE,63.866703333333334,3.6135143898503506,57.128,70.8766,0.16902947719688446,6.30164,0.3635553085845398,5.5403,6.9401,-0.03527626251390455,3.269493333333334,0.3709608846705479,2.276,3.8122,0.027011612903225703
compressor-0001,failure,110,139,FAILURE,65.37633666666666,4.222836049977419,57.128,70.8766,0.40578814238042143,5.9726366666666655,0.3287529077015475,5.3289,6.6032,-0.0300933704115686,3.4807,0.30808980617129583,2.8696,3.9333,0.023870300333704048
compressor-0001,failure,120,149,FAILURE,67.68429333333333,2.1336109606225997,62.0234,70.8766,0.04779555061179027,5.848789999999999,0.2623483464784941,5.3289,6.4353,-0.003773681868743188,3.6743799999999998,0.2872295300510261,3.0057,4.21,0.014932013348164517
compressor-0001,failure,130,159,FAILURE,68.74273666666666,2.2670408660459183,65.1407,74.1834,0.10505194660734081,5.8547433333333325,0.2788701749121903,5.3289,6.3856,0.012140800889877464,3.8207199999999992,0.2991770171654233,3.3548,4.5351,0.010584649610678456
compressor-0001,failure,140,169,FAILURE,70.97076666666666,3.8225674895575383,65.1407,76.6953,0.4007150611790867,5.893963333333333,0.2643234274940877,5.2744,6.3856,-0.0074176418242494135,4.022993333333334,0.34806191779943724,3.3982,4.7634,0.02798843159065615
compressor-0001,failure,150,179,FAILURE,72.29688666666667,3.495018455815203,65.2056,77.0748,0.0474523248053374,5.720833333333332,0.3563158601889934,5.0621,6.3856,-0.031773481646273694,4.38739,0.4850849872960407,3.3982,5.2032,0.048015817575083324
compressor-0002,failure,0,29,DEGRADATION,50.66192,1.5469301779977016,47.8109,54.1289,-0.0864854727474985,7.948973333333332,0.2906140509717694,7.5005,8.4836,-0.021730545050055977,1.60303,0.18363436706310357,1.1829,1.8726,-0.014207541713014502
compressor-0002,failure,10,39,DEGRADATION,51.20909666666666,2.0590240378203992,47.8109,55.0194,0.061881802002223776,7.8475100000000015,0.1952426769433364,7.5005,8.3655,-0.0022820244716352652,1.6282133333333335,0.23395690020932391,1.1829,2.1195,0.01540880978865403
compressor-0002,failure,20,49,DEGRADATION,52.37798666666667,2.4600475001827817,47.8109,56.6953,0.261783537263625,7.671616666666666,0.2739266520844992,6.9221,8.1879,-0.017709432703003552,1.8035700000000001,0.2887593163287838,1.1829,2.1866,0.02896847608453834
compressor-0002,failure,30,59,DEGRADATION,53.8368,1.4081682960498718,50.4311,56.6953,0.07546184649610518,7.391920000000001,0.45710436401329624,6.5812,8.1879,-0.05032249165739714,2.04395,0.19535592261306023,1.5416,2.38,0.018435127919910966
compressor-0002,failure,40,69,DEGRADATION,55.329566666666665,1.632516550673292,51.934,58.3434,0.11817130144604959,7.087343333333334,0.2743394803078032,6.5812,7.6304,-0.0200651167964407,2.285733333333333,0.23961558009074088,1.9707,2.7841,0.0245870522803114
compressor-0002,failure,50,79,FAILURE,56.283240000000006,2.12693260143961,51.934,61.5036,0.15727194660734084,6.924733333333333,0.17873821701645745,6.3842,7.2163,-0.0011365962180202006,2.5041766666666665,0.24795396842066386,1.9707,2.9581,0.025735372636262452
compressor-0002,failure,60,89,FAILURE,57.845833333333324,1.9853565912002362,54.9627,63.484,0.05806042269187866,6.744023333333334,0.3435038676961618,5.9742,7.2163,-0.028977285873192597,2.732733333333334,0.19189741935616422,2.4121,3.3722,0.016672703003336987
compressor-0002,failure,70,99,FAILURE,58.34754000000001,1.9824687823687581,54.9627,63.484,0.045358086763068496,6.6587,0.3010731815799387,5.9742,7.2163,-0.0073290767519468124,2.9665733333333337,0.29520380297158927,2.609,3.7162,0.02841428253615122
compressor-0002,failure,80,109,FAILURE,60.12804333333335,2.9577532553931687,55.291,66.4969,0.22418040044493728,6.495943333333334,0.2447359198310611,5.9742,6.9709,0.002032280311457008,3.2012166666666664,0.34285217036242055,2.6811,3.8886,0.030457953281423776
compressor-0002,failure,90,119,FAILURE,60.250710000000005,2.601378279470327,57.2461,66.4969,0.02326088987764133,6.34657,0.4078765909357061,5.4817,6.9709,-0.04113101223581779,3.25086,0.31048626443048977,2.6508,3.8886,-0.009196484983314884
compressor-0002,failure,100,129,FAILURE,62.667303333333344,4.088677008151767,57.3409,71.6728,0.19700282536151117,6.26083,0.3543230203735946,5.4817,6.8197,0.0026217797552835066,3.30166,0.39262936857380737,2.6508,4.1434,0.005480311457174575
compressor-0002,failure,110,139,FAILURE,65.49011333333334,5.810959260038073,57.3409,75.9162,0.602778197997775,6.023606666666666,0.4824018594030869,5.1564,6.8197,-0.014750211345940052,3.33473,0.4270647898933681,2.6508,4.2297,0.02092843159065623
compressor-0002,failure,120,149,FAILURE,69.46292999999999,3.780198391103303,59.8068,75.9162,0.2637226473859835,5.764170000000002,0.6496126395270748,4.6985,6.8197,-0.06192438264738612,3.6589900000000006,0.43739692755360465,2.7238,4.2394,0.028325895439376973
compressor-0002,failure,130,159,FAILURE,69.88332999999999,2.721238501632422,64.5181,75.9162,-0.20085492769744348,5.36662,0.39447018932571654,4.6985,6.49,-0.01932907675194672,3.969083333333333,0.4386480898422131,2.8968,4.7685,0.03686614015572853
compressor-0002,failure,140,169,FAILURE,69.59446999999999,2.457025515014716,64.5181,74.7999,-0.009142536151281659,5.294486666666668,0.26721566038605515,4.6985,5.9053,0.0189375750834259,4.3867433333333326,0.3827682594672076,3.5543,5.2014,0.04050956618464958
compressor-0002,failure,150,179,FAILURE,69.99658000000001,2.624024284364254,64.5181,74.9295,0.22364533926584942,5.126836666666666,0.45504921527481207,4.2146,5.9053,-0.03407334816462739,4.618113333333333,0.2765842195225333,4.074,5.2014,0.019316262513904264
compressor-0003,failure,0,29,NORMAL,50.524053333333335,1.5613146075734452,47.6727,53.1621,-0.05073067853170313,8.01378,0.1860658815222894,7.7411,8.3238,-0.01724253615127926,1.5512866666666665,0.1987719710846801,1.2401,2.0807,-0.01150478309232487
compressor-0003,failure,10,39,DEGRADATION,51.60946333333334,2.1375955079611186,47.6727,55.441,0.09021341490545025,7.972636666666668,0.1461471757814322,7.7411,8.2358,0.005350055617352417,1.5311533333333331,0.1783063613247965,1.2401,2.1329,0.011985228031145703
compressor-0003,failure,20,49,DEGRADATION,53.01978333333333,3.0440634693430564,47.6727,57.1939,0.3129312347052267,7.894446666666667,0.2306124436268682,7.3349,8.2358,-0.01233926585094576,1.7121433333333331,0.2568868138348526,1.2401,2.2794,0.020246162402669608
compressor-0003,failure,30,59,DEGRADATION,54.53436000000001,1.4993295418508463,50.5141,57.1939,0.009784338153502062,7.669513333333333,0.40104571703928643,6.973,8.2358,-0.04385890989988895,1.92023,0.24567904421555095,1.4425,2.4292,0.018151078976640683
compressor-0003,failure,40,69,DEGRADATION,56.1622,2.199880723584804,52.7238,59.7368,0.12352008898776205,7.47851,0.263461962276657,6.973,8.0395,-0.011403047830923451,2.230366666666667,0.33066685584672006,1.6382,2.8194,0.02894126807563956
compressor-0003,failure,50,79,DEGRADATION,57.55129333333332,2.94263784893003,52.7238,62.1103,0.2846619799777519,7.339963333333334,0.19896074903245506,6.973,7.7483,-0.0007693659621803143,2.4677400000000005,0.3017798895442394,1.8827,2.8278,0.02782473859844264
compressor-0003,failure,60,89,FAILURE,58.749430000000004,1.8195799766521215,54.655,62.1103,-0.04394324805339434,7.067973333333333,0.5153922932636417,5.9947,7.7483,-0.05558763070077884,2.7232300000000005,0.17696858883240646,2.1813,3.0558,0.013345606229143426
compressor-0003,failure,70,99,FAILURE,59.88858666666666,2.822398910351894,54.655,65.8108,0.12287652947719607,6.730790000000001,0.4321496865284837,5.9947,7.539,-0.035718375973303816,2.7694199999999998,0.15440654865214318,2.4664,3.0558,0.005138197997775265
compressor-0003,failure,80,109,FAILURE,60.95938999999999,3.2637968345011927,54.655,65.8108,0.3210935483870952,6.4675400000000005,0.22241141847186413,5.9622,6.8745,0.0010442269187985877,2.83308,0.15758194989697688,2.4672,3.0773,0.0006184649610677976
compressor-0003,failure,90,119,FAILURE,61.74403666666667,2.4244435721052007,57.0398,65.8108,-0.08749199110122452,6.377760000000001,0.2841199507250415,5.6389,6.8745,-0.020199733036707496,2.891563333333333,0.287170422668414,2.463,3.7142,0.01673888765294768
compressor-0003,failure,100,129,FAILURE,61.853316666666665,2.392395493932576,57.0398,66.5428,-0.02891339265851051,6.177349999999999,0.3220185230179573,5.5845,6.8745,-0.028594238042269255,3.1464733333333332,0.37648725337726313,2.463,3.7142,0.03214531701890986
compressor-0003,failure,110,139,FAILURE,62.62718666666667,3.126665453347314,57.0398,68.3062,0.2962184204671847,5.942436666666667,0.2426020396772368,5.519,6.3108,-0.01738849833147952,3.37196,0.34644816216378843,2.463,3.9095,0.027540066740823065
compressor-0003,failure,120,149,FAILURE,64.94733666666666,2.8604622809939118,58.163,69.8531,0.20396273637374643,5.813093333333333,0.20514383236050637,5.4201,6.2509,-0.00951426028921032,3.621066666666666,0.18463480230504278,3.262,3.9971,0.012055973303670645
compressor-0003,failure,130,159,FAILURE,65.61032666666668,1.9503590308681344,62.5329,69.8531,-0.0834532146829833,5.765403333333333,0.18348905413917452,5.3396,6.1493,-0.0008504338153504919,3.9228099999999997,0.3993791334475718,3.3106,4.6087,0.04091219132369292
compressor-0003,failure,140,169,FAILURE,66.63051,2.5566878005667153,62.5329,71.4792,0.08323548387096612,5.737783333333334,0.2560287719291634,5.2517,6.2097,-0.004636907675194759,4.238606666666667,0.3740129649565046,3.5848,5.174,0.03264044493882087
compressor-0003,failure,150,179,FAILURE,67.35397333333334,2.5092647314745844,62.5329,71.4792,0.19134887652947513,5.628336666666667,0.3004460999728386,5.002,6.2097,-0.01661919911012242,4.357793333333333,0.27975205204291576,3.6143,5.174,-0.011559644048943357
compressor-0003,failure,160,189,FAILURE,69.01068000000001,1.6302346561972798,66.8948,73.0817,0.0475905672969941,5.436843333333333,0.32169518148223625,4.8895,6.2097,-0.02298849833147945,4.549056666666668,0.46617208602498816,3.6143,5.5004,0.02655365962180196
compressor-0004,degrading,0,29,NORMAL,51.85663666666667,1.8787750263550864,47.492,54.7797,-0.151544849833149,8.05615,0.27431713733074237,7.5668,8.577,-0.015722602892102453,1.45661,0.174148624934757,1.067,1.9267,-0.008997486095661878
compressor-0004,degrading,10,39,NORMAL,51.49808000000001,1.860368972972835,47.492,54.1925,-0.046190834260289894,8.07122,0.2807887953604986,7.5668,8.577,-0.00034918798665191955,1.4955566666666664,0.19047168938074643,1.067,1.8276,0.01581822024471634
compressor-0004,degrading,20,49,NORMAL,51.51466999999999,2.050625448840752,47.492,56.3085,0.12343023359287977,7.9832633333333325,0.22731060758843216,7.5668,8.404,0.006839621802002053,1.5486133333333332,0.18535892880810698,1.067,1.8276,0.008008364849833114
compressor-0004,degrading,30,59,DEGRADATION,52.16966000000001,1.4712255044916354,49.1121,56.3085,-0.004989543937709848,7.95559,0.23585476654076748,7.6832,8.404,-0.022213770856507338,1.680923333333333,0.18652098306148354,1.2463,2.1179,0.005553837597330346
compressor-0004,degrading,40,69,DEGRADATION,52.783170000000005,1.5020529149911244,50.6739,56.3085,0.03456696329254672,7.88842,0.20257003463822912,7.6707,8.3466,0.0024946384872079536,1.779566666666667,0.24452602497257608,1.2463,2.1377,0.022381535038932112
compressor-0004,degrading,50,79,DEGRADATION,54.16645666666667,2.3872901003276126,50.6739,58.6471,0.25001862068965497,7.828176666666667,0.20075478023919854,7.5149,8.3466,0.002271479421579416,1.8740733333333337,0.17564047926248538,1.4861,2.1377,0.0036075639599554795
compressor-0004,degrading,60,89,DEGRADATION,55.30031999999999,1.7276355496072273,51.1867,58.6471,0.06686051167964274,7.7720899999999995,0.24301434162068167,7.4647,8.3466,-0.0184866073414907,1.9665833333333333,0.17866528311031463,1.6586,2.3156,0.0041146384872079176
compressor-0004,degrading,70,99,DEGRADATION,55.43380333333332,1.551383390500949,52.5036,58.6471,-0.1345383537263639,7.6521,0.18280469724088966,7.3522,8.0627,-0.004540066740823457,2.0348433333333333,0.2210586026122686,1.6586,2.4268,0.0188033147942158
compressor-0004,degrading,80,109,DEGRADATION,55.20125666666668,1.5614562862241412,52.5036,58.5424,0.049985517241377696,7.615756666666668,0.22647456028339152,7.1802,8.0534,0.0032439822024470277,2.098463333333333,0.18299181854814042,1.714,2.4268,0.00026992213570626103
compressor-0004,degrading,90,119,DEGRADATION,55.12900000000001,1.4610866764158783,52.584,58.5424,0.040187230255839236,7.469916666666665,0.33716312281874605,6.8952,8.0534,-0.024698843159065904,2.0251633333333334,0.20560289797460432,1.6257,2.4268,-0.018179644048943344
compressor-0004,degrading,100,129,DEGRADATION,56.03639333333333,1.8049890283938625,52.2086,59.5556,0.05026585094549362,7.372299999999998,0.3121386860569086,6.8952,8.0534,-0.01504938820912142,2.0333233333333336,0.2335323713225975,1.6257,2.6204,0.009811457174638459
compressor-0004,degrading,110,139,DEGRADATION,56.71559666666666,2.019444328601861,52.2086,60.1705,0.1854932369299215,7.241453333333334,0.18220944859022967,6.8952,7.6001,0.007232213570633968,2.1649966666666667,0.2987035737799079,1.6257,2.7735,0.02411535038932144
compressor-0004,degrading,120,149,DEGRADATION,57.570636666666665,1.6081289567865995,52.2086,60.1705,0.05524807563959864,7.1798399999999996,0.24646742394618132,6.7485,7.6001,-0.016837775305895558,2.2468266666666667,0.21260750211494314,1.9032,2.7735,-0.006299310344827647
compressor-0004,degrading,130,159,DEGRADATION,57.63317,0.9888689930589053,55.9708,60.1705,-0.06037417130144748,7.082283333333335,0.22252398534889573,6.7015,7.5193,-0.008428587319243813,2.2751666666666663,0.19653679610246583,1.9283,2.7735,-0.004885606229143559
compressor-0004,degrading,140,169,DEGRADATION,58.28575,1.6368947852056144,55.9708,61.8922,0.12131250278086675,7.028256666666666,0.18973277819665793,6.7015,7.4299,0.00988077864293646,2.3145800000000003,0.21779697334903442,1.9283,2.7393,0.02096783092324803
compressor-0004,degrading,150,179,DEGRADATION,59.14866666666667,1.9006064218793146,55.9708,62.5646,0.11476133481646163,7.040353333333332,0.17394459219980232,6.7015,7.4299,-0.0025709010011125497,2.4328333333333334,0.16500939434535908,2.0925,2.7664,0.008110122358175695
compressor-0004,degrading,160,189,DEGRADATION,59.92958,1.5427097710198119,57.4123,62.8317,-0.04291110122358385,7.107479999999999,0.17265507502918442,6.8198,7.4617,0.007081334816462478,2.606476666666666,0.2163055303397385,2.1947,3.0016,0.015421423804226847
compressor-0004,degrading,170,199,DEGRADATION,60.68689,2.076391149462612,57.4123,64.68,0.10253021134593827,7.157546666666667,0.22522474957744365,6.7693,7.6115,0.009116974416017734,2.65257,0.22355959705039127,2.1947,3.0016,0.010624849833147895
compressor-0005,degrading,0,29,NORMAL,53.94921000000001,1.5057622792348948,51.5513,56.8642,-0.13436460511679715,8.105466666666667,0.25360010164736835,7.679,8.5532,-0.020372235817575152,1.5263466666666665,0.192525611687265,1.2026,1.9093,-0.0070563292547275005
compressor-0005,degrading,10,39,NORMAL,53.16232333333334,1.2047986865539908,51.1897,55.9046,-0.07578711902113569,8.091469999999997,0.2316271920565459,7.679,8.4482,0.017021468298108963,1.5625566666666664,0.2201732086083338,1.2026,1.9093,0.014632102335928761
compressor-0005,degrading,20,49,NORMAL,53.08795666666666,1.0333284204238047,51.1897,54.9719,0.08691615127919797,8.16788,0.1997699984148437,7.679,8.4482,0.013086184649610526,1.6211633333333333,0.17542557108041257,1.2201,1.9093,0.005045272525027774
compressor-0005,degrading,30,59,NORMAL,53.56193666666666,0.9673738872098806,51.1897,55.1329,0.031293815350388304,8.19619,0.15248362174345154,7.8301,8.4482,-0.012670055617352599,1.6369033333333332,0.1391674063453397,1.3516,1.8741,-0.010272369299221373
compressor-0005,degrading,40,69,DEGRADATION,53.89672333333333,1.0224473214411691,51.7993,56.0308,-0.0006497219132381084,8.135983333333332,0.12182787607476747,7.8301,8.3309,-0.0007584204671860082,1.7086966666666668,0.21858693691272793,1.3516,2.0764,0.017352013348164594
compressor-0005,degrading,50,79,DEGRADATION,54.56718333333333,1.5478100960353272,51.7993,57.4908,0.11923730812013271,8.039763333333335,0.16696915779734753,7.6763,8.3226,-0.006413459399332908,1.7937500000000002,0.2101123965087893,1.3516,2.1128,0.013913882091212446
compressor-0005,degrading,60,89,DEGRADATION,54.22276999999999,1.8430733479978485,51.1684,57.4908,-0.0265366184649617,7.83303,0.3437343268184505,7.1113,8.3226,-0.03550591768631838,1.887516666666667,0.13256534258830838,1.6073,2.1128,-0.006400022246941061
compressor-0005,degrading,70,99,DEGRADATION,55.15177666666666,2.0753177357830173,51.1684,58.9967,0.0463356840934366,7.71974,0.2732104068296081,7.1113,8.1946,-0.005772369299221685,1.9533133333333335,0.2085147904159852,1.6073,2.3932,0.015104338153503849
compressor-0005,degrading,80,109,DEGRADATION,55.32311,2.1521039532435835,51.1684,58.9967,0.1873971746384861,7.71239,0.252303090679973,7.1113,8.0491,0.020551924360400303,2.070333333333333,0.21563737049861179,1.6073,2.3932,0.01803003337041153
compressor-0005,degrading,90,119,DEGRADATION,56.708216666666665,0.9228911420398149,55.2316,58.9967,0.002725272525026376,7.774076666666668,0.1842118412468524,7.3827,8.0491,-0.007994327030033629,2.14004,0.1519846781751371,1.8265,2.3932,-0.005731746384872116
compressor-0005,degrading,100,129,DEGRADATION,56.973780000000005,1.4438173461118042,54.894,61.0112,0.04525308120133367,7.767226666666665,0.1615878541915271,7.3827,8.0376,-0.0035627586206897688,2.19973,0.19623620146819667,1.8265,2.6154,0.007359488320355915
compressor-0005,degrading,110,139,DEGRADATION,58.49571999999999,2.4613108033999542,54.894,62.606,0.20423412680756275,7.676246666666667,0.22896328487821407,7.0366,8.0522,-0.000948876529477435,2.18015,0.22508035861294814,1.7359,2.6154,0.004220088987764134
compressor-0005,degrading,120,149,DEGRADATION,58.035333333333334,3.1356937451791356,52.0862,62.606,-0.10269294771969023,7.616893333333334,0.2553007101874615,7.0366,8.0522,-0.019472925472747673,2.1796099999999994,0.2542032786964008,1.5698,2.6154,-0.01182609566184654
compressor-0005,degrading,130,159,DEGRADATION,57.87332333333333,3.0998843467333135,52.0862,62.606,-0.21328985539488404,7.4748333333333346,0.2558273132842195,7.0366,8.0522,-0.011743581757508604,2.2860999999999994,0.34326769243065486,1.5698,2.8754,0.023290278086763025
compressor-0005,degrading,140,169,DEGRADATION,57.47302333333334,2.7190811996804283,52.0862,62.0618,0.1746535928809769,7.383476666666667,0.19846377785939226,7.0278,7.8114,-0.004481446051168208,2.3535366666666673,0.3324520802394768,1.5698,2.8754,0.014547030033370326
compressor-0005,degrading,150,179,DEGRADATION,58.40399000000001,1.9214518081128134,52.9557,62.0618,0.04700843159065461,7.284766666666667,0.21886822265666814,7.0278,7.8114,-0.011065895439377327,2.384356666666667,0.277943641389561,1.781,2.8754,-0.026772614015572894
compressor-0005,degrading,160,189,DEGRADATION,59.010793333333346,1.588244874472727,56.3322,62.0618,-0.06092369299221546,7.255599999999999,0.19663936194634749,6.9824,7.8114,-0.0034690989988879098,2.2950999999999997,0.1983631400571521,1.781,2.6141,0.0009246273637374136
compressor-0005,degrading,170,199,DEGRADATION,59.19840999999999,1.5994346545680866,56.3322,62.6923,0.11926542825361358,7.309326666666666,0.2354882812842759,6.9824,7.8402,0.01634500556173509,2.296466666666667,0.15916181982149138,1.9555,2.5586,0.009643248053392608
compressor-0005,degrading,180,209,DEGRADATION,59.872926666666665,1.5287121900330214,56.3322,62.7016,0.07612467185761833,7.288959999999999,0.2517196649714388,6.8847,7.8402,-0.0106902780867632,2.4235166666666665,0.139463369344387,2.0883,2.7103,0.005754371523915422
compressor-0005,degrading,190,219,DEGRADATION,59.71531666666667,1.368422847437476,57.3957,62.7016,-0.10337216907675319,7.173813333333333,0.3200053653022434,6.5978,7.8402,-0.025705717463848875,2.5322966666666664,0.20319913957057556,2.0883,2.9272,0.01826769744160172
compressor-0005,degrading,200,229,DEGRADATION,59.927033333333334,1.522988540629538,57.3957,62.7016,0.04125081201334683,7.082896666666667,0.2196376857210276,6.5978,7.4772,0.00702689655172401,2.697196666666666,0.20385114419322964,2.2594,3.0176,0.016049232480533887
compressor-0005,degrading,210,239,DEGRADATION,60.11919666666666,1.5859273370246891,57.3957,62.4927,0.1091168186874297,7.068030000000002,0.2354126025371907,6.5978,7.4772,0.00282903225806431,2.677326666666667,0.20917014594715844,2.2689,3.0176,-0.01333236929922145
compressor-0006,failure,0,29,DEGRADATION,51.154439999999994,1.0329842030415244,49.342,53.1086,0.023302869855393163,8.099903333333334,0.13711807924396968,7.8865,8.3689,-0.002635261401557456,1.6312366666666667,0.15572508571910373,1.3892,2.0544,-0.0029208231368187242
compressor-0006,failure,10,39,DEGRADATION,52.56233666666667,2.169057230147594,49.7021,57.6485,0.16195730812013262,8.05499,0.1410095087810275,7.5719,8.3689,-0.006223915461624172,1.7791733333333333,0.2629503615175728,1.3892,2.2702,0.015765561735261377
compressor-0006,failure,20,49,DEGRADATION,54.42941666666666,2.917118864917155,50.1587,59.0197,0.2650333926585085,7.832846666666666,0.3229064805103106,7.1907,8.2512,-0.030485294771969016,1.8629566666666664,0.26607593738546814,1.3892,2.297,0.02024375973303666
compressor-0006,failure,30,59,DEGRADATION,55.50111999999999,2.0568372464214724,51.455,59.0197,-0.008145494994439789,7.504346666666666,0.40348685623642766,6.876,8.2512,-0.041707719688542984,2.0878433333333337,0.2487700004466419,1.7679,2.7337,0.01200011123470517
compressor-0006,failure,40,69,FAILURE,55.970936666666674,1.8047488160375353,53.0263,59.0197,-0.03814622914349459,7.183326666666667,0.21883749211585188,6.8596,7.5462,-0.016754349276974525,2.345873333333334,0.4278568389335646,1.7985,3.1376,0.04101668520578415
compressor-0006,failure,50,79,FAILURE,55.911503333333336,1.4719269373813662,53.0263,58.5813,0.1300390433815337,7.13002,0.21447729545727362,6.7514,7.6863,0.004485917686318039,2.626756666666666,0.3946996028064324,1.8367,3.2267,0.026591568409343673
compressor-0006,failure,60,89,FAILURE,57.12192000000001,1.6374935113153883,53.8679,62.5011,0.11160525027808546,6.889936666666667,0.4159404672813433,6.0634,7.6863,-0.03131401557285883,2.9072866666666664,0.3448554960495129,2.1491,3.9538,0.011476440489432627
compressor-0006,failure,70,99,FAILURE,59.78444666666666,3.515865237816842,55.8713,66.5265,0.34041899888765165,6.740656666666665,0.4255138420649661,6.0634,7.6863,-0.03235165739710823,3.1487533333333335,0.4486757067439937,2.1491,3.9538,0.03488765294771962
compressor-0006,failure,80,109,FAILURE,62.36302333333334,3.38312819933301,55.8713,66.5265,0.31373434927697325,6.548233333333334,0.2126512126046363,6.0634,6.958,0.013511546162402526,3.3916599999999995,0.38936534565880415,2.5256,3.9538,0.028470433815350336
compressor-0006,failure,90,119,FAILURE,63.56407333333333,1.9454407409690528,58.5645,66.5265,-0.12366647385984493,6.38121,0.45690132220571805,5.4361,6.958,-0.033260177975528576,3.6530000000000005,0.29763709558229917,2.9494,4.4094,0.018186117908787436
compressor-0006,failure,100,129,FAILURE,63.50423333333333,2.2307630884719436,58.5645,67.2718,-0.010005873192437738,6.164669999999999,0.4813135611012846,5.4361,6.958,-0.032306051167964624,4.032346666666666,0.5617941851682775,2.9494,5.0509,0.05872832035595092
compressor-0006,failure,110,139,FAILURE,64.45289,3.1015719916788425,58.5645,69.9167,0.27857906562847407,5.773896666666667,0.3678088656565467,5.2977,6.8247,-0.018499243604004612,4.274666666666667,0.4359559261617573,3.2745,5.0509,0.02225348164627354
compressor-0006,failure,120,149,FAILURE,67.08894000000001,2.9225607186849003,60.5973,71.2939,0.28810932146829726,5.4264600000000005,0.5115410883464463,4.3522,6.4322,-0.049338998887653085,4.483853333333332,0.2992811373200048,3.8823,5.0509,-0.0073137263626252835
compressor-0006,failure,130,159,FAILURE,68.73321666666668,1.5497130076422403,65.2635,71.2939,0.08230164627363708,5.131889999999999,0.32522808442691414,4.3522,5.716,-0.02318783092324821,4.505623333333333,0.3212048149113308,3.8823,5.1856,0.022379288097886484
compressor-0006,failure,140,169,FAILURE,70.83844333333332,2.4244268542871916,67.7981,76.2628,0.20120958843158973,5.018946666666666,0.22257347960218044,4.3522,5.4913,0.013531167964404808,4.749533333333335,0.31581103140257083,3.9202,5.2784,0.02489339265850937
compressor-0007,failure,0,29,NORMAL,52.91343666666667,1.301005700085728,50.945,56.0416,-0.04728086763070226,7.843756666666668,0.22913528417848603,7.4165,8.1805,-0.01558667408231393,1.49473,0.14124540145906817,1.2677,1.7958,-0.011507741935483925
compressor-0007,failure,10,39,DEGRADATION,53.05391333333333,1.3484373048664724,50.7107,56.0416,-0.046027897664073385,7.776556666666666,0.20551132926326834,7.4165,8.1283,-0.004342625139043634,1.5492933333333332,0.2143199336402369,1.2677,2.0233,0.014149454949944355
compressor-0007,failure,20,49,DEGRADATION,53.63748333333334,2.0537622851867634,50.7107,58.3936,0.18843570634037765,7.595186666666666,0.2662325433818253,7.0692,8.0846,-0.014520311457174842,1.5852399999999998,0.21068366587532758,1.2677,2.0233,0.011359999999999962
compressor-0007,failure,30,59,DEGRADATION,54.512499999999996,1.6379870797211233,50.7107,58.3936,0.07181236929922008,7.399346666666665,0.34676377332254427,6.8613,8.0846,-0.038131345939933434,1.7941766666666665,0.21963949657462695,1.4225,2.2166,0.011253993325917673
compressor-0007,failure,40,69,DEGRADATION,55.681689999999996,1.5777658844813869,53.274,58.7255,0.05729715239154435,7.164033333333333,0.1866247113564784,6.8613,7.64,-0.012900378197997933,1.9318466666666663,0.28975995321798503,1.4225,2.4263,0.030102869855394867
compressor-0007,failure,50,79,DEGRADATION,56.90707333333334,2.295008364245228,53.274,60.9452,0.24444173526140095,7.004956666666667,0.16441025451257255,6.5893,7.2641,-0.010786852057842316,2.196633333333333,0.2217224335865804,1.6562,2.5494,0.01949210233592877
compressor-0007,failure,60,89,FAILURE,57.65299333333334,1.8917697477817486,53.7852,60.9452,0.0039070077864286415,6.9055,0.24243677938794675,6.4542,7.3477,-0.01413899888765305,2.280646666666667,0.1780204421470248,1.9811,2.7548,0.002059977753058943
compressor-0007,failure,70,99,FAILURE,58.590599999999995,2.6446585875433266,53.4722,63.8694,0.03268093437152298,6.863026666666666,0.20921727610840882,6.4542,7.3477,0.006069321468297972,2.516423333333334,0.3428551994485265,1.9825,3.2266,0.0241277196885428
compressor-0007,failure,80,109,FAILURE,60.468536666666665,4.244839929803661,53.4722,67.3382,0.4069334149054497,6.885246666666668,0.21625867648618294,6.4542,7.3477,0.009548120133481403,2.5138566666666673,0.3772567045424404,1.7849,3.2266,0.011482024471635086
compressor-0007,failure,90,119,FAILURE,61.85435666666667,3.4465966561893424,53.4722,67.3382,0.09341292547274598,6.670286666666666,0.45484215484299845,5.5691,7.1751,-0.04190852057842068,2.77368,0.3864889894076328,1.7849,3.4318,0.009006184649610628
compressor-0007,failure,100,129,FAILURE,63.203246666666665,2.5653963382855465,57.3959,67.6598,-0.06183652947719821,6.453216666666666,0.44138496355851947,5.5691,7.1429,-0.0245032480533929,2.971886666666667,0.5260646688594685,1.7849,3.6837,0.054537842046718514
compressor-0007,failure,110,139,FAILURE,64.12400333333333,3.443311996850641,57.3959,70.3697,0.3288748164627344,6.2419400000000005,0.344734650226325,5.5691,6.7575,0.007208320355950895,3.3974100000000003,0.3541160773437622,2.5364,3.8368,0.02733296996662949
compressor-0007,failure,120,149,FAILURE,65.69520666666668,2.729801117167491,60.5982,70.3697,0.10384894327029794,6.106046666666667,0.4297098747863364,5.175,6.7575,-0.028985183537263724,3.49622,0.21821689424362484,3.0542,3.8368,-0.011679065628476183
compressor-0007,failure,130,159,FAILURE,66.52450333333333,2.0808919309570633,60.5982,70.3697,-0.08062484983314933,5.83321,0.4423271265703699,5.175,6.7575,-0.03713550611790894,3.6544499999999998,0.36306172822262617,3.0542,4.7499,0.011358331479421547
compressor-0007,failure,140,169,FAILURE,66.77244666666667,2.21778044190332,60.5982,70.3797,0.1338934816462719,5.596046666666667,0.2756176115966145,5.1311,6.1062,-0.0089193325917688,3.7697500000000006,0.45845249026843926,3.0603,4.7969,0.025090344827586108
compressor-0007,failure,150,179,FAILURE,67.78661333333334,1.8970892630085225,63.966,71.5857,0.11574620689655038,5.5195,0.2550363673413396,5.1008,5.9709,-0.0050449833147943315,3.9975400000000008,0.347989900811312,3.388,4.7969,-0.005485784204671944
compressor-0007,failure,160,189,FAILURE,69.53109333333332,2.153958516303309,65.4419,75.104,0.12915190211345806,5.43761,0.27772828009885253,5.0212,5.8871,-0.018446162402669816,4.223096666666667,0.5099408452512464,3.388,5.2536,0.027638642936596083
compressor-0007,failure,170,199,FAILURE,70.95378000000001,2.553208642786562,65.4419,75.104,0.18851221357063355,5.37935,0.2939974430160915,4.8983,6.1152,-0.0045294549499445315,4.49621,0.47823408379160937,3.5059,5.2536,0.03904157953281418
compressor-0007,failure,180,209,FAILURE,71.9234066666667,1.7656112673204398,68.9432,75.104,0.021877107897663475,5.0661999999999985,0.49912874958938863,3.8252,6.1152,-0.03526024471635168,4.716923333333332,0.32919139081830334,3.9488,5.2536,0.005847586206896421
compressor-0008,healthy,0,29,NORMAL,52.90980333333333,2.300477446311719,49.5161,56.4124,-0.11792945494994443,7.922443333333334,0.24909458669794948,7.4269,8.2833,-0.023518642936596418,1.3833233333333337,0.08818551159660842,1.2169,1.6044,-0.002481312569521702
compressor-0008,healthy,10,39,NORMAL,52.87013666666667,2.302246230747026,49.5161,56.4124,-0.03242480533926744,7.863886666666668,0.20535211991979924,7.4269,8.249,-0.0019035372636264727,1.4926066666666666,0.24338119611470033,1.2239,2.1515,0.018241690767519445
compressor-0008,healthy,20,49,NORMAL,52.108019999999996,1.9478195813781112,49.4188,56.1013,0.02196418242491514,7.756853333333335,0.19165035130558875,7.4269,8.1623,0.002060066740822888,1.4885466666666667,0.24952573913103412,1.2239,2.1515,0.002985628476084504
compressor-0008,healthy,30,59,NORMAL,51.39402,2.2564479286997368,47.7997,56.1013,-0.20404102335928964,7.751336666666666,0.19612635975026127,7.4494,8.1623,-0.016237931034482837,1.4145800000000002,0.3118993175155513,0.9593,2.1515,-0.025424249165739758
compressor-0008,healthy,40,69,NORMAL,50.66355,1.7840003362761265,47.7997,53.8664,-0.011168787541713987,7.7698,0.22074282925310776,7.4494,8.1626,0.014974949944382424,1.3354066666666666,0.19410306700879879,0.9593,1.7239,0.006105272525027774
compressor-0008,healthy,50,79,NORMAL,50.733039999999995,1.7772019552468796,47.7997,53.9535,0.13412809788653907,7.88851,0.23087165316108724,7.5065,8.1952,0.02012180200222453,1.3388500000000005,0.21509186370788955,0.9593,1.7956,0.011232636262513869
compressor-0008,healthy,60,89,NORMAL,50.98923666666668,1.4524899665708153,48.8406,53.9535,-0.056426407119021874,7.910259999999999,0.21332691750769128,7.5065,8.1952,-0.01623087875417147,1.4178,0.14639217192186202,1.1527,1.7956,-0.008769744160178021
compressor-0008,healthy,70,99,NORMAL,50.95135,1.4875421943035203,48.3132,53.9535,-0.01683321468298285,7.86567,0.23252073047365046,7.5065,8.2512,-0.004913837597330609,1.441453333333333,0.16688180195042907,1.1527,1.7956,0.007816596218019974
compressor-0008,healthy,80,109,NORMAL,50.92036666666667,1.5122180154403075,48.3132,53.8924,0.09336111234705109,7.893190000000001,0.2614698508432664,7.5065,8.3871,0.021829299221356874,1.4346299999999996,0.13863151673891957,1.251,1.7551,0.0018082536151278988
compressor-0008,healthy,90,119,NORMAL,50.69731666666667,1.8046824019908752,46.8258,53.8924,-0.09188006674082477,7.922389999999999,0.22990445167503828,7.5367,8.3871,-0.0051402669632927235,1.4300166666666667,0.1447220280015758,1.2411,1.7551,-0.009007096774193563
compressor-0008,healthy,100,129,NORMAL,50.60422333333333,1.568461503019936,46.8258,53.3583,-0.046957931034483126,7.927483333333334,0.2040141172947488,7.5929,8.3871,-0.009736707452725394,1.4581900000000003,0.1682272022196965,1.2411,1.7747,0.014078642936596181
compressor-0008,healthy,110,139,NORMAL,51.06686666666667,1.953477200674622,46.8258,55.1055,0.1923537263626245,7.907603333333333,0.1765809077700329,7.5929,8.2358,0.013891101223581484,1.4917933333333337,0.15624452829530452,1.2411,1.7747,0.0062524137931034025
compressor-0008,healthy,120,149,NORMAL,51.66608666666668,1.7713540274289863,48.7279,55.1055,-0.0041643159065637425,7.846323333333335,0.25119809670634224,7.3282,8.2358,-0.014496084538376069,1.5096633333333331,0.1522405541313556,1.2436,1.7747,-0.011770166852057878
compressor-0008,healthy,130,159,NORMAL,51.49631999999998,1.7968587630269297,48.7279,55.1055,-0.13406282536151398,7.839583333333334,0.23651475652811937,7.3282,8.2245,-0.009295773081201462,1.470996666666667,0.11722751520962225,1.2436,1.6776,0.003000511679644027
compressor-0008,healthy,140,169,NORMAL,51.333229999999986,1.6830789064786398,48.7279,54.4899,0.05430177975528299,7.798703333333333,0.1982656458447157,7.3282,8.0888,0.015828631813125528,1.4837666666666667,0.12160071088973488,1.2436,1.6776,0.004873726362625109
compressor-0008,healthy,150,179,NORMAL,50.91042,1.613841465654748,47.7697,54.4899,-0.04240200222469499,7.865373333333333,0.12074349653524023,7.5279,8.0888,-0.006355862068965801,1.5105600000000003,0.11700287346898793,1.302,1.7512,-0.0025837597330367573
compressor-0008,healthy,160,189,NORMAL,51.198256666666666,1.7337800851863792,47.7697,54.4899,-0.055950367074528856,7.861143333333334,0.135029583630979,7.5279,8.0312,-0.0026244048943271253,1.4619966666666664,0.13389305305188748,1.2234,1.7512,-0.0037672302558398696
compressor-0008,healthy,170,199,NORMAL,51.07344666666666,1.5703513536219285,47.7697,53.9319,0.12983372636262408,7.905453333333332,0.17099709107337346,7.5279,8.2385,0.014607430478309124,1.44075,0.14530042842331886,1.138,1.7512,0.0012991546162402423
compressor-0008,healthy,180,209,NORMAL,51.5778,1.4635261150158316,48.3906,53.9319,-0.003935750834261551,7.897406666666666,0.16674361943481453,7.6276,8.2385,-0.003686718576195893,1.3728799999999999,0.14680071389472193,1.1034,1.6772,-0.005044849833147972
compressor-0008,healthy,190,219,NORMAL,50.89932666666667,1.7915690463824039,47.5396,53.9319,-0.13801125695217045,7.9042233333333325,0.17522815162587962,7.6721,8.2385,-0.005624538375973625,1.436013333333333,0.18391866451112449,1.1034,1.7953,0.009017174638487186
compressor-0008,healthy,200,229,NORMAL,51.07141666666667,2.0068729840364976,47.5396,54.7273,0.0678748164627358,7.872956666666667,0.16633533936666087,7.6721,8.2925,0.012954238042268897,1.5292033333333335,0.216617828572709,1.1034,1.8069,0.02074711902113458
compressor-0008,healthy,210,239,NORMAL,51.006873333333324,1.9116272823493135,47.5396,54.7273,0.07852711902113296,7.904786666666667,0.1573811821308027,7.6721,8.2925,-0.000511813125695293,1.5731966666666666,0.1758202898479644,1.1775,1.8069,-0.008953837597330396
compressor-0008,healthy,220,249,NORMAL,50.89082666666666,1.9396372872152043,47.9721,54.7273,-0.18558553948832085,7.905346666666668,0.14302414652389603,7.6889,8.2925,-0.002907586206896685,1.5382866666666668,0.17473770769038058,1.1775,1.8069,-0.011321245828698593
compressor-0008,healthy,230,259,NORMAL,50.52923,1.6266222343965833,47.9721,53.3437,0.0315150389321456,7.928483333333334,0.15973610129070875,7.6889,8.2527,0.008319577308119856,1.5160733333333336,0.18649509007537496,1.1775,1.9439,0.009644538375973255
compressor-0009,failure,0,29,NORMAL,53.18979999999999,1.0917697034326121,50.5043,54.9856,-0.03838046718576327,8.102666666666666,0.30740830538913916,7.5377,8.5706,-0.02289877641824285,1.5929499999999999,0.18857621757086268,1.3265,1.982,-0.009673259176863198
compressor-0009,failure,10,39,DEGRADATION,53.36545000000002,1.7712670270647133,49.891,57.3239,0.017717041156839666,7.972183333333333,0.2445064540161579,7.5377,8.443,-0.0124197330367076,1.6284566666666664,0.23673820235770052,1.3265,2.1725,0.01479650723025579
compressor-0009,failure,20,49,DEGRADATION,54.070009999999996,2.215479975287522,49.891,57.3239,0.1833261624026673,7.764169999999999,0.2160386834959579,7.4172,8.1219,-0.012509076751946752,1.77672,0.24775469642370054,1.3312,2.1725,0.022567652947719643
compressor-0009,failure,30,59,DEGRADATION,54.86223333333334,1.8424930951174703,49.891,57.3239,0.07807515016685061,7.537266666666667,0.36036429931698594,6.8549,8.1219,-0.03737192436040076,1.9878666666666664,0.2027314797679159,1.5245,2.4582,0.016931479421579493
compressor-0009,failure,40,69,DEGRADATION,56.53319,2.1129249804240566,53.6213,61.2235,0.15141595105672967,7.349213333333333,0.22272533418739976,6.8549,7.6763,-0.007317063403782092,2.1862166666666667,0.21609378686631003,1.8136,2.5316,0.021461824249165665
compressor-0009,failure,50,79,DEGRADATION,57.90597333333334,2.6947794682723525,53.6213,62.9955,0.2676605116796432,7.1758233333333346,0.2897487597710971,6.5692,7.6558,-0.010534794215795467,2.3585233333333333,0.17657883354342205,1.9606,2.6177,0.01693675194660732
compressor-0009,failure,60,89,FAILURE,58.69872,2.0039915777268127,53.5213,62.9955,-0.0705762847608471,7.085833333333334,0.33121898328581484,6.546,7.6558,-0.02728685205784219,2.5110466666666666,0.11094220337134508,2.316,2.8405,0.008670077864293609
compressor-0009,failure,70,99,FAILURE,58.60703,2.165337438391532,53.5213,63.9147,-0.0652523470522813,7.053193333333334,0.3032534934487794,6.546,7.5901,0.007452947719688297,2.652226666666666,0.22701549570214125,2.401,3.3864,0.020413659621801954
compressor-0009,failure,80,109,FAILURE,60.31023666666667,3.99070007630101,53.5213,68.2817,0.36872091212458175,6.94408,0.4115847692355326,5.9919,7.5901,-0.014860511679644254,2.9395233333333333,0.38537140845625223,2.4482,3.7144,0.0341884538375973
compressor-0009,failure,90,119,FAILURE,62.84735333333334,3.5181073257016418,55.8968,68.2817,0.28295817575083243,6.687039999999999,0.5990932596293612,5.4031,7.5901,-0.06116275862068989,3.096886666666667,0.31530515032619155,2.5686,3.7144,0.009714927697441566
compressor-0009,failure,100,129,FAILURE,65.51438,1.4399378834750716,63.2765,68.2817,0.04306304783092222,6.271349999999999,0.4606044606456462,5.4031,7.4512,-0.033940400444939026,3.299996666666666,0.2835649149469816,2.7289,3.805,0.0015106785317018287
compressor-0009,failure,110,139,FAILURE,65.41878333333334,1.4748092579682595,62.8213,67.8618,-0.007680333704116977,6.134656666666667,0.25903208898169783,5.4031,6.5905,0.008619733036707234,3.4438033333333333,0.382276196384528,2.8061,4.3508,0.0319097441601779
compressor-0009,failure,120,149,FAILURE,65.22517666666666,1.5077375226219656,61.7868,67.8618,-0.1118367741935506,6.115593333333333,0.24724648286454737,5.571,6.5905,-0.0006607786429367263,3.71185,0.3158229680796928,2.9697,4.3508,0.02038231368186869
compressor-0009,failure,130,159,FAILURE,65.64995333333334,2.1031897983354293,61.7868,70.4904,0.13354593993325725,5.890416666666668,0.43644064818585454,5.0164,6.5905,-0.04125630700778663,3.978746666666666,0.32915032911354575,3.2215,4.6331,0.025506518353726297
compressor-0009,failure,140,169,FAILURE,68.10055333333334,3.768426899979473,61.7868,75.1076,0.3842212235817562,5.6706866666666675,0.3441851243476716,5.0164,6.3655,-0.019458509454950097,4.1729,0.30326067115052463,3.4933,4.7657,0.02624191323692986
compressor-0009,failure,150,179,FAILURE,71.20820333333333,3.164878038143369,65.9302,77.0421,0.2894829143492751,5.569030000000001,0.2791936462385919,5.0164,6.262,0.015034060066740696,4.433793333333333,0.3006135081610421,3.9711,5.1677,0.02416680756395994
compressor-0009,failure,160,189,FAILURE,72.74225,2.1285770274606777,68.412,77.0421,0.014636818687430202,5.608980000000001,0.2620008109402208,5.1605,6.262,-0.0074734593993327336,4.692446666666667,0.38220413545061954,3.9711,5.4082,0.03762028921023354
compressor-0009,failure,170,199,FAILURE,72.53593,2.119946519003094,68.6221,77.0421,-0.05674115684093481,5.470983333333333,0.34001469388183153,4.8277,6.262,-0.028364916573971166,5.0185933333333335,0.36301899852334013,4.2419,5.6216,0.03415087875417118
compressor-0010,failure,0,29,NORMAL,52.66497666666667,0.9732374892365966,50.6739,54.6326,-0.0051953058954405705,7.811683333333333,0.26700076789319466,7.4178,8.3464,-0.02434680756396012,1.455826666666667,0.19065018390293312,1.0949,1.7802,-0.008361201334816496
compressor-0010,failure,10,39,DEGRADATION,52.992486666666665,1.272231205856685,50.6739,56.0094,0.0243433147942144,7.791336666666666,0.23979295441878384,7.4178,8.1247,0.008924738598442611,1.4729466666666666,0.22436958458955372,1.0949,1.9167,0.01734634037819798
compressor-0010,failure,20,49,DEGRADATION,53.901383333333335,1.862012643366192,51.2302,57.308,0.1711962402669623,7.685296666666667,0.28420862933572044,7.1752,8.1247,-0.0025399555061180585,1.6607066666666666,0.24646592317983615,1.1543,2.1817,0.024868342602892057
compressor-0010,failure,30,59,DEGRADATION,54.70347999999999,1.5860927279323864,51.5553,57.308,0.07348395995550389,7.535603333333333,0.3957742197123114,6.9721,8.1247,-0.04057479421579563,1.8799300000000003,0.24296620636074748,1.4201,2.5189,0.02284358175750829
compressor-0010,failure,40,69,DEGRADATION,56.39168666666665,1.944561826519166,53.0411,60.3353,0.1385323248053381,7.25883,0.23249891490786215,6.8489,7.962,-0.01605666295884341,2.151866666666666,0.29834208590512706,1.7432,2.6528,0.03061054505005558
compressor-0010,failure,50,79,DEGRADATION,58.57496000000001,3.3292782329508,53.0411,64.0072,0.35901001112346936,7.158429999999998,0.15228698598370113,6.8489,7.5428,0.001371501668520365,2.29853,0.2579903307619622,1.8316,2.6584,0.011207764182424855
compressor-0010,failure,60,89,FAILURE,59.83149000000001,2.214650011077747,56.1765,64.0072,-0.0016982202447172142,7.085783333333333,0.22592154550246468,6.5695,7.5428,-0.012534393770856616,2.387576666666667,0.2730702250134366,1.7553,2.9706,-0.004979199110122436
compressor-0010,failure,70,99,FAILURE,60.81562333333333,2.215118574807126,56.1765,64.148,-0.041809677419355956,7.077883333333332,0.23045595542074604,6.5695,7.5428,-0.004050567296996897,2.559966666666666,0.43263173125522003,1.7553,3.513,0.030703670745272492
compressor-0010,failure,80,109,FAILURE,61.286249999999995,2.739923156556281,56.1765,66.3705,0.24821132369299181,6.8850766666666665,0.35214677213091444,6.035,7.4415,-0.01773483870967762,2.817213333333333,0.440647557376893,1.7553,3.513,0.035093882091212426
compressor-0010,failure,90,119,FAILURE,62.4176,2.120299082362361,57.8842,66.8747,0.02791230255839696,6.64569,0.4903941974575148,5.5847,7.4415,-0.05095819799777539,3.185926666666666,0.3046477801585883,2.624,4.0307,0.019459443826473775
compressor-0010,failure,100,129,FAILURE,63.40491333333333,2.453914856949107,59.474,68.2011,0.0652302558398208,6.404153333333334,0.3524577229809115,5.5847,7.3223,-0.012860556173526364,3.5213033333333343,0.44267131936560883,2.6923,4.4748,0.04086969966629581
compressor-0010,failure,110,139,FAILURE,64.84067666666667,3.317586606423746,59.474,70.0848,0.2984869187986643,6.232923333333333,0.31707204826173013,5.4029,6.6403,-0.006586362625139196,3.714436666666666,0.32378500632707224,3.0254,4.4748,0.009323937708565017
compressor-0010,failure,120,149,FAILURE,67.49546666666667,3.065162046106028,60.9012,72.6817,0.2865308565072282,6.181963333333334,0.32026915397660277,5.4029,6.6403,-0.019988676307007902,3.76725,0.2803126941470899,3.29,4.4748,-0.020496440489432752
compressor-0010,failure,130,159,FAILURE,68.43306000000001,2.0837021993877474,63.6811,72.6817,-0.04033899888765479,5.960343333333333,0.2957365377982384,5.3891,6.5613,-0.019320867630700903,3.876020000000001,0.39768085646658924,3.29,4.8785,0.03069984427141266
compressor-0010,failure,140,169,FAILURE,69.93445666666666,3.4850274761885145,63.6811,76.5803,0.16689675194660555,5.87579,0.2568727484572858,5.3557,6.3525,-0.011001090100111407,4.051663333333334,0.3818856438633022,3.29,4.8785,0.028331946607341427
compressor-0010,failure,150,179,FAILURE,70.61429666666666,3.646437586419868,63.6811,77.0379,0.20581154616239977,5.539296666666668,0.4352721144934001,4.7339,6.3525,-0.03562974416017823,4.2030666666666665,0.23894647703803648,3.6924,4.8785,-0.009075194660734273
compressor-0010,failure,160,189,FAILURE,71.49666333333333,3.028113504751028,65.3749,77.0379,-0.09012829810901152,5.271069999999999,0.47765173166928504,4.5164,6.3525,-0.04140607341490567,4.36644,0.3882793861813081,3.6924,5.2201,0.029870567296996515
compressor-0010,failure,170,199,FAILURE,72.73293,3.552253523530286,65.898,79.5543,0.17627383759732992,4.892316666666668,0.25430237000250083,4.2576,5.4321,-0.011810567296996725,4.590633333333334,0.43512964070748184,3.6924,5.2201,0.03814091212458288
compressor-0011,healthy,0,29,NORMAL,52.06778333333334,1.734766418106164,49.0023,55.4576,-0.08792278086763172,8.319503333333333,0.20808371950304574,7.8976,8.6858,-0.012162291434927976,1.5973633333333335,0.1254406858063027,1.3165,1.7911,-0.00023054505005562533
compressor-0011,healthy,10,39,NORMAL,52.08758,1.5635874352270809,49.0023,54.7569,-0.017143626251392565,8.396313333333334,0.2945501301231346,7.8976,8.9293,0.018481824249165526,1.577793333333333,0.12175608385438301,1.3165,1.7911,-0.00021170189099003
compressor-0011,healthy,20,49,NORMAL,52.245316666666675,1.5243366141993993,49.0023,54.5452,0.11707953281423687,8.48782,0.27595310640276066,7.8976,8.9293,0.019751991101223373,1.5370233333333332,0.13006837607795196,1.2294,1.7911,-0.004476151279199166
compressor-0011,healthy,30,59,NORMAL,52.26355333333333,1.4662037602219171,49.449,54.5452,-0.09021179087875562,8.448240000000002,0.30669240029710554,7.8995,8.9293,-0.02629677419354877,1.4785766666666667,0.11077763517766369,1.2294,1.7004,-0.005149076751946636
compressor-0011,healthy,40,69,NORMAL,52.32329666666667,1.5775501508104972,49.449,54.9838,-0.022455461624028086,8.347603333333334,0.23540917496044123,7.8995,8.8327,-0.00978640711902128,1.4204599999999998,0.1033913232981053,1.1834,1.6029,-0.0018022246941045768
compressor-0011,healthy,50,79,NORMAL,52.29873333333333,1.4874616941473002,49.449,54.9838,0.12391399332591779,8.207996666666666,0.1911244245395014,7.6956,8.5042,0.0037977085650720654,1.3459600000000003,0.14737607358953037,0.9913,1.5691,-0.008580066740823157
compressor-0011,healthy,60,89,NORMAL,52.31411,1.4428294829604782,49.477,54.9838,-0.08767423804227059,8.191803333333333,0.20027780952688912,7.6956,8.5042,-0.014968743047831063,1.3808900000000002,0.20640496013096843,0.9913,1.7763,0.007540489432702967
compressor-0011,healthy,70,99,NORMAL,51.96192,1.44538401319511,49.0053,54.2571,-0.059172725250279466,8.226226666666665,0.2862031818287297,7.6956,8.8412,0.01824961067853164,1.459576666666667,0.23526943091320263,0.9913,1.8265,0.016691234705228028
compressor-0011,healthy,80,109,NORMAL,51.838383333333326,1.3512603558859004,49.0053,54.0416,0.11271659621801879,8.32928,0.2899713978998618,7.8836,8.8412,0.021874260289210145,1.5049000000000001,0.18938107790026612,1.1811,1.8265,-0.005669632925472778
compressor-0011,healthy,90,119,NORMAL,51.831503333333345,1.4656285396792132,49.0053,54.0416,-0.0342564849833164,8.351753333333335,0.26634203915683724,7.9412,8.8412,-0.015890100111234845,1.426146666666667,0.18790327251600014,1.0373,1.8265,-0.015185494994438317
compressor-0011,healthy,100,129,NORMAL,51.806903333333345,1.2627269722003338,49.056,54.0416,-0.054618442714128204,8.344706666666665,0.2146780332394433,7.9412,8.7478,-0.0012800000000001643,1.4661966666666664,0.23511974464562138,1.0373,1.9439,0.0190118131256952
compressor-0011,healthy,110,139,NORMAL,51.790246666666675,1.2476759746914352,49.056,54.3733,0.0947026028921002,8.297136666666667,0.19390708339018684,7.9412,8.622,0.009047808676306786,1.46697,0.2563648872863313,1.0373,1.9439,0.004001179087875387
compressor-0011,healthy,120,149,NORMAL,51.61603,1.439811470795164,48.1807,54.3733,-0.07312607341490711,8.273823333333333,0.21561673510086263,7.9303,8.622,-0.020970700778642912,1.4853866666666666,0.24394514510894086,1.0258,1.9439,-0.018695617352614047
compressor-0011,healthy,130,159,NORMAL,51.789826666666656,1.7502659616818872,48.1807,54.3733,-0.01666487208009011,8.251669999999999,0.2696015085887566,7.9059,8.9654,0.005252703003336771,1.4151666666666665,0.17514245122819944,1.0258,1.8234,0.004851924360400436
compressor-0011,healthy,140,169,NORMAL,52.641086666666666,2.532759789733106,48.1807,56.6295,0.23442949944382543,8.37911,0.3484720757344363,7.9059,8.9654,0.03389341490545029,1.503856666666667,0.16437381316850794,1.0258,1.9089,0.013795394883203537
compressor-0011,healthy,150,179,NORMAL,52.93945999999999,2.268039263563721,48.3305,56.6295,-0.04453944382647501,8.399673333333332,0.37482784486866616,7.6543,8.9654,-0.013703003337041355,1.5246133333333334,0.1430065749848198,1.1712,1.9089,-0.005183403781980007
compressor-0012,degrading,0,29,NORMAL,50.972916666666656,2.481560718188365,47.1124,55.1578,-0.16856068965517407,7.936833333333332,0.1862460457447503,7.5515,8.2934,-0.01168097886540622,1.55348,0.21830420579243695,1.1311,1.9598,-0.008449299221357098
compressor-0012,degrading,10,39,DEGRADATION,50.90900333333333,2.4822723146992196,47.1124,55.1578,-0.03330542825361671,7.9334999999999996,0.2014369065820198,7.5515,8.3716,0.015463626251390207,1.5068166666666662,0.17758436320677434,1.1311,1.8504,0.009239265850945469
compressor-0012,degrading,20,49,DEGRADATION,51.461099999999995,2.7272838636025156,47.1124,56.2417,0.2732205561735248,7.9254533333333335,0.22529226460064913,7.4822,8.3716,-0.005375973303670982,1.54719,0.12853654564623504,1.2029,1.8504,0.0008010456062291073
compressor-0012,degrading,30,59,DEGRADATION,52.39078,1.814047675668972,49.508,56.2417,-0.024108787541713916,7.807633333333332,0.30084469341431896,7.2287,8.3716,-0.026858865406006897,1.6159533333333334,0.15016954581035694,1.3877,2.0831,0.009248142380422675
compressor-0012,degrading,40,69,DEGRADATION,53.155303333333336,1.7833284566568834,50.1176,57.0274,-0.0031994438264751094,7.636323333333333,0.20959257888155833,7.2287,8.1016,-0.006549299221357343,1.81885,0.3068342307609545,1.3877,2.3411,0.03207646273637373
compressor-0012,degrading,50,79,DEGRADATION,54.118080000000006,2.607552403231812,50.1176,58.3007,0.27008436040044287,7.5645766666666665,0.184620908319965,7.2287,7.977,0.0005574860956616785,1.999893333333333,0.22300542135911305,1.5471,2.3411,0.01527719688542821
compressor-0012,degrading,60,89,DEGRADATION,55.051220000000015,1.7345571460558264,52.3825,58.3007,-0.009842803114572573,7.486786666666668,0.2364875313603001,7.0815,7.977,-0.015219488320356236,2.11124,0.11819081351780267,1.8691,2.3411,-0.0041783759733037135
compressor-0012,degrading,70,99,DEGRADATION,55.897986666666654,1.8354217572960052,52.5893,60.1209,-0.0035527919911018304,7.346263333333334,0.2222174992859223,7.0815,7.8014,-0.017908453837597507,2.1530533333333337,0.1974299601265106,1.8691,2.6465,0.014490723025583945
compressor-0012,degrading,80,109,DEGRADATION,56.530366666666666,2.4169066417404057,52.5893,60.7429,0.23759951056729578,7.339833333333332,0.20319629972571393,7.0815,7.7391,0.009811301446050991,2.259303333333333,0.20135033065668292,1.9289,2.6465,0.013995928809788595
compressor-0012,degrading,90,119,DEGRADATION,57.42271000000001,1.613304563383285,54.642,60.7429,0.009618131256950279,7.238650000000001,0.25176087960602606,6.8002,7.7391,-0.0072506562847610544,2.2828200000000005,0.19180329055223916,1.8857,2.6465,-0.0047159955506118735
compressor-0012,degrading,100,129,DEGRADATION,57.69683333333334,1.3671637213182943,55.5298,60.7429,-0.05504560622914473,7.233203333333333,0.25437250700935066,6.8002,7.7391,-0.014789610678531887,2.33157,0.18096978965193797,1.8857,2.7015,0.00493724137931031
compressor-0012,degrading,110,139,DEGRADATION,58.466609999999996,2.1842333709793924,55.5298,62.1716,0.21777572858731803,7.10833,0.13878778800744676,6.8002,7.3834,0.008459110122358103,2.3904699999999997,0.2224361049080537,1.8857,2.7307,0.017410033370411533
compressor-0013,healthy,0,29,NORMAL,52.968336666666666,2.256513593353447,48.6022,56.8587,-0.17170876529477339,8.152330000000001,0.29760135881186206,7.6462,8.6364,-0.024744271412680974,1.4957533333333335,0.1257148220731704,1.1346,1.7898,-0.0029834482758621245
compressor-0013,healthy,10,39,NORMAL,52.78077666666666,2.0923958909478753,48.6022,56.8587,-0.03914427141268291,8.035783333333335,0.2157575755075332,7.6462,8.495,-0.005181557285873377,1.5051400000000001,0.1366353238856385,1.1346,1.7898,-3.172413793105841e-05
compressor-0013,healthy,20,49,NORMAL,52.57855999999999,1.7102848358485003,48.6022,55.9083,0.1323311234705226,8.022616666666668,0.14332798536534616,7.6462,8.3347,0.008788898776418056,1.4757700000000002,0.17013347338682847,1.0702,1.7842,0.00110218020022243
compressor-0013,healthy,30,59,NORMAL,52.12748666666666,2.388095550675382,46.6836,55.9083,-0.21984569521690744,8.089996666666666,0.1074495524524053,7.9013,8.3347,-0.000234860956618671,1.4062133333333335,0.20599819211720172,1.0079,1.7842,-0.015534905450500592
compressor-0013,healthy,40,69,NORMAL,51.40924333333334,2.4718439791221085,46.6836,55.9083,-0.09569474972191434,8.102586666666669,0.10867570637247104,7.9013,8.3347,-0.000853170189099192,1.4325766666666666,0.22679683078816504,1.0079,1.7842,0.005185472747497179
compressor-0013,healthy,50,79,NORMAL,51.43349666666667,2.437162057186368,46.6836,54.7003,0.21066120133481478,8.124789999999999,0.12093310919677865,7.9144,8.3829,0.0006098109010009878,1.4770733333333337,0.22054360405345896,1.0079,1.7498,0.018073058954393748
compressor-0013,healthy,60,89,NORMAL,52.04024666666667,1.9203116972223255,47.9378,54.7003,-0.0007970634037826191,8.064983333333334,0.16780602111432777,7.6701,8.3829,-0.010325494994438545,1.5498833333333333,0.14946384642745175,1.236,1.7498,-0.008425072302558446
compressor-0013,healthy,70,99,NORMAL,51.94269333333333,1.6252101541920323,48.9135,54.7003,-0.10573739710789899,8.132089999999998,0.23432914792374135,7.6701,8.6208,0.007357619577307932,1.5824600000000002,0.18009920895624904,1.236,2.03,0.006144560622914317
compressor-0013,healthy,80,109,NORMAL,52.03362333333335,1.7268341241866727,48.9135,54.8764,0.13113710789766286,8.192943333333332,0.24759923355203575,7.6701,8.6208,0.019522602892102253,1.563303333333333,0.1726792218408328,1.236,2.03,0.006051635150166818
compressor-0013,healthy,90,119,NORMAL,52.35463000000001,1.7179532211617394,49.205,54.8764,0.03194293659621667,8.229656666666667,0.21662389631699352,7.7511,8.6208,-0.012619021134594191,1.5795566666666665,0.152835049826784,1.3326,2.03,-0.009171991101223624
compressor-0013,healthy,100,129,NORMAL,52.74348,1.5613330845573385,49.205,54.8764,-0.0764836484983325,8.16108,0.1963413751607134,7.7511,8.5075,-0.011041913236930236,1.5441266666666669,0.11157813983432817,1.3326,1.7964,0.0029353503893214425
compressor-0013,healthy,110,139,NORMAL,52.56249666666667,1.437661407166359,49.205,54.3093,0.055109432703002205,8.112173333333333,0.15158064285682685,7.7511,8.3816,0.007404894327029816,1.5461466666666663,0.1220178039832257,1.3326,1.7964,0.0020130367074526804
compressor-0013,healthy,120,149,NORMAL,52.6294,1.2108112765139467,49.6149,54.375,-0.0054020022246963695,8.039206666666667,0.2182337629444374,7.5638,8.3392,-0.01409957730812031,1.5834366666666666,0.11224409853331069,1.36,1.7964,-0.0005941935483871123
compressor-0013,healthy,130,159,NORMAL,52.52219333333334,1.0853511207387627,50.2245,54.375,-0.06081174638487328,7.97458,0.2161317150875056,7.5638,8.2705,-0.01324720800889887,1.5467966666666664,0.10519746347808119,1.36,1.7623,-0.003045539488320396
compressor-0013,healthy,140,169,NORMAL,52.67050666666667,1.234435776899263,50.2245,54.8711,0.0735662291434909,7.9770900000000005,0.22567377539271158,7.5638,8.3774,0.018194104560622683,1.4684233333333332,0.14398489199295259,1.1852,1.7623,-0.012844916573971105
compressor-0013,healthy,150,179,NORMAL,53.09036666666667,1.2641357702223106,50.3179,54.8711,0.06171341490544995,8.085283333333333,0.18991991835741961,7.6132,8.46,0.011508898776418097,1.40692,0.12522988833874016,1.166,1.5937,-0.002851167964404947
compressor-0013,healthy,160,189,NORMAL,52.78586333333333,1.7449760247604797,48.8402,54.8711,-0.11108540600667506,8.193463333333334,0.1431693693574929,7.9331,8.46,0.0026030478309229566,1.4270533333333333,0.14520301129414945,1.166,1.6868,0.011458242491657382
compressor-0013,healthy,170,199,NORMAL,52.56165333333334,1.6304279149420318,48.8402,54.746,-0.010732680756397328,8.097150000000001,0.18698634308419435,7.8054,8.46,-0.010500088987764333,1.51828,0.12988333842337133,1.166,1.7817,0.009029632925472713
compressor-0014,failure,0,29,NORMAL,53.62636,1.9506429645290462,49.6048,57.1068,-0.19040186874304943,8.132046666666666,0.19776933151752546,7.6625,8.5642,-0.016199065628476308,1.5664366666666667,0.16389573613191474,1.3019,1.9399,-0.014777063403782032
compressor-0014,failure,10,39,DEGRADATION,53.35643000000001,2.116392939437286,49.6048,58.7651,0.05008558398220179,8.07686,0.1628997986493538,7.6625,8.4317,0.005622736373748384,1.5065699999999997,0.12195167389858438,1.3019,1.757,0.002181646273637312
compressor-0014,failure,20,49,DEGRADATION,54.223483333333334,2.7252554529907016,49.6048,58.9423,0.2385240266963293,8.00858,0.23493256394122974,7.4889,8.4317,-0.0037666740823138036,1.5112166666666667,0.133542612633155,1.3019,1.757,0.007402424916573957
compressor-0014,failure,30,59,DEGRADATION,54.74607999999999,2.175277455467846,51.2181,58.9423,-0.0612078309232494,7.863573333333333,0.3277865117555767,7.3174,8.4317,-0.031010278086763286,1.6281400000000004,0.17239935924088196,1.38,2.0704,0.011038976640711878
compressor-0014,failure,40,69,DEGRADATION,55.51225666666666,2.3304641043768277,52.0644,59.9601,0.031853948832033865,7.666969999999998,0.23283897747871443,7.3174,8.2407,-0.016455283648498555,1.83278,0.30468836363296403,1.4118,2.3802,0.03292694104560623
compressor-0014,failure,50,79,DEGRADATION,57.194773333333316,3.753880623739771,52.0644,62.4375,0.41054429365962053,7.502373333333333,0.13858011385316277,7.2386,7.6796,-0.006159955506118086,2.0915733333333337,0.2734887260727376,1.5007,2.435,0.027479822024471603
compressor-0014,failure,60,89,DEGRADATION,59.048469999999995,2.6232775085313915,54.3202,62.4375,0.06684967741935374,7.39282,0.20801526290154765,6.9317,7.6796,-0.019551590656284857,2.24294,0.1337663599963259,1.9254,2.435,0.0037658731924359867
compressor-0014,failure,70,99,DEGRADATION,60.26524666666667,1.981578958429083,54.9609,62.4375,-0.05295830923248152,7.226239999999999,0.2026906174444194,6.8314,7.6671,-0.014407964404894395,2.4144833333333335,0.2360683277970361,1.9795,2.9499,0.018676418242491607
compressor-0014,failure,80,109,FAILURE,60.46713333333334,2.190350896748941,54.9609,64.4252,0.1443348164627352,7.216656666666665,0.22577893270975377,6.8314,7.7561,0.008964694104560427,2.4535766666666663,0.254484578030881,1.9795,2.9499,0.009985739710789681
compressor-0014,failure,90,119,FAILURE,61.4444,1.6709005396292544,58.4037,65.0628,0.01948872080088917,7.144516666666666,0.2876730923384311,6.5864,7.7561,-0.004209588431590823,2.4784266666666666,0.2642115590877045,1.8544,2.9499,-0.01751448275862072
compressor-0014,failure,100,129,FAILURE,61.93315333333333,2.516893481620194,55.7767,67.1844,0.013701001112344976,7.161736666666665,0.3331034618886783,6.5864,7.7561,-0.007457063403782101,2.5351799999999995,0.32907979417359146,1.8544,3.2716,0.019231991101223492
compressor-0014,failure,110,139,FAILURE,63.44830666666666,3.468164280800755,55.7767,68.6271,0.2629492324805333,7.099756666666668,0.30744457460744945,6.5864,7.7017,0.007297908787541532,2.766366666666667,0.4077573766619339,1.8544,3.3124,0.039937308120133436
compressor-0014,failure,120,149,FAILURE,64.07673333333334,3.108647728014368,55.7767,68.6271,0.08839826473859698,6.981423333333334,0.3717347824128858,6.2741,7.7017,-0.023844694104560783,3.1306033333333336,0.30925441897498496,2.668,3.7891,0.020330923248053304
compressor-0014,failure,130,159,FAILURE,64.09314333333333,2.6716605627316414,59.1763,68.6271,-0.1816001557285885,6.762243333333333,0.37656121121125696,6.0351,7.6509,-0.03465123470522821,3.2549366666666666,0.25774395367409797,2.7689,3.7891,0.004104627363737432
compressor-0014,failure,140,169,FAILURE,64.60855333333333,3.3684021862730247,59.1763,72.0057,0.25541134593993214,6.527716666666666,0.2437759628338191,6.0351,6.9816,-0.00939023359288115,3.37231,0.2648326557784494,2.9579,3.9189,0.0016362847608453334
compressor-0014,failure,150,179,FAILURE,65.07653333333332,3.408173106160478,59.1763,72.0057,0.149958086763069,6.2713333333333345,0.3802940172492273,5.4166,6.9816,-0.029305450500556343,3.4438099999999996,0.24449214895370364,3.028,3.9189,0.016826896551724063
compressor-0014,failure,160,189,FAILURE,67.24530666666666,2.7609590948235523,59.8152,72.0057,0.0263449610678518,5.947293333333334,0.4835443674461413,5.0859,6.9816,-0.042448854282536384,3.7670533333333336,0.39643085124927174,3.1686,4.5995,0.032252814238042216
compressor-0014,failure,170,199,FAILURE,68.21062666666667,3.3000020209017387,59.8152,73.766,0.27494972191323547,5.779506666666666,0.3394172122264213,5.0859,6.4583,0.007758131256952061,3.9273166666666675,0.33871195637132284,3.3861,4.5995,0.014080333704115518
compressor-0014,failure,180,209,FAILURE,69.47429666666669,1.865180622439078,66.0204,73.766,-0.0035358620689672814,5.634633333333334,0.4544497246365346,4.6048,6.4583,-0.006987007786429597,4.131449999999999,0.2589089630867704,3.5935,4.5995,-0.001984716351501796
compressor-0014,failure,190,219,FAILURE,69.95243,1.8558809434066628,67.7341,73.766,-0.042760734149057275,5.509320000000001,0.5263903142472638,4.3676,6.4583,-0.038846629588431755,4.16076,0.24213653255962836,3.5935,4.7337,0.01623595105672964
compressor-0014,failure,200,229,FAILURE,71.10544666666665,2.941178962789507,67.7341,77.6996,0.28930149054504845,5.326766666666667,0.3891061743135013,4.3676,6.25,-0.000977664071190311,4.293646666666666,0.20830886640328639,3.9485,4.7675,0.0103064738598442
compressor-0014,failure,210,239,FAILURE,73.30996,3.534883631050202,68.053,81.1411,0.1880663848720791,5.260903333333334,0.27294031274661906,4.3676,5.6108,0.00916616240266956,4.412693333333333,0.2654095639238011,3.9555,5.0063,0.016192213570633954
compressor-0014,failure,220,249,FAILURE,74.64152666666665,2.8513064603129235,69.5326,81.1411,-0.03439635150167172,5.21381,0.2529012881870449,4.6483,5.6108,-0.016677530589544177,4.6240033333333335,0.3279243403422334,4.0989,5.1652,0.028486295884315838
compressor-0015,degrading,0,29,NORMAL,54.36507333333334,1.4898922632041407,51.7039,57.3451,-0.12443559510567401,7.667323333333334,0.25014779455798175,7.2022,8.1129,-0.021750011123470706,1.4284200000000002,0.15979828200995572,1.1593,1.781,-0.0038805339265850862
compressor-0015,degrading,10,39,NORMAL,54.19270333333332,1.407374742439112,51.7039,56.7946,0.028991345939931717,7.574726666666667,0.17667426323290245,7.2022,7.9821,0.001217530589543672,1.3937466666666662,0.13120998369873468,1.1593,1.5852,0.007366362625139014
compressor-0015,degrading,20,49,DEGRADATION,54.087516666666666,1.4787530361948735,51.7039,56.7946,0.0599386206896541,7.5836000000000015,0.16718631921701413,7.2022,7.8551,0.011514037819799648,1.4156400000000002,0.11630763402861109,1.1849,1.5852,-0.00045846496106786684
compressor-0015,degrading,30,59,DEGRADATION,53.80548,1.7084143165325363,51.021,56.7946,-0.11866233592881062,7.529840000000001,0.21378503783005956,7.0768,7.8551,-0.017775795328142607,1.4402700000000002,0.1414393418866665,1.2056,1.746,0.0060624026696329035
compressor-0015,degrading,40,69,DEGRADATION,54.16722000000001,2.174144095561898,51.021,59.2145,0.09298407119021032,7.469733333333335,0.21586027322218315,7.0768,7.8507,-0.00844823136818711,1.4951,0.15152198080366644,1.2056,1.746,0.012246540600667377
compressor-0015,degrading,50,79,DEGRADATION,55.61751333333333,3.055919591517784,51.021,60.1024,0.3200792436040028,7.402843333333333,0.1977661593622349,7.0768,7.7333,0.0070808676307005415,1.6426733333333334,0.18070222638977698,1.2056,1.9601,0.015300511679644033
compressor-0015,degrading,60,89,DEGRADATION,57.18958333333334,1.9146470254476553,52.2415,60.1024,0.05002511679643922,7.279769999999999,0.3369452400118849,6.5709,7.7333,-0.028032769744160288,1.7185433333333335,0.1396002069801076,1.4752,1.9601,0.007681001112347003
compressor-0015,degrading,70,99,DEGRADATION,57.424060000000004,1.4111177674926123,55.7771,60.1024,-0.09001530589544143,7.1613966666666675,0.3149731443402049,6.5709,7.7333,-0.018222224694104585,1.83583,0.1942286867758382,1.5666,2.3371,0.00930320355951051
compressor-0015,degrading,80,109,DEGRADATION,57.72061,1.6181036018232378,55.7771,60.6831,0.11622658509454858,7.091963333333334,0.25023502883400556,6.5709,7.5454,0.013233793103448101,1.9038666666666666,0.21508912622962192,1.5666,2.3371,0.01574674082313679
compressor-0015,degrading,90,119,DEGRADATION,57.700843333333324,1.8761797105969242,54.0899,60.6831,-0.014406651835373934,7.10231,0.2208245266420075,6.6818,7.5454,-0.0071064961067854445,1.963476666666667,0.1850508086685624,1.5666,2.3371,-0.0008640934371524293
compressor-0015,degrading,100,129,DEGRADATION,58.18804666666667,1.866087981265145,54.0899,60.6831,-0.06565250278086883,7.04293,0.20509914212399824,6.6818,7.5204,-0.01529612903225815,2.0631399999999998,0.2247847883346795,1.7176,2.5506,0.009921646273637326
compressor-0015,degrading,110,139,DEGRADATION,58.86669,2.5641906427240024,54.0899,63.5667,0.19424856507230087,6.950173333333334,0.1527812356133944,6.6818,7.3237,0.0002061401557284628,2.1004133333333335,0.235342595285162,1.7176,2.5506,0.00955070077864291
compressor-0015,degrading,120,149,DEGRADATION,59.34678666666666,1.9781383567609439,56.557,63.5667,-0.004603915461625493,6.782439999999999,0.29350797104451287,6.106,7.3237,-0.024898598442714245,2.1994433333333334,0.2099663698203966,1.7176,2.5506,0.00118053392658503
compressor-0015,degrading,130,159,DEGRADATION,59.71238999999999,1.843017272726077,56.8728,63.5667,-0.10614088987764303,6.698056666666668,0.27762383265050483,6.106,7.3237,-0.014300756395995623,2.26026,0.19674114736543213,1.7242,2.5445,0.013098286985539415
compressor-0015,degrading,140,169,DEGRADATION,60.09817,2.3102651647448034,56.8728,65.3704,0.22096976640711782,6.652123333333334,0.21553333335910912,6.106,6.9647,0.018417819799777437,2.336523333333333,0.15268416570016538,1.771,2.5445,0.007149076751946596
compressor-0015,degrading,150,179,DEGRADATION,60.81305666666667,2.006482095556521,57.2951,65.3704,0.07070556173526041,6.69541,0.16327257853050517,6.4026,6.9647,-0.0050149721913239215,2.313146666666667,0.14720141243283713,1.9505,2.5445,-0.01334077864293666
compressor-0015,degrading,160,189,DEGRADATION,61.19033666666665,1.6904086790839135,57.5083,65.3704,-0.10069559510567326,6.634453333333335,0.18182479979975835,6.3512,6.9647,-0.015666473859844463,2.410143333333333,0.2587761216229624,1.9505,2.8925,0.017223648498331464
compressor-0016,degrading,0,29,NORMAL,52.61632666666665,1.9828383109292822,49.0038,55.6963,-0.15693170189099112,7.8170133333333345,0.21407849142052746,7.3362,8.0678,-0.01907626251390456,1.3696733333333333,0.24457132829140504,0.9999,1.8904,-0.007196707452725283
compressor-0016,degrading,10,39,NORMAL,52.28519000000001,1.886837526718539,49.0038,55.6963,-0.07573902113459521,7.824353333333334,0.23962334712813121,7.3362,8.3203,0.007390433815350327,1.3408933333333333,0.2157325750913745,0.9999,1.6676,0.01233988876529475
compressor-0016,degrading,20,49,NORMAL,52.06412,1.7298024843702053,49.0038,55.3611,0.14219092324805227,7.853483333333333,0.2789190265809934,7.3362,8.3203,0.018582447163514773,1.4071666666666665,0.17307316821378047,1.0476,1.6676,0.004439199110122331
compressor-0016,degrading,30,59,DEGRADATION,52.69404,1.136073667094994,50.8045,55.3611,-0.027595150166853544,7.909879999999999,0.21443433555908595,7.556,8.3203,-0.013281201334816603,1.408966666666667,0.12723733292115522,1.1641,1.6676,-0.004721735261401607
compressor-0016,degrading,40,69,DEGRADATION,52.846133333333334,1.2746968409085444,50.8045,55.5333,-0.02137779755283792,7.916203333333334,0.19921298064020718,7.556,8.2684,-0.00029853170189116053,1.5100133333333334,0.23824053354167554,1.1641,2.0231,0.018630745272525007
compressor-0016,degrading,50,79,DEGRADATION,53.75872999999999,2.014513377658899,50.8045,56.8559,0.2018581312569516,7.82638,0.2276739619133759,7.1398,8.15,-0.003750567296996912,1.6609866666666666,0.27042497386315656,1.1641,2.0769,0.02405018909899886
compressor-0016,degrading,60,89,DEGRADATION,54.46106333333333,1.7281202422446056,51.168,56.8559,0.05022716351501615,7.69095,0.338086360515574,7.1398,8.15,-0.03463757508342619,1.8128366666666667,0.18158071205083676,1.4739,2.0929,0.002379377085650692
compressor-0016,degrading,70,99,DEGRADATION,55.64830666666667,1.723672052515275,52.7703,58.9973,0.02398625139043263,7.536263333333333,0.26062081713136853,7.1398,8.0889,-0.00925679644048968,1.8972033333333334,0.17718883991066958,1.5278,2.1112,0.0108537263626251
compressor-0016,degrading,80,109,DEGRADATION,55.71756333333334,1.8373329031476273,52.7703,58.9973,0.10585007786429262,7.412380000000001,0.19193809140796758,7.0624,7.9049,0.002207919911012143,1.9415499999999999,0.16938128143333905,1.5278,2.2135,0.006317975528364801
compressor-0016,degrading,90,119,DEGRADATION,56.11578,1.5038299971295512,53.3941,58.9973,-0.04688685205784311,7.313663333333334,0.27780172003707165,6.8827,7.9049,-0.022706362625139136,1.9680066666666665,0.1408068415320159,1.689,2.2135,-0.0063137708565072954
compressor-0016,degrading,100,129,DEGRADATION,55.43999000000001,1.3157656565285474,52.2824,57.9339,-0.09146071190211436,7.219650000000001,0.19746770326646665,6.8827,7.5513,-0.0015011123470524304,2.0260933333333337,0.1870803444750113,1.689,2.3293,0.010598487208008857
compressor-0016,degrading,110,139,DEGRADATION,56.405856666666665,2.3347888143874784,52.2824,61.0338,0.17756015572858608,7.173933333333333,0.18358215660085864,6.8827,7.4398,0.008464471635149956,2.0998166666666664,0.19567249011777021,1.689,2.4278,0.014350055617352574
compressor-0016,degrading,120,149,DEGRADATION,57.018473333333326,2.1778543312066474,52.2824,61.0338,0.1159956395995531,7.171893333333333,0.19527993911874872,6.7066,7.4398,-0.010897397107897838,2.127186666666667,0.15036633651038903,1.8754,2.4278,-0.011021490545050089
compressor-0016,degrading,130,159,DEGRADATION,58.35418000000001,1.5395735616072397,56.2753,61.2503,-0.020001201334816955,7.150173333333334,0.18354579071416727,6.7066,7.4715,0.001737931034482564,2.075043333333334,0.1494348858942323,1.8686,2.4278,-0.007703248053392709
compressor-0016,degrading,140,169,DEGRADATION,58.46588666666666,1.8233311764886702,56.2753,61.5812,0.11354171301445935,7.118336666666667,0.1830046802376619,6.7066,7.4715,0.00486449388209116,2.05899,0.11623852301768696,1.8686,2.2761,0.00853012235817573
compressor-0016,degrading,150,179,DEGRADATION,58.93912000000001,1.6497556920950451,56.3789,61.5812,0.009518932146827957,7.146053333333332,0.14166065257822608,6.8079,7.4715,-0.002918175750834377,2.059863333333333,0.12202597669713156,1.8458,2.2761,-0.003264004449388223
compressor-0016,degrading,160,189,DEGRADATION,59.19676666666667,1.3371505161682022,56.8739,61.5812,-0.02488284760845612,7.038116666666667,0.15765604139673461,6.7466,7.3871,-0.0074973748609566265,2.1946933333333334,0.23331809607391274,1.8458,2.7541,0.015288765294771911
compressor-0016,degrading,170,199,DEGRADATION,59.95889,1.7146398088908736,56.8739,63.4077,0.15022373748609444,6.972463333333334,0.13926690797011163,6.6406,7.1615,-0.008740088987764344,2.4051666666666662,0.3603487277007587,1.8458,2.9405,0.03590869855394881
compressor-0016,degrading,180,209,DEGRADATION,60.625203333333346,1.3875868812398338,57.869,63.4077,0.048015728587317834,6.816386666666667,0.1733189520957115,6.3984,7.0866,-0.01191612903225826,2.609513333333333,0.19633788857194343,2.1638,2.9405,0.004778909899888724
compressor-0017,failure,0,29,NORMAL,52.543576666666674,1.0899926038536019,50.8193,54.7029,-0.0823676307007793,8.22108,0.18243991778116975,7.6978,8.4803,-0.01030367074527273,1.74905,0.17324240964613716,1.4075,2.1982,-0.0036029143492770023
compressor-0017,failure,10,39,DEGRADATION,52.692083333333336,1.4361962428775377,50.8193,56.3266,0.10357506117908594,8.170266666666667,0.15822942485166544,7.6978,8.4803,0.00021156840934362847,1.81714,0.22390139139064472,1.4075,2.227,0.018003915461623974
compressor-0017,failure,20,49,DEGRADATION,54.51091666666667,2.68015145194985,51.018,59.8822,0.26061906562847587,8.043086666666666,0.21968153424648337,7.6657,8.3751,-0.012073192436040226,1.8810999999999998,0.2062980513722803,1.4075,2.227,0.006956929922135671
compressor-0017,failure,30,59,DEGRADATION,55.20605,2.1249573824353907,51.3788,59.8822,-0.01649492769744292,7.83368,0.3191188622859305,7.3213,8.3751,-0.033241868743047985,1.9003366666666666,0.1647808109445865,1.5783,2.227,-0.01255770856507234
compressor-0017,failure,40,69,DEGRADATION,56.383293333333334,2.420017228166408,52.175,61.2659,0.015269677419353598,7.644706666666666,0.18891840555000344,7.3213,8.0868,-0.009682936596218215,2.024433333333333,0.32511655585172666,1.5783,2.6944,0.023580511679644017
compressor-0017,failure,50,79,DEGRADATION,57.53005333333332,3.2776866691548716,52.175,62.5028,0.3487414015572853,7.476326666666667,0.22543503119277816,6.8719,7.8788,-0.010906028921023493,2.243466666666667,0.3770288524178959,1.5783,2.9057,0.034265005561735236
compressor-0017,failure,60,89,FAILURE,59.004713333333335,2.0359079526889774,54.1767,62.5028,0.042820511679643285,7.3769866666666655,0.2693187203956597,6.8719,7.8788,-0.023639421579532967,2.4953466666666673,0.21366148886081981,2.0418,2.9057,0.006810812013348096
compressor-0017,failure,70,99,FAILURE,59.42197666666665,1.670086045823853,56.2291,62.5028,-0.08893492769744375,7.364110000000001,0.33270627821949283,6.8719,8.2578,0.013834638487207849,2.67419,0.2944568280184154,2.278,3.2968,0.02282307007786426
compressor-0017,failure,80,109,FAILURE,60.29521666666666,2.7604214265317446,56.2291,66.5526,0.2503074304783081,7.423623333333334,0.33015581037174274,7.0125,8.2578,0.017421824249165576,2.822166666666667,0.29458152842445656,2.278,3.2968,0.01984182424916565
compressor-0017,failure,90,119,FAILURE,60.53568666666668,2.8545426250958115,54.898,66.5526,0.027311279199108633,7.385729999999999,0.356215274939186,6.9572,8.2578,-0.021610077864293763,2.879143333333333,0.281227360787594,2.3889,3.2968,-0.005500800889877731
compressor-0017,failure,100,129,FAILURE,61.640333333333324,2.6307583558527163,54.898,66.5526,-0.03912400444938928,7.0520700000000005,0.41028749444749113,6.3,7.8565,-0.04046978865406023,3.0910300000000004,0.46172454064445545,2.3889,3.9948,0.03386720800889874
compressor-0017,failure,110,139,FAILURE,62.05999000000001,3.22579044445957,54.898,68.0487,0.30974382647385873,6.612570000000001,0.4495165077799331,5.7604,7.3112,-0.043639799777530845,3.2304,0.44997356514948006,2.3889,3.9948,0.03499759733036698
compressor-0017,failure,120,149,FAILURE,63.92942666666667,2.1373783795315435,58.769,68.0487,0.13626812013348022,6.343853333333334,0.3453724132327627,5.7604,7.0573,-0.01967599555061189,3.620273333333334,0.3058842394690442,3.041,4.1485,0.01692849833147936
compressor-0017,failure,130,159,FAILURE,65.14573333333334,1.8514051379665357,61.1922,68.5714,0.05833561735261305,6.0967699999999985,0.3441403106776847,5.4912,7.0573,-0.021297686318131313,3.75538,0.32960477585536696,3.2473,4.4402,0.027561601779755245
compressor-0017,failure,140,169,FAILURE,66.21825666666666,2.4777107456525718,62.8326,72.8144,0.1789274527252487,5.9945,0.27688145357414845,5.4912,6.7417,-0.019384827586207073,3.947906666666667,0.21618107985873528,3.5133,4.4402,0.0027881646273636754
compressor-0017,failure,150,179,FAILURE,67.60574,2.9863340962457627,62.4697,73.3051,0.1143654727474959,5.677383333333333,0.34343035401017696,4.9869,6.2301,-0.02783058954393792,4.076403333333333,0.25457597750420646,3.5133,4.6432,0.01322676307007784
compressor-0017,failure,160,189,FAILURE,68.87211666666667,2.879221092712788,62.4697,73.3051,0.07253016685205749,5.5280666666666685,0.347318260709428,4.9869,6.0623,-0.019175706340378358,4.217256666666667,0.2978999795046802,3.5133,5.0489,0.024248476084538288
compressor-0017,failure,170,199,FAILURE,70.29762666666667,3.043007861960851,62.4697,75.8234,0.1570060956618449,5.446946666666666,0.30148469583417037,4.9869,5.9752,0.011588031145717293,4.541659999999999,0.351510040254898,3.9532,5.1444,0.034064382647385934
compressor-0017,failure,180,209,FAILURE,72.11237666666668,2.7671661330301247,66.2856,77.328,0.2251676751946597,5.354680000000001,0.36344135923144466,4.5803,5.9752,-0.018316751946607538,4.667433333333333,0.29470502125948855,4.0358,5.1444,0.014350211345939877
compressor-0018,failure,0,29,DEGRADATION,51.78396999999999,1.5970470412921465,49.0118,54.5441,-0.09074137931034594,7.918793333333332,0.1932586728253669,7.6408,8.2449,-0.014883870967742244,1.7445799999999998,0.17115012007007185,1.4702,2.1058,0.0030852057842045994
compressor-0018,failure,10,39,DEGRADATION,52.81341666666666,2.511005864334495,49.0118,57.5003,0.10860892102335792,7.726123333333334,0.27317989760514133,7.1073,8.2449,-0.02684829810901029,1.8202566666666662,0.23105348397190542,1.4702,2.2487,0.020382714126807536
compressor-0018,failure,20,49,DEGRADATION,54.05904666666667,3.0619068274234307,49.0118,57.7125,0.3139671635150158,7.370680000000001,0.3675347651583453,6.5994,7.8981,-0.0386009788654062,2.0078966666666664,0.2179082857279385,1.4946,2.3789,0.015471924360400428
compressor-0018,failure,30,59,DEGRADATION,56.17509333333333,1.4399547008924352,51.9014,57.777,0.08316614015572717,7.027066666666666,0.3739257843773578,6.5185,7.7635,-0.037619265850945806,2.2249000000000003,0.25928116270437646,1.8101,2.7957,0.022373481646273567
compressor-0018,failure,40,69,FAILURE,56.667036666666675,1.0721150362665794,54.8461,59.784,0.014331946607340733,6.905503333333333,0.23797299074101294,6.5185,7.4391,0.007412969966629423,2.617983333333333,0.46631953285512523,1.9504,3.3971,0.04704941045606225
compressor-0018,failure,50,79,FAILURE,58.545213333333336,2.9667961868805355,54.8461,63.9011,0.28280676307007646,6.962703333333334,0.3235426478671535,6.4421,7.7349,0.016424048943270143,2.9571366666666665,0.3701916787137292,2.1512,3.3971,0.034186718576195735
compressor-0018,failure,60,89,FAILURE,59.92972,2.741817900396255,54.8461,63.9011,0.177453259176862,6.738413333333333,0.5735285617609253,5.889,7.7349,-0.05248498331479448,3.0671466666666665,0.29158248773812795,2.2597,3.4177,-0.01925708565072309
compressor-0018,failure,70,99,FAILURE,62.31465666666667,1.8041704059730301,58.3949,65.7643,0.06368678531701724,6.4678933333333335,0.5595114386279832,5.8193,7.7349,-0.0431635150166854,3.16591,0.39841442188588844,2.2597,3.8558,0.015046740823136758
compressor-0018,failure,80,109,FAILURE,64.32061333333334,3.4511174679836985,58.3949,71.1263,0.34101121245828525,6.039379999999998,0.3057462154576351,5.5875,6.927,-0.01304996662958846,3.391260000000001,0.5216811443784413,2.2597,4.2175,0.04688832035595104
compressor-0018,failure,90,119,FAILURE,66.19830333333333,2.2500424524118547,62.6449,71.1263,0.1077203337041147,5.84214,0.4586229101705815,4.9778,6.927,-0.04599639599555078,3.7443533333333336,0.28975484319602934,2.9242,4.2175,0.021748654060066697
compressor-0018,failure,100,129,FAILURE,67.87161333333333,1.773089533316227,64.6089,71.1263,0.03742687430478153,5.537756666666667,0.2923415726889048,4.9778,6.041,-0.02143735261401573,4.09004,0.4020823942096114,3.5781,5.1058,0.03621103448275863
compressor-0018,failure,110,139,FAILURE,69.39383333333333,3.2254466047699837,64.6089,77.2283,0.30779759733036594,5.317239999999999,0.29246290089513916,4.4535,5.856,-0.016323337041156998,4.3892266666666675,0.45332299517623814,3.6586,5.1058,0.04347844271412671
compressor-0018,failure,120,149,FAILURE,70.86288333333333,2.5600754742889023,66.8271,77.2283,0.1179947719688543,4.97606,0.502924841701024,3.8484,5.6722,-0.04293414905450507,4.644363333333334,0.32077935977172156,4.0139,5.2348,0.011415728587319138
compressor-0019,failure,0,29,DEGRADATION,51.79454333333332,2.2116539801218655,48.1449,56.0068,-0.19101114571746577,8.107453333333334,0.24525073120289687,7.5162,8.4843,-0.013544338153504091,1.5418033333333334,0.2507677125460045,1.085,1.909,-0.019380000000000078
compressor-0019,failure,10,39,DEGRADATION,51.60009333333334,2.1599157066782846,48.1449,56.0068,0.013434304783091482,7.9764,0.20146934423546095,7.5162,8.368,-0.0036074749721915146,1.6104833333333335,0.335968791292022,1.085,2.1828,0.026323270300333674
compressor-0019,failure,20,49,DEGRADATION,52.73306000000001,3.0728802194466787,48.1449,58.9596,0.34344493882091054,7.8499833333333315,0.22766397326371654,7.5162,8.368,-0.010951612903226089,1.7497433333333334,0.3223564524801009,1.085,2.1828,0.02326213570634035
compressor-0019,failure,30,59,DEGRADATION,55.315630000000006,2.1490748352333693,50.3376,58.9596,0.2084713014460503,7.614003333333333,0.3157801476590248,6.9542,8.0959,-0.032956907675194894,2.0196833333333335,0.2021331740599636,1.5987,2.4457,0.008229343715239106
compressor-0019,failure,40,69,DEGRADATION,56.807386666666666,1.5020862429153516,54.2689,60.4541,0.08573050055617223,7.394243333333333,0.30120594912599064,6.8552,7.8397,-0.0180241379310346,2.193883333333333,0.3246428633471284,1.5987,2.8561,0.03129835372636259
compressor-0019,failure,50,79,FAILURE,58.86467666666666,2.7995585220629975,55.1385,63.7956,0.24495383759732883,7.194596666666667,0.29279109558788763,6.4694,7.7426,-0.010487230255840044,2.417646666666667,0.2177350404097196,1.8738,2.8561,0.019090856507230226
compressor-0019,failure,60,89,FAILURE,60.50987,2.743091928359918,55.1385,64.3213,0.22088358175750716,7.005726666666667,0.3717150305752453,6.0274,7.7426,-0.024913370411568627,2.504243333333334,0.22173461567578684,1.9461,2.8561,0.0015539710789765802
compressor-0019,failure,70,99,FAILURE,62.50662666666667,1.4800830458532457,59.6919,65.3227,0.04455497219132259,6.937303333333333,0.3105946388068466,6.0274,7.4556,-0.0014447830923249693,2.700616666666667,0.4251270030499383,1.9461,3.7303,0.034785695216907636
compressor-0019,failure,80,109,FAILURE,62.26124333333333,1.647251838200691,58.1369,65.3227,-0.02455997775306114,6.851103333333335,0.26461188620737014,6.0274,7.4383,0.005360556173526126,2.905263333333333,0.4685435209122936,1.9461,3.7303,0.039414927697441544
compressor-0019,failure,90,119,FAILURE,62.31229,1.5780909702020776,58.1369,65.3227,-0.05881034482758766,6.805929999999999,0.2667630086175118,6.2517,7.4383,-0.022231167964405038,3.272023333333333,0.35101500982468287,2.5403,3.8211,0.023076284760845306
compressor-0019,failure,100,129,FAILURE,62.46813333333334,1.751757974594538,58.1369,66.3453,0.10411025583981987,6.563396666666666,0.281483011308952,5.7626,7.1029,-0.023752992213570828,3.5600499999999995,0.40299143973538687,2.6613,4.3408,0.03687770856507224
compressor-0019,failure,110,139,FAILURE,65.14629666666666,3.5885260384994964,60.5657,72.9747,0.37211926585094457,6.335306666666667,0.31468625532248606,5.4489,6.8424,-0.023193014460511804,3.7743166666666665,0.24666987126296736,3.2781,4.3408,0.009730122358175696
compressor-0019,failure,120,149,FAILURE,68.24495,3.6867172840482354,61.8665,73.5835,0.3595873414905427,5.949250000000001,0.475755655597843,5.1468,6.7911,-0.043677931034482906,3.8346666666666667,0.25572686905281494,3.2133,4.3408,-0.009657174638487255
compressor-0019,failure,130,159,FAILURE,69.92361666666667,2.0456569836417398,65.8845,73.5835,-0.004865294771970208,5.639939999999999,0.4124790528822848,5.0729,6.5941,-0.03590073414905469,4.123576666666666,0.5944762802575801,3.2133,5.374,0.050356240266963226
compressor-0019,failure,140,169,FAILURE,70.41874333333334,1.989667225556966,66.8819,73.5835,-0.014858620689657579,5.4026766666666655,0.18928891618076563,5.0516,5.7607,-0.0010229365962181698,4.411973333333334,0.6033599897978724,3.2133,5.374,0.0408260734149053
compressor-0019,failure,150,179,FAILURE,69.75518000000002,1.6896620820744015,66.8819,72.9156,0.038292636262512336,5.26951,0.27840947702978797,4.6228,5.7607,-0.021504404894327145,4.665633333333333,0.3538028229898054,4.0195,5.374,-0.019239110122358224
compressor-0019,failure,160,189,FAILURE,70.44346333333333,1.6562105076515965,66.8819,73.4572,0.0032337041156834997,5.150816666666667,0.2708580490260946,4.6228,5.7607,-0.016944271412680928,4.829066666666665,0.47125756958258924,4.0195,5.6815,0.030911190211345835
compressor-0020,failure,0,29,NORMAL,51.152163333333334,2.01420785016233,47.5921,55.2508,-0.18544682981090221,7.973356666666664,0.2561144752948484,7.4551,8.3453,-0.02022355951056754,1.5697766666666666,0.1371118513801374,1.2753,1.8355,-0.00738324805339268
compressor-0020,failure,10,39,DEGRADATION,50.452723333333324,1.9252239953978225,47.3902,54.8366,-0.020862491657398532,7.938953333333334,0.24005399355607937,7.4551,8.3453,-0.0027983982202449617,1.595786666666667,0.15221600821055437,1.2753,1.9303,0.005046407119021101
compressor-0020,failure,20,49,DEGRADATION,52.04997,3.569076834434921,47.3902,58.3694,0.35932776418242385,7.784813333333333,0.2527786063380804,7.2675,8.2032,-0.006134327030033654,1.6277833333333334,0.1765804426379723,1.2753,1.9543,0.012849632925472695
compressor-0020,failure,30,59,DEGRADATION,53.99165000000001,2.8782853262257837,47.3902,58.3694,0.20682823136818568,7.667173333333333,0.3365480747563745,6.956,8.2032,-0.03519141268075659,1.825926666666667,0.2199395506850815,1.3672,2.3841,0.017111412680756336
compressor-0020,failure,40,69,DEGRADATION,55.68209999999999,1.6139371588344658,52.6673,58.3694,0.004054771968851615,7.378240000000001,0.2514940113269764,6.8762,7.9316,-0.020770100111234868,2.0900366666666663,0.3638740509968922,1.3672,2.61,0.038582402669632906
compressor-0020,failure,50,79,DEGRADATION,56.59768999999999,2.3732593804512816,52.6673,60.8754,0.2274733926585074,7.240450000000001,0.19495079336420593,6.8762,7.6183,-0.009097241379310493,2.3512366666666673,0.2608045506803046,1.8105,2.6679,0.020701023359288043
compressor-0020,failure,60,89,FAILURE,57.01840333333333,2.2651068386109783,52.3676,60.8754,0.010871212458286547,7.0654933333333325,0.2486471086142411,6.3685,7.6183,-0.016861979977753277,2.4758199999999997,0.23288490347522886,2.0012,3.2568,-0.00283808676307015
compressor-0020,failure,70,99,FAILURE,58.55665333333333,3.199258073963747,52.3676,64.5935,0.08656578420467187,7.026346666666666,0.24570830094963322,6.3685,7.6183,-0.008120088987764342,2.638556666666666,0.3793570250510139,2.0012,3.6879,0.02792375973303664
compressor-0020,failure,80,109,FAILURE,59.098303333333334,3.4241962855034407,52.3676,64.5935,0.23430266963292526,6.954486666666668,0.22592419043170697,6.3685,7.512,0.004298331479421295,2.864753333333333,0.4797027709831254,2.0012,3.7246,0.039280800889877586
compressor-0020,failure,90,119,FAILURE,60.02142333333333,2.6136875237466497,53.6188,64.5935,-0.045841935483872255,6.85285,0.32187864457483556,6.021,7.512,-0.0283388876529478,3.165463333333333,0.31841335449729846,2.6635,3.7246,0.016709655172413768
compressor-0020,failure,100,129,FAILURE,60.99938333333333,2.398796509235875,57.077,65.9293,0.12452424916573694,6.5454133333333315,0.39802803982745844,5.915,7.2874,-0.04097904338153512,3.248193333333333,0.27727568222899673,2.6635,3.7246,0.0025175083426028
compressor-0020,failure,110,139,FAILURE,61.69746666666666,2.6952643212782585,57.077,66.4887,0.17721259176863044,6.344546666666667,0.27128547907242573,5.915,6.8502,-0.011477419354838739,3.393713333333333,0.2720747504312413,2.8368,3.9239,0.015957285873192395
compressor-0020,failure,120,149,FAILURE,62.83005666666667,1.9001984199346715,58.4387,66.4887,-0.036300578420468396,6.203460000000001,0.26151376458356196,5.6825,6.7181,-0.0015848275862070677,3.623393333333333,0.44670832089357315,2.8368,4.6943,0.04100680756395985
compressor-0020,failure,130,159,FAILURE,63.87283666666667,3.0468098998223634,58.4387,70.747,0.20184349276974337,6.156586666666666,0.27144745315110663,5.6825,6.7181,-0.017036484983315052,3.9556,0.405040588912601,3.0581,4.6943,0.03552734149054498
compressor-0020,failure,140,169,FAILURE,67.11120000000001,4.890403641623051,59.204,75.0628,0.5251700111234692,6.001143333333332,0.21019445232662276,5.4862,6.5614,-0.007696618464961205,4.145786666666667,0.3233634021070137,3.5692,4.6943,0.011974549499443734
compressor-0020,failure,150,179,FAILURE,69.23973000000001,3.513635715053568,61.8364,75.0628,0.11022680756395947,5.7665533333333325,0.30205940445915963,5.0986,6.2125,-0.028523959955506235,4.204776666666667,0.20483396476713087,3.738,4.6558,-0.005172302558398332
compressor-0020,failure,160,189,FAILURE,69.59539,2.8963936500816554,64.2987,75.0628,-0.22828745272525278,5.548146666666668,0.3005401090629263,5.0291,6.2125,-0.026004360400445164,4.127643333333333,0.25317452436785354,3.6472,4.6558,-0.006436418242491734
compressor-0020,failure,170,199,FAILURE,69.53444,2.737599378725821,64.2987,74.727,0.1590662068965498,5.430593333333334,0.19095418287001614,5.0291,5.8082,0.009492013348164508,4.352763333333333,0.47682165532711385,3.6472,5.5444,0.0347489432703003
compressor-0020,failure,180,209,FAILURE,69.96199999999999,2.6631341570913523,64.2987,74.727,0.12055332591768568,5.340083333333333,0.27318000669074516,4.7525,5.8082,-0.009799532814238222,4.664016666666667,0.5702998264558351,3.6472,5.5444,0.05678885428253609
compressor-0021,healthy,0,29,NORMAL,51.96182666666667,1.4143525154485197,49.5287,54.8229,-0.10338740823136934,8.049399999999999,0.2565571970016303,7.6079,8.4372,-0.019952925472747556,1.2552733333333335,0.32452470674648004,0.6634,1.799,-0.02061913236929927
compressor-0021,healthy,10,39,NORMAL,51.86486,1.5292287423403994,49.5287,54.9898,-0.030666785317019562,8.08917,0.2885816951344396,7.6079,8.5108,0.007472725250278027,1.2740299999999998,0.338902646935665,0.6634,1.8999,0.02666467185761955
compressor-0021,healthy,20,49,NORMAL,52.290133333333344,1.8179533322454189,49.5287,55.7176,0.1597106117908784,8.056043333333333,0.26464048277280294,7.6079,8.5108,0.014654927697441403,1.34664,0.30324994707336717,0.6634,1.8999,0.007181624026696299
compressor-0021,healthy,30,59,NORMAL,52.307480000000005,1.8290449291729642,49.3333,55.7176,-0.06440796440489578,8.037799999999999,0.285805894504178,7.5491,8.5108,-0.028461268075639822,1.4117866666666667,0.2296894000359809,0.9155,1.8999,-0.016010723025584043
compressor-0021,healthy,40,69,NORMAL,52.43462333333335,1.9438355790692678,49.3333,55.7176,-0.052443492769745755,7.970743333333333,0.24401294867736473,7.5491,8.5086,0.0027715461624025733,1.4015666666666666,0.22035874891236384,0.9155,1.7983,0.016022024471635116
compressor-0021,healthy,50,79,NORMAL,52.04155333333333,1.6042520345908524,49.3333,55.2427,0.12582972191323655,7.99624,0.2648050221074618,7.5491,8.5086,0.019078665183537038,1.4185433333333333,0.20269417305114842,1.0715,1.7983,0.002041357063403764
compressor-0021,healthy,60,89,NORMAL,52.14508,1.480771176875977,49.7194,55.2427,-0.056319466073415925,8.030996666666665,0.23150839075266563,7.5571,8.5086,-0.012191701890990177,1.4212666666666665,0.18448894516715325,1.1594,1.7983,-0.011873147942158028
compressor-0021,healthy,70,99,NORMAL,51.55423,1.2101708642859768,49.7194,54.4399,-0.09492367074527315,7.970079999999999,0.19657857190785916,7.5571,8.386,-0.009727608453837813,1.38517,0.15386050857838732,1.1594,1.7474,0.00920562847608451
compressor-0021,healthy,80,109,NORMAL,51.878350000000005,1.6228502990623208,49.7194,55.1219,0.1420182647385984,7.887793333333334,0.13269231058689454,7.5571,8.1821,0.0034982869855393504,1.3399433333333335,0.20480668557338544,0.9652,1.7474,-0.006811368186874346
compressor-0021,healthy,90,119,NORMAL,52.09445,1.512470838892439,50.0328,55.1219,0.03047357063403659,7.863256666666667,0.15244099116998977,7.4315,8.1821,-0.00942916573971103,1.2795733333333337,0.23645393481371565,0.9586,1.7474,-0.015596084538376015
compressor-0021,healthy,100,129,NORMAL,52.42742666666667,1.4483079881786955,49.8349,55.1219,-0.07871323692992292,7.870746666666667,0.2217816038859451,7.4315,8.3678,0.006501935483870854,1.2156566666666666,0.1918987991682653,0.9586,1.6416,0.006490700778642902
compressor-0021,healthy,110,139,NORMAL,52.03415333333333,1.092745780052351,49.8349,54.3231,0.0625899443826464,7.948169999999999,0.2510255234698921,7.4315,8.3678,0.02124611790878745,1.3038133333333335,0.19120564450059752,0.9586,1.6416,0.015539532814238017
compressor-0021,healthy,120,149,NORMAL,51.82184333333333,1.4790896251147934,48.5656,54.3231,-0.04500593993326057,8.000326666666668,0.2121395514487784,7.581,8.3678,-0.0016035595105673682,1.3414,0.15895636927576487,1.0207,1.6416,-0.0033721468298109412
compressor-0022,healthy,0,29,NORMAL,51.59375,1.3160387432873448,48.9704,53.7364,-0.10435294771968968,7.8633500000000005,0.12297600240155254,7.6582,8.1672,0.0008009566184648438,1.5442833333333332,0.12673617500759427,1.3034,1.812,-0.011179154616240312
compressor-0022,healthy,10,39,NORMAL,51.85352,1.5230451605035662,48.9704,54.4507,0.029813437152390643,7.976923333333334,0.19619175430062183,7.6582,8.317,0.013754816462736226,1.5798333333333334,0.1799527481189314,1.3034,2.0525,0.012290545050055597
compressor-0022,healthy,20,49,NORMAL,52.15492,1.8156949683982342,48.9704,54.9002,0.1241219577308105,7.936163333333334,0.2504794928177199,7.3345,8.317,-0.005072280311457378,1.5919333333333332,0.19644976343980555,1.3034,2.0525,0.003418731924360376
compressor-0022,healthy,30,59,NORMAL,51.995746666666676,1.9392073864912491,48.5308,54.9002,-0.1594863181312585,7.845350000000001,0.31763219688816186,7.2951,8.317,-0.028718865406006846,1.6332433333333334,0.1818855971635895,1.3172,2.0525,-0.008317308120133548
compressor-0022,healthy,40,69,NORMAL,51.87518,1.8900367231705664,48.5308,54.9002,-0.03432404894327083,7.75625,0.24156863034480838,7.2951,8.0903,0.007076240266963099,1.6000299999999998,0.13952234504432137,1.3172,1.8764,0.005138887652947675
compressor-0022,healthy,50,79,NORMAL,51.872969999999995,1.797664149417238,48.5308,55.0232,0.15692794215795272,7.788529999999998,0.2203783234198258,7.2951,8.1177,0.014388587319243409,1.6405833333333333,0.13088729778791455,1.3925,2.0026,0.003120244716351482
compressor-0022,healthy,60,89,NORMAL,52.22361,1.44842328558793,49.1192,55.0232,-0.09407543937708783,7.839879999999999,0.14183054537017048,7.5784,8.1177,-0.008491301446051308,1.5597233333333336,0.20140131857121052,1.1457,2.0026,-0.015866229143492814
compressor-0022,healthy,70,99,NORMAL,51.85514666666666,1.380705150694947,49.1192,55.0232,-0.08518651835372758,7.857516666666667,0.17867784992985436,7.5784,8.3175,0.006423604004449185,1.56807,0.21358725328695685,1.1457,2.0026,0.000489766407118991
compressor-0022,healthy,80,109,NORMAL,51.73434333333334,1.4057817515966773,49.1192,54.6284,0.10728927697441508,7.899526666666666,0.22682073381613266,7.5784,8.362,0.01115408231368167,1.5316999999999998,0.19172479408429852,1.1457,1.8868,0.00978113459399329
compressor-0022,healthy,90,119,NORMAL,51.674423333333316,1.568433575616839,48.1985,54.6284,-0.020317263626252576,7.8395,0.28286812475073964,7.4211,8.362,-0.019086852057842208,1.5692366666666664,0.15305636975383358,1.2433,1.8868,-0.011157975528364898
compressor-0022,healthy,100,129,NORMAL,51.777076666666666,1.628590592850831,48.1985,54.6284,-0.0219081423804237,7.853300000000001,0.27071095409433776,7.4211,8.362,-0.0005136818687431556,1.543833333333333,0.12152131591709422,1.2433,1.7114,0.0040981979977752665
compressor-0022,healthy,110,139,NORMAL,52.13380333333334,1.8918368732501458,48.1985,55.4615,0.16081208008898673,7.8490433333333325,0.23174049809119585,7.4211,8.1742,0.019708898776417984,1.5423666666666667,0.11117781053589584,1.2433,1.6951,0.006263047830923233
compressor-0022,healthy,120,149,NORMAL,52.279023333333335,1.6424944344265595,49.8216,55.4615,-0.04139672969966808,7.892956666666667,0.1744071724124008,7.5589,8.1742,-0.015073036707452988,1.5381133333333337,0.09906020301928631,1.3774,1.6951,-0.007543270300333726
compressor-0022,healthy,130,159,NORMAL,52.52130666666667,1.6024888263642354,49.8216,55.4615,-0.0581070522803136,7.937323333333333,0.23973475437565483,7.5589,8.5078,0.009271434927697334,1.6201666666666668,0.20209504089797836,1.3774,1.9795,0.01583119021134591
compressor-0022,healthy,140,169,NORMAL,51.789910000000006,1.2460261424090056,49.8216,54.1251,0.020158776418241767,7.961943333333334,0.25423726934149954,7.5589,8.5078,0.016777597330366913,1.649593333333333,0.20325805262167487,1.3774,1.9795,0.009060823136818679
compressor-0023,failure,0,29,NORMAL,53.696886666666664,1.4607268381946787,51.4113,56.2315,-0.12111506117908917,7.889620000000002,0.20974397313550316,7.2984,8.1748,-0.008148075639599833,1.5577599999999998,0.23416258397389908,1.2082,1.9831,-0.01962424916573974
compressor-0023,failure,10,39,DEGRADATION,53.519733333333335,1.256825211749386,51.4113,55.8538,0.028442714126806077,7.840963333333333,0.19336685597301542,7.2984,8.1387,-0.0007825361512793569,1.5240166666666666,0.20116495069690665,1.2082,2.0013,0.013946006674082287
compressor-0023,failure,20,49,DEGRADATION,54.99426333333333,2.4306472458288875,51.4113,59.1123,0.25808518353726173,7.711356666666665,0.2872300421651993,7.0186,8.1387,-0.012453370411568512,1.68485,0.22531352637306679,1.3302,2.1023,0.022831568409343694
compressor-0023,failure,30,59,DEGRADATION,56.33152333333333,1.665713377842125,53.1252,59.1123,0.09422685205784069,7.491536666666667,0.37112365996913865,6.8393,8.0072,-0.0356228921023362,1.8588999999999998,0.15826147562393908,1.6058,2.1374,0.009192614015572836
compressor-0023,failure,40,69,DEGRADATION,57.88639,1.4120575964055666,54.3401,60.5984,0.06515254727474783,7.373343333333334,0.2820503934681807,6.8393,7.8858,-0.0005817797552838069,2.1076833333333336,0.29837891132287186,1.6828,2.6739,0.026424449388209093
compressor-0023,failure,50,79,DEGRADATION,59.033603333333325,2.2255814659669406,54.3401,62.1564,0.23727432703003348,7.202736666666666,0.26926794150478106,6.7643,7.6868,-0.004175372636262771,2.254723333333333,0.2847469516176698,1.6828,2.6739,0.01569443826473858
compressor-0023,failure,60,89,FAILURE,60.72687333333333,1.5231538175626116,57.7151,64.9338,0.09645815350389154,7.178993333333334,0.2809916652777365,6.7345,7.6868,-0.022449922135706363,2.4033,0.1992206314617038,2.0204,2.7291,-0.002749855394883238
compressor-0023,failure,70,99,FAILURE,61.779999999999994,1.6211769804682032,59.1288,65.9206,0.044954527252501986,6.9594700000000005,0.20076874449641469,6.5574,7.3555,-0.010450255839822203,2.557493333333333,0.3458106446533356,2.0204,3.2789,0.02792391546162396
compressor-0023,failure,80,109,FAILURE,62.03237333333334,1.7424383763246516,59.1288,65.9206,0.04347261401557221,6.81451,0.27038101307845797,6.2919,7.2395,-0.021918109010011226,2.80757,0.3876658614064437,2.0706,3.6716,0.031199977753058918
compressor-0023,failure,90,119,FAILURE,63.370063333333334,2.1574984519860547,59.2763,67.8401,0.16854605116796315,6.605516666666667,0.33856247880643175,5.6858,7.1989,-0.024215817575083638,3.1456500000000007,0.3215701154750962,2.6305,3.8595,0.0213153503893214
compressor-0023,failure,100,129,FAILURE,65.55767666666667,3.444833036658753,60.2815,74.864,0.34011944382647347,6.418143333333333,0.33417848193575966,5.6858,7.1084,-0.01494111234705242,3.355533333333333,0.317961550435828,2.711,3.923,0.019138598442714008
compressor-0023,failure,110,139,FAILURE,68.70530666666666,3.417316144084743,64.1739,74.9113,0.3192913904338137,6.1285533333333335,0.4403047760611077,5.2986,7.1084,-0.034739265850945604,3.588833333333333,0.2525396884100046,3.0804,4.0414,0.019448587319243506
compressor-0023,failure,120,149,FAILURE,69.80270999999999,2.682534610817412,64.8404,74.9113,0.019136484983313738,5.843243333333334,0.4114075762414796,5.1175,6.8694,-0.03401470522803138,3.8287233333333335,0.31923862097531724,3.3421,4.4476,0.02704936596218017
compressor-0023,failure,130,159,FAILURE,69.03051,2.898532907219327,62.0491,74.9113,-0.22436878754171427,5.5894666666666675,0.26017420360639565,5.0719,5.9534,-0.0081066963292548,4.14716,0.39004503722860867,3.5226,4.9412,0.03985695216907667
compressor-0023,failure,140,169,FAILURE,69.39437333333333,3.3382614422214174,62.0491,77.2781,0.19825837597330134,5.601193333333333,0.27955282378986784,5.0719,6.1353,0.005321601779755196,4.343566666666666,0.3024041868463832,3.5904,4.9412,0.014869187986651704
compressor-0023,failure,150,179,FAILURE,70.83639333333333,3.757470266188261,62.0491,77.2781,0.30146972191323523,5.516089999999999,0.308474991260772,4.832,6.1353,-0.007914416017797687,4.297263333333333,0.3074877455372093,3.7401,4.9412,-0.022633392658509593
compressor-0023,failure,160,189,FAILURE,72.19721,2.5868288279087968,68.1334,77.5615,-0.0729428921023374,5.388666666666666,0.34404820430993227,4.7993,6.1353,-0.026018998887653147,4.267566666666666,0.3201898919217921,3.7307,4.9157,0.0028030255839820713
compressor-0023,failure,170,199,FAILURE,74.49798000000001,4.406300512856562,68.1334,82.2212,0.3178245161290301,5.1255,0.2549284317869102,4.72,5.6962,-0.0161356618464963,4.485443333333334,0.5107137937457947,3.7307,5.4451,0.04915076751946609
compressor-0024,degrading,0,29,NORMAL,51.43327333333333,1.8063679178457035,47.9688,54.7091,-0.12910576195773166,7.6228033333333345,0.20460958185991396,7.3422,8.1413,-0.018010700778643106,1.46179,0.09169144034932235,1.2586,1.7156,-0.004453815350389341
compressor-0024,degrading,10,39,DEGRADATION,51.51693,1.8701782086475078,47.9688,54.7091,-0.023171457174640097,7.657536666666667,0.23608076652328583,7.3422,8.1243,0.019273303670745014,1.52127,0.15774529079077662,1.2586,1.8464,0.013272858731924327
compressor-0024,degrading,20,49,DEGRADATION,52.42033333333333,2.6944658409826276,47.9688,57.0517,0.26587194660733915,7.659156666666667,0.2788100783488446,7.2011,8.1243,-4.660734149061652e-05,1.5953033333333335,0.13597079952041993,1.3484,1.8464,0.008976573971078924
compressor-0024,degrading,30,59,DEGRADATION,53.46327999999999,1.8138187080301047,50.066,57.0517,0.009989010011122687,7.5553366666666655,0.3699472984839267,6.9306,8.1243,-0.03566155728587341,1.6759266666666668,0.14560689757776665,1.4014,1.9412,0.0011964404894326845
compressor-0024,degrading,40,69,DEGRADATION,53.942640000000004,1.8527533960028242,50.2396,57.0517,-0.05063648498331589,7.352923333333335,0.24626307299760192,6.9306,7.9517,-0.008834949944382707,1.7949199999999998,0.2838159067658706,1.4014,2.6947,0.02342740823136815
compressor-0024,degrading,50,79,DEGRADATION,54.3753,2.212188690414993,50.2396,58.0722,0.20315359288097787,7.252296666666668,0.169054398509934,6.8418,7.6075,0.0031323470522801426,1.9930899999999998,0.318859249356201,1.4014,2.6947,0.027286073414905413
compressor-0024,degrading,60,89,DEGRADATION,55.00046,2.151180582315983,50.2396,58.0722,0.03695426028920959,7.215763333333334,0.20690356124425596,6.8418,7.6075,-0.014553971078976848,2.031476666666667,0.28207985120450474,1.536,2.6947,-0.008245183537263641
compressor-0024,degrading,70,99,DEGRADATION,55.04566666666666,2.19362500066797,50.5957,58.0722,-0.10764249165739721,7.146493333333334,0.20577637689707945,6.7591,7.4888,-0.006041023359288298,2.071106666666666,0.24834626892483985,1.536,2.5149,-0.0011576418242492021
compressor-0024,degrading,80,109,DEGRADATION,55.046039999999984,2.145962694083939,50.5957,57.6611,0.0959090100111215,7.072429999999999,0.1841100742309701,6.7591,7.4378,-0.0034398442714129265,2.05977,0.27417522882273665,1.536,2.5695,0.017426451612903182
compressor-0024,degrading,90,119,DEGRADATION,55.13068333333333,1.9462603423117768,50.5957,57.5403,0.04164678531701869,7.039796666666667,0.17982633007679627,6.7141,7.4378,-0.007490122358175828,2.1673966666666664,0.18609396816901105,1.7162,2.5695,-0.003097196885428304
compressor-0024,degrading,100,129,DEGRADATION,56.113773333333334,1.4708569282186796,52.2401,58.287,0.0020836040044480077,6.977493333333332,0.13075291694218105,6.7141,7.2506,-0.003935928809788824,2.232166666666666,0.2079413720793008,1.7162,2.5695,0.004913459399332504
compressor-0024,degrading,110,139,DEGRADATION,57.453146666666676,2.7563946387425893,52.2401,61.9515,0.26970068965517,6.984,0.1373716491857036,6.7141,7.2506,0.001291434927697237,2.2132066666666663,0.1603841387281035,1.8504,2.5395,-0.00040057842046724453
compressor-0024,degrading,120,149,DEGRADATION,58.69008,1.9171021703602549,55.3569,61.9515,0.0756150389321464,6.805616666666667,0.30193541371550897,6.1522,7.2506,-0.025046295884316123,2.2167733333333333,0.1550735544472006,1.902,2.5395,-0.012255127919911122
compressor-0025,failure,0,29,NORMAL,54.474869999999996,1.712083724033378,51.6162,58.61,-0.10004669632925561,7.834819999999999,0.12322056213689873,7.5803,8.085,-0.010331523915461816,1.4929333333333332,0.21523771096678718,1.12,1.8036,-0.010744694104560673
compressor-0025,failure,10,39,DEGRADATION,54.90721666666666,2.0638939267128587,51.6162,58.6635,0.081277174638486,7.754016666666667,0.11823812437431319,7.3062,7.943,-0.006993214682981225,1.5054833333333335,0.23833892406030163,1.12,2.1036,0.01800327030033368
compressor-0025,failure,20,49,DEGRADATION,55.52547666666666,1.8331996893743523,51.7238,58.6635,0.15402044493881897,7.55901,0.26244107319548904,6.9203,7.807,-0.023749566184649847,1.6588766666666668,0.2531644652307182,1.12,2.1036,0.02136852057842043
compressor-0025,failure,30,59,DEGRADATION,55.66344333333334,1.6522297381989255,52.5323,58.6635,-0.1358003781979995,7.303383333333334,0.36738959437571933,6.5412,7.807,-0.03764496106785324,1.8229433333333331,0.17516491978196497,1.4239,2.1975,0.009017330367074482
compressor-0025,failure,40,69,DEGRADATION,55.96744666666667,2.030989075259201,52.5323,59.7427,0.05560253615127783,7.173429999999999,0.24971691859650472,6.5412,7.5177,0.0003948609566183241,1.9813333333333332,0.22360977666958617,1.4881,2.3802,0.016922180200222445
compressor-0025,failure,50,79,DEGRADATION,56.849489999999996,2.570300707226037,52.5323,60.2292,0.2529085428253595,7.128373333333332,0.22974219890032296,6.5412,7.4654,0.006745450500556081,2.0941400000000003,0.1949421257707015,1.6877,2.4283,0.011994616240266907
compressor-0025,failure,60,89,DEGRADATION,59.180600000000005,1.7093157533547347,54.7768,61.9385,0.14670496106785233,7.082630000000001,0.2469209632655761,6.6232,7.4654,-0.02386191323693009,2.218393333333333,0.14488735149150261,1.9917,2.5415,0.00339982202447161
compressor-0025,failure,70,99,FAILURE,60.62489,1.5660906279331348,57.8018,65.3646,0.12188736373748485,6.981813333333334,0.20217084810185232,6.6232,7.4579,-0.006259755283648758,2.4669666666666665,0.38129073800564434,2.047,3.1486,0.03837446051167961
compressor-0025,failure,80,109,FAILURE,62.29985999999999,2.0637250247388406,59.6256,67.4827,0.14768671857619461,6.866350000000001,0.2654768750129975,5.9801,7.3802,-0.006253948832035671,2.657213333333333,0.33721121346848604,2.0602,3.1728,0.022632525027808624
compressor-0025,failure,90,119,FAILURE,63.76970333333334,2.197308221814944,60.3277,68.7833,0.1268592436040034,6.687320000000001,0.4221534653022128,5.7068,7.3802,-0.03525855394883227,2.791350000000001,0.23405933542587018,2.2562,3.1728,-0.012029655172413826
compressor-0025,failure,100,129,FAILURE,65.86437,2.584430110378946,61.963,71.7144,0.17659770856507134,6.504546666666666,0.37917772854193604,5.7068,7.1369,-0.015335394883203743,2.8970600000000006,0.335693198819001,2.2562,3.4915,0.023252903225806375
compressor-0025,failure,110,139,FAILURE,66.93197333333332,2.25730086370623,62.3004,71.7144,0.12363078976640703,6.4009133333333335,0.3039917715260653,5.7068,6.9462,0.008185806451612786,3.186123333333334,0.4316053611679179,2.2562,3.9064,0.043662313681868674
compressor-0025,failure,120,149,FAILURE,66.98681333333333,2.393218596609085,61.3042,71.7144,-0.1208311902113465,6.278436666666666,0.38198856133252057,5.4606,6.9462,-0.02867904338153516,3.4960799999999996,0.22776882051764677,2.9702,3.9064,0.016169566184649504
compressor-0025,failure,130,159,FAILURE,66.29155666666666,2.58171557285504,61.3042,70.8117,-0.03329078976640921,6.054616666666666,0.37003780084682636,5.4606,6.8918,-0.03515588431590671,3.641676666666667,0.1877535346907985,3.3274,4.0874,0.0073249165739710355
compressor-0025,failure,140,169,FAILURE,68.44621000000001,4.5767493409879165,61.3042,75.7441,0.4083634927697435,5.910586666666666,0.24655654893395604,5.4606,6.5411,0.004977842046718343,3.84319,0.31646241098535965,3.4001,4.5083,0.025777374860956576
compressor-0025,failure,150,179,FAILURE,70.11807666666667,3.9228716618215054,61.9465,75.7441,0.2224527919910995,5.7018033333333324,0.3971339626904532,4.9614,6.5411,-0.023819733036707664,4.023276666666667,0.28647477222649503,3.4425,4.5083,0.018462758620689596
compressor-0025,failure,160,189,FAILURE,71.47309,2.5726181805507005,65.857,75.7441,-0.15538057842046823,5.468196666666666,0.48492862944515414,4.7831,6.5411,-0.04087147942157963,4.240596666666668,0.19241187157299372,3.9118,4.573,0.005011501668520525
compressor-0025,failure,170,199,FAILURE,71.40114333333334,2.5376733872694404,65.857,75.1997,0.16027890989988636,5.279946666666666,0.2895524658656681,4.7831,6.0404,0.005692057842046519,4.302449999999999,0.21959025744933824,3.9118,4.7867,0.00815610678531688
compressor-0025,failure,180,209,FAILURE,72.48055666666666,2.3714117811525037,65.857,75.259,0.17293719688542544,5.161443333333334,0.34037562846883673,4.4769,5.6946,-0.010177419354838887,4.312749999999999,0.2281018496929241,3.826,4.7867,-0.008170834260289264
compressor-0025,failure,190,219,FAILURE,73.16877333333332,1.7563695182455836,69.2477,75.2662,-0.02791830923248262,4.984893333333334,0.4642539189806468,4.204,5.6946,-0.04346416017797559,4.52427,0.418027933795498,3.826,5.3136,0.028900311457174498
compressor-0025,failure,200,229,FAILURE,74.46919333333334,2.6978041357041143,69.2477,79.4845,0.2025354838709666,4.829273333333333,0.3399822288819749,4.204,5.6347,0.0016153503893213729,4.741373333333333,0.4609422269896979,3.826,5.4685,0.0453364182424916
compressor-0026,failure,0,29,NORMAL,53.923546666666674,1.2702990948941477,51.4691,56.7653,-0.11541036707452962,8.194410000000001,0.21582414037050326,7.8914,8.7008,-0.015219599555061417,1.3760633333333334,0.11067381648590399,1.1538,1.5796,-0.003896796440489472
compressor-0026,failure,10,39,DEGRADATION,53.737359999999995,1.4383199703357616,51.4691,57.0699,0.041022157953280264,8.201013333333334,0.20886781582831015,7.8914,8.693,0.012025672969966528,1.43569,0.15725378712980703,1.1538,1.7511,0.010617908787541704
compressor-0026,failure,20,49,DEGRADATION,54.86248333333334,2.1992460185380707,51.4691,58.6182,0.2219962402669628,8.0906,0.2834408250999374,7.6321,8.693,-0.010215528364850106,1.5795233333333334,0.213550017066,1.2486,2.0011,0.022474638487207987
compressor-0026,failure,30,59,DEGRADATION,56.199149999999996,1.618221092589019,52.2304,58.6182,0.10629377085650515,7.889699999999999,0.43153067716366733,7.2098,8.693,-0.043377441601779886,1.725323333333333,0.1559106639143783,1.4929,2.0243,0.010147519466073417
compressor-0026,failure,40,69,DEGRADATION,57.322176666666664,1.4823218997422776,54.9419,62.2102,0.05225488320355818,7.645563333333332,0.20368732489338207,7.2098,8.0907,-0.007200200222469606,1.9000233333333332,0.21413464095179824,1.4929,2.2548,0.017610567296996633
compressor-0026,failure,50,79,DEGRADATION,58.30388333333333,2.1581111760184077,54.9419,62.2102,0.15971330367074496,7.507910000000001,0.17653867442197096,7.1956,7.8083,-0.0024370856507232403,2.04197,0.22867888424600993,1.5537,2.4893,0.020518865406006646
compressor-0026,failure,60,89,DEGRADATION,58.75695333333333,1.9382950179188119,54.9419,62.2102,0.020198665183534796,7.324423333333333,0.35504327687699644,6.7184,7.8083,-0.03800923248053406,2.229563333333333,0.1661651116276284,1.8702,2.534,0.01310226918798661
compressor-0026,failure,70,99,FAILURE,59.99346666666667,2.5394251293463155,56.052,65.6197,0.0910278976640688,7.1627566666666675,0.25676164651719735,6.7184,7.6566,-0.011415951056729788,2.390163333333333,0.23425004942487326,2.0562,2.9388,0.01996869855394878
compressor-0026,failure,80,109,FAILURE,60.76612666666666,2.8034432288328732,56.052,65.6197,0.242618820912123,7.095943333333334,0.19994138421603022,6.7184,7.4167,0.013722736373748353,2.51854,0.19764987663374178,2.1568,2.9388,0.013243337041156813
compressor-0026,failure,90,119,FAILURE,61.66569666666666,2.2365178961178818,57.2745,65.6197,-0.004026140155729574,7.060073333333334,0.29077211114930235,6.3172,7.4167,-0.02345254727474983,2.7316966666666667,0.24073153994070284,2.2846,3.1545,0.018845494994438206
compressor-0026,failure,100,129,FAILURE,61.45539333333333,1.6340828049058256,57.7667,64.8345,-0.05440453837597533,6.840413333333334,0.3468324338287231,6.2066,7.3909,-0.034232080088988,2.8282966666666662,0.20684838003286904,2.4117,3.1545,0.015229254727474922
compressor-0026,failure,110,139,FAILURE,62.48742333333333,2.8704324856118038,57.7667,69.3326,0.2501255839822025,6.593270000000001,0.2393871413282956,6.2066,7.3879,-0.018307163515016787,3.01892,0.2815291428372321,2.6644,3.8989,0.008985806451612843
compressor-0026,failure,120,149,FAILURE,63.586090000000006,2.975271097155127,57.7667,69.3326,0.143305383759732,6.382996666666668,0.2388826887593341,5.618,6.7842,-0.019666318131257125,3.0421633333333333,0.28941526967701997,2.6908,3.8989,0.008460845383759685
compressor-0026,failure,130,159,FAILURE,65.16320666666665,2.722206096402124,60.1833,69.4106,0.028465317018908615,6.36577,0.24558349313420877,5.618,6.7566,0.0009681646273634818,3.2074633333333327,0.3648569203430603,2.7262,3.9771,0.01398894327030029
compressor-0026,failure,140,169,FAILURE,66.76215,3.628186743241496,60.1833,72.8947,0.2911137486095655,6.33575,0.26986684957586016,5.618,6.7566,0.009320200222469441,3.2905033333333336,0.3146208961944871,2.8279,3.9771,0.01920803114571738
compressor-0026,failure,150,179,FAILURE,68.19092333333333,2.8681566446858433,60.3083,72.8947,0.13356109010011147,6.3058733333333326,0.28660325996440134,5.7989,6.7566,-0.01936551724137954,3.49141,0.2880853882098153,3.0043,4.0313,0.013285850945494943
compressor-0026,failure,160,189,FAILURE,68.37306666666669,2.441156077945219,64.4355,72.8947,-0.18305441601779918,6.083663333333335,0.32944843449148287,5.4741,6.6728,-0.028142447163515282,3.780886666666666,0.5047755393791933,3.1158,5.1868,0.04200008898776418
compressor-0026,failure,170,199,FAILURE,68.79784,3.6725894622731787,63.7931,75.4749,0.1813762847608429,5.936636666666667,0.22690649687089662,5.4741,6.4681,-0.006986807563960094,4.192103333333334,0.5412849572904174,3.3195,5.1868,0.05047067853170186
compressor-0026,failure,180,209,FAILURE,69.81269,3.8200333257141437,63.7931,75.4749,0.26330387096774116,5.697546666666668,0.3848869112984863,4.8578,6.4681,-0.028292280311457405,4.475133333333333,0.3952171330069361,3.3195,5.1868,0.01650055617352599
compressor-0026,failure,190,219,FAILURE,71.85651000000001,2.990713613654774,63.7931,75.8474,0.06251619577307989,5.50834,0.4008673592765234,4.8578,6.1346,-0.031659043381535266,4.50859,0.24289285477345768,3.9867,4.9912,-0.012280734149054612
compressor-0026,failure,200,229,FAILURE,73.32799333333334,2.649901162802534,67.2832,78.4801,0.20139608453837476,5.372693333333333,0.29279379084187485,4.8578,5.9562,0.006263848720800763,4.64509,0.39997351191464336,3.9867,5.621,0.02794289210233584
compressor-0027,degrading,0,29,NORMAL,51.672579999999996,2.121643177570945,47.955,55.9467,-0.15863995550611967,7.844376666666665,0.18047245899459427,7.4672,8.2023,-0.003549610678531817,1.4581966666666666,0.10210855492508396,1.2424,1.6284,-0.004318687430478324
compressor-0027,degrading,10,39,NORMAL,51.36607,2.2896388325308723,47.955,55.9467,-0.04371219132369418,7.9367333333333345,0.2660011257286121,7.4672,8.3291,0.024245205784204495,1.4853433333333335,0.13631923729083711,1.2424,1.8837,0.00751281423804224
compressor-0027,degrading,20,49,NORMAL,51.67888333333334,2.3929118100594984,47.955,55.5189,0.2102876307007777,8.004606666666668,0.2159268640586952,7.5945,8.3291,0.003441112347052048,1.4895199999999997,0.17092193812771175,1.1993,1.8837,0.0012422246941045157
compressor-0027,degrading,30,59,DEGRADATION,51.72595666666666,2.358753197020739,47.5235,55.5189,-0.09755824249165879,7.85593,0.35415646744529933,7.2427,8.3291,-0.03826760845383787,1.5336733333333334,0.1576641576967391,1.1993,1.8837,-0.005255350389321508
compressor-0027,degrading,40,69,DEGRADATION,51.93069666666667,2.3774658683120746,47.5235,55.376,-0.05664211345939959,7.6704966666666685,0.24346571761863217,7.2427,8.1144,-0.010828720800890115,1.5926099999999996,0.20272527115943553,1.1993,1.9893,0.0139242046718576
compressor-0027,degrading,50,79,DEGRADATION,52.68558666666668,3.293707624014143,47.5235,58.512,0.29300418242491544,7.588123333333333,0.24551595560279904,7.2342,8.0531,0.007805717463848491,1.7598400000000003,0.21695787087205046,1.3411,2.1889,0.018964671857619537
compressor-0027,degrading,60,89,DEGRADATION,53.97667666666666,2.448173594292057,48.3406,58.512,0.06543103448275758,7.490536666666667,0.3312034586004333,6.9457,8.0531,-0.026586318131257166,1.8664200000000002,0.16678047127886403,1.506,2.1889,0.0032715906562847145
compressor-0027,degrading,70,99,DEGRADATION,54.756620000000005,1.9034954990578086,51.3468,58.512,-0.04842602892102505,7.36526,0.31735420022429206,6.9457,8.0531,-0.017221668520578482,1.9678966666666668,0.18403283671369328,1.506,2.348,0.006665873192436007
compressor-0027,degrading,80,109,DEGRADATION,55.381969999999995,2.2661434963611637,51.3679,60.4732,0.22658618464960908,7.287809999999999,0.19467391598944805,6.9457,7.6394,0.015998109010010985,2.0049333333333332,0.1826983293726452,1.506,2.348,0.011220422691879839
compressor-0027,degrading,90,119,DEGRADATION,55.70683000000001,1.997198872112306,52.7226,60.4732,-0.010583470522803753,7.255493333333334,0.25367358545097984,6.7737,7.6394,-0.012550656284761028,2.0872566666666668,0.1327216703816257,1.8771,2.3889,-0.001167497219132387
compressor-0027,degrading,100,129,DEGRADATION,56.241096666666664,2.1005881624731257,52.7226,60.4732,-0.05041087875417212,7.291586666666666,0.27035938887997873,6.7737,7.8171,-0.0021583537263627803,2.15645,0.17345561536024134,1.8771,2.5684,0.009177730812013316
compressor-0027,degrading,110,139,DEGRADATION,56.397793333333325,2.1390827552845066,52.7226,59.5897,0.1970311902113451,7.26459,0.283833653571947,6.7737,7.8171,0.010704493882091054,2.1454733333333333,0.1929030809039146,1.7816,2.5684,-0.004211434927697457
compressor-0027,degrading,120,149,DEGRADATION,56.654186666666675,2.0467218457382583,52.6083,59.5897,-0.05037855394883368,7.225503333333335,0.2924711489854836,6.8229,7.8171,-0.023252525027808914,2.138293333333334,0.18092072837448878,1.7816,2.5684,-0.010081468298109093
compressor-0027,degrading,130,159,DEGRADATION,57.041160000000005,2.023815394018602,52.6083,59.8971,-0.03695946607341641,7.133469999999999,0.2480165090607209,6.8229,7.6937,-0.009909388209121338,2.14363,0.21025111200657182,1.7816,2.6145,0.011846562847608415
compressor-0027,degrading,140,169,DEGRADATION,58.04446333333335,3.065510556767919,52.6083,63.4979,0.2978878976640695,7.0738900000000005,0.2487661771624109,6.7203,7.5982,0.009991701890989932,2.262293333333333,0.207209996434106,1.9479,2.6145,0.015621179087875364
compressor-0027,degrading,150,179,DEGRADATION,58.87233333333334,2.3442637309445846,54.6215,63.4979,0.02642220244716355,6.996153333333335,0.3209862714959767,6.3864,7.5982,-0.022770278086763067,2.282303333333333,0.19133944789881208,1.9723,2.6145,-0.006268097886540614
compressor-0027,degrading,160,189,DEGRADATION,58.48712999999999,2.411378247828407,55.2199,63.4979,-0.22429652947719828,6.858053333333333,0.33985722466288043,6.2927,7.5982,-0.021479866518353766,2.3074333333333334,0.1635524081822772,1.9879,2.6467,0.0014294994438264431
compressor-0027,degrading,170,199,DEGRADATION,58.696063333333335,2.585270595183842,55.2199,63.815,0.19421697441601676,6.782166666666667,0.2330400571194193,6.2927,7.3,0.011926674082313687,2.47498,0.33075474841640595,1.9879,2.9879,0.035696596218019995
compressor-0028,failure,0,29,NORMAL,54.20290999999999,1.4527770318370719,51.3138,56.7804,-0.0992798887652956,7.723110000000001,0.30831163817367213,7.2622,8.2238,-0.025628053392658733,1.4362066666666669,0.10863155751847106,1.2307,1.6711,-0.0026513459399332925
compressor-0028,failure,10,39,DEGRADATION,54.28965,1.4754721401978421,51.3138,56.6787,0.008016218020021445,7.665456666666668,0.2691497559393697,7.2622,8.2238,-0.005285583982202507,1.4982866666666668,0.13095254288821156,1.2307,1.7252,0.007988787541712977
compressor-0028,failure,20,49,DEGRADATION,55.01865,2.0847277570864424,51.3138,58.5422,0.22108144605116764,7.5009966666666665,0.24866292778690502,6.9805,7.9516,-0.006110500556173678,1.56105,0.18956228659730817,1.2098,1.8544,0.010930700778642933
compressor-0028,failure,30,59,DEGRADATION,56.17287666666665,1.1655544276390055,54.1316,58.5422,0.05795388209121154,7.373893333333333,0.3454997751406247,6.8429,7.9516,-0.03608756395995564,1.6164733333333332,0.16834252766969557,1.2098,1.9666,-0.0034682536151279483
compressor-0028,failure,40,69,DEGRADATION,57.26463999999999,1.272329877979764,54.739,59.7811,0.07568120133481511,7.104096666666666,0.2201543087372026,6.8084,7.5827,-0.01820429365962189,1.7815166666666664,0.3085011270463836,1.2098,2.3637,0.02027508342602887
compressor-0028,failure,50,79,DEGRADATION,58.28853666666666,1.9502730961728305,54.739,62.3514,0.21378164627363597,6.942586666666668,0.14240636393395087,6.5867,7.2734,-0.0095236040044496,1.9112933333333335,0.28970909309550885,1.2457,2.3637,0.023074660734149013
compressor-0028,failure,60,89,DEGRADATION,59.52831333333334,1.1813172782204715,57.3139,62.3514,0.07948934371523893,6.849380000000002,0.18363423863757006,6.4337,7.1296,-0.009023270300333935,2.192976666666666,0.24547171823970995,1.8311,2.7832,0.015042513904338084
compressor-0028,failure,70,99,FAILURE,60.72793333333332,1.4148918454151262,58.5605,63.572,0.10592676307007731,6.835719999999998,0.19119480711218784,6.4337,7.1894,0.003483648498331313,2.4028199999999997,0.34395629606099665,1.9465,2.9107,0.03465761957730807
compressor-0028,failure,80,109,FAILURE,61.48725666666667,1.8592097584158938,58.4321,65.2062,0.13734600667408092,6.793116666666666,0.2588823543405168,6.2273,7.2133,-0.003959755283648626,2.59992,0.26707087748386193,1.9611,2.9252,0.011420956618464909
compressor-0028,failure,90,119,FAILURE,62.186646666666675,1.6695150562829768,58.4321,65.282,-0.010831279199110895,6.597700000000001,0.4147611545616746,5.6585,7.2133,-0.03619412680756416,2.639873333333333,0.22440216566592114,2.0849,2.9823,-0.01133543937708573
compressor-0028,failure,100,129,FAILURE,63.141096666666655,2.1373335904787742,58.4321,66.8869,0.09380571746384744,6.517700000000001,0.36361004386567763,5.6585,7.2133,-0.001539310344827754,2.6593433333333327,0.23837399562219214,2.0849,3.0348,0.008272458286985473
compressor-0028,failure,110,139,FAILURE,64.65118999999999,2.764566548828225,59.8278,71.7675,0.2054463403781978,6.435173333333332,0.3714865174164767,5.5394,7.0267,0.014769299221357026,2.8394866666666667,0.33064998082900626,2.1267,3.5471,0.031688320355951
compressor-0028,failure,120,149,FAILURE,66.00293333333333,1.7879209861984644,63.2619,71.7675,0.02032186874304711,6.387026666666666,0.430647072774086,5.5348,7.0267,-0.02976133481646279,3.11244,0.2955492892902976,2.6566,3.8496,0.02320916573971069
compressor-0028,failure,130,159,FAILURE,66.66330333333335,1.536966589418549,64.071,71.7675,-0.041243626251391434,6.068110000000001,0.476317042420277,5.3061,7.0267,-0.03312015572858749,3.3404233333333337,0.2869604916863798,2.9214,3.8838,0.017362291434927634
compressor-0028,failure,140,169,FAILURE,67.44656666666667,2.221541974745369,64.4166,73.3671,0.16894082313681782,5.70217,0.4041334508550362,4.8511,6.7794,-0.029020800889877723,3.4300066666666664,0.26808501628318493,3.0498,3.8838,0.00601428253615123
compressor-0028,failure,150,179,FAILURE,68.76786333333332,2.2813528751573897,65.4437,73.3671,0.1401126362625118,5.3824499999999995,0.40500482034168434,4.426,6.3076,-0.02847806451612924,3.4489500000000004,0.24503327903232514,2.9714,3.8838,-0.004802424916574098
compressor-0028,failure,160,189,FAILURE,69.47445666666665,2.013091730925897,65.8751,73.3671,-0.015541023359290506,5.222163333333332,0.2856445815850336,4.426,5.6797,-0.0017912124582871133,3.6025533333333337,0.3695822459059538,2.9714,4.5635,0.02410780867630685
compressor-0028,failure,170,199,FAILURE,70.84554666666665,3.5882512526980173,63.8781,79.9491,0.18910963292547125,5.301963333333333,0.3353283738698863,4.426,6.025,0.030695061179087837,3.92472,0.5032688866467573,2.9714,4.75,0.047893704115684034
compressor-0028,failure,180,209,FAILURE,71.41882000000001,3.618131065103455,63.8781,79.9491,0.12945330367074434,5.2552866666666675,0.35100586864356315,4.6362,6.025,-0.013386206896551886,4.216763333333334,0.32583604003990857,3.3878,4.75,0.01676847608453826
compressor-0028,failure,190,219,FAILURE,71.84452,3.386573038869824,63.8781,79.9491,-0.10872307007786569,5.225803333333333,0.3486999182519103,4.6362,6.025,-0.021735239154616358,4.444353333333333,0.26543390983235154,3.9749,5.1018,0.01135127919911
compressor-0028,failure,200,229,FAILURE,72.10683333333333,2.439209685578963,67.4497,77.5657,0.11423078976640637,4.955256666666667,0.2825730533075571,4.2162,5.385,-0.00739784204671872,4.548346666666666,0.26313054900984456,4.0134,5.1018,0.021971746384871954
compressor-0028,failure,210,239,FAILURE,73.39409333333334,2.67888000476982,68.1385,77.5657,0.2365609343715228,4.854703333333334,0.32394028820482057,4.2162,5.3588,-0.027445450500556197,4.747083333333333,0.21217052588791777,4.324,5.2091,0.012800289210233521
compressor-0029,failure,0,29,NORMAL,51.71716666666667,1.4778917920094448,49.3058,54.1992,-0.10932703003337162,7.815126666666667,0.25011029957911685,7.413,8.3264,-0.007629365962180314,1.4699033333333333,0.2680986565717097,1.0647,2.039,-0.02611450500556178
compressor-0029,failure,10,39,DEGRADATION,52.24565666666667,2.0897757612852996,49.3058,56.5858,0.05326551724137845,7.844210000000001,0.2701087131138128,7.413,8.3264,0.013536974416017618,1.4293366666666667,0.23957249074595818,1.0647,1.8978,0.011088565072302523
compressor-0029,failure,20,49,DEGRADATION,53.05581666666667,2.7386202130614765,49.3058,58.2179,0.21917706340378143,7.830253333333333,0.22650075310151965,7.413,8.1917,-0.0010109454949946738,1.6086800000000003,0.3155380203187354,1.0647,2.0726,0.032040088987764156
compressor-0029,failure,30,59,DEGRADATION,53.63827666666667,2.208617978538213,49.7003,58.2179,-0.09143263626251545,7.744109999999998,0.2528001771491995,7.1618,8.1917,-0.02430400444938838,1.8282066666666668,0.21451638155524522,1.3795,2.1907,0.014238887652947682
compressor-0029,failure,40,69,DEGRADATION,53.87222666666666,2.1393479752693088,49.7003,58.2179,-0.03798028921023438,7.493486666666667,0.2146242526421984,7.1314,7.8844,-0.020112302558398444,2.0404033333333333,0.22945158455664574,1.6359,2.507,0.016792413793103415
compressor-0029,failure,50,79,DEGRADATION,54.852523333333316,2.760931241167653,49.7003,58.7909,0.28727228031145713,7.321560000000001,0.18946985793699922,7.0145,7.674,-0.015377530589544127,2.09838,0.2508757386968032,1.6359,2.507,0.00839221357063401
compressor-0029,failure,60,89,DEGRADATION,56.60276666666666,1.934811447546131,52.1314,58.9851,0.12021339265850865,7.033923333333334,0.31332566729983824,6.347,7.4736,-0.030816929922135788,2.138586666666667,0.24237622784056656,1.6939,2.5489,-0.011244182424916588
compressor-0029,failure,70,99,DEGRADATION,58.013496666666676,1.6101942378655922,54.732,62.6881,0.04956073414905349,6.919020000000001,0.2612668398400379,6.347,7.3592,-0.010180422691880046,2.29334,0.387987623170293,1.6939,2.9084,0.028913459399332538
compressor-0029,failure,80,109,FAILURE,59.030023333333325,2.259820901706347,54.732,63.1008,0.19458293659621656,6.919626666666668,0.2824106205903422,6.347,7.6051,0.024040266963292485,2.36274,0.361597713488346,1.7329,2.9084,0.015800400444938776
compressor-0029,failure,90,119,FAILURE,59.435116666666666,1.9139375181517517,56.2468,63.1008,-0.0090956395995574,6.920153333333334,0.3064428209126278,6.1397,7.6051,-0.01210433815350404,2.6693166666666666,0.3701778069012542,1.9721,3.6835,0.013348231368186829
compressor-0029,failure,100,129,FAILURE,60.17552666666666,2.6688114501819387,56.2468,68.043,0.021712969966628973,6.9758966666666655,0.34234976898228253,6.1397,7.6051,-0.0059270077864294985,2.931823333333334,0.574026828457424,1.9721,3.9492,0.05953768631813122
compressor-0029,failure,110,139,FAILURE,61.30481000000001,3.636101063625707,56.2468,68.043,0.31349746384871907,6.630933333333333,0.465240960029197,5.7715,7.5345,-0.026332903225806597,3.3134566666666663,0.3797812622052623,2.4647,3.9492,0.028826674082313635
compressor-0029,failure,120,149,FAILURE,62.81232333333334,3.095732618157166,56.644,68.043,0.12286106785316861,6.458259999999999,0.5228445273055207,5.6494,7.5345,-0.0475551056729701,3.500433333333334,0.24035652176622038,3.0641,3.9492,-0.0014482313681869606
compressor-0029,failure,130,159,FAILURE,62.79941333333333,2.4671014199843686,57.138,67.2088,-0.14226135706340495,6.116413333333335,0.23998740068780464,5.6483,6.5581,-0.0020801334816463253,3.4280233333333334,0.2909067659157408,2.7981,3.8965,-0.005883982202447236
compressor-0029,failure,140,169,FAILURE,63.88043666666666,3.4444360550007156,57.138,70.2918,0.23638738598442582,6.17307,0.24475633345567732,5.6483,6.567,0.010950322580645076,3.4972499999999993,0.32431597632555814,2.7981,4.0538,0.006436863181312522
compressor-0029,failure,150,179,FAILURE,65.00538666666667,3.3750567003368834,57.138,70.2918,0.26206638487207795,6.037033333333334,0.37073588562329507,5.1146,6.567,-0.01926562847608472,3.476323333333333,0.29378688271526954,2.7981,4.0538,0.008178042269187984
compressor-0029,failure,160,189,FAILURE,65.78611,2.4443584129378415,60.9902,70.2918,-0.1759928587319264,5.78153,0.5085213828018117,4.7678,6.567,-0.0463630923248055,3.62761,0.23584556719740707,3.2288,4.0875,0.006069521690767487
compressor-0029,failure,170,199,FAILURE,66.45642000000001,2.945984569477579,60.9902,71.8226,0.18253406006673958,5.639799999999998,0.40322773548785884,4.7678,6.3819,0.00893548387096758,3.798973333333333,0.3542761822207201,3.2288,4.5153,0.03474625139043374
compressor-0029,failure,180,209,FAILURE,68.10603333333333,3.690572153143135,60.9902,73.1213,0.3781252502780856,5.487756666666666,0.41390513621950725,4.7678,6.3819,-0.0006489210233594219,4.149326666666666,0.3705989799710134,3.4825,4.9319,0.0338495661846496
compressor-0029,failure,190,219,FAILURE,70.48030999999999,1.86957503305787,66.455,74.9725,0.06684051167964324,5.574996666666666,0.4060636612513965,4.8638,6.3819,-0.011484649610678653,4.420776666666667,0.3152555700626961,3.8314,5.0367,0.021074505005561676
compressor-0029,failure,200,229,FAILURE,71.40963666666667,1.967144445040973,66.455,74.9725,0.08960816462736144,5.444599999999999,0.4279173463805053,4.7829,6.2936,0.005416640711902067,4.617826666666668,0.28851599023662833,3.9054,5.1675,0.017993236929921982
compressor-0029,failure,210,239,FAILURE,71.75122,2.0861056662914588,66.455,74.9725,0.08443568409343585,5.207436666666666,0.5928232864765764,4.2921,6.2936,-0.047100667408231475,4.63787,0.2759970001648569,4.1232,5.1675,0.0014410011123469344
compressor-0029,failure,220,249,FAILURE,71.67885333333332,2.2042690544688246,66.9339,74.5721,-0.0918695884315924,4.805199999999999,0.5971799271018187,4.0692,6.2936,-0.053680266963292575,4.7910200000000005,0.31026170286818616,4.2096,5.5379,0.013822246941045536
compressor-0030,failure,0,29,NORMAL,53.53824999999999,1.7161321924121504,49.6062,55.7772,-0.11998231368186961,8.055673333333335,0.1462817918341931,7.722,8.2798,-0.0022250945494996896,1.4387333333333336,0.11552915456955251,1.2106,1.6156,-0.005306384872080111
compressor-0030,failure,10,39,DEGRADATION,53.159236666666665,1.9052184304314181,49.6062,55.7772,-0.0882113236929933,8.061956666666667,0.1492753667629801,7.722,8.2798,-0.0013196662958843688,1.4192600000000002,0.10048921865885248,1.2106,1.5821,0.006976596218019966
compressor-0030,failure,20,49,DEGRADATION,53.65767333333333,2.431774572602394,49.6062,58.0199,0.21674037819799746,7.971916666666666,0.24832468273523584,7.2331,8.2612,-0.017352769744160366,1.5412033333333333,0.12881379192030987,1.31,1.8684,0.01020166852057839
compressor-0030,failure,30,59,DEGRADATION,54.618320000000004,1.9447092917965914,50.6477,58.0199,0.08529619577308006,7.693159999999998,0.41161614934304996,7.0915,8.2612,-0.04245802002224708,1.6390566666666666,0.13740903095826304,1.3996,1.9394,0.01154164627363731
compressor-0030,failure,40,69,DEGRADATION,56.55818,2.5047048197874875,52.8934,62.1743,0.13179341490545005,7.456643333333333,0.31572433406727163,7.0915,8.1434,-0.019377775305895628,1.8779666666666666,0.26899503754200044,1.5377,2.4096,0.0251355728587319
compressor-0030,failure,50,79,DEGRADATION,58.36566,3.477097854782539,52.8934,62.2737,0.35028618464961003,7.349446666666667,0.19479860836828955,7.0915,7.873,0.01076262513904338,2.08778,0.2836254330391876,1.6129,2.4794,0.027934905450500536
compressor-0030,failure,60,89,DEGRADATION,59.817479999999996,2.3549874470153767,54.2031,62.2737,0.04464467185761793,7.2762,0.2739005160029216,6.7111,7.873,-0.019166941045606487,2.3446966666666667,0.18834007271127645,1.8787,2.7964,0.015731991101223537
compressor-0030,failure,70,99,FAILURE,60.990903333333335,1.9396681567531666,56.9052,64.2048,0.03346876529477111,7.230963333333334,0.2891648382074756,6.7111,7.873,-0.010630634037819893,2.547703333333333,0.24377905089559182,2.1837,3.1098,0.02409933259176858
compressor-0030,failure,80,109,FAILURE,62.17054333333333,3.100575534497141,56.9052,68.831,0.31890680756395823,7.1542666666666666,0.2835494258306458,6.6257,7.6653,0.008807252502780812,2.7458199999999997,0.22012835407249715,2.3017,3.1098,0.018867853170189023
compressor-0030,failure,90,119,FAILURE,64.04924666666668,2.2213029426792636,60.4748,68.831,0.10721112347052174,7.083976666666666,0.3739064675230365,6.4033,7.6653,-0.022261379310345043,2.856203333333333,0.17086919262666656,2.5559,3.1226,0.0009658509454949342
compressor-0030,failure,100,129,FAILURE,66.2055,2.52649845596628,61.5703,70.8073,0.14790304783092223,6.896743333333334,0.3623373443660234,6.4033,7.6423,-0.029039577308120266,3.007073333333333,0.26552818423327906,2.5559,3.5958,0.017063448275861995
compressor-0030,failure,110,139,FAILURE,67.36588666666665,2.556259821788248,61.5703,71.1482,0.1639900778642919,6.744726666666667,0.2330399120799316,6.4033,7.4793,-0.003781268075639989,3.1346,0.32258769453695324,2.5559,3.8404,0.023252992213570536
compressor-0030,failure,120,149,FAILURE,67.73315,2.128284712430803,62.9903,71.1482,-0.16043846496106845,6.463546666666667,0.4878485712686765,5.3496,7.11,-0.03813859844271437,3.2810366666666666,0.2340768242598048,2.6675,3.8404,0.005071924360400394
compressor-0030,failure,130,159,FAILURE,67.16226999999999,2.2351044566417926,62.9903,71.1482,-0.09026369299221514,6.333223333333334,0.4750510131788188,5.3496,7.11,-0.026333325917686487,3.444293333333333,0.3057290117444241,2.6675,3.9298,0.022818242491657283
compressor-0030,failure,140,169,FAILURE,67.51629999999999,2.7639987150262337,62.9903,73.962,0.21926220244716352,6.100676666666668,0.35550325894740015,5.3496,6.7839,0.0019427586206895253,3.7246233333333336,0.37973949551706565,2.9867,4.4067,0.03833959955506113
compressor-0030,failure,150,179,FAILURE,68.81950333333333,2.6874576629822897,63.7422,73.962,0.13425750834260158,5.97502,0.35562770739449795,5.2936,6.6,-0.03323492769744178,4.002166666666667,0.24383371291836486,3.4893,4.4067,0.015010545050055531
compressor-0030,failure,160,189,FAILURE,70.45992999999999,2.522251602457613,65.7475,75.4318,0.09388456062291292,5.792750000000001,0.3028083164313688,5.2936,6.2713,-0.013434015572858839,4.233226666666666,0.2448609209780569,3.7096,4.8004,0.014754438264738497
compressor-0030,failure,170,199,FAILURE,71.73111333333334,2.660566076700387,65.7475,75.5066,0.16274153503893138,5.698010000000001,0.27089908127074425,5.2936,6.3022,0.007974037819799653,4.54083,0.44362014543225303,3.7096,5.5827,0.041615372636262395
compressor-0030,failure,180,209,FAILURE,72.92410333333333,2.0574331380765583,68.6085,76.7547,0.033560289210231624,5.54649,0.39872425672386674,4.8344,6.3022,-0.03041991101223598,4.660596666666666,0.368102790429823,3.9875,5.5827,0.0004099888765293711
compressor-0030,failure,190,219,FAILURE,73.13803000000001,2.131080038094924,68.6085,76.7547,-0.05207276974416122,5.313320000000001,0.3986802113641123,4.703,6.3022,-0.038064382647386145,4.703643333333333,0.3814743623393612,3.9825,5.5827,-0.020213014460511766
compressor-0030,failure,200,229,FAILURE,75.02902999999999,3.935738511736605,68.6085,83.2124,0.3093356395995541,5.085800000000001,0.16926490677830022,4.703,5.5874,-0.0024515684093437775,4.785683333333334,0.45424122892528757,3.9825,5.5874,0.041020845383759656
compressor-0031,failure,0,29,DEGRADATION,51.64710666666667,1.6165024216773973,47.9837,54.1418,-0.0979490100111249,8.085749999999999,0.17424122120401545,7.6998,8.369,-0.011265695216907923,1.43008,0.20090217918180975,0.957,1.744,-0.00821828698553953
compressor-0031,failure,10,39,DEGRADATION,52.40225000000001,2.2929764288292773,47.9837,57.13,0.08646004449388149,8.06646,0.18111097629170161,7.6998,8.369,-0.0050004449388211,1.5595333333333332,0.30224022270740575,0.957,2.2155,0.015897041156840885
compressor-0031,failure,20,49,DEGRADATION,53.77770666666667,3.2757587808967585,47.9837,59.1649,0.3357943047830917,7.855646666666669,0.27397352151054466,7.208,8.3363,-0.017657530589544224,1.6697366666666666,0.3389683873985236,0.957,2.2155,0.029419777530589514
compressor-0031,failure,30,59,DEGRADATION,55.66175,1.672726456766517,51.4958,59.1649,0.05241132369299078,7.576840000000001,0.44432539172697905,6.8984,8.3363,-0.049472169076752164,1.9042566666666672,0.19881681800648107,1.3845,2.3173,0.008072725250278025
compressor-0031,failure,40,69,DEGRADATION,57.08697,1.947372155863725,53.624,61.4572,0.09335094549499223,7.33131,0.26117101976801843,6.8984,7.8049,-0.008811323692992363,2.1232333333333333,0.32299820880136293,1.7003,2.7236,0.028915239154616208
compressor-0031,failure,50,79,FAILURE,58.26764333333333,2.5161486469978054,53.624,62.282,0.2520204004449378,7.263956666666666,0.25207359994431966,6.7111,7.7818,0.014000111234704977,2.3108566666666666,0.2986462775964606,1.7374,2.8555,0.024333859844271357
compressor-0031,failure,60,89,FAILURE,60.00040666666667,2.6681895942046965,52.5674,64.3956,0.08174718576195611,6.957036666666665,0.6367116105340698,5.7428,7.7818,-0.054964872080089135,2.611506666666666,0.26433517225085446,2.2467,3.1121,0.019152480533926524
compressor-0031,failure,70,99,FAILURE,60.04484333333333,2.8501665545114303,52.5674,64.3956,-0.07360411568409422,6.761969999999999,0.5969195435176613,5.7428,7.7818,-0.024609810901001214,2.8822866666666664,0.4114146308639119,2.2467,3.5132,0.040633904338153455
compressor-0031,failure,80,109,FAILURE,61.361216666666664,3.6126222659893763,52.5674,65.9927,0.17233510567296836,6.616986666666666,0.4584772395174656,5.7428,7.3305,0.035265183537263496,3.082216666666666,0.2890096896683954,2.474,3.5132,0.008517263626251348
compressor-0031,failure,90,119,FAILURE,63.078356666666664,3.5526294600556856,53.9444,67.4598,0.34979846496106676,6.541136666666665,0.5273142336300897,5.4779,7.3305,-0.03542791991101233,3.243066666666666,0.2461383152258547,2.6411,3.5793,0.0018950834260288226
compressor-0031,failure,100,129,FAILURE,65.56908333333332,1.4668643341230394,61.3,68.8645,0.09016153503893101,6.300066666666666,0.5086994727297793,5.4547,7.1748,-0.03802558398220264,3.352106666666667,0.3782015273486993,2.6411,4.3597,0.03278602892102331
compressor-0031,failure,110,139,FAILURE,68.55736,3.79562571728738,63.361,75.6865,0.3589022914349256,5.962406666666666,0.26185233489294857,5.4496,6.3697,-0.0014524137931036553,3.808016666666666,0.5415782190864852,3.1629,4.9066,0.0558418020022246
compressor-0031,failure,120,149,FAILURE,69.87406666666666,3.7104216489354536,63.8545,76.1482,0.13931657397107663,5.7957166666666655,0.3473314911179553,5.2189,6.3697,-0.028589299221357202,4.157046666666667,0.47463876350570255,3.1891,4.9066,0.04119955506117905
compressor-0031,failure,130,159,FAILURE,71.69647666666668,3.483632048182217,63.8545,76.1482,-0.04464838709677593,5.490873333333332,0.3738569101794012,4.8306,6.1551,-0.03491457174638502,4.614613333333335,0.3914894104428483,3.8385,5.4439,0.03336422691879861
compressor-0031,failure,140,169,FAILURE,72.07643,3.6740543254149087,63.8545,78.4339,0.23131699666295735,5.329610000000001,0.22085446241058088,4.8306,5.6355,0.002070545050055598,4.876626666666667,0.4055617617850853,4.2292,5.5346,0.03715337041156831
compressor-0032,failure,0,29,DEGRADATION,52.22323333333334,1.9539701402244838,48.2955,54.9171,-0.16162909899888875,7.882343333333334,0.29096689466138387,7.299,8.2531,-0.02879886540600691,1.4082599999999998,0.19831362467902536,0.9836,1.7586,-0.0033866518353726583
compressor-0032,failure,10,39,DEGRADATION,52.79365,2.57740680255045,48.2955,57.2274,0.08714031145717313,7.695053333333333,0.2421934952791994,7.299,8.2414,-0.01992751946607362,1.58856,0.3822867061948837,0.9836,2.367,0.035315817575083404
compressor-0032,failure,20,49,DEGRADATION,54.40003000000001,3.729890197414217,48.2955,60.0688,0.39347397107897597,7.4849499999999995,0.22727172980084148,6.922,7.7944,-0.012706051167964551,1.8729866666666666,0.40741841206416884,0.9836,2.367,0.04104667408231364
compressor-0032,failure,30,59,DEGRADATION,56.338273333333326,1.965691513426142,52.2289,60.0688,0.04411221357063278,7.145953333333334,0.4938890116435293,6.3151,7.7944,-0.0500321690767522,2.2462666666666666,0.2494851022049658,1.7304,2.6514,0.022438131256952126
compressor-0032,failure,40,69,FAILURE,57.37367666666667,1.776407267057742,53.5702,60.2217,0.010456529477196257,6.883283333333335,0.4117637171026877,6.3151,7.7754,-0.02775259176863192,2.3928366666666667,0.23606074286552223,1.8099,2.907,0.014389788654060008
compressor-0032,failure,50,79,FAILURE,58.404543333333336,2.622234569558736,53.5702,62.9474,0.26087579532814015,6.741943333333334,0.2885625659290469,6.3151,7.4573,0.01684006674082295,2.479443333333333,0.1907284451488264,2.0935,2.907,-0.005276952169076812
compressor-0032,failure,60,89,FAILURE,61.26131333333334,2.8100250220396417,55.0996,66.648,0.28647457174638374,6.644593333333334,0.39443132053910507,5.9882,7.4573,-0.026211790878754304,2.693003333333333,0.4524291019841918,2.0935,3.7536,0.031918909899888714
compressor-0032,failure,70,99,FAILURE,63.79701333333333,2.3005244048163354,58.9001,68.2853,0.22423248053392525,6.612683333333333,0.3783673145532292,5.9882,7.4573,-0.01337443826473882,3.0705899999999997,0.5749301246528428,2.0935,3.8539,0.0552786874304783
compressor-0032,failure,80,109,FAILURE,65.85195333333333,1.810903772288546,62.2522,69.0732,0.16662407119020864,6.379873333333333,0.3384725699701857,5.6529,6.9844,-0.0065243604004450485,3.540973333333333,0.4273215213656132,2.5561,4.2196,0.03809895439377083
compressor-0032,failure,90,119,FAILURE,67.56005666666667,2.486400993897718,63.3139,73.2463,0.1675659844271407,6.193149999999999,0.5082442226266162,5.1889,6.9844,-0.05377368186874315,3.83128,0.2862743455731465,3.3481,4.4477,0.01698642936596207
compressor-0032,failure,100,129,FAILURE,68.80178333333333,2.4884337085917236,65.1621,74.0634,0.11034649610678414,5.811310000000001,0.4355996115318133,5.1889,6.8543,-0.0338839822024473,4.049589999999999,0.2977907322824761,3.507,4.5701,0.021459999999999944
compressor-0032,failure,110,139,FAILURE,71.41742666666667,3.561297856768264,65.1621,76.3388,0.27400956618464767,5.514203333333334,0.4285989504446111,4.2207,6.0959,-0.020429922135706394,4.276456666666666,0.3179658458423203,3.5463,4.8927,0.023107296996662842
compressor-0033,failure,0,29,NORMAL,53.836806666666675,0.9819602024974784,52.1918,55.9501,-0.04834349276974488,7.9579666666666675,0.17015030871425288,7.6331,8.3573,-0.009637864293659665,1.2589200000000003,0.1315164182399546,1.023,1.4888,6.371523915458056e-05
compressor-0033,failure,10,39,DEGRADATION,54.01805,1.2359244018817117,52.1918,56.9649,0.06175957730811952,7.928986666666666,0.1366351631982859,7.6331,8.2377,0.00034682981090078597,1.3272499999999996,0.19054193720368579,1.023,1.924,0.01791481646273635
compressor-0033,failure,20,49,DEGRADATION,54.74367666666667,1.5886523073941912,52.1918,57.9138,0.12079112347052184,7.827566666666667,0.18742032144057616,7.3956,8.1682,-0.009067853170189374,1.4102433333333337,0.18394666198535803,1.023,1.924,0.009072725250278059
compressor-0033,failure,30,59,DEGRADATION,54.94491333333333,1.399011128793795,52.481,57.9138,-0.04794389321468461,7.641096666666666,0.313377036473461,7.1457,8.1682,-0.03149692992213586,1.5683633333333333,0.21373263123715003,1.2428,2.0434,0.01408909899888763
compressor-0033,failure,40,69,DEGRADATION,56.21076999999999,2.399793194305155,53.2143,61.3211,0.12961924360400293,7.50482,0.20665582562963633,7.1457,8.0397,-0.006577575083426192,1.7190333333333334,0.2658496433868003,1.2428,2.2332,0.02400751946607339
compressor-0033,failure,50,79,DEGRADATION,57.520599999999995,2.9421475898850935,53.2143,61.8546,0.27054077864293496,7.3408533333333335,0.2056823760613005,6.9545,7.7606,-0.0078055172413794205,1.9148466666666666,0.18328513984742156,1.5986,2.2601,0.011532191323692952
compressor-0033,failure,60,89,DEGRADATION,59.045046666666664,1.5905611594095406,56.4067,61.8546,-0.002284226918800574,7.151256666666668,0.37279268473092236,6.4366,7.7606,-0.04031330367074553,1.9901433333333332,0.14262617497811853,1.7608,2.2601,0.0005300333704115047
compressor-0033,failure,70,99,DEGRADATION,59.53437,1.5595820104865707,56.5621,62.6637,0.015854838709676494,6.941400000000001,0.2414973761072087,6.4366,7.4033,-0.01065130144605128,2.133953333333333,0.2288294076866482,1.8166,2.7764,0.017343003337041123
compressor-0033,failure,80,109,FAILURE,59.878816666666665,1.8521043948408766,56.4537,63.3638,0.11528380422691716,7.022493333333333,0.34509765567959955,6.4366,7.8121,0.03421010011123455,2.323946666666666,0.28459687481691637,1.8166,2.876,0.028219577308120053
compressor-0033,failure,90,119,FAILURE,60.399256666666666,1.655301753293204,56.4537,63.3638,-0.010385695216909149,7.033606666666666,0.35264446111566183,6.302,7.8121,-0.0055922580645162406,2.5445599999999997,0.21112443502983413,2.1816,3.0378,0.014952880978865376
compressor-0033,failure,100,129,FAILURE,61.05257666666667,1.6459685800329102,56.4537,63.6021,0.03322769744159987,7.00653,0.36648686120150786,6.302,7.8121,-0.024146718576196016,2.7002833333333327,0.3410676502624597,2.1124,3.4424,0.008627074527252462
compressor-0033,failure,110,139,FAILURE,61.938003333333334,1.9269757788623665,57.8711,66.0237,0.1652694327030019,6.733213333333333,0.3070754898862638,6.0335,7.2889,-0.011846985539488483,2.7471333333333336,0.3467090166439607,2.1124,3.4424,0.00044551724137924817
compressor-0033,failure,120,149,FAILURE,63.657463333333325,1.7828249739263686,60.9042,68.0725,0.13815018909899798,6.508206666666667,0.4387180817893068,5.7278,7.2889,-0.039926362625139225,2.9276199999999997,0.38123484223419735,2.1124,3.4424,0.010214994438264657
compressor-0033,failure,130,159,FAILURE,64.46386333333335,1.6732489961117238,61.4943,68.0725,0.05637515016685105,6.24544,0.37653167250578,5.7278,7.2889,-0.028922714126807688,3.28164,0.5413845550068823,2.2836,4.3539,0.052888186874304695
compressor-0033,failure,140,169,FAILURE,65.15953333333333,1.562927002205229,61.6327,68.1574,0.026292814238041213,5.980459999999999,0.2452882747571382,5.5175,6.713,-0.01467007786429378,3.53658,0.38332568259031813,2.7866,4.3539,0.014125027808676222
compressor-0033,failure,150,179,FAILURE,65.16604666666666,1.505461481790735,61.6327,68.1574,0.03349552836484818,5.806566666666667,0.25674050496345313,5.3287,6.4114,-0.023333837597330417,3.6665966666666665,0.3198648167412116,3.0402,4.3539,-0.013262313681868873
compressor-0033,failure,160,189,FAILURE,66.31563666666665,2.1061007980758086,63.1821,71.6162,0.13410302558398235,5.685740000000001,0.2087476332799967,5.2853,6.0836,-0.0032154838709679036,3.7393599999999996,0.38904464576703784,3.0402,4.6151,0.02873579532814235
compressor-0033,failure,170,199,FAILURE,68.61233999999999,3.44806400661782,63.2462,74.7922,0.35383172413792996,5.689653333333334,0.21662998212517942,5.2853,6.0787,0.009853837597330278,3.935103333333333,0.3518547432140459,3.1154,4.6151,0.02311557285873187
compressor-0033,failure,180,209,FAILURE,69.41864666666667,3.0215792419123404,63.2462,74.7922,-0.01014580645161341,5.62322,0.27151382088824383,5.0975,6.0787,-0.016245650723025737,4.004200000000001,0.2772915228900203,3.4797,4.6151,-0.019321067853170327
compressor-0033,failure,190,219,FAILURE,69.62906333333333,3.312652791090884,63.4804,76.8381,-0.14871254727475183,5.588380000000002,0.3194698748447705,4.9781,6.3092,-0.007355773081201419,4.008913333333332,0.2941165389584355,3.4797,4.8824,0.004693526140155639
compressor-0033,failure,200,229,FAILURE,70.70009666666668,4.4614302262453425,63.4804,79.3478,0.3644715684093421,5.377816666666665,0.3751543194325355,4.7214,6.3092,-0.010583692992213671,4.207479999999999,0.4346710184342483,3.4797,4.8824,0.04008520578420457
compressor-0033,failure,210,239,FAILURE,73.70261333333333,4.29189945996978,64.2444,79.3478,0.375658020022245,5.1164933333333344,0.5463345848673891,4.3342,6.3092,-0.049108476084538506,4.4542166666666665,0.31287771848155344,3.7472,4.8824,0.019728120133481526
compressor-0034,failure,0,29,NORMAL,51.60642666666665,1.6378392206264392,48.5138,54.1298,-0.14442011123470624,8.08662,0.29447151124231585,7.6423,8.6613,-0.02511181312569539,1.6641666666666668,0.17343075147030748,1.3041,2.0262,-0.008058020022247014
compressor-0034,failure,10,39,DEGRADATION,51.63979666666666,1.887836136689011,48.5138,55.2406,0.0063413793103435125,7.971093333333332,0.190530036010657,7.6423,8.3802,0.004791056729699569,1.7322399999999996,0.271133898778199,1.3041,2.5063,0.014470834260289183
compressor-0034,failure,20,49,DEGRADATION,52.19775333333333,2.245032883164273,48.5138,55.9368,0.17990656284760717,7.88114,0.24203560977674338,7.3758,8.3802,-0.01012987764182447,1.8450733333333331,0.2991572606877898,1.3041,2.5063,0.020997864293659595
compressor-0034,failure,30,59,DEGRADATION,52.946573333333326,1.594166600648195,49.7178,55.9368,-0.0337482536151297,7.810810000000001,0.27116420529511875,7.2919,8.3802,-0.01786814238042294,1.9807633333333332,0.1825338260585022,1.6928,2.5063,-0.0029435150166852698
compressor-0034,failure,40,69,DEGRADATION,54.25745,2.2244832217468695,50.4231,58.8972,0.11370796440489347,7.679366666666667,0.1879059894971123,7.2919,8.1246,-0.0010309232480535326,2.1144933333333333,0.2496316578926283,1.7341,2.6105,0.02056320355951054
compressor-0034,failure,50,79,DEGRADATION,55.82271666666667,2.9714041401424267,50.4231,60.173,0.3102608898776402,7.586610000000002,0.2112545657889236,7.1528,7.9328,-0.0125372858731926,2.2390566666666674,0.2337011677097247,1.7837,2.6105,0.019746095661846458
compressor-0034,failure,60,89,DEGRADATION,57.11571666666668,1.5248001797139044,54.2763,60.173,-0.025634193548388917,7.326316666666667,0.3614279569368638,6.7491,7.9328,-0.037473036707452834,2.417263333333333,0.14402248547439467,2.1453,2.6665,0.00803050055617349
compressor-0034,failure,70,99,FAILURE,57.76563,1.8215085557764108,54.641,61.4685,0.014278286985538216,7.120003333333333,0.3065155074742912,6.3198,7.7248,-0.013896974416018035,2.6488333333333336,0.3466250686580851,2.259,3.4426,0.03619230255839815
compressor-0034,failure,80,109,FAILURE,58.578500000000005,2.5917498786212634,54.641,62.6338,0.24131835372636185,7.080673333333333,0.27897928350008755,6.3198,7.5277,0.018794927697441517,2.73671,0.3376805772225186,2.0856,3.4426,0.007377953281423787
compressor-0034,failure,90,119,FAILURE,59.97729333333334,2.0608610082411887,55.1096,62.9851,0.10081917686317972,6.925343333333333,0.4714335539488984,5.717,7.5277,-0.02738062291434942,2.798216666666667,0.3232414000746535,2.0856,3.4426,-0.01616144605116799
compressor-0034,failure,100,129,FAILURE,61.21237666666668,1.9885062346199023,57.0784,65.9443,0.0827658954393765,6.7439133333333325,0.4632925927412275,5.717,7.5277,-0.03499764182424935,2.8225233333333333,0.3668897624476444,2.0856,3.6044,0.02632838709677415
compressor-0034,failure,110,139,FAILURE,62.479316666666676,3.0560913388491646,57.1496,68.0947,0.28664500556173333,6.451143333333334,0.25703821724059295,5.717,6.8305,-0.0019549944382648878,2.8650433333333334,0.33764739071338246,2.3342,3.6044,0.007780667408231261
compressor-0034,failure,120,149,FAILURE,63.77651,2.54402241097964,59.0626,68.0947,0.10785296996662817,6.337713333333334,0.26042408456635163,5.7099,6.7734,-0.02050068965517252,3.1133333333333337,0.3769580554326377,2.3478,3.7885,0.015595951056729616
compressor-0034,failure,130,159,FAILURE,64.53624666666666,2.4987165365087365,59.3476,68.1839,0.030700600667407766,6.153193333333334,0.2753118703498917,5.4146,6.759,-0.024077419354838883,3.2705866666666665,0.4894129093334403,2.3478,4.2414,0.04572676307007784
compressor-0034,failure,140,169,FAILURE,64.83192000000001,2.1696180862692556,61.0134,68.3244,0.08129988876529343,6.093306666666666,0.2667168947696331,5.4146,6.7437,0.0018183314794215308,3.678263333333333,0.381660380865269,2.9559,4.4498,0.031295283648498255
compressor-0034,failure,150,179,FAILURE,64.53177666666666,2.276918772769219,59.4471,68.3244,-0.05980981090100252,5.944663333333334,0.3598579048118236,5.1809,6.7437,-0.021095061179087986,3.864626666666667,0.3972333696400084,2.9559,4.5517,0.024853526140155676
compressor-0034,failure,160,189,FAILURE,65.28178666666666,2.7191597812232775,59.4471,71.2322,0.059403381535036756,5.924113333333333,0.3422948872276975,5.1809,6.7437,-0.017199377085650835,4.044953333333334,0.33660698421485885,3.3219,4.5517,0.016026295884315842
compressor-0034,failure,170,199,FAILURE,67.73818333333332,4.664032932565502,59.4471,75.4572,0.4850274304783085,5.7713133333333335,0.2609493089130956,5.1809,6.2692,0.001654682981089994,4.178363333333333,0.35542516088325665,3.3219,4.6728,0.026342758620689535
compressor-0034,failure,180,209,FAILURE,69.75631666666666,3.3919972800778533,62.8514,75.4572,0.14210858731924125,5.601563333333333,0.4397302927047694,4.5366,6.2692,-0.04013021134594003,4.398033333333333,0.3140013400537577,3.4726,5.097,0.027023848720800877
compressor-0034,failure,190,219,FAILURE,70.46212666666666,2.4465055592188802,66.343,75.4572,-0.18166927697441781,5.317056666666667,0.43172039538211393,4.5366,6.2692,-0.03844718576195791,4.544553333333334,0.24920112457388494,4.0359,5.097,0.01276231368186873
compressor-0034,failure,200,229,FAILURE,69.78955666666667,1.7247196395710869,66.343,72.5556,0.09012869855394724,5.133733333333334,0.27177243953147434,4.5366,5.7119,-0.0001810901001113361,4.696843333333334,0.245472736684862,4.2258,5.2091,0.007927986651835348
compressor-0034,failure,210,239,FAILURE,71.64357,2.6954825074743103,66.6002,79.0272,0.26043223581757297,5.1187266666666655,0.2182013060354029,4.7308,5.6589,0.00014634037819784697,4.774773333333333,0.23303630322810703,4.2258,5.2091,0.009887652947719584
compressor-0035,degrading,0,29,NORMAL,53.919486666666664,1.2166469380318277,50.8625,55.779,-0.05523181312569657,8.170250000000001,0.26406127540149965,7.6901,8.5934,-0.020336974416017943,1.5388166666666667,0.13601156098737427,1.3188,1.9105,-0.00772358175750838
compressor-0035,degrading,10,39,NORMAL,53.594303333333336,1.3163854920408216,50.8625,55.779,-0.07916300333704283,8.15168,0.23699982053439053,7.6901,8.5934,-0.0006478309232482748,1.5528799999999996,0.12970015522992512,1.3188,1.854,0.010676395995550578
compressor-0035,degrading,20,49,NORMAL,52.92171,1.1133962093073608,50.7738,55.1926,-0.012267430478310477,8.113850000000001,0.2114660079067081,7.6901,8.4025,0.012244605116796467,1.5445666666666669,0.1409200774276761,1.3266,1.854,-0.002087252502780932
compressor-0035,degrading,30,59,DEGRADATION,52.56784666666667,1.116946696649198,50.7738,54.1103,-0.061774727474973395,8.064026666666667,0.2798853931324191,7.4289,8.4025,-0.025946607341490794,1.5840033333333339,0.1663204687409888,1.3266,1.8738,-0.0022789988876529854
compressor-0035,degrading,40,69,DEGRADATION,53.66752666666667,2.237320789237779,50.7738,58.3911,0.16209045606229033,7.903683333333333,0.23896891162287653,7.4289,8.346,-0.017822625139043553,1.67811,0.2523070026112369,1.3266,2.1029,0.023629566184649602
compressor-0035,degrading,50,79,DEGRADATION,55.109123333333336,2.6309643017574795,50.8328,58.515,0.25026115684093414,7.818906666666666,0.16840040366803039,7.4289,8.1233,0.006218153503892971,1.8953266666666664,0.24286146247512294,1.3703,2.2153,0.02323167964404891
compressor-0035,degrading,60,89,DEGRADATION,56.016809999999985,1.5621679394034431,53.4243,58.515,-0.08921043381535095,7.753090000000002,0.20622530777445014,7.2971,8.1233,-0.013505428253615287,1.9768900000000003,0.17275499095539903,1.4795,2.2153,-0.0030952391546162465
compressor-0035,degrading,70,99,DEGRADATION,56.33095,1.91675138689572,53.4243,60.7374,0.011654126807561683,7.661160000000001,0.2828704834372085,7.2108,8.1233,-0.015598086763070354,2.0274566666666667,0.1962187294548838,1.4795,2.4023,0.0038050055617352067
compressor-0035,degrading,80,109,DEGRADATION,57.439600000000006,2.890117770149399,53.4243,62.8951,0.28052315906562775,7.577366666666667,0.25281680895242875,7.2108,8.0869,0.0055679199110120255,2.0574466666666664,0.21313498028766237,1.4795,2.4023,0.018480622914349244
compressor-0035,degrading,90,119,DEGRADATION,58.066230000000004,2.4384489357171293,53.6759,62.8951,-0.04100700778643067,7.455230000000001,0.31995391767148795,6.9419,8.0869,-0.015681490545050223,2.172386666666667,0.12641740052522657,1.908,2.4741,0.005797508342602846
compressor-0035,degrading,100,129,DEGRADATION,58.30969333333334,2.197323004162615,53.6759,62.8951,-0.12075181312569618,7.377726666666667,0.2764310015577526,6.9419,7.9851,-0.017261045606229274,2.2611033333333332,0.1414719017645868,2.0392,2.6025,0.008685628476084476
compressor-0035,degrading,110,139,DEGRADATION,58.25163666666666,2.140418308724306,53.6759,63.0028,0.19376674082313447,7.372643333333334,0.2385663453260376,6.9419,7.787,0.022329054505005518,2.229843333333333,0.16606801755773312,1.9006,2.6025,-0.005480734149054581
compressor-0035,degrading,120,149,DEGRADATION,58.91421333333333,1.9267032360543281,55.8708,63.0028,0.013682313681867597,7.342156666666667,0.2704810944512676,6.9337,7.787,-0.00998360400444947,2.21868,0.16441357283793004,1.9006,2.6025,-0.011678398220244756
compressor-0035,degrading,130,159,DEGRADATION,59.86815999999999,1.9900614743603604,55.8708,63.0028,0.02903056729699723,7.334366666666666,0.26894789871315633,6.9337,7.787,-0.01794327030033385,2.23924,0.18152773635636693,1.9006,2.6351,0.014624738598442667
compressor-0035,degrading,140,169,DEGRADATION,59.91779666666667,1.9044874628944715,55.8708,62.8155,0.08129986651835198,7.166483333333334,0.1588294768681878,6.8939,7.4746,0.003286340378197869,2.320926666666667,0.16383079062116357,2.0234,2.6351,0.009355239154616213
compressor-0035,degrading,150,179,DEGRADATION,59.77713333333334,1.821130517807246,55.5679,62.8155,-0.13753868743048003,7.08484,0.24075883729020894,6.594,7.4746,-0.01871052280311474,2.4351266666666667,0.15106200478243656,2.1044,2.766,0.0050923248053391925
compressor-0035,degrading,160,189,DEGRADATION,58.734063333333346,1.90512324684141,55.5679,62.3937,-0.11890596218020234,6.996963333333332,0.19369823864856262,6.594,7.3782,-0.004847675194660983,2.4722000000000004,0.18378536394392234,2.1044,2.8026,0.012028876529477154
compressor-0035,degrading,170,199,DEGRADATION,58.949259999999995,2.0376674979986302,55.5679,61.9623,0.1519707675194643,6.995819999999999,0.1945377382411957,6.594,7.4448,0.014600444938820702,2.5566266666666664,0.13768407299159752,2.2948,2.8026,0.005195639599555026
compressor-0036,degrading,0,29,NORMAL,52.81229000000001,1.65056328351869,50.5167,55.9198,-0.14852611790878884,8.081716666666667,0.24449981742778923,7.6212,8.5586,-0.02224825361512809,1.6656633333333333,0.14083973985428336,1.3925,1.9199,-0.011504894327030044
compressor-0036,degrading,10,39,NORMAL,52.107859999999995,1.2543480541965482,50.5167,55.2408,-0.051559243604005066,7.984579999999999,0.19247296329614721,7.6212,8.3062,-0.005940645161290368,1.65943,0.144273719367042,1.3925,2.022,0.0008337041156840552
compressor-0036,degrading,20,49,NORMAL,52.171099999999996,1.158452466295733,50.5167,54.6154,0.10175537263626164,8.00568,0.2189833333079636,7.6212,8.3986,0.01950318131256943,1.6090266666666666,0.15963641592346306,1.2751,2.022,-0.002075016685205814
compressor-0036,degrading,30,59,DEGRADATION,52.73611999999999,0.9551081011766849,51.0001,54.6154,0.016972057842045692,8.019836666666668,0.23199871046097548,7.4755,8.3986,-0.009207319243604135,1.6229133333333334,0.18536333462209353,1.2751,2.022,-0.006096907675194695
compressor-0036,degrading,40,69,DEGRADATION,53.44538666666666,1.3990694025514085,51.2805,57.7785,0.05403141268075477,7.88959,0.2908230611557481,7.4755,8.3986,-0.030317041156841234,1.7138799999999998,0.27922217485961487,1.2751,2.2253,0.02282776418242488
compressor-0036,degrading,50,79,DEGRADATION,54.63814,2.1494230538449144,51.2805,58.6088,0.18215755283648405,7.724656666666667,0.16486722270427873,7.4755,8.1346,-0.008331946607341687,1.8127866666666668,0.24611070508118,1.3541,2.2253,0.012894816462736337
compressor-0036,degrading,60,89,DEGRADATION,55.29408666666667,1.8817686049269948,51.2805,58.6088,0.013116929922134882,7.652043333333333,0.14295263710598538,7.2586,7.9148,-0.0028294327030036286,1.88858,0.21848570876222848,1.455,2.3415,-0.006504338153503931
compressor-0036,degrading,70,99,DEGRADATION,56.02815999999999,1.536995347770014,52.6999,58.6088,-0.028725606229144357,7.694946666666666,0.2389762369404587,7.1833,8.0631,0.00197179087875407,1.9618666666666664,0.2719079076125265,1.455,2.4207,0.017451390433815328
compressor-0036,degrading,80,109,DEGRADATION,56.76284666666667,2.1202709683329526,52.6999,60.0219,0.1910596218020013,7.662789999999999,0.28568118984863766,7.1494,8.0631,-0.0010587986651837103,2.055623333333333,0.2547935343022311,1.455,2.4207,0.014268676307007764
compressor-0036,degrading,90,119,DEGRADATION,57.312113333333336,1.5222518052178131,54.6542,60.0219,0.007959065628474765,7.500990000000001,0.37372363082006643,6.9084,8.0631,-0.027327942157953547,2.1830633333333336,0.13417744590239036,1.9034,2.4207,-0.002443893214683015
compressor-0036,degrading,100,129,DEGRADATION,57.545510000000014,1.5685273144683627,54.6542,60.0219,-0.07533150166852244,7.420406666666667,0.3024708525167709,6.9084,8.0055,-0.00725276974416034,2.21589,0.145011117619765,1.913,2.5477,0.00951325917686315
compressor-0036,degrading,110,139,DEGRADATION,57.37063333333334,1.4903105330396378,54.6542,60.1485,0.10475243604004382,7.434926666666665,0.27404032055317856,6.9084,7.7926,0.024782736373748348,2.2517666666666667,0.14685142453816674,2.0042,2.5477,-0.000143893214683024
compressor-0036,degrading,120,149,DEGRADATION,57.95214,1.360987349096236,55.1835,60.1485,0.026708921023358513,7.414636666666667,0.3012319676299682,6.9058,7.7926,-0.01849773081201351,2.216733333333333,0.16998385674985597,1.9398,2.5477,-0.01336947719688545
compressor-0036,degrading,130,159,DEGRADATION,57.78740666666667,1.3504369806185776,55.0444,60.1485,-0.08569962180200383,7.41747,0.28932477731204886,6.9058,7.8041,-0.00689150166852081,2.213906666666667,0.17703572508269502,1.9398,2.5466,0.0027320578420466962
compressor-0036,degrading,140,169,DEGRADATION,58.49189666666667,1.9908605404838258,55.0444,63.0013,0.12520985539488144,7.35832,0.2598376472594634,6.9058,7.8041,0.018468609566184627,2.2901866666666666,0.21860649537976276,1.9398,2.7189,0.014747497219132297
compressor-0036,degrading,150,179,DEGRADATION,58.58827,2.291726596862432,54.473,63.0013,0.0671757730812004,7.362490000000002,0.2529045450362647,6.8994,7.8041,-0.01996780867630712,2.381436666666666,0.20726193650118735,2.0023,2.7224,0.0037624694104560134
compressor-0036,degrading,160,189,DEGRADATION,58.81101999999999,2.1674406410018863,54.473,63.0013,-0.14581664071190317,7.251723333333333,0.233655729201937,6.8983,7.7247,-0.015686251390433864,2.4718633333333333,0.21235090217739966,2.0023,2.7687,0.007707652947719621
compressor-0036,degrading,170,199,DEGRADATION,58.95335000000001,2.232853478660583,54.473,62.1367,0.10959917686317959,7.219033333333332,0.19583630636041136,6.8983,7.5709,0.012535083426028881,2.5589999999999997,0.2133714554480051,2.0023,2.8542,0.01864507230255835
compressor-0036,degrading,180,209,DEGRADATION,59.41860666666666,1.9677953872177751,55.0469,62.1367,0.10678892102335877,7.173073333333333,0.27819133455631256,6.4917,7.5709,-0.013992169076752126,2.6117,0.11789937800231744,2.408,2.8542,-0.0023176418242492184
compressor-0036,degrading,190,219,DEGRADATION,59.89905999999999,1.4202800441227537,57.4279,62.1367,-0.10728511679644152,7.052253333333334,0.3285194248273439,6.4917,7.5709,-0.02833143492769758,2.689783333333333,0.16958401277505167,2.408,3.0997,0.006881535038932089
compressor-0037,failure,0,29,DEGRADATION,52.74394333333333,1.0502940869690842,50.7281,54.9486,0.04689523915461451,8.098653333333333,0.12766850755852913,7.9108,8.4133,-0.010204449388209325,1.430713333333333,0.18784756183908508,1.148,1.9205,0.000592614015572816
compressor-0037,failure,10,39,DEGRADATION,53.74341333333333,1.392571029842124,51.8233,57.4551,0.09278189098998817,8.01715,0.10651993162471211,7.7544,8.2002,-0.00593679644048959,1.6005233333333335,0.3682635366901746,1.148,2.2997,0.0388365517241379
compressor-0037,failure,20,49,DEGRADATION,55.81983,2.91438875811607,51.8233,60.6979,0.30913661846495905,7.783623333333334,0.337263786655029,7.0675,8.2002,-0.031057285873192605,1.8612400000000002,0.3012508308148986,1.2365,2.2997,0.027925873192436015
compressor-0037,failure,30,59,FAILURE,57.15929000000001,2.1143342081058676,53.3071,60.6979,0.10080291434927575,7.466956666666667,0.4399682152787353,6.8407,8.2002,-0.04772077864293668,2.2089933333333334,0.27781917012490137,1.6843,2.725,0.025694549499443782
compressor-0037,failure,40,69,FAILURE,59.45674666666667,2.712900797883246,55.5117,65.7941,0.1426383092324786,7.260860000000002,0.28601251091516955,6.8407,7.8274,-0.004660912124582939,2.4862166666666665,0.3780462291689852,1.8475,3.2506,0.03925506117908785
compressor-0037,failure,50,79,FAILURE,60.15471666666667,3.56038027819907,55.5117,67.2555,0.19073466073414694,7.1031200000000005,0.36743762772294664,6.1892,7.7528,-0.01109606229143503,2.8465033333333327,0.28163312480759234,2.4386,3.4011,0.025779154616240203
compressor-0037,failure,60,89,FAILURE,62.50858000000001,3.1330903732470485,56.5486,67.315,0.10498972191323559,6.903186666666667,0.4918630837494877,6.1169,7.7528,-0.04514496106785338,3.012296666666667,0.2085251599261399,2.5767,3.4011,0.00853074527252499
compressor-0037,failure,70,99,FAILURE,64.07457333333335,3.441032519553138,56.6373,69.4101,0.2010507675194655,6.603586666666667,0.3883426251248875,6.1169,7.4603,-0.02443194660734168,3.2710099999999995,0.3138740186231837,2.7875,3.9386,0.02335290322580636
compressor-0037,failure,80,109,FAILURE,66.60672666666667,2.844156576788432,60.7308,72.1339,0.2593628031145715,6.305719999999999,0.33229432977407247,5.5777,7.0986,-0.021815172413793243,3.508393333333333,0.3903293565980174,2.7875,4.3148,0.03634037819799769
compressor-0037,failure,90,119,FAILURE,67.99227666666665,1.9235766806799144,62.6229,72.1339,0.06378200222469221,5.907259999999999,0.6268532064207696,4.5688,7.0986,-0.061242313681868756,3.7868166666666667,0.2543559265849509,3.4529,4.355,0.012424983314794143
compressor-0037,failure,100,129,FAILURE,69.19411333333333,1.9895005454859493,65.0238,72.9606,0.07554687430478275,5.6175733333333335,0.4848098609649858,4.5688,6.4618,-0.02808213570634054,3.9249333333333336,0.2613549034465502,3.4529,4.355,0.012971078976640595
compressor-0037,failure,110,139,FAILURE,70.19638,2.3956258090389095,65.0238,73.7271,0.19686042269187806,5.375753333333333,0.40539866118290135,4.5329,6.0455,-0.006650189098998971,4.243046666666666,0.44250651500539767,3.5128,5.1603,0.04115296996662956
compressor-0038,failure,0,29,NORMAL,54.32821,1.6401438240491792,51.9535,57.5954,-0.114671390433817,8.092726666666668,0.17184290099454858,7.6358,8.3506,-0.012724137931034597,1.3431466666666667,0.14335133468355135,1.0991,1.6495,0.010516395995550576
compressor-0038,failure,10,39,DEGRADATION,54.47545,1.7096026516416027,51.9535,57.0411,0.022761713014460165,8.017213333333332,0.17615084015947508,7.6358,8.3452,-0.009027942157953429,1.4498833333333332,0.20309485974675862,1.1471,1.9144,0.014153526140155684
compressor-0038,failure,20,49,DEGRADATION,55.45008666666667,2.480864269125223,51.9535,59.7404,0.2609836262513889,7.82038,0.30093130046573763,7.1263,8.3452,-0.021850812013348302,1.5560699999999998,0.2106990415260592,1.1975,1.9411,0.0028204894327029757
compressor-0038,failure,30,59,DEGRADATION,56.78536666666666,1.5488964575536435,52.4601,59.7404,0.03824124582869739,7.533053333333334,0.4426291380176211,6.8145,8.3452,-0.048382335928809986,1.6731499999999997,0.28097017961579723,1.1975,2.2065,0.014626140155728575
compressor-0038,failure,40,69,DEGRADATION,57.70211666666666,1.7351935252459756,54.9738,62.2815,0.023735194660732352,7.219719999999999,0.315133215640624,6.8145,7.9391,-0.0272569076751948,1.8621599999999998,0.33222459029999574,1.1975,2.3491,0.03213713014460508
compressor-0038,failure,50,79,DEGRADATION,58.62879333333333,2.3974026010015277,54.9738,62.2815,0.19938033370411457,7.102543333333334,0.20379765730307653,6.7742,7.5903,0.0017862736373745764,2.08074,0.2346743809338094,1.5084,2.5872,0.01738958843159064
compressor-0038,failure,60,89,FAILURE,59.64032666666666,1.9363964173920816,55.5988,62.2815,0.05092800889877604,6.990640000000002,0.302953441527462,6.2767,7.5903,-0.018788520578420655,2.251386666666667,0.16946649567261243,1.9907,2.6155,0.010293125695216863
compressor-0038,failure,70,99,FAILURE,59.475396666666676,2.061217291389295,54.9481,62.1564,-0.1389557953281433,6.89455,0.3475930223216034,6.2767,7.5903,-0.02561546162402691,2.403553333333333,0.32760337679713997,1.8912,3.1801,0.023744471635150165
compressor-0038,failure,80,109,FAILURE,60.02258666666667,2.540743323613955,54.9481,64.8796,0.14268711902113412,6.89262,0.33844995533559563,6.2767,7.7192,0.016377041156840792,2.688603333333334,0.4207679554365116,1.8912,3.4516,0.03450195773081196
compressor-0038,failure,90,119,FAILURE,61.219289999999994,3.1470293485920977,54.9481,67.0374,0.2758782869855386,6.785433333333333,0.4817516008161144,5.698,7.7192,-0.021425583982202658,2.808293333333333,0.37112279273697113,1.8912,3.4516,0.009759332591768597
compressor-0038,failure,100,129,FAILURE,63.584116666666674,2.2074240764721424,59.8322,67.4689,0.13926026696329194,6.6318600000000005,0.5346872952795244,5.698,7.7192,-0.04448315906562856,2.9964433333333336,0.31703555498117586,2.4584,3.7328,0.006952502780867568
compressor-0038,failure,110,139,FAILURE,65.58588666666667,2.945599376214551,59.8322,70.2218,0.2660999777530571,6.2958066666666666,0.3654962379499351,5.698,7.1826,-0.014161779755283837,3.21376,0.4838978946017434,2.4584,4.0646,0.04606162402669625
compressor-0038,failure,120,149,FAILURE,66.40526666666668,2.145104939365179,62.051,70.2218,0.04583617352613838,6.12174,0.32437091073851454,5.3035,6.7095,-0.021913503893214847,3.4685266666666665,0.359891079757319,2.7563,4.0646,0.016419087875417075
compressor-0038,failure,130,159,FAILURE,67.56652333333334,1.8936868619500484,62.7282,70.2218,0.00249853170188902,5.871773333333334,0.3579683970532718,5.2968,6.5279,-0.031141935483871168,3.772656666666666,0.35335611657677896,3.0582,4.3668,0.01707383759733032
compressor-0038,failure,140,169,FAILURE,69.37509,3.7289057489072226,62.7282,76.2339,0.38930769744159927,5.70287,0.33102511802983575,5.1297,6.4171,-0.01696251390433819,3.768323333333334,0.3309001578354951,3.0582,4.3668,0.011222002224694107
compressor-0038,failure,150,179,FAILURE,71.27419,2.6123193655383457,66.1027,76.2339,0.12040874304782832,5.528453333333334,0.2844782695079226,5.0412,6.2537,-0.012997775305895541,3.9000366666666664,0.2889584808507194,3.3096,4.3954,-0.0061741268075640385
compressor-0038,failure,160,189,FAILURE,72.29997,2.055671838458984,69.1732,76.3173,-0.09012015572858949,5.33633,0.40575900988148134,4.6888,6.2537,-0.03497746384872101,3.908586666666667,0.30047732330780347,3.3096,4.4287,0.022858064516128953
compressor-0038,failure,170,199,FAILURE,72.87597666666666,2.6404221804708095,69.1732,77.6443,0.2005640266963273,5.260866666666668,0.3438465785136673,4.6888,6.0346,0.0004950389321466726,4.125463333333332,0.2991770685099749,3.4941,4.6391,0.02501474972191321
compressor-0038,failure,180,209,FAILURE,73.5997,2.51560122753985,69.35,77.6443,0.08022553948832009,5.135823333333334,0.35189993528779684,4.6888,6.0346,-0.0018389543937708957,4.2891233333333325,0.21153435604858345,3.8377,4.826,0.011424760845383694
compressor-0039,degrading,0,29,NORMAL,52.188946666666666,1.0951829161479023,50.1183,55.0527,-0.043750033370412694,7.993416666666667,0.15811675450614193,7.6864,8.3173,-0.013008209121246018,1.3014700000000003,0.20534398156913844,1.0035,1.8656,0.0052269855394883056
compressor-0039,degrading,10,39,NORMAL,52.268100000000004,1.1720748841264368,50.1183,55.0527,-0.01760818687430574,8.025023333333333,0.19442008586791862,7.6864,8.3928,0.0041208676307007315,1.4224266666666667,0.2909069529744672,1.0035,1.911,0.02752302558398219
compressor-0039,degrading,20,49,NORMAL,52.28604666666666,1.1181863406824857,50.1183,54.7698,0.07459123470522667,7.912170000000001,0.2409203992331629,7.2319,8.3928,-0.0033542825361515018,1.4652500000000002,0.265771266003933,1.0549,1.911,-0.006432858731924406
compressor-0039,degrading,30,59,DEGRADATION,52.422133333333335,1.000500523182716,50.6873,54.7698,-0.04021481646273738,7.8142000000000005,0.3398643219482345,7.166,8.3928,-0.026476262513904534,1.37487,0.2939923594812174,0.8864,1.911,-0.02650173526140157
compressor-0039,degrading,40,69,DEGRADATION,52.95623666666667,1.261854396641,50.6873,54.9812,0.04912055617352513,7.695076666666668,0.23314892477174792,7.166,8.0718,0.005240556173525955,1.3892933333333335,0.31052234372997306,0.8864,1.899,0.02150549499443824
compressor-0039,degrading,50,79,DEGRADATION,53.34277000000001,1.3298957636220972,50.6873,54.9812,0.11705808676306896,7.647553333333334,0.25713259450243864,7.166,8.0718,0.003374015572858518,1.5058233333333335,0.32006817157529976,0.8864,2.0018,0.02010760845383757
compressor-0039,degrading,60,89,DEGRADATION,53.574783333333336,1.1091793104463417,51.1257,54.9812,-0.07963081201334958,7.575703333333333,0.2878342086263471,7.0734,8.0017,-0.02762654060066764,1.6689933333333333,0.17096254352602763,1.2755,2.0018,-0.007876351501668565
compressor-0039,degrading,70,99,DEGRADATION,53.66577,1.3188788658427533,51.1257,56.8866,0.017846251390432305,7.546456666666668,0.2740198516936724,7.0734,8.0083,0.0022862513904336555,1.6755366666666667,0.18090444712302925,1.2755,2.0018,0.00482734149054501
compressor-0039,degrading,80,109,DEGRADATION,55.02023333333333,2.745704096381999,51.1257,60.2584,0.26248044493882006,7.604663333333333,0.27297623887234,7.0734,8.036,0.020490433815350324,1.728,0.14172970048652472,1.3802,1.992,0.006418197997775272
compressor-0039,degrading,90,119,DEGRADATION,55.92824666666667,2.4060789537798266,51.9064,60.2584,0.007236262513903039,7.53903,0.34293488512155385,6.8682,8.036,-0.025741913236930196,1.8353399999999997,0.15859228774859557,1.5029,2.1888,0.008398086763070056
compressor-0039,degrading,100,129,DEGRADATION,56.31581666666667,2.2575839760067007,51.9064,60.2584,-0.13655241379310498,7.477563333333334,0.3179765080246582,6.8682,8.036,-0.009753526140155963,1.8741833333333335,0.16825791330243248,1.5029,2.1888,0.008006651835372592
compressor-0039,degrading,110,139,DEGRADATION,56.32052666666666,2.1482418304175055,51.9064,59.7129,0.12641713014460382,7.321163333333334,0.23328424790847366,6.8682,7.8749,0.00801181312569503,1.9520166666666663,0.1671599375515025,1.6273,2.2734,0.0033427586206896285
compressor-0039,degrading,120,149,DEGRADATION,56.062713333333335,2.014223485404625,52.6865,59.7129,-0.045773259176864096,7.343710000000001,0.21596945517055569,6.9491,7.8749,-0.019396373748609776,1.8754766666666665,0.18268451254067,1.6068,2.2734,-0.007455417130144651
compressor-0039,degrading,130,159,DEGRADATION,56.311930000000004,1.9777851127207928,52.6865,59.7129,-0.07792660734149173,7.194533333333334,0.1703200092636081,6.9022,7.5093,-0.010408498331479525,1.9740366666666664,0.3054463722525154,1.6068,2.7176,0.0109098776418242
compressor-0039,degrading,140,169,DEGRADATION,56.57696666666666,2.278111517804946,52.6865,60.5047,0.21495924360400356,7.184646666666666,0.1454738572924894,6.9022,7.4713,0.004462691879866407,2.0489599999999997,0.3242521350225264,1.6068,2.7176,0.025826740823136782
compressor-0039,degrading,150,179,DEGRADATION,57.337293333333335,1.8246812636610137,54.03,60.5047,0.0023056284760830104,7.069333333333333,0.23891193682098755,6.6382,7.4713,-0.012577263626251672,2.17358,0.2466712757227048,1.6546,2.7176,0.000608898776418156
compressor-0039,degrading,160,189,DEGRADATION,57.748020000000004,1.7976765191769064,54.03,61.1956,-0.0706961957730827,6.999149999999998,0.25372401114859694,6.6232,7.4257,-0.01755753058954426,2.1526333333333336,0.13199742253375843,1.8603,2.4095,-0.0043137263626251985
compressor-0039,degrading,170,199,DEGRADATION,58.06565333333334,2.032375925812501,54.03,61.1956,0.15150847608453705,6.968729999999998,0.22262333383243252,6.6232,7.3244,0.015604649610678327,2.1981066666666664,0.1838160220316922,1.8603,2.676,0.015014505005561677
compressor-0039,degrading,180,209,DEGRADATION,58.94749000000001,1.82421924383191,55.7677,61.9194,0.07111361512791839,7.001849999999999,0.24239473282231203,6.4765,7.4565,0.0005344382647384793,2.2626633333333337,0.2106525836273766,1.9315,2.7187,0.012285583982202402
compressor-0039,degrading,190,219,DEGRADATION,58.51856333333333,2.019389364384414,55.4655,61.9194,-0.19167993325917868,6.981216666666667,0.24237958121279296,6.4765,7.4565,-0.018378798665183747,2.3578533333333334,0.19884798336641207,1.9315,2.7187,0.007002936596217977
compressor-0039,degrading,200,229,DEGRADATION,58.28255,1.9277019606688857,55.4655,61.9194,-0.016835305895440345,6.894266666666668,0.21370442568078823,6.4765,7.4565,-0.003671857619577458,2.507986666666666,0.2914540463873431,1.9315,3.0041,0.025580244716351456
compressor-0040,degrading,0,29,NORMAL,53.865203333333326,2.4087371270001396,49.2739,57.3334,-0.2284241379310364,7.999013333333332,0.20905349671528806,7.6148,8.5013,-0.015908075639599825,1.44969,0.25573789622710724,0.916,1.9422,-0.019175016685205815
compressor-0040,degrading,10,39,NORMAL,53.41870333333335,2.2887319275795983,49.2739,57.1576,-0.02095272525027957,8.022210000000003,0.23304367737972786,7.6148,8.4533,0.010635572858731722,1.4538999999999997,0.263732163377924,0.916,1.993,0.017652591768631782
compressor-0040,degrading,20,49,DEGRADATION,53.45225000000001,2.140781291296863,49.2739,56.3261,0.17366471635150077,7.974443333333334,0.277940346937172,7.4264,8.4533,0.0032438042269187003,1.555153333333333,0.263820009012879,0.916,1.993,0.021463982202447156
compressor-0040,degrading,30,59,DEGRADATION,54.010326666666664,1.4718387651581337,51.0617,56.3261,-0.06283599555061282,7.877159999999999,0.3466631300460626,7.4264,8.4533,-0.032262558398220405,1.7045833333333336,0.11861270050977772,1.4507,1.993,-0.0014182202447163821
compressor-0040,degrading,40,69,DEGRADATION,54.686769999999996,1.7129504698326794,52.3173,58.2713,0.07127165739710709,7.775929999999999,0.2694993632027108,7.4264,8.1871,0.0002155061179085577,1.6863333333333335,0.13462507278446395,1.4507,2.033,0.0011665850945494387
compressor-0040,degrading,50,79,DEGRADATION,56.08554333333334,2.6665519668269897,52.3173,59.9762,0.2789022691879863,7.751833333333334,0.2441228192711383,7.3552,8.1709,0.012717419354838368,1.7341333333333333,0.16629938531322222,1.4712,2.121,0.0037599555061178925
compressor-0040,degrading,60,89,DEGRADATION,56.654433333333344,2.1134495914394447,52.6811,59.9762,-0.10298469410456249,7.6911000000000005,0.3147294425375548,7.2082,8.1709,-0.026984293659621954,1.8364800000000001,0.20771288581436959,1.5147,2.1425,0.01681468298109007
compressor-0040,degrading,70,99,DEGRADATION,57.09611000000002,2.4206330478272275,52.6811,60.697,-0.04810471635150252,7.556573333333333,0.2684927732526313,7.2082,8.1119,-0.014264872080089357,1.99799,0.19604688954431287,1.5396,2.3285,0.01601127919911011
compressor-0040,degrading,80,109,DEGRADATION,57.05397,2.4405725053970433,52.6811,60.7359,0.19659018909899803,7.411079999999999,0.21059169087755258,7.0597,7.8271,-3.657397107914721e-05,2.0341866666666673,0.1857337731509509,1.6717,2.3285,-0.00345259176863187
compressor-0040,degrading,90,119,DEGRADATION,57.741130000000005,1.7431171817847864,54.0765,60.7359,-0.05049457174638558,7.275266666666666,0.32270525389105287,6.6884,7.8271,-0.027765517241379555,1.99984,0.20977402699095046,1.6717,2.3285,-0.01278340378198002
compressor-0040,degrading,100,129,DEGRADATION,58.105560000000004,1.9832630349334237,54.632,62.3294,0.012107230255838411,7.2212900000000015,0.2799797508749517,6.6884,7.7077,-0.0035870745272526543,1.99071,0.21028034358921904,1.6717,2.3706,0.008973726362625093
compressor-0040,degrading,110,139,DEGRADATION,59.22753,2.833335689153923,54.632,62.9643,0.2760433147942146,7.159583333333334,0.2724586807613629,6.6884,7.5955,0.008260711902113327,2.112176666666667,0.20928371123641915,1.6725,2.4551,0.01659014460511674
compressor-0040,degrading,120,149,DEGRADATION,59.95159000000001,2.3411128022587895,54.8322,62.9643,0.0022239599555055715,7.229120000000001,0.2292113659194646,6.7896,7.5955,-0.011075550611791012,2.215603333333333,0.14912951526180931,1.8785,2.508,0.007131056729699629
compressor-0040,degrading,130,159,DEGRADATION,59.832379999999986,2.1864423839348404,55.6469,62.9643,-0.16672222469410633,7.175353333333333,0.20350993543859777,6.7896,7.5955,-0.0026204671857621765,2.3636800000000004,0.20238458834604972,1.9889,2.7613,0.015980645161290268
compressor-0040,degrading,140,169,DEGRADATION,59.86435999999999,2.3872910298215975,55.6469,65.4771,0.1578821802002219,7.179150000000001,0.1615333809671136,6.8426,7.3997,0.0018421134593992784,2.4939500000000003,0.2539473984246869,1.9889,2.9085,0.02111308120133479
compressor-0040,degrading,150,179,DEGRADATION,60.54275333333333,2.136756953381039,55.6469,65.4771,0.10039265850945336,7.152373333333333,0.15141740528163272,6.8581,7.3997,-0.007078665183537457,2.5905633333333333,0.16552052940815395,2.2944,2.9085,-0.003606740823136865
compressor-0041,healthy,0,29,NORMAL,52.151276666666654,1.7370037901864877,49.099,55.1561,-0.1521328809788667,8.186636666666667,0.33010944193639113,7.7073,8.874,-0.022874638487208304,1.50058,0.20806587162082427,1.1485,2.023,0.0011783314794215514
compressor-0041,healthy,10,39,NORMAL,51.67356333333331,1.7534653336528279,48.7458,54.3854,-0.01193426028921118,8.156936666666667,0.3006191926489207,7.7073,8.6987,0.009222669632925298,1.5598266666666667,0.24403616252970015,1.1485,2.023,0.021280177975528336
compressor-0041,healthy,20,49,NORMAL,51.90619666666667,1.8297306299896234,48.7458,54.5615,0.1561283426028913,8.122416666666666,0.27415678371245084,7.7073,8.6714,0.010370789766406804,1.6105299999999998,0.1939902714914677,1.1967,2.023,-0.0032357953281424326
compressor-0041,healthy,30,59,NORMAL,52.09362666666666,1.7661315551100816,48.7458,54.5615,-0.057386518353727774,8.144716666666667,0.24368640651916185,7.7924,8.6714,-0.016553793103448552,1.5782599999999998,0.15663224785039212,1.3471,1.9079,-0.013036751946607365
compressor-0041,healthy,40,69,NORMAL,52.363600000000005,1.8673288769433918,49.2229,56.2975,-0.014508609566185262,8.061486666666667,0.18159640182436318,7.774,8.4952,0.0028017797552834693,1.4953233333333336,0.10484761222311594,1.306,1.7545,0.0006856284760845001
compressor-0041,healthy,50,79,NORMAL,52.15416666666666,1.7577107396332947,49.2229,56.2975,0.08980983314794097,8.108236666666667,0.20400487654846786,7.774,8.4952,0.012563893214682884,1.45095,0.12799720765183384,1.2332,1.7545,-0.007866451612903244
compressor-0041,healthy,60,89,NORMAL,52.09645333333333,1.7228055093815893,49.2836,56.2975,-0.08846371523915511,8.059473333333333,0.24831622303470685,7.6141,8.4952,-0.012494505005561953,1.4339633333333333,0.12355482584216972,1.2332,1.7545,-0.003658086763070096
compressor-0041,healthy,70,99,NORMAL,51.750023333333324,1.1152855265755444,49.2836,54.2978,-0.045854438264740546,8.107666666666667,0.24081200182346033,7.6141,8.4099,0.0002834260289208989,1.4648499999999998,0.15047103098824927,1.2332,1.8427,0.014729988876529447
compressor-0041,healthy,80,109,NORMAL,52.18304333333333,1.603118346158165,49.2836,55.6396,0.15595597330366961,8.126083333333334,0.23388320173872165,7.6141,8.4177,0.021261379310344726,1.5565299999999997,0.144593340441391,1.2888,1.8596,0.008302625139043344
compressor-0041,healthy,90,119,NORMAL,52.31226,1.616664709950706,48.2423,55.6396,-0.047295394883204195,8.131846666666666,0.24152436417241419,7.6484,8.4177,-0.019147274749722186,1.5348766666666669,0.16083685457285246,1.2852,1.8596,-0.01047330367074528
compressor-0041,healthy,100,129,NORMAL,52.25792666666666,1.94166902945779,48.2423,55.6396,-0.08734442714127028,8.023116666666668,0.2263772236531072,7.6484,8.4177,-0.015598420467185894,1.54124,0.14808373892272347,1.2852,1.8596,-4.938820912157796e-06
compressor-0041,healthy,110,139,NORMAL,52.452709999999996,2.0724454589284935,48.2423,55.2689,0.1643911234705222,7.991286666666667,0.18983784261545142,7.6484,8.3184,0.013641957730811876,1.5399266666666667,0.14489450169769116,1.2852,1.8529,0.009567697441601762
compressor-0041,healthy,120,149,NORMAL,53.06749,1.841315723126627,49.0192,55.3886,0.05754480533926386,8.06884,0.1256101551096354,7.8072,8.3184,0.006271368186874041,1.6730166666666664,0.12823174875548132,1.4735,1.8908,0.006561401557285827
compressor-0041,healthy,130,159,NORMAL,53.343306666666656,1.3485959374928511,50.2984,55.3886,-0.10155595105673107,8.178593333333334,0.14712316140642923,7.9804,8.5214,0.005026518353726151,1.693236666666667,0.1317497286103045,1.4735,1.8908,0.004231523915461563
compressor-0041,healthy,140,169,NORMAL,53.157076666666654,1.1892588021349917,50.2984,55.3886,0.04451290322580561,8.244056666666669,0.20525725920306842,7.8809,8.5911,0.01316149054504981,1.6399,0.17118696990912208,1.2949,1.8908,-0.012465939933259227
compressor-0041,healthy,150,179,NORMAL,53.036276666666666,1.0659862024383284,50.2344,54.8613,-0.0058425583982216365,8.15774,0.2977908971073496,7.6253,8.5911,-0.02050723025584006,1.5358366666666667,0.14252920983277623,1.2949,1.8489,-0.009251635150166903
compressor-0041,healthy,160,189,NORMAL,52.377019999999995,1.6144311632687636,49.5963,54.8613,-0.16742371523915586,8.067106666666666,0.29157401225456003,7.6253,8.5911,-0.017523159065628662,1.4920099999999998,0.12026306540247508,1.2949,1.787,0.006778932146829766
compressor-0041,healthy,170,199,NORMAL,52.29360999999999,1.8964478986340054,49.5963,56.222,0.06565817575083316,8.06162,0.2721736815589146,7.6253,8.6179,0.024560978865405866,1.5182433333333332,0.11042981989581535,1.311,1.787,0.003448164627363706
compressor-0041,healthy,180,209,NORMAL,52.44143666666668,2.08316275368062,49.5963,56.222,0.09879766407118969,8.136796666666667,0.2588923656442749,7.69,8.6179,-2.4404894327138166e-05,1.5025799999999996,0.12679203024375518,1.2617,1.787,-0.005117152391546205
compressor-0041,healthy,190,219,NORMAL,52.84464333333333,1.827979677801577,50.0088,56.222,-0.07752816462736438,8.17937,0.25004096617687804,7.69,8.6179,-0.012352324805339522,1.5480833333333335,0.17303526631553723,1.2617,1.9964,0.009400956618464918
compressor-0042,degrading,0,29,NORMAL,52.641413333333325,1.8839567690958894,48.9537,55.9762,-0.11666380422691953,7.986736666666666,0.2758015125452037,7.4378,8.3478,-0.02318551724137941,1.54306,0.11693438216937452,1.3182,1.7086,-0.005431145717463873
compressor-0042,degrading,10,39,NORMAL,53.20433666666668,2.2140103531048707,48.9537,56.4672,0.007153214682980196,7.972483333333334,0.28467259800612266,7.4378,8.3394,-0.0012286318131257603,1.5589766666666665,0.13130131678276835,1.3182,1.7714,0.007154193548387061
compressor-0042,degrading,20,49,NORMAL,53.27363000000001,2.2944052414732665,48.9537,56.4672,0.17637030033370324,7.932406666666667,0.27416239096969924,7.4378,8.3836,0.017947808676306732,1.6477766666666662,0.15217146180834595,1.334,1.8695,0.012637041156840919
compressor-0042,degrading,30,59,NORMAL,53.92748000000002,1.5406060029308815,51.2634,56.4672,-0.11065312569521837,8.013020000000001,0.19477664883998114,7.7081,8.3836,-0.0099688542825364,1.6553266666666668,0.1341040564470574,1.4165,1.8695,-0.006445294771968909
compressor-0042,degrading,40,69,DEGRADATION,53.390633333333334,1.4043131693306719,51.2634,56.2276,-0.07327212458287181,8.012746666666667,0.16778728146740507,7.7658,8.3836,0.0018059176863178604,1.73022,0.18919324758916034,1.4165,2.1045,0.005461979977753008
compressor-0042,degrading,50,79,DEGRADATION,54.24301333333334,2.3273518146501955,51.2634,58.8207,0.22704017797552759,7.928193333333334,0.1907221555620169,7.5163,8.28,-0.005301935483871146,1.7415100000000001,0.20802685459654802,1.4165,2.1045,0.012208431590656248
compressor-0042,degrading,60,89,DEGRADATION,54.97935333333333,2.0240368449764508,51.741,58.8207,0.06323310344827485,7.830706666666668,0.2602148918789151,7.4162,8.28,-0.025933392658509677,1.8470533333333334,0.13040699810805997,1.5891,2.1045,-0.0019014905450500754
compressor-0042,degrading,70,99,DEGRADATION,55.77170666666666,1.7276634550616503,52.3595,58.8207,-0.07222286985539672,7.699713333333335,0.20148883961373368,7.2988,8.1442,-0.004807786429366206,1.9109833333333335,0.1627864574288114,1.5891,2.1982,0.011654171301445984
compressor-0042,degrading,80,109,DEGRADATION,56.19358999999999,2.2197999245202267,52.3595,60.4605,0.16669203559510484,7.663319999999999,0.19437000523057393,7.2988,7.9653,0.002629677419354674,1.91762,0.1496025721704009,1.7058,2.1982,-0.0008055172413793504
compressor-0042,degrading,90,119,DEGRADATION,56.26520000000001,2.2504297299256724,51.8432,60.4605,-0.03854958843159159,7.588226666666668,0.2483715401481328,7.1372,7.9653,-0.017278754171301654,1.9604300000000003,0.16798937099312763,1.7058,2.3431,-0.0035348387096774962
compressor-0042,degrading,100,129,DEGRADATION,56.09308666666667,2.292291143046383,51.8432,60.4605,-0.17255986651835473,7.501993333333333,0.22679866097978232,7.1372,7.947,-0.011563737486095882,2.0302733333333336,0.23567234731484493,1.7058,2.4608,0.020609833147942156
compressor-0042,degrading,110,139,DEGRADATION,56.138163333333324,2.2385756954640206,51.8432,59.5384,0.1723434705228013,7.439963333333334,0.16160854450045503,7.1372,7.7435,0.005751345939933111,2.1345733333333334,0.17946267380402225,1.7162,2.4608,0.008281245828698498
compressor-0042,degrading,120,149,DEGRADATION,56.41616,2.116757955081309,51.8467,59.5707,0.03533597330366984,7.323523333333332,0.26243900330468334,6.758,7.7435,-0.01719094549499467,2.1434833333333336,0.15866752048089602,1.8287,2.4608,-0.012482602892102394
compressor-0042,degrading,130,159,DEGRADATION,56.214556666666674,2.1874053211790048,52.2566,59.5707,-0.18891748609566267,7.221176666666667,0.2289391442914228,6.758,7.6669,-0.013893548387096923,2.1533333333333333,0.2096099287300633,1.8287,2.7497,0.011444894327030008
compressor-0042,degrading,140,169,DEGRADATION,55.629389999999994,1.684304676585168,52.2566,59.5707,0.05389021134593826,7.195393333333332,0.19922934678962895,6.758,7.6046,0.01967750834260264,2.205896666666667,0.24125721195898417,1.8287,2.7497,0.01614898776418239
compressor-0042,degrading,150,179,DEGRADATION,55.808123333333334,1.4541477966340128,52.2566,57.994,0.09079494994438189,7.289580000000001,0.14280182398461633,7.0203,7.6046,0.007839110122357941,2.299436666666667,0.19726695530563537,1.9311,2.7497,-0.000840645161290355
compressor-0042,degrading,160,189,DEGRADATION,56.33907333333334,1.0668061413813132,53.9729,57.994,-0.036108298109011,7.386026666666666,0.12139463451441702,7.2235,7.6462,0.0018157063403780348,2.324889999999999,0.15464746436115057,1.9311,2.5576,0.002647808676306955
compressor-0042,degrading,170,199,DEGRADATION,57.25244,1.9975745295399276,53.9729,61.8429,0.17542740823136743,7.335166666666668,0.13012506377413316,7.157,7.6462,-0.0009352169076753464,2.3920533333333336,0.1423327831371099,1.9311,2.6246,0.00973931034482755
compressor-0042,degrading,180,209,DEGRADATION,57.81387333333334,1.90904820140532,53.9729,61.8429,0.09970878754171296,7.29203,0.1531497658067641,7.0501,7.6462,-0.012347919911012488,2.4343200000000005,0.10243303308340852,2.218,2.6447,0.00032867630700771864
compressor-0042,degrading,190,219,DEGRADATION,58.18956333333333,1.6861471816903233,54.5321,61.8429,-0.094388453837599,7.197316666666667,0.13668033285330008,6.9019,7.4867,-0.0030658286985540775,2.4884166666666663,0.14414771840796586,2.2541,2.9855,0.003711879866518306
compressor-0042,degrading,200,229,DEGRADATION,58.88147666666667,2.432602437813371,54.5321,63.2165,0.1892301446051154,7.172700000000001,0.1464081418501034,6.9019,7.4729,0.0015490545050054034,2.591736666666667,0.23085289758246963,2.2541,3.1342,0.01792869855394877
compressor-0042,degrading,210,239,DEGRADATION,59.81653333333333,2.607923687959872,54.5321,63.2878,0.17436120133481453,7.024676666666666,0.27127410944569624,6.4794,7.4729,-0.020076685205784435,2.6008166666666668,0.24230478614523668,2.0861,3.1342,-0.007061646273637411
compressor-0042,degrading,220,249,DEGRADATION,60.63376333333333,1.8481499526974412,56.9378,63.2878,-0.08577546162402841,6.887983333333334,0.263579568104628,6.4794,7.4429,-0.021207096774193603,2.638686666666666,0.27189394713543896,2.0861,3.1498,-0.006159688542825398
compressor-0042,degrading,230,259,DEGRADATION,60.78081333333333,1.8324436407401146,56.9378,63.2878,0.059588565072300655,6.824,0.18965244879340037,6.4794,7.2273,0.010925917686317932,2.670266666666666,0.2870989450036733,2.0861,3.1498,0.020984827586206827
compressor-0043,failure,0,29,DEGRADATION,54.10425999999999,1.5945905824798208,51.5705,57.2036,0.07362371523915338,7.98513,0.15009910315077396,7.6203,8.2537,-0.0038922580645164356,1.3771666666666669,0.3079487634150994,0.9686,2.1902,0.02377472747497216
compressor-0043,failure,10,39,DEGRADATION,55.20208000000001,1.7990993301093745,51.5705,58.8809,0.12784404894326937,8.00998,0.15993035859398314,7.6203,8.2629,-0.0002033370411569778,1.6146999999999996,0.38263991515087215,0.9686,2.1902,0.041116618464961056
compressor-0043,failure,20,49,DEGRADATION,57.41090333333333,2.842394543160552,51.5705,62.7841,0.3048389098998882,7.74958,0.3777260386399998,7.0137,8.2629,-0.03051857619577338,1.8773033333333333,0.2149104006841507,1.3215,2.2116,0.012434416017797536
compressor-0043,failure,30,59,DEGRADATION,58.31302333333335,2.1863233383442826,54.4323,62.7841,0.04681408231368053,7.46253,0.4680072799647458,6.9309,8.2629,-0.049270011123470764,1.94883,0.15152316027591292,1.6256,2.3255,-0.0006759733036707846
compressor-0043,failure,40,69,FAILURE,59.930293333333324,2.4126394330598924,55.0039,65.7767,0.06448529477196685,7.118123333333333,0.22934987781892438,6.7929,7.7436,-0.013655862068965631,2.08745,0.29200042437183776,1.6256,2.817,0.017615105672969922
compressor-0043,failure,50,79,FAILURE,61.59612,3.8655153069502486,55.0039,68.775,0.3865754393770848,7.162636666666667,0.2827661713422515,6.7132,7.7383,0.015404783092324698,2.25414,0.3371391637489382,1.6256,2.817,0.024947986651835362
compressor-0043,failure,60,89,FAILURE,63.41202333333334,2.4705569352790806,58.8363,68.775,0.07400091212458233,6.909040000000001,0.5721041831694643,5.6979,7.7383,-0.039886006674082555,2.4992,0.25557073776158334,1.9702,2.8599,0.012513192436040016
compressor-0043,failure,70,99,FAILURE,65.27548333333333,2.4346939579179607,59.9695,69.232,0.07039890989988729,6.670896666666667,0.6218683089332947,5.6979,7.7383,-0.05477190211345954,2.8616066666666664,0.5034052926045,1.9702,3.8964,0.04778420467185757
compressor-0043,failure,80,109,FAILURE,66.18554999999999,2.796662694444935,59.9695,69.8996,0.2816005116796434,6.253846666666666,0.32846679460115225,5.6317,6.8182,-0.010226785317018997,3.2538733333333334,0.4992553160680637,2.4943,4.1314,0.047667808676306926
compressor-0043,failure,90,119,FAILURE,68.64253666666667,1.8351700361698249,62.9204,71.9553,0.15189586206896383,6.102216666666668,0.3412850842363641,5.4934,6.6581,-0.024750634037819873,3.629493333333334,0.2998311157227607,2.903,4.1314,0.017539710789766398
compressor-0043,failure,100,129,FAILURE,70.05805666666667,2.087938771082353,67.3628,75.4653,0.16342649610678261,5.795019999999999,0.40368162157819365,5.0554,6.5472,-0.03826763070077878,3.8484133333333332,0.33306477421399916,3.1271,4.6893,0.028047875417130094
compressor-0043,failure,110,139,FAILURE,71.92330666666666,2.5885795394299853,67.5846,76.7874,0.186662780867629,5.5127333333333315,0.3503628855280701,4.9005,6.2428,-0.01963537263626262,3.943476666666667,0.2691249111265787,3.3633,4.6893,0.00806622914349269
compressor-0043,failure,120,149,FAILURE,73.08030666666669,2.4170300859985634,67.5846,76.7874,0.11333477196885329,5.325019999999999,0.26361085511286003,4.8936,6.0161,-0.004641112347052405,4.234426666666667,0.4325784198141291,3.3633,5.3636,0.03184711902113453
compressor-0044,failure,0,29,DEGRADATION,53.426956666666676,1.9535231309411776,48.7454,57.6255,-0.10448887652947826,7.71281,0.16114710122535048,7.4029,8.0164,-0.014253281423804465,1.389066666666667,0.14904325397533277,1.1274,1.7527,0.0004626028921023135
compressor-0044,failure,10,39,DEGRADATION,54.365489999999994,2.582921656103155,48.7454,58.6122,0.06781764182424692,7.636163333333334,0.17269591673098586,7.2048,8.0164,-0.01135196885428265,1.5432899999999998,0.3045353557470791,1.1274,2.1566,0.028283804226918768
compressor-0044,failure,20,49,DEGRADATION,55.126083333333334,3.017822397147026,48.7454,60.0235,0.275495506117908,7.372383333333333,0.2880824651418796,6.8561,7.8407,-0.0251312347052283,1.7760466666666666,0.29720231575290407,1.204,2.1672,0.02774149054505002
compressor-0044,failure,30,59,DEGRADATION,56.76386,1.4719347484631693,54.348,60.0235,-0.003959555061180783,7.078159999999999,0.43425839972686003,6.317,7.8407,-0.043886318131257235,2.051633333333333,0.22209913302147058,1.6652,2.5615,0.0176179755283648
compressor-0044,failure,40,69,FAILURE,57.778236666666665,2.021178812720163,54.4935,61.9878,0.09813986651835177,6.8578166666666664,0.239452323832718,6.317,7.2012,-0.0020640489432704402,2.2865466666666663,0.30732824442641493,1.691,2.9968,0.03217517241379309
compressor-0044,failure,50,79,FAILURE,58.57490333333333,2.639005431910961,54.4935,64.3508,0.14664077864293582,6.875100000000001,0.282944338460176,6.317,7.6626,0.022535083426028706,2.51958,0.2730597558533053,1.9961,3.0173,0.018809032258064462
compressor-0044,failure,60,89,FAILURE,60.153643333333335,2.312325752236384,55.6069,64.6654,0.04119699666295764,6.674993333333333,0.5558575746438011,5.4176,7.6626,-0.04013979977753071,2.7460266666666664,0.2777637076525457,2.2998,3.4253,0.01664502780867626
compressor-0044,failure,70,99,FAILURE,60.80759,2.5815537782958025,55.6069,65.0944,0.06188175750834136,6.42291,0.5553541112659561,5.4176,7.6626,-0.04084562847608466,2.87928,0.287253401952585,2.2998,3.4464,0.01360734149054501
compressor-0044,failure,80,109,FAILURE,63.50605666666667,3.7237251335800226,57.0134,70.2823,0.3154301001112331,6.174719999999999,0.36325477780753274,5.4176,6.8582,0.007923426028920879,3.087773333333333,0.28963688293370987,2.51,3.7265,0.01727786429365957
compressor-0044,failure,90,119,FAILURE,65.14717333333334,3.3046205129518613,57.0134,70.2823,0.23515866518353534,6.117776666666667,0.33114311979699784,5.4288,6.8386,-0.014963848720800992,3.164946666666666,0.23760251504467614,2.7191,3.7265,0.006082135706340269
compressor-0044,failure,100,129,FAILURE,66.30686333333333,2.0979799958505065,61.8874,70.2823,-0.11620998887653079,6.0517466666666655,0.3400938054256338,5.4288,6.8386,-0.01841250278086771,3.3502266666666665,0.2594031276261376,2.9066,3.8131,0.01255052280311452
compressor-0044,failure,110,139,FAILURE,67.36795666666667,3.270043455846149,61.8874,73.5342,0.26106778642936407,5.707790000000001,0.38518807384618403,4.9533,6.4309,-0.028066896551724247,3.5658266666666667,0.36925390264995467,2.9066,4.2974,0.037973926585094506
compressor-0044,failure,120,149,FAILURE,69.24749666666666,3.6177832413862996,61.8874,75.6329,0.31185902113459213,5.380703333333332,0.49657916823223885,4.4998,6.2904,-0.053429744160178094,3.925633333333333,0.3348173764241569,3.1998,4.4423,0.03322269187986645
compressor-0044,failure,130,159,FAILURE,71.30576333333332,1.7606736497684312,67.1743,75.6329,0.017979199110120057,5.061473333333335,0.25232459509308425,4.4998,5.6096,-0.012696907675194805,4.351276666666666,0.41259555231350825,3.6822,5.2634,0.04167824249165736
compressor-0044,failure,140,169,FAILURE,72.67857666666667,2.6511197586030617,69.3194,80.4195,0.17731085650722725,4.87624,0.33027233368842746,3.913,5.5501,-0.01198932146829825,4.7409566666666665,0.43353276668423674,4.0088,5.5548,0.04289817575083421
compressor-0045,failure,0,29,NORMAL,51.37162333333334,2.0849630542982984,47.619,55.2534,-0.21475833147942186,8.05992,0.31654727019304196,7.5727,8.6724,-0.022356440489432944,1.5987566666666668,0.11725880687133437,1.4222,1.8913,-0.0038307675194660966
compressor-0045,failure,10,39,DEGRADATION,51.23766666666667,2.1289341902046246,47.619,56.3412,0.025789632925471522,7.992990000000002,0.25567197649853346,7.5727,8.4397,0.0050755283648495795,1.6975266666666669,0.22796871559248846,1.4222,2.1765,0.02108907675194657
compressor-0045,failure,20,49,DEGRADATION,52.769666666666666,3.4820633046450427,47.619,59.051,0.3420720800889867,7.921043333333333,0.29134428509163435,7.2102,8.3474,3.846496106769227e-05,1.8439733333333332,0.21169859223801074,1.4973,2.1765,0.018310122358175727
compressor-0045,failure,30,59,DEGRADATION,53.95573,2.566024503799604,49.7379,59.051,0.01534765294771855,7.661219999999999,0.5168702386479607,6.8851,8.3474,-0.05304511679644053,2.081806666666666,0.208860007235043,1.7356,2.5304,0.01677494994438261
compressor-0045,failure,40,69,DEGRADATION,54.88013,2.257159298343828,50.5693,59.051,-0.05029426028921143,7.411713333333333,0.39214581449025065,6.8851,8.2432,-0.024806184649610784,2.26484,0.26014021039944335,1.794,2.6446,0.02672177975528361
compressor-0045,failure,50,79,DEGRADATION,55.344113333333325,2.4760225537116765,50.5693,58.9917,0.25957098998887534,7.16498,0.20242929860406403,6.8631,7.5873,-0.0004173081201336382,2.457,0.15785387757881233,2.049,2.6662,0.012463715239154578
compressor-0045,failure,60,89,FAILURE,57.47759666666666,1.7551239117667892,54.0006,60.2946,0.17405577308120024,7.1420433333333335,0.27680170601995135,6.6571,7.7453,-0.018751167964405027,2.5115633333333336,0.1959050305349224,2.0613,2.9867,-0.0005654505005562089
compressor-0045,failure,70,99,FAILURE,59.67032000000001,2.0278514762181183,56.6242,65.2369,0.1912315461624006,7.089903333333335,0.26785823300561235,6.6571,7.7948,0.005901735261401448,2.837866666666667,0.532260240442169,2.0613,3.959,0.04683799777530586
compressor-0045,failure,80,109,FAILURE,61.456556666666664,2.8479173924914956,57.6135,67.4183,0.1748361512791981,7.0034833333333335,0.3391768133617365,6.4288,7.7948,-0.00970938820912144,3.068073333333334,0.5281590959381672,2.0613,3.959,0.03604360400444931
compressor-0045,failure,90,119,FAILURE,61.79364666666667,2.5904678645286374,58.2512,67.4183,-0.11128097886540729,6.803239999999999,0.43324382095997627,6.1812,7.7948,-0.04560160177975553,3.4113233333333337,0.32426588954471025,2.8448,4.1542,0.004293325917686273
compressor-0045,failure,100,129,FAILURE,62.184493333333336,2.83634851336871,58.2512,67.4183,-0.015847608453839736,6.642633333333333,0.3147387322138086,6.1812,7.2196,-0.005407252502781017,3.5545266666666664,0.42070722118304027,2.8448,4.5198,0.029490945494994338
compressor-0045,failure,110,139,FAILURE,63.53308333333333,3.4260419429309716,58.2512,69.3425,0.3643052502780863,6.548393333333334,0.2750929781405229,6.1113,7.17,0.006861713014460359,3.7853866666666667,0.33164144969462966,3.0613,4.5198,0.01884605116796427
compressor-0045,failure,120,149,FAILURE,65.03057666666668,2.984868981343886,59.4026,69.5816,0.05334182424916438,6.482766666666666,0.3491557783505173,5.742,7.17,-0.028521290322580807,3.835783333333333,0.2500399555848803,3.3964,4.5198,-0.014301913236930025
compressor-0045,failure,130,159,FAILURE,66.26372666666667,3.420628470221355,60.2514,72.6274,-0.007894327030035446,6.164460000000001,0.38595065194054706,5.3905,7.0003,-0.03689557285873204,3.9063733333333333,0.2458617930644957,3.3964,4.3512,0.011878798665183472
compressor-0045,failure,140,169,FAILURE,67.39737000000001,4.238566004137877,60.2514,73.6056,0.27998177975528166,5.9298433333333325,0.29016682521535003,5.3648,6.552,-0.015151568409343823,4.0355033333333346,0.34391209291846014,3.3964,4.7587,0.030971323692992093
compressor-0045,failure,150,179,FAILURE,68.71020666666665,3.357907249357683,61.4647,73.6056,0.10407790878753949,5.663086666666667,0.3249594341178945,4.7668,6.3201,-0.017278798665183753,4.229586666666666,0.23364400660453977,3.8618,4.7587,0.0067195550611790405
compressor-0045,failure,160,189,FAILURE,70.62795,2.5548922143931367,65.1335,75.7641,0.06637959955505887,5.570520000000001,0.3295609709901948,4.7668,6.3201,-0.013147141268075787,4.37978,0.27409539020810497,3.8618,4.8274,0.015270300333704028
compressor-0045,failure,170,199,FAILURE,70.82214333333333,2.5838595241335307,65.1335,75.7641,0.15216113459399072,5.499403333333333,0.2815585261638432,4.7668,5.9703,0.013010255839821967,4.487233333333333,0.28329393961435567,3.8618,4.9838,0.018874616240266866
compressor-0046,degrading,0,29,NORMAL,52.56794999999999,1.3136767265325722,50.0199,55.1056,-0.11693906562847732,8.144569999999998,0.24825968816275162,7.59,8.5457,-0.019235928809788798,1.4178166666666665,0.14837611686371746,1.115,1.6882,-0.00862155728587323
compressor-0046,degrading,10,39,NORMAL,52.512510000000006,1.3955723400215891,50.0199,55.6518,0.05819535038932032,8.121683333333333,0.23859961173946245,7.59,8.5457,-0.00029532814238042557,1.40131,0.1315665341186732,1.115,1.672,0.004867786429365927
compressor-0046,degrading,20,49,NORMAL,53.017849999999996,1.6604861540625182,50.0199,55.6806,0.14337452725250205,8.060253333333334,0.1797499944058104,7.59,8.3677,0.009352302558398175,1.4579466666666667,0.11491303591073652,1.2454,1.6539,0.007426251390433792
compressor-0046,degrading,30,59,DEGRADATION,53.14814666666667,1.5959653028252907,50.066,55.6806,-0.10120698553948966,8.068413333333334,0.16202855866242286,7.7408,8.3677,-0.015222246941045833,1.4836466666666666,0.08773528645242394,1.3416,1.6539,-0.0031800222469410564
compressor-0046,degrading,40,69,DEGRADATION,53.61936333333333,2.1488324227330726,50.066,57.4021,0.04466756395995378,8.049793333333332,0.22964695358068427,7.6997,8.6666,0.008075595105672791,1.5872266666666666,0.23566933746718563,1.1355,2.1748,0.011672703003337018
compressor-0046,degrading,50,79,DEGRADATION,54.17039333333333,2.4536603369840924,50.066,57.7207,0.18989477196885352,8.03337,0.25968932098438974,7.6997,8.6666,0.005058798665183415,1.6220099999999997,0.23139945167033854,1.1355,2.1748,0.009339555061179068
compressor-0046,degrading,60,89,DEGRADATION,54.80086666666668,2.0256807292584114,50.1861,57.7207,-0.08233868743047928,7.985816666666667,0.29369432871988227,7.5174,8.6666,-0.015327541713014734,1.730106666666667,0.22658132305103074,1.1355,2.1748,0.0007903448275861563
compressor-0046,degrading,70,99,DEGRADATION,54.37438666666666,2.0182065296913714,50.1861,57.7207,-0.09571288097886664,7.8572,0.22423596351462752,7.4229,8.3046,-0.008109098998887941,1.8278266666666667,0.25871094930228383,1.2865,2.3081,0.02237530589543936
compressor-0046,degrading,80,109,DEGRADATION,55.18209333333332,2.7869962342915993,50.1861,59.9811,0.2349550611790866,7.805200000000001,0.18074412300265813,7.4229,8.1445,0.006023359288097732,1.9445366666666668,0.22625409975413832,1.2865,2.3081,0.0120628476084538
compressor-0046,degrading,90,119,DEGRADATION,56.22630666666667,2.3239746647978374,50.3297,59.9811,0.16315497219132286,7.665080000000001,0.2878438400707347,7.159,8.1445,-0.019647741935484096,1.961576666666667,0.19211633920332982,1.6077,2.3081,-0.011472903225806467
compressor-0046,degrading,100,129,DEGRADATION,57.56469333333334,1.1363945852074835,55.6465,59.9811,-0.012685650723027365,7.630583333333335,0.25498782726937297,7.159,8.1445,-0.007728565072302761,1.9383533333333332,0.16488246062641784,1.6077,2.2268,0.001341312569521687
compressor-0046,degrading,110,139,DEGRADATION,58.069583333333334,1.524574396584903,55.6465,60.8422,0.1400696106785311,7.553389999999999,0.19319105284665744,7.159,7.8245,0.012495417130144387,1.9546200000000005,0.1820646833774561,1.6077,2.379,0.007813214682981063
compressor-0046,degrading,120,149,DEGRADATION,57.87489,1.937606215987482,53.1473,60.8422,-0.1052001557285883,7.4949466666666655,0.25053039301095226,7.1226,7.8245,-0.021901535038932312,2.0575866666666665,0.14500510274546277,1.7024,2.379,0.0040053837597329705
compressor-0046,degrading,130,159,DEGRADATION,57.38431333333332,2.1948128381456318,53.1473,60.8422,-0.14637846496106835,7.432893333333334,0.22254116912507566,7.1226,7.8205,-0.0030303003337043177,2.1660899999999996,0.17390659629046085,1.7295,2.4638,0.011830767519466047
compressor-0046,degrading,140,169,DEGRADATION,58.08637666666666,3.0372600666481544,53.1473,63.0935,0.2564413570634034,7.398373333333334,0.21058678643785372,7.1226,7.8205,0.01499528364849826,2.2247600000000007,0.14701638820213203,1.9654,2.5401,0.001860600667408166
compressor-0046,degrading,150,179,DEGRADATION,59.20569999999999,2.529825659342293,53.8925,63.0935,0.14172832035595032,7.30774,0.34150493368812895,6.5382,7.8205,-0.029263581757508483,2.28536,0.14716703571112658,1.9654,2.5567,-0.0017775305895440054
compressor-0046,degrading,160,189,DEGRADATION,60.222923333333334,1.6027950648129938,58.0472,63.0935,-0.10462293659622032,7.205906666666666,0.3321261697340669,6.5303,7.6925,-0.01569312569521701,2.345756666666667,0.19064115624795072,1.9654,2.6773,0.01431917686318125
compressor-0046,degrading,170,199,DEGRADATION,59.8266,1.277672202875213,58.0472,63.1399,0.06621526140155591,7.186536666666666,0.30636393769864984,6.5303,7.5592,0.023741023359287815,2.4025833333333333,0.15808552344292068,2.1043,2.6773,0.003834060066740782
compressor-0046,degrading,180,209,DEGRADATION,60.25465666666667,1.3756289741262193,58.0472,63.1399,0.05001105672969844,7.135179999999999,0.3672210364344613,6.4778,7.5592,-0.021555595105673116,2.419736666666666,0.13210211828564883,2.1709,2.6773,-0.008951879866518391
compressor-0047,failure,0,29,NORMAL,52.26954333333334,2.0715893027147594,48.2705,56.0057,-0.16663837597330597,7.824100000000001,0.1285685264751837,7.5279,8.0422,-0.005540378197997933,1.52668,0.17771024243601344,1.2735,1.8591,-0.01700053392658516
compressor-0047,failure,10,39,DEGRADATION,51.96304666666668,2.1060618412467274,48.2705,55.7642,-0.028603959955507442,7.756043333333334,0.16433569846168208,7.3725,8.155,-0.0035913904338154105,1.4761999999999997,0.1622488171502852,1.2735,1.9188,0.0020187764182424345
compressor-0047,failure,20,49,DEGRADATION,53.025936666666674,2.9294416147658966,48.2705,57.0211,0.30364936596217923,7.580643333333334,0.28425928267848855,6.9225,8.155,-0.02486097886540613,1.6449066666666667,0.3072091849032006,1.2735,2.223,0.0325330367074527
compressor-0047,failure,30,59,DEGRADATION,54.74753666666667,2.0476806857976877,49.1266,57.0211,0.1405318131256943,7.3423533333333335,0.33130976113332705,6.9196,8.155,-0.033636084538376076,1.842643333333333,0.24800963245182409,1.3082,2.2595,0.020016618464961035
compressor-0047,failure,40,69,DEGRADATION,56.78258000000001,1.7141338332425116,53.7815,60.9216,0.11368605116796361,7.1939866666666665,0.18602311457331197,6.9196,7.585,-0.0015632925472749736,2.1008033333333334,0.21237526140197108,1.7977,2.5486,0.01658947719688538
compressor-0047,failure,50,79,DEGRADATION,57.862006666666666,2.1810974147484155,53.7815,61.5707,0.2005067853170181,7.101963333333333,0.1824752357322921,6.7728,7.5532,-0.002191924360400492,2.219173333333333,0.22796491533177254,1.7977,2.5486,0.021351190211345863
compressor-0047,failure,60,89,FAILURE,58.65619666666666,1.3325017522148161,55.3252,61.5707,-0.06279027808676481,6.97064,0.31692304702140767,6.3895,7.5532,-0.024932858731924624,2.425110000000001,0.2235679857075546,2.1357,3.1286,0.01440242491657392
compressor-0047,failure,70,99,FAILURE,58.58058666666666,1.7823573077497363,54.2702,61.5707,-0.04189201334816533,6.94745,0.30142990755176685,6.3895,7.4671,0.012252658509454797,2.6247133333333332,0.31914911325098316,2.2019,3.358,0.025864560622914323
compressor-0047,failure,80,109,FAILURE,59.04127333333333,2.1685122289922387,54.2702,62.7459,0.1692491657397088,6.922836666666668,0.30941176608023313,6.3895,7.4671,0.013804827586206792,2.837553333333334,0.3123200342953078,2.2019,3.4701,0.022216329254727413
compressor-0047,failure,90,119,FAILURE,59.64676000000001,2.0585946840178777,54.2702,62.7459,0.07251038932146586,6.800043333333333,0.4484113882610724,5.9061,7.4671,-0.04536967741935497,2.9674400000000003,0.19784622075406613,2.5628,3.4701,0.00066046718576187
compressor-0047,failure,100,129,FAILURE,61.37804333333334,2.287594454397214,57.3127,65.333,0.11903214682981032,6.468823333333333,0.388829943705757,5.9061,7.3676,-0.03601959955506138,3.0548433333333325,0.2833142444746155,2.5628,3.8963,0.012893993325917646
compressor-0047,failure,110,139,FAILURE,62.55098333333334,2.8314985124586505,57.3127,67.5081,0.24377497219132355,6.180036666666666,0.2810469942712231,5.391,6.8601,-0.015773503893214906,3.1921833333333334,0.3208643961585988,2.5628,3.8963,0.024252569521690703
compressor-0047,failure,120,149,FAILURE,64.87237666666665,2.184442142620298,60.8943,69.9265,0.10759423804226717,5.8193,0.5101946040482984,4.6797,6.5506,-0.04762464961067866,3.5012266666666667,0.4695309460396501,2.7553,4.8595,0.03960360400444928
compressor-0047,failure,130,159,FAILURE,65.10161333333333,2.0247499290419935,62.0203,69.9265,0.00031532814237914306,5.661066666666667,0.47517419355666,4.6797,6.5506,-0.013336729699666311,3.7266766666666666,0.46797983552238187,2.9905,5.0207,0.02092153503893202
compressor-0047,failure,140,169,FAILURE,65.97138666666666,2.0795815772623327,62.6152,70.5822,0.04913601779755159,5.688653333333334,0.48883040053671867,4.6797,6.7575,0.04395586206896542,4.012846666666666,0.4732112260807945,3.2134,5.0207,0.021564671857619542
compressor-0047,failure,150,179,FAILURE,66.92266,2.412345086369969,62.6152,71.1126,0.23729196885428028,5.743433333333332,0.43558029442215224,5.0168,6.7575,-0.016121779755283693,4.233973333333333,0.4380697112966788,3.2134,5.0207,0.0271896774193547
compressor-0047,failure,160,189,FAILURE,69.02231,2.358236948704124,64.889,75.0696,0.19523561735261233,5.619213333333334,0.4418165899505761,5.0168,6.7575,-0.03619381535038939,4.499306666666667,0.2841386914088884,4.0003,4.9977,0.017748476084538348
compressor-0047,failure,170,199,FAILURE,70.84116333333333,2.1973054819457603,66.3698,75.0696,0.17586231368186747,5.3427066666666665,0.26103751190628177,4.8047,5.8462,-0.006510077864293847,4.645483333333333,0.2305698290226966,4.2385,5.0503,0.008661468298108944
compressor-0047,failure,180,209,FAILURE,72.45395666666667,2.173021119959235,66.3698,76.7181,0.16719899888765138,5.037129999999999,0.4879833085601734,3.9861,5.7065,-0.044447274749722016,4.665476666666667,0.24106561995071424,4.2406,5.0503,0.00019259176863163543
compressor-0047,failure,190,219,FAILURE,73.46159666666668,1.5504119778268264,71.2152,77.0419,0.04723521690767249,4.863353333333334,0.5098364611868746,3.9861,5.6889,-0.02029263626251404,4.811040000000001,0.3298451248692331,4.2406,5.5953,0.020354037819799768
compressor-0048,failure,0,29,NORMAL,54.462266666666665,1.5978213467788644,51.0361,57.2339,-0.09194384872080241,8.058406666666666,0.20025913700891543,7.56,8.3234,-0.011357330367074675,1.4176566666666668,0.19641919574103636,1.0689,1.7501,-0.01326511679644054
compressor-0048,failure,10,39,DEGRADATION,53.90856666666665,1.5795902009346885,51.0361,57.2339,-0.0802686985539494,7.997226666666666,0.20751877334084476,7.56,8.3421,-0.0034763070077866534,1.4444633333333334,0.22590387997750036,1.0689,1.8946,0.016940578420467145
compressor-0048,failure,20,49,DEGRADATION,53.996629999999996,1.6416477492954038,51.0361,57.1348,0.10572389321468181,7.847313333333334,0.2639703351178352,7.1917,8.3421,-0.017763426028921128,1.5419366666666667,0.21733221034985942,1.0689,1.8946,0.01709176863181311
compressor-0048,failure,30,59,DEGRADATION,54.257050000000014,1.392492880831592,51.6148,57.1348,0.01639116796440329,7.638893333333333,0.33041503086606433,7.1628,8.3421,-0.035022513904338394,1.7477100000000003,0.20202437864442663,1.4591,2.1833,0.014060978865405957
compressor-0048,failure,40,69,DEGRADATION,55.79828666666667,2.278320359641189,52.921,61.3716,0.12438309232480337,7.464033333333332,0.18130376413326035,7.1628,7.8002,-0.0033143047830924473,1.9254966666666669,0.3024643565593951,1.4591,2.545,0.030581824249165696
compressor-0048,failure,50,79,DEGRADATION,57.82119333333334,3.395366012271562,53.0205,62.4959,0.3672513014460495,7.4223099999999995,0.20049694153943265,7.0391,7.8125,0.005424894327029936,2.1740566666666665,0.2633482354644173,1.5777,2.6268,0.022367853170189057
compressor-0048,failure,60,89,DEGRADATION,59.90511333333334,1.9145087054269443,55.7415,62.4959,0.114765250278085,7.295933333333333,0.32116645874409466,6.6621,7.8125,-0.02654051167964432,2.31032,0.1930109710180572,1.9089,2.6268,0.007627452725250198
compressor-0048,failure,70,99,FAILURE,60.77417333333333,1.4227954996961274,58.3611,66.192,-0.018325650723026915,7.18742,0.33391295113147884,6.6621,7.9649,-0.013691746384872234,2.4626533333333334,0.21607851772497474,2.0408,2.8572,0.013919243604004391
compressor-0048,failure,80,109,FAILURE,62.96324333333334,4.025987025122604,58.3611,70.6587,0.39381946607341417,7.033290000000002,0.24376476550149737,6.6621,7.9649,0.005687052280311418,2.6461333333333323,0.2942633744718421,2.0408,3.2872,0.028402447163514942
compressor-0048,failure,90,119,FAILURE,63.73567,3.787709319201603,58.3611,70.6587,0.0897644716351487,6.966993333333333,0.3009775350789859,6.4807,7.9649,-0.016984293659621952,2.846926666666666,0.22748823696084935,2.4807,3.2872,0.012673147942157905
compressor-0048,failure,100,129,FAILURE,64.77136333333333,3.13966849783894,58.9053,70.6587,-0.18315686318131322,6.846166666666666,0.2836174128802547,6.2023,7.3194,-0.006110567296996731,2.9966266666666668,0.25382046402044806,2.5452,3.5899,0.010930634037819745
compressor-0048,failure,110,139,FAILURE,63.80777333333332,2.381134830276429,58.9053,68.1788,0.13792462736373698,6.770873333333333,0.2863457291845335,6.2023,7.3194,0.003083159065628242,3.112893333333333,0.32346365064546106,2.5452,3.6659,0.01272351501668511
compressor-0048,failure,120,149,FAILURE,64.49800666666667,2.5610567075503985,59.9104,68.8451,0.029256373748608476,6.516076666666666,0.5023930763080062,5.4816,7.3194,-0.03066418242491679,3.1601533333333327,0.3219584670246908,2.5352,3.6659,-0.001473281423804302
compressor-0048,failure,130,159,FAILURE,64.89827666666666,2.377762627300901,59.9104,68.8451,-0.025706140155730518,6.417606666666668,0.4263878109056225,5.4816,7.1644,-0.01027074527252512,3.1920800000000003,0.3917381458746816,2.5352,4.2896,0.0009202669632924912
compressor-0048,failure,140,169,FAILURE,66.73297666666667,3.5105617473260446,59.9104,72.0764,0.23497728587319086,6.199086666666665,0.33700824196977075,5.4816,6.7768,0.005897219132369145,3.3865899999999995,0.4889123754825603,2.5352,4.2896,0.039365806451612834
compressor-0048,failure,150,179,FAILURE,69.74807333333335,3.742623317312188,62.5583,74.9101,0.3775082091212433,5.9684566666666665,0.5643116158550069,4.8147,6.7768,-0.060054037819799864,3.589456666666666,0.427148319036322,2.7078,4.2896,0.023291635150166794
compressor-0048,failure,160,189,FAILURE,70.91460666666667,2.44667693343895,65.2044,74.9101,-0.11730958843159298,5.79498,0.4495529782647053,4.8147,6.4742,-0.007265272525027947,3.887813333333334,0.3464934898217987,3.3803,4.7037,0.014794037819799696
compressor-0048,failure,170,199,FAILURE,72.02435333333332,3.056595253844091,65.2044,76.8689,0.03588342602891951,5.592056666666665,0.44191269023291124,4.8147,6.3491,0.006271657397107759,4.101183333333333,0.44503061024558255,3.3803,5.0067,0.04157052280311454
compressor-0048,failure,180,209,FAILURE,71.62067666666667,2.9548074123009926,65.2044,76.8689,0.16715268075639383,5.564973333333333,0.4361345151313856,4.8643,6.3491,-0.037640889877642005,4.340270000000001,0.3642325174482184,3.4104,5.0067,0.01998387096774185
compressor-0048,failure,190,219,FAILURE,73.18369,2.1674025677986077,69.69,77.5463,-0.008830589543940075,5.352010000000001,0.3244183886588427,4.8108,6.044,-0.009384983314794338,4.48079,0.3036190368976667,3.8076,5.0082,0.005853726362625048
compressor-0048,failure,200,229,FAILURE,74.13662000000001,2.907496798095113,69.757,80.9959,0.23486473859844145,5.3374733333333335,0.3080848334829584,4.8108,5.8694,0.010272302558398066,4.523443333333333,0.3469118559358975,3.8076,5.2936,0.017378220244716254
compressor-0049,degrading,0,29,NORMAL,51.97532,1.2717566854289915,50.3331,54.7697,-0.10636289210233696,8.096200000000001,0.15011449186093465,7.807,8.4054,-0.002961557285873337,1.4701233333333332,0.1019517653381027,1.2163,1.6416,0.00025025583982199543
compressor-0049,degrading,10,39,NORMAL,51.17102,0.8279546329761466,49.2491,52.7581,-0.02914776418242558,8.085086666666665,0.125735239646206,7.807,8.2747,0.011381935483870688,1.4859733333333331,0.08324420673870078,1.2557,1.6416,-0.0006101001112347492
compressor-0049,degrading,20,49,NORMAL,51.485916666666675,1.1468942564111515,49.2491,53.9575,0.08706671857619445,8.162806666666667,0.10202823770353411,7.9517,8.3538,0.004592480533926459,1.4082199999999996,0.13850129337542907,1.056,1.6102,-0.006853392658509508
compressor-0049,degrading,30,59,NORMAL,51.005779999999994,1.7884216947539713,47.0078,53.9575,-0.07130682981090207,8.11655,0.13141130532289316,7.7843,8.3538,-0.00982106785317029,1.4005599999999996,0.14951501507652443,1.056,1.6288,-0.004937664071190248
compressor-0049,degrading,40,69,DEGRADATION,51.90087666666668,2.2398334979313876,47.0078,55.9392,0.03622622914349188,8.072936666666667,0.13165218439340656,7.7843,8.3538,-0.008083848720801066,1.4839499999999999,0.2458156636587669,1.056,2.0729,0.020146852057842023
compressor-0049,degrading,50,79,DEGRADATION,52.68410333333333,2.752787032382918,47.0078,56.4051,0.23535904338153404,7.937626666666666,0.1462473747532659,7.5003,8.2153,-0.010321067853170428,1.57716,0.20224869772963516,1.2245,2.0729,0.0088763959955506
compressor-0049,degrading,60,89,DEGRADATION,53.91305666666666,1.5338613811083306,49.9749,56.4051,-0.03537110122358296,7.836756666666667,0.21581706402002182,7.3998,8.2153,-0.01589746384872094,1.6776766666666667,0.15561318642354474,1.3317,2.0729,-0.0018593770856507395
compressor-0049,degrading,70,99,DEGRADATION,54.100566666666666,1.4595064488457126,49.9749,56.4051,-0.04236431590656448,7.7295033333333345,0.1742605567980188,7.3998,8.0072,1.884315906543404e-05,1.6254700000000002,0.12753189444213553,1.3317,1.8991,0.0007462736373748171
compressor-0049,degrading,80,109,DEGRADATION,53.99731666666667,1.4305720317605672,49.9749,56.654,0.06447739710789595,7.79081,0.2256875766038825,7.3998,8.2582,0.015889454949944253,1.6719066666666669,0.1218596978313813,1.4088,1.8991,0.0007263626251390101
compressor-0049,degrading,90,119,DEGRADATION,54.07142,1.2878980219463554,51.2095,56.654,-0.04548284760845516,7.718330000000003,0.2709318883040533,7.1116,8.2582,-0.013627741935484008,1.65208,0.15113462078557646,1.3208,1.968,-0.0005458509454950238
compressor-0049,degrading,100,129,DEGRADATION,53.638663333333334,1.4424953207280165,50.7844,56.654,-0.08474649610678671,7.665973333333333,0.27238068205281285,7.1116,8.2582,-0.019764137931034785,1.7716666666666663,0.23976305711171508,1.3208,2.2645,0.011242447163515006
compressor-0049,degrading,110,139,DEGRADATION,53.72842333333334,1.4653217796064073,50.7844,56.0702,0.07661773081201179,7.516553333333333,0.1614464611635146,7.1116,7.7912,0.0011771746384869161,1.8567233333333337,0.2431826826116988,1.3208,2.2645,0.015657508342602888
compressor-0049,degrading,120,149,DEGRADATION,53.93424333333333,1.4999507548990474,50.7844,56.0702,0.045417641824247075,7.503293333333333,0.1670459516287526,7.0982,7.7912,-0.008012814238042431,1.9680566666666666,0.1666438411369856,1.3224,2.2645,0.0043704783092324544
compressor-0049,degrading,130,159,DEGRADATION,54.65705333333334,1.518662945649524,51.5272,57.5552,0.0058480088987749,7.379036666666665,0.2169865225973468,6.9967,7.7763,-0.015277397107897802,2.0433299999999996,0.20119946843866165,1.7246,2.5997,0.013081268075639557
compressor-0049,degrading,140,169,DEGRADATION,55.2952,1.8917518810175225,51.5272,58.3339,0.14161655172413687,7.320803333333331,0.1835856993038643,6.9967,7.6423,-0.003297641824249361,2.135013333333333,0.2343157893859387,1.7246,2.5997,0.013791012235817524
compressor-0049,degrading,150,179,DEGRADATION,55.979536666666675,1.5195161886783426,51.5272,58.3339,0.06030137931034453,7.228640000000001,0.16462385124883944,6.9497,7.5472,-0.0025142157953283173,2.16776,0.21112397874234942,1.7913,2.5997,-0.003078932146829823
compressor-0049,degrading,160,189,DEGRADATION,56.124466666666656,1.0478063403553586,54.0373,58.3339,-0.055438042269189754,7.211766666666667,0.15235411236837546,6.8725,7.5472,-0.010366807563960103,2.1739833333333336,0.15328142762760125,1.9152,2.5344,-0.0025985984427142157
compressor-0049,degrading,170,199,DEGRADATION,56.174486666666674,1.2465166512414594,54.0205,58.8803,0.03363154616240204,7.203206666666667,0.15010489650759418,6.8725,7.4986,0.006570100111234569,2.19476,0.1382242684914628,1.9427,2.4732,0.011974593993325873
compressor-0049,degrading,180,209,DEGRADATION,56.63233666666667,1.3656445217023194,54.0205,59.0138,0.08194667408231289,7.126076666666667,0.2223036717095683,6.6515,7.4986,-0.01335704115684107,2.2336699999999996,0.12752013997796582,1.9989,2.478,0.0012781535038932001
compressor-0049,degrading,190,219,DEGRADATION,57.09890666666667,1.0848545788670896,54.0205,59.0138,-0.01135870967742068,7.128343333333334,0.2617569122720968,6.6515,7.55,-0.008321802002224822,2.353056666666667,0.2167050940538521,1.9989,2.9532,0.01382671857619575
compressor-0049,degrading,200,229,DEGRADATION,58.01948333333334,1.5330067714752247,55.6496,61.1116,0.11386609566184437,7.106223333333334,0.2440251389827604,6.6515,7.55,0.016459777530589362,2.47097,0.25344654682989864,1.9989,2.9532,0.02405933259176861
compressor-0050,healthy,0,29,NORMAL,52.04647333333333,1.6407844644017753,48.5544,54.6775,-0.08616769744160296,8.21532,0.20846776953124754,7.8687,8.5997,-0.019885161290322934,1.5100533333333332,0.20328292227555392,1.0971,1.9182,-0.008423848720800915
compressor-0050,healthy,10,39,NORMAL,51.93207333333334,1.8832445704038427,48.5544,55.0868,-0.07763675194660831,8.164753333333334,0.1625713027840059,7.8687,8.4602,0.005176551724137737,1.44341,0.17163773934268262,1.0971,1.7476,0.0033848053392658266
compressor-0050,healthy,20,49,NORMAL,51.42411666666667,1.6838301893962528,48.5544,55.0868,0.046318687430477935,8.185183333333335,0.1539259737305206,7.8687,8.4602,0.010739822024471506,1.41989,0.17001803698431528,1.0971,1.7476,-0.004722202447163563
compressor-0050,healthy,30,59,NORMAL,50.817553333333336,1.9531855185368903,47.5385,55.0868,-0.12175136818687612,8.161413333333334,0.1855897190639132,7.8112,8.4602,-0.01672640711902141,1.3968866666666668,0.14700245742465973,1.126,1.6412,-0.003212947719688582
compressor-0050,healthy,40,69,NORMAL,50.55270666666668,1.6961030974822513,47.5385,54.4041,-0.04625072302558456,8.153629999999998,0.18779042778231977,7.8112,8.4423,0.000526384872079832,1.4500233333333334,0.1934811096435228,1.126,1.9056,0.014910144605116757
compressor-0050,healthy,50,79,NORMAL,50.51081666666666,1.590711251418336,47.5385,53.0922,0.1344891879866509,8.153853333333334,0.19254012349522256,7.8112,8.4423,0.012022914349276763,1.4449933333333336,0.21118127747401177,1.1041,1.9056,-0.0028310567296997093
compressor-0050,healthy,60,89,NORMAL,50.95215666666666,1.1804138702684843,49.0457,53.0922,-0.039372124582870933,8.201730000000001,0.1432756158597828,7.856,8.4423,-0.008553348164627675,1.4286499999999998,0.21175146713383905,1.1041,1.9056,-0.012391701890990035
compressor-0050,healthy,70,99,NORMAL,51.036426666666664,1.2311244356098026,49.0457,53.187,-0.02904347052280431,8.214396666666666,0.1727325803727319,7.856,8.5945,0.002609766407118791,1.407776666666667,0.18906736662423324,1.1041,1.7499,0.00967272525027805
compressor-0050,healthy,80,109,NORMAL,51.43248333333333,1.6315196157944958,49.0457,54.7682,0.12088825361512688,8.258523333333333,0.21032124267943617,7.856,8.663,0.010749165739710635,1.4520499999999998,0.16857165390420775,1.1568,1.7499,0.0035633147942157706
compressor-0050,healthy,90,119,NORMAL,50.941649999999996,2.2770226859871205,46.5425,54.7682,-0.13258369299221487,8.204883333333333,0.2670219991977357,7.7529,8.663,-0.019953259176863428,1.4358200000000003,0.16270913598606973,1.1851,1.7499,-0.014752169076751965
compressor-0050,healthy,100,129,NORMAL,50.831286666666664,2.3941208777243386,46.5425,54.7682,-0.1126939265850963,8.16996,0.2363977095207707,7.7529,8.663,-0.010871457174638702,1.4470799999999995,0.17522131605486815,1.1851,1.8672,0.005866740823136795
compressor-0050,healthy,110,139,NORMAL,51.06398000000001,2.535769569893921,46.5425,54.7557,0.21776703003336956,8.101956666666668,0.17460084895428063,7.7529,8.4051,0.008283359288097689,1.4601133333333332,0.1785682721600403,1.1851,1.8672,0.0074884538375972936
compressor-0050,healthy,120,149,NORMAL,51.98442333333334,1.7978226606432073,47.2346,54.7557,0.02622031145717342,8.127856666666666,0.13861301930995587,7.8348,8.4051,-0.009515572858731976,1.4804366666666666,0.1682935480706917,1.1814,1.8672,-0.011235305895439448
compressor-0050,healthy,130,159,NORMAL,51.46451,2.0695513908977152,47.1096,54.7557,-0.20218040044493996,8.117826666666666,0.13968801173408626,7.8348,8.4051,-0.00044013348164641714,1.4387566666666665,0.13811015333984522,1.1814,1.6501,-0.002626407119021164
compressor-0050,healthy,140,169,NORMAL,51.43334000000001,2.16458778302013,47.1096,55.7236,0.10582602892102169,8.127576666666668,0.1663261809083452,7.8348,8.4711,0.010289855394883156,1.4296133333333332,0.11460757314515574,1.1814,1.6206,0.004190211345939899
compressor-0050,healthy,150,179,NORMAL,51.685023333333326,2.178688957558855,47.1096,55.7236,0.14113657397107898,8.078523333333333,0.2084563418453744,7.7314,8.4711,-0.010818887652947893,1.4027433333333332,0.13152833328053523,1.1834,1.6206,-0.00911664071190213
compressor-0050,healthy,160,189,NORMAL,51.96338666666667,1.8517824922190211,49.1116,55.7236,-0.1435744605116806,8.055673333333335,0.19551468475681197,7.7314,8.4711,-0.0013744160177977397,1.3963266666666667,0.12345466896350613,1.1834,1.6206,0.0007733926585094098
compressor-0050,healthy,170,199,NORMAL,51.45193666666667,1.303960533013003,49.1116,53.6582,-0.008308097886541582,8.021870000000002,0.1467972687075614,7.7314,8.3277,0.012552235817574834,1.4413699999999998,0.15540610916777586,1.1834,1.7714,0.015269432703003303
compressor-0050,healthy,180,209,NORMAL,51.62745333333333,1.4578137658227206,49.1116,54.2976,0.11497677419354682,8.14027,0.10118753595840412,8.0029,8.3277,0.0056742380422690145,1.4549833333333335,0.14972555578643065,1.1477,1.7714,-0.006878509454949976
compressor-0050,healthy,190,219,NORMAL,52.043429999999994,1.5216379749357825,48.4062,54.932,-0.028193704115684753,8.141953333333332,0.11437448938562397,7.8726,8.3297,0.002170500556173428,1.4115366666666669,0.16254393351405713,1.1477,1.7714,-0.013896929922135745
compressor-0050,healthy,200,229,NORMAL,52.21670666666667,1.5932397534443956,48.4062,54.932,-0.0060367964404897875,8.293296666666667,0.21533540115106206,7.8726,8.6664,0.015285139043381276,1.4047100000000003,0.16101756498386544,1.1477,1.8229,0.010260578420467148
compressor-0050,healthy,210,239,NORMAL,51.629306666666665,1.6663120599962336,48.4062,54.932,-0.026524627363738243,8.289000000000001,0.21979410971785976,7.8726,8.6664,0.0037264516129029957,1.4132999999999998,0.15006102536412758,1.1643,1.8229,-8.943270300336935e-05
compressor-0051,healthy,0,29,NORMAL,53.26053,1.4114412818463264,50.4726,55.9105,-0.0021055617352627454,8.048246666666666,0.15901129044470041,7.7607,8.3582,-0.005473414905450642,1.403336666666667,0.10686872783414654,1.1719,1.5766,-0.002045450500556209
compressor-0051,healthy,10,39,NORMAL,53.70195000000001,1.420662985780466,50.4726,55.9105,-0.02279592880978955,8.060646666666667,0.17113232644814821,7.7607,8.4923,-0.0002801334816465335,1.3952733333333336,0.11319641611916087,1.1719,1.6604,0.007024160177975509
compressor-0051,healthy,20,49,NORMAL,53.56116333333334,1.3283816573769593,50.4726,55.5722,0.08142200222469331,8.06695,0.16698330605183256,7.7607,8.4923,0.00824763070077839,1.4003766666666666,0.15423564154313432,1.0701,1.7817,-0.005616084538376014
compressor-0051,healthy,30,59,NORMAL,53.47076666666668,1.2044317109003,51.2461,55.5722,-0.08009259176863395,8.016286666666668,0.21698842785324338,7.5715,8.4923,-0.014657931034482983,1.42013,0.1657128925782984,1.0701,1.7817,0.0018953281423804012
compressor-0051,healthy,40,69,NORMAL,53.45366666666666,1.240086040384116,51.2461,55.7219,-0.016796440489434204,8.023886666666666,0.20144527583330302,7.5715,8.383,-0.001144293659621913,1.4702533333333332,0.19145096105501502,1.0701,1.8204,0.009927741935483854
compressor-0051,healthy,50,79,NORMAL,53.59167666666666,1.3837562000302739,51.2461,55.7944,0.11415219132369149,7.987510000000001,0.20386352681798353,7.5715,8.2876,0.007590767519466021,1.5442,0.11455859345039694,1.2819,1.8204,0.003114972191323644
compressor-0051,healthy,60,89,NORMAL,53.50080666666667,1.4682236750425859,51.2487,55.7944,-0.08181882091212535,8.008733333333332,0.17484558012397375,7.7277,8.2876,-0.013400756395995748,1.5358333333333334,0.1284247907877949,1.1577,1.8204,-0.006075283648498349
compressor-0051,healthy,70,99,NORMAL,53.561826666666676,1.5826644249352282,51.2487,55.9529,-0.01959479421579738,7.972593333333333,0.15895957543420358,7.7277,8.2876,-0.000133259176863361,1.5751466666666665,0.15186447188932053,1.1577,1.852,0.007526362625139011
compressor-0051,healthy,80,109,NORMAL,53.88643666666667,1.847459785486247,51.2487,57.0527,0.1748662736373743,8.041396666666667,0.1899182832752609,7.7277,8.3676,0.017257730812013136,1.57528,0.15381351782813718,1.1577,1.852,0.004253615127919894
compressor-0051,healthy,90,119,NORMAL,53.78366666666667,1.9969468314293088,50.1604,57.0527,-0.10669815350389426,8.029399999999999,0.22040962622656327,7.4278,8.3676,-0.007080889877641978,1.51241,0.2025258458403108,1.1777,1.852,-0.02025661846496114
compressor-0051,healthy,100,129,NORMAL,53.39748999999999,1.9601211956322158,50.1604,57.0527,-0.12558974416017962,8.110543333333334,0.2518180833900183,7.4278,8.4542,0.0037506340378196563,1.4837933333333335,0.1760741982486045,1.1777,1.8841,0.005148520578420428
compressor-0051,healthy,110,139,NORMAL,53.28099333333332,1.8110753113244318,50.1604,56.9524,0.17656743047830814,8.147219999999999,0.28345660737874256,7.4278,8.5544,0.023828654060066526,1.4479899999999999,0.19968164888141324,1.1777,1.8841,0.00735303670745271
compressor-0051,healthy,120,149,NORMAL,53.28233666666667,2.0067030704588285,49.4858,56.9524,-0.05762444938821044,8.113993333333333,0.32396309042166443,7.4676,8.5544,-0.02547403781979986,1.47955,0.17956675035577535,1.2296,1.8841,-0.012608476084538408
compressor-0051,healthy,130,159,NORMAL,53.02835,2.211521528834843,49.4858,56.9524,-0.13281666295884403,8.100153333333333,0.31750456241691316,7.4676,8.5544,-0.005570367074527339,1.4724766666666664,0.17074966800032798,1.2296,1.8704,0.006257552836484941
compressor-0051,healthy,140,169,NORMAL,53.20549666666667,2.4173777820168882,49.4858,57.4042,0.20056625139043258,8.071653333333334,0.28835080224538223,7.4676,8.5092,0.02302616240266945,1.5368400000000002,0.17065344336793598,1.2705,1.8892,0.011470878754171274
compressor-0051,healthy,150,179,NORMAL,54.011689999999994,2.2758711320210265,49.6434,57.4042,0.09133808676306927,8.158536666666667,0.1788917297945572,7.8291,8.5092,-0.011553882091212704,1.55545,0.15400049512907416,1.3031,1.8892,-0.009641357063403822
compressor-0051,healthy,160,189,NORMAL,53.95041666666666,2.1423166367406,50.5663,57.4042,-0.1861641601779762,8.070006666666668,0.17121353126692088,7.8291,8.5092,-0.014707141268075898,1.5098233333333333,0.16266554989370743,1.3031,1.8892,-0.009835172413793124
compressor-0051,healthy,170,199,NORMAL,53.83127,2.066633157601997,50.5663,57.319,0.04249087875416986,8.070963333333333,0.16868565930616503,7.8291,8.4238,0.012176974416017651,1.4223366666666668,0.11912271119405494,1.2173,1.78,-0.0026844716351501824
compressor-0051,healthy,180,209,NORMAL,53.36848333333333,1.735383630225766,50.5663,57.319,0.036738398220243586,8.008280000000001,0.21269550912043256,7.7021,8.4238,-0.007266340378198284,1.3967666666666667,0.14438073586489608,1.1775,1.78,-0.0042181090100111476
compressor-0051,healthy,190,219,NORMAL,53.86514000000001,1.4248968095035284,52.025,57.319,-0.09029957730812134,7.9943100000000005,0.2247634242931888,7.7021,8.4238,-0.013825294771969046,1.4268666666666665,0.15301905836274848,1.1775,1.82,0.009205294771968827
compressor-0051,healthy,200,229,NORMAL,53.78537666666667,1.2747353559813464,52.025,56.8667,0.1250491879866501,7.965786666666667,0.18528402473559946,7.7021,8.3503,0.016140867630700648,1.4953,0.15695579207747215,1.1775,1.82,0.010681023359288062
compressor-0051,healthy,210,239,NORMAL,54.18862,1.510835946399653,50.0789,56.8667,-0.0002194438264749518,8.02883,0.1771811147761898,7.7389,8.3503,0.0013165072302556938,1.5472433333333333,0.12397289941309307,1.1407,1.82,-0.005440734149054544
compressor-0051,healthy,220,249,NORMAL,53.99345333333334,1.933174583551338,49.8866,56.8667,-0.10045263626251563,7.971943333333333,0.217594124741966,7.5245,8.3503,-0.020686562847608583,1.499666666666667,0.1407727206844028,1.1407,1.7262,-0.008447341490545057
compressor-0052,failure,0,29,NORMAL,52.927960000000006,1.7259426320323243,49.0117,55.5983,-0.09331599555061254,8.081263333333332,0.201248109694366,7.6779,8.4668,-0.014606028921023612,1.4845166666666665,0.09597545548501221,1.3155,1.6654,-0.0029552614015573293
compressor-0052,failure,10,39,DEGRADATION,53.26248666666666,2.0084652793834628,49.0117,57.326,0.02233508342602818,8.08107,0.20834902631561947,7.6779,8.47,0.015820133481646154,1.50931,0.12709976226046477,1.3155,1.8617,0.007837619577308086
compressor-0052,failure,20,49,DEGRADATION,54.038856666666675,2.6593359520355624,49.0117,58.0195,0.26622516129032175,8.021260000000002,0.28670763575461333,7.2832,8.47,-0.00835065628476099,1.5811566666666665,0.14362893321178558,1.3155,1.8617,0.011325139043381503
compressor-0052,failure,30,59,DEGRADATION,55.10593333333333,1.6114225666231135,51.9267,58.0195,0.009127786429365787,7.79796,0.45528293078773185,7.1428,8.47,-0.04679497219132383,1.6085833333333335,0.1472280840132827,1.2145,1.8926,-0.002654037819799822
compressor-0052,failure,40,69,DEGRADATION,56.20361333333333,1.7231720083871165,53.1178,59.6736,0.05118398220244612,7.56032,0.2796592633902906,7.1428,8.1475,-0.010337041156841174,1.7752266666666665,0.2781009600047356,1.2145,2.2676,0.02047345939933257
compressor-0052,failure,50,79,DEGRADATION,57.20664333333334,2.402527960667449,53.1178,60.6041,0.25848567296996633,7.517603333333333,0.2496186230810691,7.0942,7.9879,0.01552380422691865,1.917316666666667,0.3003324947269091,1.2145,2.2679,0.025758242491657386
compressor-0052,failure,60,89,DEGRADATION,57.88473666666666,1.6488158321420328,55.0356,60.6041,-0.06154111234705375,7.392513333333332,0.3912535935795209,6.7383,7.9879,-0.03126451612903235,2.112956666666667,0.10882120407142881,1.8619,2.2679,0.0008911457174637989
compressor-0052,failure,70,99,FAILURE,58.29606999999999,1.701349200321126,55.0356,60.6041,-0.030530433815351428,7.22648,0.38872819930297486,6.7383,7.9879,-0.02612943270300359,2.343706666666667,0.3675094238549839,1.8619,3.3087,0.034671101223581705
compressor-0052,failure,80,109,FAILURE,58.10639333333334,1.783078449747951,55.0356,62.4798,0.12893641824249077,7.11372,0.26811771593835426,6.7383,7.7593,0.018597597330366877,2.4385166666666658,0.33896972144360554,1.8619,3.3087,0.014023070077864243
compressor-0052,failure,90,119,FAILURE,59.61091333333334,1.5746949022447343,56.6873,62.7713,0.09812164627363705,7.184406666666665,0.27349465434548365,6.6392,7.7593,-0.0017842491657398673,2.610653333333334,0.28101783778891254,2.0649,3.3087,-0.004541890989988967
compressor-0052,failure,100,129,FAILURE,59.69973333333334,1.9060200674587757,55.463,62.7713,0.015096462736373753,7.201516666666665,0.2952947364733901,6.6392,7.7698,-0.011317441601779958,2.72467,0.3729473243859871,2.0649,3.4136,0.035105784204671794
compressor-0052,failure,110,139,FAILURE,61.24931333333333,2.623794766457332,55.463,65.8257,0.16425459399332484,7.182720000000001,0.29092464935099605,6.6392,7.7698,0.003447252502780662,3.132626666666667,0.44536148458926667,2.3426,3.8989,0.04563185761957728
compressor-0052,failure,120,149,FAILURE,61.62171999999999,2.570724052921018,55.463,65.8257,0.1337894994438256,6.864426666666665,0.6178679454022158,5.6023,7.7698,-0.04982776418242508,3.4393933333333333,0.2757972334080883,2.9138,3.9646,0.018243426028920987
compressor-0052,failure,130,159,FAILURE,63.770743333333336,2.2405838185144704,60.7128,68.4579,0.11705599555061079,6.687239999999999,0.6345780512014788,5.6023,7.7155,-0.03443635150166863,3.719446666666667,0.2817515569117981,3.3147,4.3455,0.01883679644048937
compressor-0052,failure,140,169,FAILURE,65.45339,3.3617222518970835,60.7179,73.0336,0.34435486095661705,6.4787066666666675,0.5321476386200439,5.6023,7.2856,0.013916840934371412,3.7755333333333327,0.2683438892333658,3.3147,4.3455,0.01135096774193537
compressor-0052,failure,150,179,FAILURE,68.02032666666666,3.0125190325189473,62.2153,73.0336,0.18348880978865312,6.278326666666668,0.635836066887964,5.3153,7.2856,-0.04735034482758632,3.785653333333334,0.2730617191934616,3.107,4.3455,-0.01713383759733045
compressor-0052,failure,160,189,FAILURE,68.88320999999999,2.4916690692987307,63.9482,73.0336,-0.023628765294772938,5.997613333333333,0.5458593150457565,5.3153,7.138,-0.04266718576195791,3.8497033333333337,0.322936710500508,3.107,4.5858,0.017412836484983214
compressor-0052,failure,170,199,FAILURE,70.49398000000001,3.2002778360011175,63.9482,76.2256,0.16594941045606112,5.801076666666666,0.2826134824376848,5.3153,6.398,0.024561179087875296,4.0540899999999995,0.40300738731856184,3.107,4.7602,0.034676729699666245
compressor-0052,failure,180,209,FAILURE,70.70879333333333,3.0855391120443687,65.2206,76.2256,0.07918505005561548,5.86976,0.2346629321672542,5.3866,6.398,0.0021602224694103633,4.2483200000000005,0.2331650208185896,3.7603,4.7602,-0.000730278086763133
compressor-0052,failure,190,219,FAILURE,69.74290666666666,3.942184580908859,63.6338,76.2256,-0.3994956618464981,5.843756666666667,0.2724488045894535,5.2392,6.398,-0.013698665183537378,4.35856,0.2776953085667815,3.7603,5.077,0.007024961067853117
compressor-0052,failure,200,229,FAILURE,69.62790333333334,4.394695435369277,63.6338,80.4629,0.15313163515016426,5.716033333333334,0.18532288100022146,5.2392,6.1116,-0.004612591768632045,4.4059599999999985,0.2938413705839711,3.7603,5.077,0.022124048943270223
compressor-0052,failure,210,239,FAILURE,72.00115000000001,5.698069267845616,63.6338,82.0394,0.5527143270300315,5.630120000000001,0.21902975353438478,5.1813,6.1116,-0.008945494994438336,4.6058200000000005,0.2478377485372234,4.1061,5.077,0.016286318131256854
compressor-0053,healthy,0,29,NORMAL,54.4602,1.6882657085502475,51.9966,58.4476,-0.05103092324805489,8.060563333333333,0.1263008352659984,7.8966,8.373,-0.009966384872080247,1.5590433333333331,0.17004037301639735,1.2512,1.8577,-0.012534215795328192
compressor-0053,healthy,10,39,NORMAL,54.304610000000004,1.605468499504117,51.9966,58.4476,-0.10274471635150251,8.128873333333333,0.21874245272059611,7.8966,8.7104,0.0167674749721913,1.54043,0.17213014872473678,1.2512,1.8911,0.006096662958843126
compressor-0053,healthy,20,49,NORMAL,53.52011666666668,0.9348169510955372,51.948,55.2622,0.023947519466071876,8.161596666666666,0.2099602049331148,7.8966,8.7104,0.009340444938820735,1.5284433333333334,0.17161942524732512,1.2512,1.8911,0.0008198665183536759
compressor-0053,healthy,30,59,NORMAL,53.21690999999999,1.1551204936715478,51.2286,55.2622,-0.09322542825361618,8.103313333333334,0.2845519515932997,7.5543,8.7104,-0.026359644048943316,1.4860599999999997,0.19707278452389107,1.1657,1.8911,-0.0144876974416018
compressor-0053,healthy,40,69,NORMAL,53.224513333333334,1.2718357007971672,51.2286,55.349,0.008900956618463532,8.012573333333334,0.20523478739130843,7.5543,8.3977,-0.0010753281423806313,1.3847366666666667,0.12574965204281438,1.1657,1.7527,-0.0015712791991101683
compressor-0053,healthy,50,79,NORMAL,53.525906666666664,1.3383777246934272,51.2286,55.349,0.12112489432702868,8.091633333333332,0.28051944832558207,7.5543,8.5716,0.02594611790878744,1.4203966666666665,0.14260163038650328,1.1657,1.7012,0.011856618464961029
compressor-0053,healthy,60,89,NORMAL,53.91437333333332,1.1230381771288485,51.336,55.349,-0.02127305895439514,8.100156666666667,0.272315096513008,7.5344,8.5716,-0.013113214682981291,1.4556999999999998,0.13166771813926145,1.2503,1.7012,0.0023971078976640246
compressor-0053,healthy,70,99,NORMAL,54.067863333333335,1.0485645081040815,51.3569,55.6601,-0.006691991101224884,8.133653333333333,0.28280973902765244,7.5344,8.5716,-0.00784662958843172,1.5930099999999998,0.18582304010357092,1.2503,1.9779,0.009958286985539468
compressor-0053,healthy,80,109,NORMAL,54.278406666666655,1.2739214190661658,51.3569,56.2292,0.09610416017797432,8.133166666666668,0.27517843463630826,7.5344,8.5511,0.024307141268075563,1.63498,0.19913865253469337,1.2503,1.9779,0.01023377085650719
compressor-0053,healthy,90,119,NORMAL,54.72509000000001,1.0542005174064364,52.9641,57.4441,0.003865205784203036,8.177923333333334,0.21912352176087557,7.7222,8.5511,-0.012339154616240506,1.67061,0.1501814643467473,1.4945,1.9779,-0.010998553948832096
compressor-0053,healthy,100,129,NORMAL,54.34646,1.3426365195887278,51.6606,57.4441,-0.08755012235817779,8.151033333333334,0.22862739896074483,7.7222,8.5511,-0.009759955506118039,1.6424233333333333,0.1395043695452663,1.3666,1.8923,-0.0001710567296996968
compressor-0053,healthy,110,139,NORMAL,54.30634333333333,1.259774613091123,51.6606,57.4441,0.03135908787541596,8.116346666666667,0.2019725604025348,7.7222,8.4122,0.014822113459399166,1.5783966666666667,0.16663763777196983,1.1482,1.8923,-0.002429788654060137
compressor-0053,healthy,120,149,NORMAL,53.75051666666666,1.3911000002595868,50.8696,56.0421,-0.02231535038932212,8.1045,0.2098583967027926,7.721,8.4122,-0.008833058954393975,1.4914766666666666,0.22411472758884504,1.1307,1.8923,-0.01931819799777535
compressor-0053,healthy,130,159,NORMAL,53.50393333333332,1.9904317406588505,49.717,56.0845,-0.10479759733036792,8.112653333333334,0.18042576632941199,7.721,8.4122,-0.00579661846496135,1.4684933333333332,0.20434444276487893,1.1307,1.8329,0.004096596218019984
compressor-0053,healthy,140,169,NORMAL,53.82118666666666,2.289303429536786,49.717,57.1154,0.15409570634037695,8.112983333333334,0.20169227399404496,7.721,8.64,0.014082513904337936,1.5108599999999999,0.199745826155809,1.1307,1.8329,0.015515239154616223
compressor-0053,healthy,150,179,NORMAL,53.827780000000004,2.3174276242420175,49.717,57.1154,0.025169655172413315,8.155023333333334,0.15800451403537677,7.938,8.64,-0.005389610678531864,1.5392700000000004,0.16751951955916458,1.2656,1.8329,-0.01138720800889884
compressor-0053,healthy,160,189,NORMAL,54.13828333333334,1.807057051688063,50.7047,57.1154,-0.12973799777530712,8.187183333333335,0.1726930457648934,7.938,8.64,-0.000942847608453954,1.5349033333333335,0.164018636102392,1.2656,1.8234,0.0006578197997775157
compressor-0054,failure,0,29,NORMAL,53.002050000000004,1.6883143638453912,49.4888,55.497,-0.15153439377085845,8.116996666666667,0.2669653316860115,7.7109,8.5433,-0.019814883203559733,1.6917833333333334,0.1818699518581585,1.3203,2.0086,-0.0038293437152392244
compressor-0054,failure,10,39,DEGRADATION,52.925126666666664,1.7895289853167764,49.4888,55.6796,0.0113505228031133,8.02812,0.21506148020197996,7.7109,8.4492,-8.560622914364489e-05,1.7648233333333334,0.24882096466245676,1.3203,2.3221,0.01955939933259173
compressor-0054,failure,20,49,DEGRADATION,53.89723666666668,2.7879724740969425,49.4888,59.2216,0.25956220244716105,7.91945,0.24013283233799296,7.3838,8.4492,-0.00917657397107912,1.8171666666666666,0.21539401931241162,1.3263,2.3221,0.007113592880978817
compressor-0054,failure,30,59,DEGRADATION,54.79764666666666,2.0250733958276403,51.493,59.2216,-0.02736569521690873,7.687119999999999,0.40277771487509084,7.0463,8.3553,-0.04384160177975547,1.94135,0.19100077094085252,1.6831,2.414,0.004111434927697395
compressor-0054,failure,40,69,DEGRADATION,55.96939,2.2596201818521036,52.2513,59.7699,0.013595350389320167,7.439063333333333,0.2731377179901906,7.0463,7.9143,-0.02052687430478318,2.154983333333333,0.39806041424498484,1.6831,2.9937,0.04176402669632923
compressor-0054,failure,50,79,FAILURE,56.87692333333333,2.7522651991506115,52.2513,60.944,0.2688718798665165,7.178666666666667,0.23374520791285167,6.7201,7.5765,-0.01582024471635173,2.4392333333333336,0.3231262450223167,1.7202,2.9937,0.028707764182424857
compressor-0054,failure,60,89,FAILURE,58.544630000000005,1.4900583337909963,53.7387,60.944,0.050014749721912104,7.080413333333334,0.27851113171449526,6.3415,7.5765,-0.024534015572858822,2.5618266666666667,0.16811439940971415,2.1684,2.9937,-0.009817797552836573
compressor-0054,failure,70,99,FAILURE,59.695656666666665,1.6212152677715428,56.3097,64.0728,0.05373968854282365,7.01224,0.24436071097184733,6.3415,7.5688,0.003882536151279057,2.7013666666666665,0.32943221895996894,2.1684,3.5155,0.023857486095661778
compressor-0054,failure,80,109,FAILURE,60.471149999999994,1.8960097879054665,56.3097,64.0728,0.14403721913236772,6.9614400000000005,0.29470070648032054,6.3227,7.5688,-0.00949312569521709,2.85443,0.36711681714862016,2.1684,3.5155,0.03343819799777525
compressor-0054,failure,90,119,FAILURE,62.13046666666666,1.7762951564672158,57.9105,66.5866,0.1101131479421569,6.88802,0.30359265076743874,6.3227,7.5688,-0.021253570634037877,3.1170833333333334,0.2043100015227405,2.644,3.5155,0.009192858731924287
compressor-0054,failure,100,129,FAILURE,62.08336333333334,1.8351373896765582,56.8908,66.5866,-0.05189101223581781,6.666646666666667,0.23709423967884355,6.3227,7.151,-0.01439421579532834,3.2916533333333335,0.3046264474547292,2.8428,4.0298,0.022846629588431533
compressor-0054,failure,110,139,FAILURE,64.05012666666667,3.5338659860397774,56.8908,70.6237,0.20969601779755156,6.454363333333334,0.2792058219108064,5.8102,6.9518,-0.024177330367074645,3.4567233333333336,0.2789899851050014,2.9351,4.0298,0.01809853170189095
compressor-0054,failure,120,149,FAILURE,65.71052,3.9824056795191853,56.8908,70.6237,0.3783989766407092,6.001606666666666,0.5368830890323226,4.8516,6.6872,-0.04914567296996687,3.6971866666666666,0.29398625447837223,3.1769,4.3495,0.017770100111234567
compressor-0054,failure,130,159,FAILURE,68.23919666666667,1.877660186417008,61.6438,70.6237,0.060035394883202337,5.718396666666667,0.4232518536941753,4.8516,6.6822,-0.01899228031145726,4.04001,0.4858391162720433,3.3858,4.9336,0.05152358175750832
compressor-0054,failure,140,169,FAILURE,68.13444000000001,1.392883112731765,64.3502,70.451,-0.054358932146832316,5.524153333333335,0.317697922281878,4.8516,6.1316,0.012235016685205631,4.391363333333333,0.4024658780429577,3.5376,4.9853,0.034588542825361404
compressor-0054,failure,150,179,FAILURE,67.95143333333333,1.5123524395971841,64.3502,70.451,-0.013311012235818936,5.4007933333333344,0.40217771522328566,4.4105,6.1316,-0.03364498331479439,4.632116666666667,0.17779576126056054,4.2353,4.9853,0.0018616907675193897
compressor-0054,failure,160,189,FAILURE,69.52714999999999,3.127379157670738,64.3502,76.0235,0.27546720800889785,5.204856666666667,0.4352382854508806,4.2915,6.1316,-0.024489098998887824,4.728596666666666,0.21756443564046848,4.3548,5.4082,0.013057107897663968
compressor-0055,failure,0,29,NORMAL,52.38421666666667,1.410701848273483,49.7187,55.1776,-0.07759303670745345,7.84564,0.26472219602191777,7.3288,8.2152,-0.02228791991101247,1.50151,0.1613439769560674,1.234,1.8669,-0.007842602892102375
compressor-0055,failure,10,39,DEGRADATION,52.492740000000005,1.690682540198879,49.7187,55.9453,-0.015975973303671464,7.82406,0.25715530923289664,7.3288,8.2311,0.009547897664070977,1.4595,0.12967682650856835,1.234,1.6669,0.009470033370411524
compressor-0055,failure,20,49,DEGRADATION,52.77905333333333,2.1463412298969513,49.7187,57.3444,0.1512289210233587,7.830613333333333,0.2126551633252504,7.4018,8.2311,0.007686718576195562,1.5831533333333334,0.1319663814091385,1.2474,1.8346,0.009227007786429342
compressor-0055,failure,30,59,DEGRADATION,53.43171666666668,1.7155026402551017,50.2356,57.3444,-0.006867919911013432,7.782486666666667,0.258721867048166,7.3321,8.2311,-0.024155817575083612,1.7767066666666664,0.260268538159255,1.2474,2.2679,0.02720880978865403
compressor-0055,failure,40,69,DEGRADATION,54.76343666666666,2.2419579306911372,51.7287,58.9402,0.10569688542825224,7.553403333333335,0.22066576910693594,7.2768,7.997,-0.021908898776418412,2.085123333333333,0.3304176878672744,1.5735,2.7077,0.036022224694104536
compressor-0055,failure,50,79,DEGRADATION,56.41966999999999,2.883103365605657,52.3749,60.6595,0.3017646496106772,7.316723333333332,0.20188626118573685,6.7871,7.7226,-0.017707697441601958,2.2646999999999995,0.19820782359264563,1.8363,2.7077,0.008649877641824202
compressor-0055,failure,60,89,DEGRADATION,57.89263666666667,1.6002069946277435,52.9866,60.6595,0.020976440489431564,7.142773333333333,0.19640813956882974,6.7871,7.5295,-0.01694607341490565,2.4007399999999994,0.18633809701722298,2.0404,2.8955,0.002435239154616218
compressor-0055,failure,70,99,FAILURE,58.461833333333324,1.3018399577350344,55.3938,61.2519,-0.03069210233593031,7.04609,0.13800240179069356,6.7871,7.2873,-0.0027877419354840264,2.4889300000000003,0.26927783811520767,2.0404,2.9951,0.023437486095661757
compressor-0055,failure,80,109,FAILURE,59.35045000000001,2.276428473252199,55.3938,63.8722,0.22472046718575978,7.106186666666668,0.24247346484833265,6.8415,7.8097,0.013451568409343478,2.657683333333334,0.23006291760202371,2.2779,3.0634,0.011946585094549428
compressor-0055,failure,90,119,FAILURE,60.373066666666666,1.8548843542268496,57.1518,63.8722,0.093229410456061,7.033943333333331,0.30545163030430134,6.4965,7.8097,-0.013547119021134662,2.75354,0.21864620371732962,2.2779,3.1921,0.0028814238042268524
compressor-0055,failure,100,129,FAILURE,61.748253333333324,1.5493332963425122,57.1518,64.3625,0.042045561735261194,6.846826666666666,0.39796605042250643,6.3396,7.8097,-0.03324836484983327,2.7212733333333343,0.25027478622950056,2.2912,3.1921,-0.004163781979977842
compressor-0055,failure,110,139,FAILURE,62.34740999999999,2.2349713637762787,57.1518,67.0966,0.1800299221357052,6.587573333333334,0.224841858400274,6.1038,7.0377,-0.012206941045606389,2.91562,0.39383446810388073,2.2912,3.8733,0.025317107897663997
compressor-0055,failure,120,149,FAILURE,63.71894333333332,1.8285637809828303,60.3808,67.4305,0.09608607341490348,6.3136133333333335,0.3477880626026272,5.5417,6.8464,-0.027565739710789922,3.0774,0.40771279679042044,2.2912,3.8733,0.029434171301445985
compressor-0055,failure,130,159,FAILURE,64.53862,2.55640758114455,60.3808,71.2186,0.12194424916573919,6.1587966666666665,0.3686667840415727,5.4962,6.84,-0.021253681868743147,3.3217233333333334,0.2570189457132598,2.8786,3.9495,0.0019024916573970136
compressor-0055,failure,140,169,FAILURE,66.82870666666666,3.684219608902572,60.5048,73.4699,0.3035228476084533,5.928750000000003,0.32978126968239624,5.3429,6.4007,-0.00811873192436054,3.4860599999999993,0.33708066057448816,2.8786,4.0524,0.02635515016685201
compressor-0055,failure,150,179,FAILURE,67.17319,3.4410792417835037,60.5048,73.4699,0.03454556173525989,5.787743333333333,0.3892907385518209,4.9861,6.4007,-0.023516151279199274,3.71631,0.3503539128272058,2.9696,4.3125,0.029657196885428214
compressor-0055,failure,160,189,FAILURE,68.31784,2.7262759142097117,64.4679,73.4699,-0.10796507230256105,5.620279999999998,0.4163844020453536,4.9168,6.383,-0.01126402669632938,4.043186666666667,0.3011529431294928,3.484,4.6161,0.023552925472747364
compressor-0055,failure,170,199,FAILURE,68.34033666666666,2.5244043319145377,64.4679,72.5221,0.23611223581757362,5.503703333333334,0.37128067234311496,4.9168,6.2942,0.002223870967741804,4.20809,0.2727550932613358,3.5493,4.6573,0.015291145717463787
compressor-0055,failure,180,209,FAILURE,70.1892,1.798890694474422,65.9841,73.2792,0.11927835372636086,5.434186666666665,0.3489712306512131,4.9168,6.2942,-0.005429454949944535,4.379090000000001,0.1884797095180274,3.9863,4.6601,0.006831479421579367
compressor-0055,failure,190,219,FAILURE,70.99321333333334,1.5472725154786262,67.9293,73.7316,0.040251701890988,5.333866666666666,0.24815543292237005,4.6716,5.8376,-0.012205962180200371,4.353899999999999,0.24847031345145973,3.8534,4.9439,-0.0047586206896552885
compressor-0055,failure,200,229,FAILURE,72.69853333333332,3.069895111382291,67.9293,79.6917,0.26100373748609407,5.136073333333333,0.3092029117298578,4.3274,5.5659,-0.017307808676307136,4.462376666666667,0.37716133743473174,3.8534,5.3194,0.011048476084538336
compressor-0055,failure,210,239,FAILURE,74.07635,2.934355527965212,67.9293,79.6917,0.20781185761957605,5.030466666666666,0.28559742217946504,4.3274,5.4926,-0.008935439377085732,4.5668066666666665,0.4315775472483351,3.8534,5.3194,0.025547497219132322
compressor-0056,failure,0,29,NORMAL,53.011763333333334,1.6085210551897942,50.4935,56.3839,-0.14509679644049084,8.064556666666668,0.23096312358373475,7.5849,8.4256,-0.01564456062291443,1.4434833333333335,0.12315933334055074,1.1655,1.689,-0.00801733036707456
compressor-0056,failure,10,39,DEGRADATION,53.11213333333333,1.8298723580864569,50.4935,57.799,0.09788867630700651,8.030723333333333,0.2321205371975708,7.5849,8.4256,-0.0063662958843161595,1.44021,0.11980494244117533,1.1655,1.7294,0.00835966629588428
compressor-0056,failure,20,49,DEGRADATION,54.65370666666667,2.767594442584069,50.4935,58.5588,0.3039935038932143,7.85625,0.23249726557531808,7.4138,8.3971,-0.007540756395995711,1.5359900000000002,0.17180485509243718,1.1655,1.9004,0.015892614015572824
compressor-0056,failure,30,59,DEGRADATION,55.75071333333333,1.8265531272013111,52.2784,58.5588,0.0005205784204670594,7.743483333333333,0.2980293017846101,7.2681,8.3971,-0.0281442714126811,1.7107233333333334,0.1832404971311988,1.4736,2.0761,0.01725136818687429
compressor-0056,failure,40,69,DEGRADATION,56.460036666666674,2.074675956301503,53.346,60.9158,0.002638153503892231,7.615726666666665,0.16907583689641228,7.2681,7.9077,0.002081868743047637,1.9297233333333332,0.25346515169194805,1.4736,2.3667,0.027447230255839776
compressor-0056,failure,50,79,DEGRADATION,57.649883333333335,3.162460646931261,53.346,62.9335,0.302973325917686,7.532046666666667,0.19347405120296854,7.1523,7.9077,-0.0022036040044494053,2.07871,0.21175200014797183,1.6963,2.6148,0.010659199110122338
compressor-0056,failure,60,89,DEGRADATION,58.54365,2.47394679688819,53.5842,62.9335,0.03659134593993214,7.40728,0.2881357555042414,6.8861,7.9077,-0.02897530589543965,2.193599999999999,0.16008268904954503,1.831,2.6148,0.0003294327030033108
compressor-0056,failure,70,99,FAILURE,59.636236666666655,2.138143723339373,55.2236,62.9335,-0.018488476084540708,7.271706666666668,0.2615066868913467,6.8424,7.7515,-0.0051629810901003366,2.3834366666666664,0.348820904843095,1.831,3.1822,0.029544983314794153
compressor-0056,failure,80,109,FAILURE,59.51454333333332,2.2358070528981013,55.2236,64.2539,0.17566596218019861,7.11595,0.29271465940969427,6.4902,7.7515,-0.00678364849833179,2.65466,0.36937431746129834,2.0129,3.3691,0.03132582869855395
compressor-0056,failure,90,119,FAILURE,60.52461333333333,1.9816755048415184,56.2074,64.2539,-0.004450100111236435,6.909113333333335,0.4344778688136933,6.0424,7.7515,-0.03439795328142398,2.8510833333333334,0.2460984451844875,2.3932,3.3691,0.0027016907675194075
compressor-0056,failure,100,129,FAILURE,60.39381333333333,2.1802697901457564,55.0506,64.2539,-0.04329588431590774,6.926736666666667,0.44785158663954244,6.0424,7.9178,0.01757132369299207,2.9847566666666676,0.29272429540819156,2.3932,3.7026,0.011829744160177905
compressor-0056,failure,110,139,FAILURE,62.64324,4.222732365471438,55.0506,72.0657,0.33728614015572767,6.915866666666664,0.4546962754288723,6.0424,7.9178,0.024136729699666223,3.1034300000000004,0.31278360799973737,2.3932,3.7026,0.024391345939933178
compressor-0056,failure,120,149,FAILURE,64.75715333333333,4.159456950030324,55.0506,72.0657,0.31469152391546107,6.839013333333335,0.5703843912855805,5.5121,7.9178,-0.04930126807563974,3.1813599999999997,0.2490230626535087,2.7586,3.7026,-0.002906874304783205
compressor-0056,failure,130,159,FAILURE,65.99154000000001,2.9003432882562965,60.6228,72.0657,-0.15390963292547405,6.483953333333334,0.47325226939644877,5.5121,7.4714,-0.027929655172413973,3.294703333333333,0.32141842768509016,2.8149,4.1399,0.014793526140155682
compressor-0056,failure,140,169,FAILURE,66.35337,3.1085723484315646,60.6228,73.1295,0.08973408231368056,6.364573333333332,0.37562485002400403,5.5121,7.0298,0.012331879866518167,3.4818433333333334,0.39845785614318385,2.8149,4.1399,0.040899733036707395
compressor-0056,failure,150,179,FAILURE,66.23569666666667,2.9950121379256913,60.6228,73.1295,0.15624798665183473,6.1306433333333334,0.5246001700872347,5.2181,7.0298,-0.03305248053392678,3.7475433333333332,0.2969978144513674,3.1451,4.3256,0.02064011123470515
compressor-0056,failure,160,189,FAILURE,67.33110666666667,2.4193131771825005,63.0368,73.1295,-0.053576507230256296,5.967613333333333,0.5092217092343526,5.2181,7.0298,-0.037103047830923414,4.07613,0.44797056982946243,3.4721,5.2222,0.03701835372636262
compressor-0056,failure,170,199,FAILURE,67.87411333333333,2.6855577326051945,63.0368,74.4937,0.199172903225805,5.652839999999999,0.24763011340841945,5.2181,6.3172,0.0022687875417128724,4.346783333333333,0.49361397946393515,3.4721,5.2222,0.043111612903225766
compressor-0056,failure,180,209,FAILURE,70.53891999999999,3.5537353101959264,63.0489,75.6577,0.34075403781979874,5.78692,0.2352530473058036,5.366,6.3291,0.007984471635150038,4.478856666666667,0.37723472063896174,3.6315,5.2222,-0.0043691434927698985
compressor-0056,failure,190,219,FAILURE,72.79771666666666,2.552504661319067,67.9375,78.0209,0.1747212235817557,5.708776666666666,0.24919981498566346,5.2617,6.3291,-0.002697107897664277,4.513270000000001,0.35251719026642286,3.8062,5.2477,0.0038255172413791875
compressor-0056,failure,200,229,FAILURE,74.47189666666667,1.6593805805145754,71.5469,78.0209,0.031249365962179112,5.6922500000000005,0.32772446226466934,4.9047,6.3291,-0.014381957730812153,4.661093333333334,0.45745896131662883,3.8062,5.3941,0.046926051167964326
compressor-0057,healthy,0,29,NORMAL,54.25199333333334,0.89518163405845,51.8714,56.0002,-0.039201690767519545,8.110513333333333,0.14455968947885242,7.735,8.3968,-0.009104293659621955,1.59509,0.14256349310628816,1.2686,1.8874,-0.007097508342602924
compressor-0057,healthy,10,39,NORMAL,54.368923333333335,1.3587381400116147,51.8714,58.3251,0.004083359288097246,8.16694,0.20680072469247626,7.735,8.6354,0.014342246941045468,1.5971699999999995,0.1383237462139696,1.2686,1.8505,0.006527942157953269
compressor-0057,healthy,20,49,NORMAL,54.92873999999999,1.8319161779586608,51.8714,58.3251,0.14219870967741885,8.259623333333334,0.20753244675364763,7.896,8.6553,0.013327675194660393,1.5868600000000002,0.13646611447535245,1.2686,1.8505,0.002290456062291417
compressor-0057,healthy,30,59,NORMAL,54.557246666666664,2.2135779788588636,50.5637,58.3251,-0.1040824471635159,8.252086666666667,0.22030347361966154,7.7862,8.6553,-0.016362803114571986,1.5315766666666668,0.1734546351515449,1.2242,1.8505,-0.013149744160178008
compressor-0057,healthy,40,69,NORMAL,54.605039999999995,2.1303511076189614,50.5637,57.655,-0.08695844271412796,8.19827,0.18825558008551388,7.7862,8.6553,-0.005199977753059256,1.4766466666666669,0.12064291589461669,1.2242,1.6884,-0.0012165072302558724
compressor-0057,healthy,50,79,NORMAL,54.20790666666666,1.7282671948001052,50.5637,56.4525,0.13108218020022125,8.159136666666667,0.17420840868211718,7.661,8.3869,0.00955637374860929,1.43292,0.11409986678344547,1.2097,1.6101,0.0027034037819799366
compressor-0057,healthy,60,89,NORMAL,54.18644666666667,1.6928978438825615,51.1992,56.4525,-0.1088252725250293,8.143126666666666,0.19504769832587676,7.661,8.3869,-0.01292787541713038,1.4969300000000003,0.10517155556518121,1.2097,1.7775,0.00201697441601775
compressor-0057,healthy,70,99,NORMAL,54.22302333333333,1.6185477405549575,51.1992,56.5904,-0.024587964404896,8.143333333333333,0.2060768923376795,7.661,8.4734,-0.0004145050055618998,1.5486866666666665,0.1424236888848044,1.2097,1.8113,0.012404760845383734
compressor-0057,healthy,80,109,NORMAL,54.57041333333334,1.9842801611219687,51.1992,58.0848,0.1761910567296984,8.173506666666666,0.19788802714891285,7.7295,8.481,0.015288097886540515,1.6247733333333334,0.13105505187600447,1.3338,1.8467,0.0023375750834259807
compressor-0057,healthy,90,119,NORMAL,54.688340000000004,1.7957697140038127,52.2757,58.0848,-0.09727604004449557,8.182913333333333,0.17410542157618805,7.839,8.481,-0.010036573971079125,1.507696666666667,0.2526590251482992,1.0414,1.8467,-0.024165539488320405
compressor-0057,healthy,100,129,NORMAL,54.699633333333345,1.7124577605171918,52.2757,58.0848,-0.07130242491657494,8.229063333333334,0.20048416809203534,7.839,8.5577,0.003841268075639401,1.44132,0.22597943623259176,1.0414,1.8467,-0.009560000000000046
compressor-0057,healthy,110,139,NORMAL,54.65542666666666,1.5986412540932655,52.2757,57.1043,0.16287296996662962,8.234573333333334,0.21672921650965474,7.839,8.5577,0.014986073414905252,1.3607166666666666,0.16081325211423206,1.0414,1.5949,0.0071973081201334565
compressor-0057,healthy,120,149,NORMAL,54.718830000000004,1.8397775063215298,50.4637,57.1043,-0.10997497219132422,8.256143333333334,0.20056830537804868,7.8606,8.5577,-0.015284516129032337,1.4566466666666664,0.10459584355455473,1.2098,1.6742,0.0017947052280311328
compressor-0057,healthy,130,159,NORMAL,54.01142333333334,2.012521694737448,50.4637,57.1043,-0.17138097886540704,8.194936666666667,0.1924912785614511,7.8606,8.5573,-0.007818932146829933,1.5604166666666666,0.1969115843609907,1.2098,2.0104,0.018747563959955475
compressor-0057,healthy,140,169,NORMAL,54.14618,2.226799468504816,50.4637,58.424,0.16099568409343476,8.260466666666666,0.23911548023682802,7.8606,8.6327,0.02156694104560613,1.726983333333333,0.2042593287683304,1.3178,2.0104,0.019729588431590644
compressor-0057,healthy,150,179,NORMAL,54.552596666666666,1.953480139389415,52.1795,58.424,0.04889274749721713,8.210296666666668,0.2992103100756315,7.6783,8.6327,-0.0115619354838712,1.6912,0.2482796380428058,1.2445,2.0104,-0.017757552836485033
compressor-0057,healthy,160,189,NORMAL,54.316739999999996,2.267905198283209,51.2364,58.424,-0.20262576195773202,8.224169999999999,0.30070914313779473,7.6783,8.6327,-0.012248520578420652,1.6000233333333331,0.2453700194717267,1.2445,2.009,-0.017408921023359343
compressor-0057,healthy,170,199,NORMAL,54.21365666666666,2.1106763428947497,51.2364,57.5106,0.09342311457174547,8.18185,0.28860853966344574,7.6783,8.7371,0.020415105672969978,1.4824733333333335,0.12232424380400732,1.2445,1.7497,0.00671830923248048
compressor-0057,healthy,180,209,NORMAL,54.224669999999996,2.0075338634171693,51.2364,57.5106,0.08557577308120011,8.22904,0.23966259838920775,7.8601,8.7371,-0.00731799777530617,1.5288133333333331,0.13652258600278888,1.2545,1.8465,0.003069276974415962
compressor-0057,healthy,190,219,NORMAL,55.05536333333335,1.4868137662987775,52.5047,57.5106,-0.0926023804226935,8.170553333333332,0.2385217288960391,7.8601,8.7371,-0.017084493882091455,1.5725033333333331,0.1306706559340016,1.2545,1.8465,0.005787741935483823
compressor-0057,healthy,200,229,NORMAL,55.28548999999999,1.9792400399058898,52.5047,61.3285,0.14476665183537182,8.131546666666667,0.17699689212588507,7.8601,8.4371,0.010967430478308962,1.6233666666666666,0.14869936635895784,1.2545,1.9114,0.009292280311457159
compressor-0058,healthy,0,29,NORMAL,51.42833333333332,1.6918076989487378,48.953,54.842,-0.10088698553948972,7.759723333333333,0.3376689628253618,6.9748,8.2043,-0.023626362625139122,1.3783733333333337,0.17748701160617042,1.1205,1.7119,-0.013089299221357084
compressor-0058,healthy,10,39,NORMAL,50.87663666666666,1.825216206642076,48.9132,54.842,-0.1355779977753072,7.697003333333334,0.29696080828209565,6.9748,8.0552,0.0002205784204668883,1.3754266666666668,0.17373066498334588,1.1205,1.7192,0.012681379310344777
compressor-0058,healthy,20,49,NORMAL,50.40730666666665,1.2656007727382104,48.9132,53.196,0.08396640711902023,7.705636666666667,0.28673214269690034,6.9748,8.0914,0.020899110122358077,1.36487,0.17681932237927694,1.1253,1.7192,-0.0004377530589544199
compressor-0058,healthy,30,59,NORMAL,50.52926333333333,1.203338121638672,48.6927,53.196,-0.012120244716352563,7.791830000000001,0.1494659251022342,7.5028,8.0914,-0.006575417130144859,1.4131533333333333,0.18080424908969617,1.1436,1.7192,-0.0036859176863181763
compressor-0058,healthy,40,69,NORMAL,50.80032666666666,1.5487067712413762,48.1334,53.3917,-0.024186340378199705,7.847293333333332,0.18253389809992984,7.5028,8.2354,0.0056541490545047824,1.4005633333333334,0.17150406503118876,1.1436,1.707,0.01389332591768629
compressor-0058,healthy,50,79,NORMAL,50.57685666666667,1.5521997065848911,48.1334,53.3917,0.0446070967741924,7.782553333333333,0.19576773437474884,7.3999,8.2354,-0.0006279866518355476,1.4009766666666663,0.16800949910314267,1.1448,1.707,-0.008129721913236965
compressor-0058,healthy,60,89,NORMAL,50.05309999999999,1.893011473464085,47.3756,53.3917,-0.10510171301446167,7.715633333333333,0.24720510961997172,7.2427,8.2354,-0.023528142380422907,1.3365399999999998,0.17188865698468883,1.0141,1.707,-0.013286763070077895
compressor-0058,healthy,70,99,NORMAL,49.74455666666666,1.429073404152339,47.3756,52.8953,-0.06312238042269322,7.6306666666666665,0.16558017460499982,7.2427,8.0092,0.0008912124582867853,1.3477133333333333,0.19345727475480357,1.0141,1.7705,0.015466607341490538
compressor-0058,healthy,80,109,NORMAL,49.88154,1.4253719443476265,47.3756,53.5946,0.13673810901001077,7.726246666666668,0.2220369199530165,7.2427,8.235,0.020736462736373685,1.3735666666666664,0.1875056911728874,1.0141,1.7705,0.004989721913236915
compressor-0058,healthy,90,119,NORMAL,50.13961666666667,1.6473671327471469,46.5097,53.5946,-0.046904182424917604,7.815646666666667,0.15363888555816707,7.6123,8.235,0.002755194660733992,1.3845633333333331,0.16845562913980905,1.1644,1.7705,-0.011534082313681908
compressor-0058,healthy,100,129,NORMAL,50.22184,1.7539539398361257,46.5097,53.5946,-0.04581161290322713,7.8875833333333345,0.16029517789239806,7.6123,8.235,0.001988587319243428,1.3157333333333336,0.08447109301740775,1.1644,1.4963,0.0012071635150166565
compressor-0058,healthy,110,139,NORMAL,50.689003333333325,2.1233557206276625,46.5097,54.6937,0.14858938820912013,7.915183333333334,0.176171889704976,7.6123,8.2369,0.012828320355950898,1.306283333333333,0.09182906251412035,1.126,1.4982,0.0011840489432702707
compressor-0058,healthy,120,149,NORMAL,50.96813666666666,1.7411067770211248,48.0991,54.6937,-0.01382173526140236,7.908506666666667,0.18134997092791474,7.4869,8.2369,-0.010882269187986822,1.2501466666666665,0.1410176011078838,0.9352,1.4982,-0.011441156840934403
compressor-0058,healthy,130,159,NORMAL,51.24281333333333,1.8182420995260469,48.1991,54.6937,-0.07290286985539611,7.810496666666667,0.21567785620122334,7.4468,8.2369,-0.01799819799777546,1.2367266666666668,0.1656929769852127,0.9352,1.6049,0.0020287875417129915
compressor-0058,healthy,140,169,NORMAL,51.40423333333333,1.9286765969326107,48.1991,54.5343,0.14248947719688382,7.788323333333334,0.18044024437161707,7.4468,8.0789,0.011529588431590422,1.27519,0.18375605813142598,0.9352,1.6049,0.016302625139043358
compressor-0058,healthy,150,179,NORMAL,51.35339999999999,2.033937485273331,47.7942,54.5343,-0.048856907675196216,7.7828066666666675,0.17982846629187743,7.4468,8.0789,0.005468609566184535,1.3442766666666661,0.140270963218416,0.9761,1.6049,0.003028854282536129
compressor-0058,healthy,160,189,NORMAL,50.47656666666666,2.3245783332801584,47.3713,54.5343,-0.22693187986652003,7.904420000000001,0.17946114416961306,7.5845,8.2754,0.004650233592880804,1.4515500000000001,0.1821408498021975,1.1415,1.886,0.01183886540600665
compressor-0058,healthy,170,199,NORMAL,49.88355333333334,1.6766952894972367,47.3713,52.0738,0.062454371523913345,7.9122433333333335,0.21002817855918493,7.5845,8.2754,0.011752280311457083,1.4865899999999999,0.18959276946480144,1.1415,1.886,0.00955637374860954
compressor-0058,healthy,180,209,NORMAL,49.83186666666667,1.387337116525356,47.3713,51.9999,0.06556969966629471,7.86472,0.255913187624241,7.416,8.2754,-0.02057067853170218,1.4716399999999998,0.2015750837777328,1.1265,1.886,-0.01630989988876534
compressor-0058,healthy,190,219,NORMAL,50.533229999999996,0.9907129709288487,49.0992,52.3673,-0.031107341490546624,7.787513333333334,0.2528400900876986,7.416,8.221,-0.009384071190211498,1.4225166666666669,0.19486280316046867,1.1265,1.853,0.0007093437152391351
compressor-0058,healthy,200,229,NORMAL,51.289716666666656,2.0390202675277376,49.0992,57.0339,0.2036954171301433,7.783656666666668,0.23959671489586168,7.416,8.2152,0.018574972191323588,1.4920466666666665,0.24360599162490967,1.1265,1.9671,0.022003826473859827
compressor-0059,failure,0,29,DEGRADATION,52.786043333333325,1.951438613379598,48.4213,55.9273,-0.07204682981090253,8.013203333333333,0.30163918675942764,7.5587,8.5923,-0.02672874304783106,1.4749300000000003,0.10995281760828142,1.2531,1.7079,-0.0013065850945495436
compressor-0059,failure,10,39,DEGRADATION,53.688276666666674,2.312971376056252,48.4213,57.1989,0.04354191323692766,7.915290000000001,0.22948642566972607,7.5587,8.4011,-0.006377018909900126,1.5896133333333335,0.23389440741972053,1.2531,2.0187,0.02306545050055614
compressor-0059,failure,20,49,DEGRADATION,54.93403333333333,3.3647238592325652,48.4213,60.1203,0.3486032480533913,7.7910900000000005,0.2098851485138163,7.2761,8.2271,-0.0011205116796442077,1.8143033333333334,0.25558417332760563,1.4023,2.2065,0.02532745272525026
compressor-0059,failure,30,59,DEGRADATION,56.79481333333333,1.5971914174018782,53.7655,60.1203,0.04788743047830819,7.6543866666666664,0.3571320406920792,6.8223,8.2271,-0.03608088987764193,2.011946666666667,0.2092226656512679,1.639,2.5428,0.014833770856507202
compressor-0059,failure,40,69,DEGRADATION,58.18441333333333,1.6557791681930958,54.4455,61.1048,0.04894927697441518,7.426950000000001,0.27377160280058266,6.8223,8.0187,-0.02139139043381553,2.239646666666667,0.29787229896196943,1.6785,2.7685,0.026834927697441547
compressor-0059,failure,50,79,FAILURE,58.75566666666667,2.455866931972405,54.4455,63.4546,0.1467901223581749,7.30092,0.1625529480917935,6.8223,7.563,0.0005207119021132761,2.4084466666666673,0.3176632564350005,1.6785,2.931,0.020828253615127846
compressor-0059,failure,60,89,FAILURE,60.193846666666666,1.92143529316556,55.9222,63.4546,0.021255439377083903,7.235756666666666,0.17862409819382036,6.6575,7.5395,-0.010006384872080318,2.6062199999999995,0.2505958118830667,2.0734,3.133,0.006617886540600588
compressor-0059,failure,70,99,FAILURE,60.90978333333333,2.883189845071292,55.9058,66.6856,0.07485724137930819,7.257383333333334,0.2172985459121978,6.6575,7.6971,0.0002575528364849367,2.7725633333333333,0.3236189966440303,2.0734,3.5166,0.020151968854282474
compressor-0059,failure,80,109,FAILURE,61.45418,2.45521422438043,55.9058,66.6856,0.08702660734148814,7.1632766666666665,0.35542303684795423,6.4756,7.7403,-0.00779272525027805,2.8666166666666664,0.28222495765297273,2.3396,3.5166,0.010252080088987684
compressor-0059,failure,90,119,FAILURE,61.660263333333326,2.518078544907251,55.9058,66.6856,0.033618398220243276,6.90368,0.5585909913344468,5.9494,7.7403,-0.05398073414905472,3.02637,0.2502321977017879,2.5129,3.5166,0.007983870967741849
compressor-0059,failure,100,129,FAILURE,63.03687333333333,2.8763920474480225,58.3095,70.307,0.21212355951056525,6.519400000000001,0.5224967738337403,5.7334,7.7403,-0.039669810901001384,3.229483333333333,0.39672366040132045,2.5129,4.0542,0.04110351501668516
compressor-0059,failure,110,139,FAILURE,66.03935333333332,4.42046773051098,58.3095,73.3917,0.46436934371523825,6.233780000000001,0.26568509605671653,5.7334,6.9446,-0.0035520355951058568,3.63091,0.40146683246149567,2.942,4.4368,0.04163210233592876
compressor-0059,failure,120,149,FAILURE,68.40619333333333,2.9196987298844532,61.3914,73.3917,0.11754874304782886,5.975696666666667,0.4293104964035031,5.0287,6.9446,-0.028852035595105872,3.9674666666666667,0.3185687883156303,3.3771,4.469,0.026298064516129007
compressor-0059,failure,130,159,FAILURE,70.45727000000001,2.3161085849832967,65.969,74.5683,0.04737132369299022,5.818603333333335,0.3925170361341728,5.0287,6.4058,-0.01692509454949959,4.137433333333333,0.3161094392066703,3.6027,5.0133,0.011890945494994433
compressor-0059,failure,140,169,FAILURE,72.61165000000001,4.246808915311198,65.969,81.7136,0.41012647385984285,5.616983333333334,0.2739674884401837,5.0287,6.1995,0.006912591768631715,4.38365,0.401221429927831,3.6412,5.0438,0.030618932146829758
compressor-0059,failure,150,179,FAILURE,74.45886999999999,3.2151564216120714,68.2915,81.7136,0.09829737486095441,5.519193333333333,0.34711982554859766,4.7998,6.1995,-0.023555595105673087,4.507206666666667,0.3783453069470915,3.6734,5.0438,0.022828965517241284
compressor-0059,failure,160,189,FAILURE,75.46391999999999,2.841105851765002,70.2225,81.7136,-0.07918318131257097,5.222606666666667,0.36397881891975825,4.6087,5.8046,-0.03566447163515032,4.867240000000001,0.35852494808590374,4.2827,5.7325,0.021217886540600608
compressor-0060,healthy,0,29,NORMAL,53.52752333333333,1.2803393968484376,51.4101,55.9165,-0.0987777753058962,7.98606,0.19427177973138537,7.6756,8.3406,-0.00044525027808688165,1.5516,0.0834661727887412,1.4211,1.7232,0.0031074527252502216
compressor-0060,healthy,10,39,NORMAL,53.404329999999995,1.2719590449774707,51.4101,56.626,0.04416344827586173,8.029029999999999,0.21997360318910986,7.6756,8.4326,0.01778404894327012,1.6425766666666666,0.13943059846708283,1.4472,1.9238,0.011929232480533873
compressor-0060,healthy,20,49,NORMAL,53.17592000000001,1.3211227925266198,50.7963,56.626,0.005310522803113382,8.050953333333334,0.1928975319236153,7.7964,8.4326,-0.0033266740823138354,1.5730966666666666,0.20720083732670794,1.2219,1.9238,-0.010159399332591813
compressor-0060,healthy,30,59,NORMAL,52.84168000000001,1.573049594556171,50.1368,56.626,-0.1137995550611797,8.00853,0.17168754400557623,7.7543,8.4326,-0.015095995550611979,1.46057,0.2634316725452731,1.0812,1.9238,-0.02415156840934376
compressor-0060,healthy,40,69,NORMAL,52.38513666666666,1.1531769891574415,50.1368,54.4218,0.014501868743046854,7.924040000000001,0.08053468652284754,7.7543,8.1,0.0025419354838706848,1.3647433333333334,0.14381465081447334,1.0812,1.6514,0.00784651835372632
compressor-0060,healthy,50,79,NORMAL,53.09938666666666,1.6033960456342515,50.1368,56.1745,0.14745624026696327,7.96822,0.10781033778508135,7.7543,8.1679,0.005328809788653819,1.3645533333333333,0.17151765066280755,0.9192,1.6514,0.003043870967741907
compressor-0060,healthy,60,89,NORMAL,53.234893333333346,1.454704555097777,50.9687,56.1745,-0.039084360400446126,7.945156666666667,0.13502131358501232,7.6605,8.1679,-0.007139866518353833,1.4360566666666663,0.18435121133917787,0.9192,1.6759,-0.0027075639599555613
compressor-0060,healthy,70,99,NORMAL,53.64011666666667,1.5032086451062676,50.9687,56.1745,-0.023016662958843942,7.9846466666666664,0.16695689809715034,7.6605,8.3232,0.002805650723025427,1.4929033333333335,0.2434993230426364,0.9192,2.0618,0.017240200222469367
compressor-0060,healthy,80,109,NORMAL,54.10393333333333,1.9356468275201668,50.9687,58.224,0.18806304783092143,7.963670000000001,0.17923261821815065,7.6605,8.3232,0.007122380422691655,1.49196,0.23195496200771393,1.0174,2.0618,-0.002409521690767545
compressor-0060,healthy,90,119,NORMAL,54.40451666666665,1.6784560030145428,52.1521,58.224,-0.06711010011123615,7.925269999999999,0.20926379866888903,7.6139,8.3232,-0.01773078976640732,1.4397266666666666,0.2260475140810494,1.1401,2.0618,-0.015469632925472807
compressor-0060,healthy,100,129,NORMAL,54.06532,1.84834429213463,51.2913,58.224,-0.14314509454950036,7.856183333333332,0.18572768790774188,7.6139,8.2321,-0.0044238264738600324,1.3684133333333333,0.12579303301675956,1.1401,1.5824,0.006334638487208003
compressor-0060,healthy,110,139,NORMAL,54.11814000000001,1.8849824371595623,51.2913,58.2152,0.16107515016685067,7.988663333333333,0.32886008421346735,7.6139,8.6169,0.02878783092324795,1.420536666666667,0.12290492120153512,1.1401,1.6378,0.009178665183537259
compressor-0060,healthy,120,149,NORMAL,53.802943333333324,2.535246432030272,48.3155,58.2152,-0.06470271412680874,8.01554,0.3278818289160491,7.4676,8.6169,-0.0065711679644051176,1.493506666666667,0.07651902130988233,1.3551,1.6431,0.0008819132369298978
compressor-0060,healthy,130,159,NORMAL,53.469866666666675,2.681743015445158,48.3155,58.2152,-0.19524293659621925,8.020923333333334,0.35506045277138687,7.3607,8.6169,-0.022147830923248138,1.5290133333333331,0.12163380213666848,1.3382,1.8396,0.0006628698553948584
compressor-0060,healthy,140,169,NORMAL,53.328706666666676,2.5330708738516488,48.3155,57.7282,0.1676847163515003,7.9840800000000005,0.3139142286251665,7.3607,8.5193,0.019970011123470403,1.476446666666667,0.15002103348827087,1.1918,1.8396,-0.010213837597330392
compressor-0060,healthy,150,179,NORMAL,53.886880000000005,1.940308447884855,50.1399,57.7282,0.07402255839821953,7.958340000000001,0.3184378668856243,7.3607,8.5193,-0.0085584872080091,1.38063,0.1824110178507135,1.1004,1.8396,-0.016737730812013372
compressor-0060,healthy,160,189,NORMAL,54.09861,1.7190215324131348,51.4185,57.7282,-0.1346798442714132,7.955556666666666,0.28236235665462817,7.4645,8.5193,-0.0188634260289212,1.3357833333333333,0.1320834536277055,1.1004,1.6073,0.006699555061179081
compressor-0060,healthy,170,199,NORMAL,53.86000000000001,1.5090626152239892,51.4185,57.2208,0.07772342602891973,7.861829999999999,0.17809064199633468,7.4645,8.1485,0.011452658509454754,1.37992,0.16875700755820483,1.1004,1.7539,0.010783225806451576
compressor-0060,healthy,180,209,NORMAL,53.384060000000005,1.7381649489428015,50.2574,57.2208,-0.019388832035596562,7.8394233333333325,0.20758385563964799,7.3511,8.1485,-0.011399087875417215,1.4003633333333334,0.15616438237390182,1.1003,1.7539,-0.006535239154616273
compressor-0060,healthy,190,219,NORMAL,52.99696666666667,2.1195989388456375,49.9617,57.2208,-0.1496484538375988,7.808400000000001,0.2077488034462132,7.3511,8.138,-0.008762580645161503,1.44473,0.18365074126359157,1.1003,1.9093,0.004287452725250267
compressor-0061,degrading,0,29,NORMAL,52.86697999999999,2.0231602071017503,49.9087,57.4954,-0.14011061179087894,7.997673333333335,0.2709943811635626,7.5799,8.3632,-0.024945272525027967,1.4350266666666667,0.17364208770405354,1.1041,1.8897,-0.005549810901001118
compressor-0061,degrading,10,39,DEGRADATION,52.73834333333333,2.319960426628484,49.9087,57.4954,0.021402691879866355,7.899386666666669,0.1926118216055865,7.5799,8.281,0.004668743047830775,1.47137,0.19482696793137577,1.1041,1.8919,0.016293904338153475
compressor-0061,degrading,20,49,DEGRADATION,53.46508666666668,2.512282336406921,49.9087,57.5646,0.19838994438264618,7.8368199999999995,0.23009655857197575,7.2968,8.281,-0.0014341268075641952,1.646823333333333,0.20513496318819527,1.3257,2.1653,0.01643125695216905
compressor-0061,degrading,30,59,DEGRADATION,54.24907333333333,1.9831622344012996,50.3995,57.5646,0.005937975528363572,7.757833333333335,0.27438326884528186,7.2968,8.281,-0.025019621802002286,1.6952500000000004,0.1773358936218685,1.3507,2.1653,-0.0011513459399332855
compressor-0061,degrading,40,69,DEGRADATION,55.258473333333335,2.038263818046024,52.2446,59.8808,0.05938042269187877,7.646766666666666,0.20495013268814646,7.2968,8.0459,-0.0041338375973306125,1.8115200000000002,0.21196298953669562,1.3507,2.2271,0.006339755283648456
compressor-0061,degrading,50,79,DEGRADATION,56.77274333333333,3.0151129341682856,52.6832,61.8596,0.29541412680756296,7.623540000000001,0.19718385599908178,7.3127,8.1064,0.005758709677419093,1.9095133333333336,0.24241533468179957,1.3507,2.2732,0.022448498331479383
compressor-0061,degrading,60,89,DEGRADATION,57.499599999999994,2.3906384827767946,53.5618,61.8596,-0.04328235817575303,7.374783333333335,0.47205639146422135,6.5206,8.1064,-0.04375397107897683,2.0664333333333333,0.11597514197256047,1.7672,2.2732,0.004374727474972168
compressor-0061,degrading,70,99,DEGRADATION,57.70178999999999,2.3654305237947706,53.5618,61.8596,-0.11962765294772117,7.245593333333333,0.41933282957044465,6.5206,8.1064,-0.018627363737486396,2.1852733333333334,0.14676197721329443,1.9591,2.4849,0.010591902113459398
compressor-0061,degrading,80,109,DEGRADATION,57.573636666666665,2.1448466825522887,53.5618,61.3661,0.18382342602891957,7.092,0.26975790380759307,6.5206,7.6662,0.02022607341490528,2.299893333333334,0.19489049734544667,1.9591,2.6938,0.01773263626251385
compressor-0061,degrading,90,119,DEGRADATION,58.266976666666665,1.757317018389745,54.6246,61.3661,0.03488113459399272,7.17099,0.1858825639124516,6.7353,7.6662,-0.014493681868743292,2.35912,0.13845304715558512,2.1153,2.6938,-0.003864916573971108
compressor-0061,degrading,100,129,DEGRADATION,58.657576666666664,1.667617050101398,55.0315,61.3661,-0.035005717463849645,7.134113333333333,0.16816388382236602,6.7353,7.4598,-0.002015928809788829,2.489283333333333,0.22775934533820757,2.1153,2.9757,0.012242202447163513
compressor-0061,degrading,110,139,DEGRADATION,58.724759999999996,1.6740409275363217,55.0315,61.2478,0.10252240266963185,7.12509,0.17344581545831542,6.7353,7.4598,0.008424360400444747,2.5210033333333333,0.22687011920675867,2.1153,2.9757,0.0119007119021134
compressor-0062,failure,0,29,DEGRADATION,53.60415999999999,1.6063304991190326,50.9332,57.0392,-0.1017863403781993,7.650333333333333,0.28438089285713664,7.1832,8.113,-0.021127385984427288,1.32213,0.15837558555535006,1.07,1.7993,0.003597842046718535
compressor-0062,failure,10,39,DEGRADATION,54.50673333333332,2.439445204868426,50.9332,59.1267,0.11091354838709663,7.5132966666666645,0.28167566748932277,7.0947,8.113,-0.018937819799777676,1.5009933333333336,0.3114044122287858,1.07,2.2385,0.029596129032258063
compressor-0062,failure,20,49,DEGRADATION,55.628513333333345,2.6507916662427893,50.9332,59.1267,0.26179394883203333,7.305396666666664,0.20724267977958166,6.8417,7.7099,-0.010642914349277145,1.7480166666666668,0.313576866794872,1.07,2.2385,0.03137319243604004
compressor-0062,failure,30,59,DEGRADATION,57.43190666666667,1.0883342494942545,54.6622,59.1267,0.05530932146829619,7.099369999999999,0.30867065096420604,6.5501,7.5593,-0.030356640711902243,2.0250333333333335,0.2229621348022026,1.6681,2.7262,0.018390878754171246
compressor-0062,failure,40,69,FAILURE,57.817183333333325,0.8707924950232918,56.3321,60.125,0.024792191323691985,6.999896666666666,0.24384262887271285,6.5501,7.4837,-0.0002561735261402767,2.25675,0.2884550083346332,1.8302,2.7262,0.027254927697441544
compressor-0062,failure,50,79,FAILURE,58.933613333333334,1.8269950355220514,56.3732,63.586,0.16513014460511513,6.8226233333333335,0.31317590018319663,6.3266,7.4837,-0.010492969966629698,2.3528266666666666,0.25666478908404156,1.8403,2.7316,0.0036557953281423396
compressor-0062,failure,60,89,FAILURE,60.27188333333334,2.061568181762504,56.3732,64.3238,0.16519130144604965,6.638539999999998,0.44785367669958154,5.7918,7.4837,-0.043414593993326145,2.40243,0.2227643061623652,1.992,2.7433,-0.011280511679644098
compressor-0062,failure,70,99,FAILURE,63.17805666666666,2.9970078332322654,58.686,69.0824,0.2729641156840913,6.432316666666666,0.3112698176644965,5.7918,7.2398,-0.008504716351501759,2.5949999999999998,0.44915548903841007,1.992,3.3397,0.039058375973303604
compressor-0062,failure,80,109,FAILURE,65.16918666666668,2.8514607535709753,58.7802,69.0824,0.24108556173525958,6.373433333333335,0.260593199365516,5.7918,6.742,0.008419132369299129,2.768660000000001,0.43696081868591685,2.0691,3.3553,0.023270834260289152
compressor-0062,failure,90,119,FAILURE,66.89706333333334,1.4929833768852068,63.7986,69.0824,0.012334705228029553,6.086116666666666,0.5863785279625745,4.7798,6.742,-0.04966013348164646,3.0773633333333326,0.36211465447961216,2.2219,3.8881,0.008987786429365945
compressor-0062,failure,100,129,FAILURE,68.15012666666668,2.689988262791411,64.1431,75.0142,0.17930295884315783,5.862936666666667,0.513507507561693,4.7798,6.7115,-0.026854972191323847,3.337966666666667,0.541562468747194,2.2219,4.1199,0.05090122358175743
compressor-0062,failure,110,139,FAILURE,69.20757666666667,2.968776288830504,64.1431,75.0142,0.20317973303670597,5.5811933333333315,0.33665142302123463,4.7798,6.1617,0.007995461624026506,3.711226666666667,0.3799439668629515,2.9543,4.2826,0.032770856507230224
compressor-0062,failure,120,149,FAILURE,70.81048333333332,2.5271892603026176,65.2499,75.0142,0.12064144605116638,5.499793333333333,0.37019707718397177,4.6875,6.1617,-0.03376133481646287,4.004846666666667,0.21589731159872172,3.5377,4.3823,0.01214678531701879
compressor-0062,failure,130,159,FAILURE,72.03690333333333,2.8760831778054614,66.7997,78.7771,0.24177136818687261,5.114106666666668,0.4475391647169614,4.3112,5.8655,-0.04698905450500575,4.215686666666667,0.3290242764430748,3.5377,4.8455,0.03106941045606223
compressor-0063,degrading,0,29,NORMAL,53.992309999999996,1.1283546154615276,52.0418,56.0355,-0.05596718576195938,8.049123333333332,0.30389425428739003,7.6325,8.6112,-0.02140852057842057,1.5256933333333331,0.12325858167103643,1.3614,1.8222,0.005740645161290291
compressor-0063,degrading,10,39,NORMAL,54.020610000000005,1.2288283195385752,52.0418,56.0355,-0.02679045606229253,8.03334,0.2871340077385471,7.6325,8.6112,0.010109632925472659,1.5825799999999999,0.10946802394611253,1.412,1.8222,0.0005878976640711481
compressor-0063,degrading,20,49,NORMAL,53.712599999999995,1.0582662204442386,52.0418,55.7971,0.06803159065628356,8.029670000000001,0.21161076240746038,7.6325,8.4041,0.006196151279198969,1.4968166666666665,0.15630253801166794,1.2427,1.8222,-0.010581957730812075
compressor-0063,degrading,30,59,DEGRADATION,53.733489999999996,1.0687707276274618,51.4225,55.7971,-0.04630378197997947,8.013576666666667,0.20439837031857389,7.5601,8.4041,-0.01866066740823159,1.4299199999999999,0.1646347500782667,1.0537,1.7455,-0.009685606229143547
compressor-0063,degrading,40,69,DEGRADATION,54.11003333333335,1.429439906474638,51.4225,57.7478,0.07367528364849729,7.8683966666666665,0.14285286715903026,7.5601,8.1501,-0.006502669632925608,1.4665733333333337,0.20833018013613763,1.0537,1.8488,0.01961370411568408
compressor-0063,degrading,50,79,DEGRADATION,54.73957666666668,1.7500877434542783,51.4225,58.4604,0.1477025361512772,7.8664000000000005,0.14941549004928054,7.5601,8.1527,0.006771835372636093,1.6058,0.2274760031300005,1.0537,2.0934,0.01685944382647384
compressor-0063,degrading,60,89,DEGRADATION,55.095159999999986,1.457537097435259,52.3863,58.4604,-0.062464026696330756,7.76908,0.2224737233922244,7.2934,8.1527,-0.013478086763070387,1.709566666666667,0.16904570848014908,1.4428,2.0934,-0.0012155283648498567
compressor-0063,degrading,70,99,DEGRADATION,56.04073,2.169194195263916,52.3863,60.0401,0.09741181312569355,7.773246666666667,0.2174853324300796,7.2934,8.1527,-0.007249477196885649,1.8727199999999997,0.29326840425339606,1.4428,2.3741,0.02236969966629583
compressor-0063,degrading,80,109,DEGRADATION,56.99148,2.828889148340741,52.3863,63.1022,0.20656173526140018,7.688596666666666,0.1811539667121743,7.2934,8.0109,0.006976618464960971,1.9718833333333334,0.2693232717798858,1.443,2.3741,0.017417374860956604
compressor-0063,degrading,90,119,DEGRADATION,57.24582,2.5624154926423106,52.3629,63.1022,-0.158949276974418,7.6858433333333345,0.18606661295233903,7.3518,8.0109,-0.015595038932147035,2.0718333333333336,0.15123919979805353,1.7833,2.3741,-0.01118500556173528
compressor-0063,degrading,100,129,DEGRADATION,56.710026666666664,2.2993410587866743,52.3629,63.1022,-0.12342536151279428,7.5971,0.1834364849205304,7.2993,8.0109,-0.008121779755283769,2.1239800000000004,0.21031463001893136,1.7833,2.5347,0.013732680756395938
compressor-0063,degrading,110,139,DEGRADATION,57.05491666666667,2.4311279823822973,52.3629,62.5991,0.23642204671857486,7.570956666666668,0.19378121629530784,7.2993,8.0077,0.0032048275862067805,2.1813066666666665,0.19979221361760371,1.8237,2.5347,0.010527030033370379
compressor-0063,degrading,120,149,DEGRADATION,58.10963333333333,1.7958121674854777,55.793,62.5991,0.05168849833147829,7.49138,0.23444542136710625,7.0679,8.0077,-0.013475906562847787,2.2036533333333335,0.1824271009350188,1.8151,2.5347,-0.013550700778642987
compressor-0063,degrading,130,159,DEGRADATION,58.79473666666666,1.815270958559324,56.3003,62.5991,-0.03955655172413913,7.451336666666666,0.21954725305095987,7.0679,8.0077,-0.012280333704115784,2.1848966666666665,0.1846007357936461,1.8151,2.7068,0.004864582869855344
compressor-0063,degrading,140,169,DEGRADATION,58.767759999999996,1.5790557899369275,56.3003,62.0834,0.10732333704115536,7.3674066666666675,0.1314660258605073,7.0679,7.6026,0.0029756618464958236,2.1483599999999994,0.19079278218353365,1.8151,2.7068,0.0037862958843158496
compressor-0063,degrading,150,179,DEGRADATION,59.249233333333336,1.5379301549665885,56.38,62.0834,0.03532200222469352,7.266566666666665,0.23632100249919014,6.761,7.6026,-0.021046896551724405,2.2869933333333337,0.22044175335498992,1.8734,2.7068,0.008750077864293637
compressor-0063,degrading,160,189,DEGRADATION,59.06578666666666,1.4207458782234383,55.5643,61.1071,-0.07992600667408345,7.1092433333333345,0.22130961823251655,6.761,7.4694,-0.019356907675194775,2.4067,0.27555970798842605,1.8734,2.8855,0.02875132369299217
compressor-0063,degrading,170,199,DEGRADATION,59.51527999999999,1.841144652908438,55.5643,63.3056,0.09245953281423712,7.115786666666667,0.23417021548912287,6.761,7.671,0.018705628476084438,2.5902733333333336,0.17875568043810208,2.1766,2.8855,0.009638264738598343
compressor-0063,degrading,180,209,DEGRADATION,59.89396333333334,2.0061988827105073,55.5643,63.6495,0.10838743047830822,7.136256666666667,0.21929021057848336,6.8402,7.671,0.002545962180200063,2.5715899999999996,0.18258240943018944,2.2314,2.8855,-0.012081846496106836
compressor-0063,degrading,190,219,DEGRADATION,61.11220666666667,1.5977973336092688,57.9075,63.6495,0.02436516129032021,7.135553333333334,0.26187229932842376,6.4474,7.671,-0.01771879866518367,2.5431966666666668,0.17518023192003018,2.2314,2.8545,-0.002723314794215858
compressor-0064,failure,0,29,DEGRADATION,56.105103333333325,1.508513194613233,53.2748,59.0427,-0.06947463848720924,7.903896666666666,0.21624471705814124,7.4108,8.2472,-0.021024849833148028,1.5089166666666665,0.25151003967149216,1.1663,2.1513,0.0015607341490544782
compressor-0064,failure,10,39,DEGRADATION,56.35586666666667,1.8682350420175244,53.2748,60.8822,0.07362060066740751,7.735976666666668,0.19296255713364596,7.4108,8.1502,-0.017729899888765565,1.6361066666666666,0.34739177109169156,1.1663,2.1513,0.03449481646273633
compressor-0064,failure,20,49,DEGRADATION,57.74053666666667,2.5258694569703226,53.3949,63.1841,0.24952238042268968,7.4497800000000005,0.31346679186159415,6.6278,7.8573,-0.031759777530589714,1.96513,0.3629918301651797,1.1693,2.5795,0.037316106785317
compressor-0064,failure,30,59,DEGRADATION,59.70267666666667,2.045458132494745,54.299,63.1841,0.1734084315906553,7.087376666666667,0.4369149296932859,6.3437,7.7341,-0.044750055617352784,2.2568366666666666,0.24419772382686583,1.8533,2.7724,0.024682825361512752
compressor-0064,failure,40,69,FAILURE,61.578013333333324,1.6071358479675026,58.6316,65.5329,0.13348017797552755,6.895770000000001,0.2907405374212548,6.3437,7.3349,-0.0005002669632927514,2.60561,0.36369694284298476,2.0268,3.3012,0.0381128587319243
compressor-0064,failure,50,79,FAILURE,63.94634999999999,2.8538548724780415,60.0363,70.6631,0.29926498331479384,6.901136666666667,0.31598937902333923,6.3437,7.3893,0.021832769744160114,2.7669033333333335,0.29367541661198376,2.2765,3.3012,0.017795439377085553
compressor-0064,failure,60,89,FAILURE,65.46467666666666,2.3086897286387837,61.5619,70.6631,0.11045288097886452,6.799049999999999,0.42440267730069753,5.8418,7.3893,-0.03177417130144626,2.9272766666666663,0.22803340936996247,2.4251,3.3012,-0.002015862068965615
compressor-0064,failure,70,99,FAILURE,66.59353333333333,1.8818662953450114,62.41,70.6631,-0.035814460511681356,6.562326666666667,0.4228607382526256,5.8418,7.3893,-0.037156218020022475,3.0150266666666656,0.32734858172223014,2.4251,3.722,0.023860066740823076
compressor-0064,failure,80,109,FAILURE,66.84645333333334,2.0833901983279306,62.41,71.867,0.11151942157953276,6.280053333333334,0.1869205370085256,5.8418,6.5709,-0.005171301446051375,3.2994499999999998,0.386759862403878,2.6058,4.0181,0.026892258064516054
compressor-0064,failure,90,119,FAILURE,68.26166333333333,2.097248186947734,62.903,72.7167,0.15613924360400352,5.9937766666666645,0.4277397594202449,5.1747,6.5563,-0.04260335928809806,3.5190333333333332,0.3266355015745975,2.8647,4.1596,0.013115016685205698
compressor-0064,failure,100,129,FAILURE,70.41825666666666,2.650663793930787,66.4058,76.365,0.2180518131256939,5.686476666666666,0.42790852969868337,5.0891,6.5563,-0.040694527252502985,3.885073333333334,0.4526596572358629,3.1236,4.7444,0.03394678531701882
compressor-0064,failure,110,139,FAILURE,72.75144666666667,2.649051935533833,67.6161,76.365,0.23941650723025446,5.45145,0.17665115104823598,5.0891,5.7516,0.0004632480533925441,4.143483333333333,0.4373399753687691,3.265,4.7444,0.03940416017797541
compressor-0064,failure,120,149,FAILURE,73.62645333333333,2.1091692368850388,69.1685,76.9613,-0.038148342602894125,5.2842600000000015,0.3415247678670856,4.5826,5.7146,-0.024676796440489555,4.459446666666667,0.19086397727759483,4.1139,4.8881,0.008096017797552714
compressor-0065,failure,0,29,DEGRADATION,51.05790666666667,2.190286877699408,46.8646,54.1801,-0.12996444938821,7.955093333333333,0.28963950574617564,7.4127,8.4791,-0.029985806451613167,1.6211399999999998,0.26184092448151286,1.1283,2.1481,0.009887252502780811
compressor-0065,failure,10,39,DEGRADATION,51.718349999999994,2.5758403323640486,46.8646,56.3595,0.05763196885428126,7.736206666666667,0.23407284041986207,7.3604,8.1447,-0.01994206896551749,1.8673199999999999,0.4458285832021092,1.1283,2.5493,0.04432783092324802
compressor-0065,failure,20,49,DEGRADATION,53.324696666666675,3.8910530558777467,46.8646,59.0796,0.403229877641823,7.564743333333334,0.1693286088907864,7.3047,8.0731,-0.008647319243604203,2.20598,0.31739814261166266,1.28,2.609,0.027804137931034433
compressor-0065,failure,30,59,DEGRADATION,55.57145,2.1934709095783935,51.2729,59.0796,0.09065506117908734,7.323016666666666,0.36833488936322917,6.6444,8.0731,-0.037128164627363965,2.4140333333333337,0.1175177386137467,2.1466,2.6262,0.002813481646273588
compressor-0065,failure,40,69,FAILURE,56.91772666666667,1.9699898119759112,52.813,60.172,0.04336867630700756,7.254469999999999,0.33126427229630423,6.6444,7.9031,-0.003822936596218186,2.606753333333333,0.3410916501795701,2.1931,3.7779,0.027898909899888732
compressor-0065,failure,50,79,FAILURE,57.80436666666666,2.574179624182344,52.813,62.9576,0.26022171301445995,7.032806666666667,0.35381715328055474,6.3229,7.9031,-0.004162091212458417,2.931583333333334,0.45834851520310277,2.2516,3.8572,0.04745070077864292
compressor-0065,failure,60,89,FAILURE,59.88369333333332,2.2143701688340682,55.281,64.869,0.20172275862068856,6.878323333333335,0.4689616350216959,5.9967,7.9031,-0.04161550611790894,3.240213333333334,0.33304762795865833,2.425,3.8572,0.025080088987764076
compressor-0065,failure,70,99,FAILURE,61.97056333333334,2.2854917289259418,57.5337,66.5993,0.20987895439376894,6.604323333333334,0.29508060783830276,5.9967,7.1108,-0.00845942157953288,3.5728766666666667,0.34026397956423315,3.0461,4.2329,0.025817997775305836
compressor-0065,failure,80,109,FAILURE,64.75674666666667,3.2052291708740928,58.6822,69.6526,0.3343331701890977,6.37458,0.30359196783402115,5.8443,7.0085,-0.013536017797553009,3.5195000000000003,0.3739567399223248,2.8935,4.2329,-0.006821490545050161
compressor-0065,failure,90,119,FAILURE,66.56575666666667,2.32909402152902,62.4798,69.7327,0.12047913236929866,6.056299999999999,0.5154989091485386,4.9635,7.0085,-0.0529124360400446,3.5493433333333324,0.3892125586217496,2.8935,4.2329,-0.020471568409343825
compressor-0065,failure,100,129,FAILURE,67.22180999999999,2.6527844227465343,60.6471,72.3335,-0.07751713014460633,5.570383333333334,0.4992196257382339,4.5177,6.4339,-0.052655773081201514,3.7553766666666673,0.6283023537986221,2.8935,4.8594,0.06444816462736368
compressor-0065,failure,110,139,FAILURE,68.90282333333334,4.231265969477167,60.6471,77.0102,0.3283655394883178,5.289206666666669,0.34688172425514463,4.5177,5.7673,-0.01466353726362635,4.263326666666667,0.611826417067964,3.1286,5.159,0.06115221357063405
compressor-0066,failure,0,29,DEGRADATION,53.06678333333334,1.607575067419524,50.251,56.107,-0.1317252280311468,7.722313333333332,0.2955884884241754,7.2079,8.2201,-0.03139056729699699,1.47943,0.13699165704523758,1.2426,1.8512,-0.004633570634037876
compressor-0066,failure,10,39,DEGRADATION,53.558033333333334,2.0488143030109445,50.251,56.8984,0.10602144605116548,7.544963333333333,0.1886415144894911,7.2079,7.9164,-0.010091902113459558,1.63646,0.29860528974997524,1.2426,2.13,0.0245800667408231
compressor-0066,failure,20,49,DEGRADATION,54.48496333333333,2.4853306090583245,50.251,58.9765,0.23865061179087801,7.450213333333332,0.1588524781746329,7.1846,7.7514,8.698553948811924e-05,1.8589999999999998,0.32910011647926635,1.2426,2.2275,0.03161997775305894
compressor-0066,failure,30,59,DEGRADATION,56.43629333333333,1.5216267947897812,54.0734,59.8348,0.07306456062291355,7.258146666666668,0.362085310144201,6.4545,7.7514,-0.03415305895439404,2.107153333333333,0.11718003167017077,1.9099,2.3919,0.006698464961067845
compressor-0066,failure,40,69,DEGRADATION,57.58012666666666,2.2077684292717143,54.0939,62.6152,0.1625531479421573,7.0360533333333315,0.32874787576838,6.4545,7.719,-0.02897908787541727,2.310076666666667,0.26101499150219104,1.9702,2.8439,0.02393310344827579
compressor-0066,failure,50,79,FAILURE,59.93917,3.225527925384205,54.3184,66.2143,0.319032191323691,6.859173333333334,0.2115689453162307,6.4545,7.2865,-0.0006474749721915265,2.5004933333333335,0.3382434881692312,1.989,3.391,0.027876529477196856
compressor-0066,failure,60,89,FAILURE,60.971030000000006,2.471203727356366,55.5954,66.2143,0.0832664516129014,6.712493333333334,0.3293944149833482,6.1,7.2865,-0.01932115684093456,2.8673433333333334,0.40401172646622796,2.1817,3.6904,0.03687397107897663
compressor-0066,failure,70,99,FAILURE,62.17498666666666,1.9443775102816032,58.902,66.2143,-0.004957152391547782,6.736833333333334,0.3983630223245571,6.1,7.4983,-0.00048333704115693254,3.15069,0.43714875374407736,2.2054,3.8733,0.040741468298108964
compressor-0066,failure,80,109,FAILURE,62.91578666666667,2.6262715457130903,58.902,68.6785,0.22115359288097802,6.553826666666666,0.4018676174507665,5.906,7.4983,-0.004337797552836725,3.286133333333334,0.2590296062014705,2.882,3.8733,-0.006983804226918878
compressor-0066,failure,90,119,FAILURE,64.63698666666666,1.9896241118585403,60.9768,68.6785,0.09219835372636126,6.329776666666667,0.5634335782700763,5.3152,7.4983,-0.05941991101223601,3.4008899999999995,0.4089505995838617,2.6803,4.2644,0.011168609566184566
compressor-0066,failure,100,129,FAILURE,65.24422333333334,2.346381444932222,59.3139,68.9851,-0.03016429365962325,5.932203333333334,0.34014773700392137,5.3152,6.6781,-0.029692169076752054,3.5961300000000005,0.5227326328376041,2.6803,4.3281,0.0475827141268075
compressor-0066,failure,110,139,FAILURE,67.08098333333332,3.7825378851668128,59.3139,74.8144,0.2690212903225791,5.676523333333334,0.19143160603434556,5.3152,6.0622,-0.008094616240267137,3.9249399999999994,0.4222977674579869,2.6803,4.3968,0.02376627363737481
compressor-0066,failure,120,149,FAILURE,67.58655999999999,3.678856429435648,59.3139,74.8144,0.14551626251390345,5.434803333333332,0.37511211344817386,4.569,6.0622,-0.037208654060066966,4.026339999999999,0.23326587777326824,3.5375,4.3968,-0.007922491657397192
compressor-0066,failure,130,159,FAILURE,70.28430333333334,3.690505424688542,63.5995,76.8529,0.1283440489432695,5.211106666666668,0.3995974715746946,4.3352,6.0622,-0.022079599555061245,4.190896666666667,0.34870448757587785,3.5375,4.8948,0.02078774193548381
compressor-0066,failure,140,169,FAILURE,72.29617333333333,4.837043943562592,63.5995,79.1121,0.5172629143492764,4.959463333333333,0.3469144125797536,4.2388,5.554,-0.0069170856507231055,4.558306666666667,0.5566821252943391,3.6461,5.5392,0.05732894327030026
compressor-0067,degrading,0,29,NORMAL,53.744486666666674,1.561882746929345,51.0702,56.3318,-0.10933468298109147,8.0311,0.1379952583726461,7.8175,8.3617,-0.008344382647386251,1.5117833333333335,0.18873806731964687,1.1106,1.8211,-0.012982580645161322
compressor-0067,degrading,10,39,NORMAL,53.39546666666667,1.3919565812992238,51.0702,56.3318,-0.06783470522803271,7.99232,0.12245325475462066,7.7731,8.3617,-0.0031016685205785626,1.5287199999999996,0.205747980792036,1.1106,1.8564,0.010874349276974383
compressor-0067,degrading,20,49,DEGRADATION,53.61866666666667,1.6624857100806079,51.0702,57.2486,0.13454691879866415,7.851920000000001,0.2331425006299796,7.2648,8.1635,-0.014767741935484012,1.6268766666666667,0.2075552435430679,1.2387,2.1111,0.01852780867630699
compressor-0067,degrading,30,59,DEGRADATION,53.78376333333334,1.5779911952613113,50.8599,57.2486,-0.02709733036707503,7.736286666666669,0.265633249341184,7.2648,8.1635,-0.020873236929922313,1.6941366666666664,0.1677496119882911,1.3195,2.1111,-0.003611412680756441
compressor-0067,degrading,40,69,DEGRADATION,54.654309999999995,2.490231411381949,50.8599,61.203,0.06762751946607133,7.686493333333332,0.23020943353583262,7.2648,8.137,0.005761957730811838,1.79335,0.2533122194052233,1.3195,2.3148,0.015178042269187945
compressor-0067,degrading,50,79,DEGRADATION,55.63793333333333,3.2942411305522588,50.8599,61.5323,0.2711599110122351,7.677833333333334,0.1933886214049031,7.3099,8.137,0.0003380200222468449,1.9438499999999999,0.29536504504313527,1.3195,2.3148,0.02836291434927697
compressor-0067,degrading,60,89,DEGRADATION,56.384953333333335,2.704842532537194,52.4644,61.5323,-0.05267906562847768,7.568490000000001,0.2992331191005881,6.878,8.137,-0.028943604004449442,2.10089,0.1776493556607135,1.7147,2.406,0.006751212458286944
compressor-0067,degrading,70,99,DEGRADATION,56.332919999999994,2.2066735850445425,53.11,61.5323,-0.12943741935484063,7.508840000000001,0.2571193401256831,6.878,7.8348,0.001044671857619497,2.2472300000000005,0.21458870916243475,1.8649,2.7418,0.014858754171301418
compressor-0067,degrading,80,109,DEGRADATION,56.69447333333334,2.1822736245994045,53.11,59.7533,0.20979319243603958,7.510266666666666,0.2661377817764492,6.878,8.0944,0.01579061179087848,2.332936666666667,0.24616610040557754,1.8649,2.7418,0.01833127919911006
compressor-0067,degrading,90,119,DEGRADATION,57.55204333333333,1.707906254391291,53.7611,59.7533,0.09038845383759453,7.456463333333332,0.3139210372937047,6.9124,8.0944,-0.026283492769744406,2.3998700000000004,0.23236913758070368,1.909,2.7418,-0.005585606229143575
compressor-0067,degrading,100,129,DEGRADATION,58.363389999999995,1.1639271212437088,56.2216,59.9364,-0.036344093437153877,7.322986666666667,0.2735035645512178,6.9124,8.0944,-0.017940556173526252,2.3906399999999994,0.2194779481709571,1.909,2.7217,-0.0002612235817575767
compressor-0067,degrading,110,139,DEGRADATION,58.46025666666669,1.4604485700595178,56.2216,61.8964,0.09780149054504797,7.163670000000001,0.1700910131860783,6.7816,7.5992,0.0034863403781978677,2.4009033333333334,0.2183094813688941,1.909,2.7217,0.011364204671857555
compressor-0067,degrading,120,149,DEGRADATION,58.60443999999999,1.5873272476293812,55.5168,61.8964,-0.0382412903225818,7.235753333333334,0.19850395081430722,6.7816,7.609,0.0014406674082312542,2.4000800000000004,0.16720369493524956,2.0223,2.7015,-0.006979621802002256
compressor-0067,degrading,130,159,DEGRADATION,58.94659333333333,1.62575903953268,55.5168,61.8964,-0.03857650723025716,7.138386666666667,0.22180200740500272,6.7816,7.609,-0.007303982202447396,2.5022866666666674,0.23088552536315965,2.0223,2.8109,0.011703403781979912
compressor-0068,healthy,0,29,NORMAL,51.11739666666666,1.235237204880999,48.7221,53.3459,-0.09698814238042379,8.069706666666667,0.16811282904314256,7.7266,8.4267,-0.005517819799777716,1.4438566666666666,0.15263778842591885,1.1905,1.7251,-0.0053281646273637615
compressor-0068,healthy,10,39,NORMAL,51.19497333333334,1.4991521365832832,48.7221,55.2472,0.05463012235817439,8.100706666666666,0.1770486824451272,7.7266,8.4656,0.014023225806451295,1.4586299999999999,0.15081023429020549,1.1905,1.7649,0.013078776418242481
compressor-0068,healthy,20,49,NORMAL,51.91281666666667,1.9697125780315152,48.7221,55.734,0.16956829810900903,8.13949,0.2055554480750469,7.7266,8.4829,0.005151657397107656,1.54391,0.13266383166987653,1.2953,1.8335,0.009256040044493851
compressor-0068,healthy,30,59,NORMAL,52.041900000000005,1.9434864515435493,48.396,55.734,-0.09289134593993471,8.156566666666667,0.1866613802822879,7.8098,8.4829,-0.011417708565072411,1.5660799999999997,0.10960817609406094,1.3544,1.8335,-0.005891345939933305
compressor-0068,healthy,40,69,NORMAL,51.81017666666666,1.7998395672361722,48.396,55.734,-0.09561581757508371,8.111666666666666,0.15976783642384212,7.8098,8.4829,-0.0008443604004450786,1.558296666666667,0.10832711412917616,1.3544,1.8335,-0.0018148387096774583
compressor-0068,healthy,50,79,NORMAL,51.440406666666675,1.3511455117623554,48.396,54.0171,0.10161054505005429,8.059383333333333,0.16597335545870673,7.5266,8.3042,-0.002829521690767655,1.4619866666666665,0.15697856484954315,1.0965,1.6716,-0.007355194660734167
compressor-0068,healthy,60,89,NORMAL,51.41351666666666,1.3593447863053565,48.5976,54.0171,-0.07520175750834414,8.014136666666667,0.18238362953462192,7.5266,8.3042,-0.01137937708565096,1.4007633333333331,0.19147715700718865,1.0594,1.6716,-0.015851412680756422
compressor-0068,healthy,70,99,NORMAL,50.78845333333334,1.565117612350231,48.4961,54.0171,-0.13517632925472858,8.07926,0.2602384542427708,7.5266,8.5798,0.016720266963292388,1.4409100000000001,0.23742701243399694,1.0594,1.886,0.014817330367074489
compressor-0068,healthy,80,109,NORMAL,51.12427,1.945645887471133,48.4961,54.4804,0.14180171301445907,8.187500000000002,0.23410786830006378,7.7895,8.5798,0.018363870967741804,1.4855499999999997,0.21966987314301128,1.0594,1.886,0.006268809788654013
compressor-0068,healthy,90,119,NORMAL,50.98373,2.0765813308015013,47.4366,54.4804,-0.011096573971080421,8.17011,0.25919939731154223,7.6505,8.5798,-0.019456307007786534,1.4404700000000001,0.2630547296033027,0.9441,1.886,-0.02422823136818691
compressor-0068,healthy,100,129,NORMAL,51.24451666666668,1.975569628754086,47.4366,54.4804,-0.1357941045606236,8.180240000000001,0.27110933292677325,7.6505,8.6108,0.00545566184649584,1.42409,0.24633832608832917,0.9441,1.7974,0.008434505005561702
compressor-0068,healthy,110,139,NORMAL,50.805863333333335,1.5573091398270575,47.4366,53.0406,0.09605172413792964,8.136496666666668,0.26588206970175493,7.6505,8.6108,0.014360689655172353,1.4797333333333327,0.27620455382841813,0.9441,1.8628,0.020805383759733013
compressor-0068,healthy,120,149,NORMAL,51.21055666666666,1.3147734896636087,48.613,53.0406,0.007077130144603289,8.127173333333333,0.26663622401233394,7.7058,8.6108,-0.022547052280311553,1.53195,0.2197470951647219,1.109,1.8628,-0.015391657397107957
compressor-0068,healthy,130,159,NORMAL,51.609123333333315,1.0927295834082449,48.9268,53.0406,-0.039093726362626965,8.111080000000001,0.24400294724995986,7.7058,8.5583,0.007425628476084257,1.5791066666666667,0.25773886905591525,1.109,1.9239,0.007867007786429332
compressor-0069,healthy,0,29,NORMAL,51.965350000000015,1.5237733389516954,49.3376,54.4862,-0.1502125695216921,7.898949999999999,0.2281253759814254,7.5315,8.3009,-0.02047196885428264,1.5521200000000002,0.1226517492741135,1.3201,1.784,-0.006400177975528405
compressor-0069,healthy,10,39,NORMAL,51.69764666666667,1.3713087001676736,49.3376,54.7579,0.05936302558398027,7.897760000000001,0.23562142885003756,7.5315,8.292,0.007536062291434602,1.515293333333333,0.10054462668663879,1.3201,1.6987,0.003858286985539457
compressor-0069,healthy,20,49,NORMAL,52.02045666666667,1.515052354361246,49.3376,54.7579,0.08839672969966494,7.843373333333333,0.25021973401170583,7.4233,8.292,0.004878175750833965,1.4962933333333333,0.16275552613932617,1.051,1.7242,-0.004487608453837641
compressor-0069,healthy,30,59,NORMAL,51.97129666666667,1.515552186164795,49.1289,54.7579,-0.11071107897664106,7.857233333333335,0.24105243044247066,7.4233,8.292,-0.0177892324805341,1.4519699999999998,0.20262688395175996,1.0134,1.7242,-0.009892791991101253
compressor-0069,healthy,40,69,NORMAL,51.14378666666667,1.3434417825702594,49.1289,54.0288,-0.10963581757508466,7.831856666666667,0.21814287471491903,7.4233,8.2922,0.011784226918798586,1.4503933333333332,0.20479729967837845,1.0134,1.7472,0.0053900333704115545
compressor-0069,healthy,50,79,NORMAL,50.90784666666666,1.0038443915711686,49.1289,52.5885,0.06905379310344699,7.9189733333333345,0.24034594363588122,7.5347,8.414,0.01501561735261389,1.4332099999999999,0.18953156702776458,1.0134,1.7713,0.0025592213570633767
compressor-0069,healthy,60,89,NORMAL,50.48056,1.314697669833893,47.9692,52.5885,-0.058894238042269564,7.931483333333333,0.236168850730903,7.5198,8.414,-0.013801446051168093,1.38189,0.2029126977298365,1.012,1.7713,-0.01562694104560628
compressor-0069,healthy,70,99,NORMAL,50.74254333333332,1.4046141827760235,47.9692,52.5885,-0.029581824249166992,7.928790000000001,0.23460593250526865,7.5198,8.414,-0.001563136818687598,1.3554233333333334,0.18780185601378444,1.012,1.7713,0.0037502335928809314
compressor-0069,healthy,80,109,NORMAL,50.479183333333324,1.2446348056313103,47.9692,52.5706,0.0914035372636254,7.902356666666667,0.2163469015005504,7.5029,8.1977,0.009525317018909768,1.3931766666666665,0.1880512282745198,1.012,1.7573,0.014472769744160138
compressor-0069,healthy,90,119,NORMAL,51.01672,1.0900506466521025,48.5711,52.7791,-0.032584827586206885,7.8864133333333335,0.24183999218950983,7.3383,8.1977,-0.017079021134594186,1.469956666666667,0.11733039016195061,1.2791,1.7573,-0.0019336818687430545
compressor-0069,healthy,100,129,NORMAL,51.330760000000005,1.9451176404183546,48.1177,55.7883,0.05772382647385828,7.816473333333334,0.22600442168732493,7.3383,8.1977,-0.0088341713014462,1.5444866666666668,0.1518889127692414,1.2791,1.898,0.008322981090100072
compressor-0069,healthy,110,139,NORMAL,51.54691333333334,2.01790831650554,48.1177,55.7883,0.059752925472746334,7.793713333333333,0.18216576468212198,7.3383,8.0992,0.008735706340377862,1.5574333333333332,0.13672344186552485,1.3057,1.898,0.005774015572858704
compressor-0069,healthy,120,149,NORMAL,51.65024000000001,1.9110522053919232,48.1177,55.7883,-0.023620867630701405,7.803916666666667,0.14705541604745098,7.4201,8.0992,-0.00227419354838722,1.5593533333333334,0.15511503201029728,1.2039,1.898,-0.012529343715239217
compressor-0069,healthy,130,159,NORMAL,51.307026666666665,1.1692655577849813,49.4099,54.3051,-0.027603337041158575,7.838153333333333,0.13369255709358774,7.5458,8.0992,0.0019571078976639332,1.5016333333333334,0.1430780936722631,1.1762,1.7535,-0.0007002892102336118
compressor-0070,failure,0,29,NORMAL,53.901673333333335,1.8899157413199381,50.7774,57.6268,-0.09725437152391794,8.244843333333334,0.1773865640972343,7.9449,8.5923,-0.009877441601779842,1.5295400000000001,0.14563095733165163,1.2032,1.7332,-0.0016306117908787816
compressor-0070,failure,10,39,DEGRADATION,54.59151666666667,2.3159939319269003,50.7774,58.9751,0.04000024471635078,8.1807,0.14684818010448744,7.9449,8.5923,-0.006692013348164865,1.6522599999999998,0.25082721356875665,1.2032,2.0568,0.022294638487208012
compressor-0070,failure,20,49,DEGRADATION,55.77585333333333,3.2540540110999316,50.7774,61.5346,0.32685388209121147,8.04413,0.18854948978981612,7.4234,8.2746,-0.012459332591768834,1.7799266666666669,0.17231219909093945,1.4366,2.0568,0.011231145717463786
compressor-0070,failure,30,59,DEGRADATION,57.41747666666666,1.9040358803837936,53.9983,61.5346,0.04425105672969853,7.770690000000001,0.38999760029176234,7.0848,8.2359,-0.04160562847608471,1.91561,0.13763684911146917,1.7197,2.2164,0.0026903003337040935
compressor-0070,failure,40,69,DEGRADATION,58.76612333333333,2.004922533114157,55.3232,62.3031,0.05979846496106627,7.563746666666669,0.29124130743346743,7.0848,8.0669,-0.016083426028921176,2.0661166666666664,0.277849351367887,1.7197,2.5103,0.027870011123470494
compressor-0070,failure,50,79,DEGRADATION,59.53278666666666,2.227953789427021,55.3232,62.9358,0.20883012235817455,7.3421666666666665,0.2773249157376396,6.7387,7.8468,-0.007151412680756519,2.304596666666667,0.26937587430123644,1.7546,2.7025,0.02693519466073408
compressor-0070,failure,60,89,FAILURE,59.96015333333333,2.2459733939850866,54.0918,62.9358,-0.10908071190211475,7.261996666666664,0.31934179440774046,6.7387,7.8468,-0.025668809788654344,2.4085866666666664,0.18252290766427715,1.9379,2.7025,-0.00449352614015578
compressor-0070,failure,70,99,FAILURE,59.419999999999995,2.1696094078581667,54.0918,62.9358,-0.1520724360400456,7.132136666666668,0.29780499378321756,6.6362,7.8009,-0.005332925472747689,2.4718333333333335,0.27086342109795647,1.9379,3.2377,0.006577664071190158
compressor-0070,failure,80,109,FAILURE,59.71509666666666,2.8787487938898426,54.0918,66.3726,0.19151459399332407,7.103983333333333,0.24839892925605678,6.6362,7.6526,0.0033546829810899713,2.65273,0.3973973185197236,1.9379,3.2517,0.03655890989988874
compressor-0070,failure,90,119,FAILURE,61.362813333333335,2.733095542876043,57.5464,66.3726,0.20957975528364747,6.937133333333334,0.3845317553712423,6.2261,7.6526,-0.027874438264738705,3.120233333333333,0.5203816069855745,1.9994,4.1349,0.05378723025583974
compressor-0070,failure,100,129,FAILURE,62.683249999999994,2.0772959186965476,58.3689,66.3726,0.024512146829809307,6.6827066666666655,0.3981393155947076,5.9296,7.4308,-0.03722660734149076,3.55873,0.4430211305344249,2.8287,4.3389,0.03989550611790875
compressor-0070,failure,110,139,FAILURE,63.87236333333333,2.732925878917238,59.0384,70.5139,0.13854231368186798,6.413106666666667,0.24157776378540216,5.9296,7.0015,-0.013282847608454093,3.759843333333333,0.2906142949951972,3.2566,4.3389,0.0004768186874303832
compressor-0070,failure,120,149,FAILURE,65.75671333333334,3.4773697523399627,59.0384,73.1226,0.3242417797552822,6.220896666666666,0.26036163629758424,5.7076,6.7623,-0.01767098998887674,3.7530666666666668,0.2624911570997307,3.3107,4.3389,-0.009481735261401685
compressor-0070,failure,130,159,FAILURE,68.19531,3.1767972961616553,59.9448,73.3754,0.26327463848720745,6.114766666666665,0.2595437128671947,5.7076,6.576,-0.01353041156840938,3.8481466666666657,0.2997413359696805,3.3809,4.4527,0.02419728587319236
compressor-0070,failure,140,169,FAILURE,70.09961666666668,2.224462678803331,65.735,73.3754,0.15906129032257957,5.915943333333333,0.3871613648797559,4.963,6.5123,-0.01906004449388222,4.010703333333334,0.33516072908713845,3.4813,4.7129,0.019165139043381497
compressor-0070,failure,150,179,FAILURE,71.35229000000001,2.0950674172684756,65.735,74.4418,0.15097599555061003,5.59086,0.570006728381341,4.7075,6.5123,-0.057236662958843276,4.313586666666667,0.35777141839758836,3.5956,5.1202,0.019133748609566095
compressor-0070,failure,160,189,FAILURE,72.07071999999998,1.8050609168667966,68.5644,76.6083,0.03668275862068852,5.33462,0.44740112233505475,4.7075,6.42,-0.02529268075639616,4.468883333333334,0.35803117749094915,3.5956,5.1202,0.02249652947719676
compressor-0070,failure,170,199,FAILURE,73.88003666666667,2.9974076678004433,68.5644,80.4439,0.23097087875416825,5.20406,0.243736138204138,4.7075,5.7843,0.012644805339265817,4.758053333333335,0.29080205149818933,3.8503,5.2476,0.0225124360400444
compressor-0071,healthy,0,29,NORMAL,52.55976999999999,2.0060099172486665,48.5179,56.9961,-0.10853225806451773,7.770833333333332,0.31163090810907834,7.1133,8.261,-0.029002936596218044,1.58429,0.18352245157836503,1.2697,2.0099,0.004116685205784173
compressor-0071,healthy,10,39,NORMAL,52.359866666666655,2.0282211007569066,48.5179,56.9961,-0.10200431590656443,7.73409,0.27724578548044093,7.1133,8.2383,0.012871746384871813,1.6006399999999996,0.1732628053949645,1.2697,2.0099,0.010950834260289184
compressor-0071,healthy,20,49,NORMAL,52.22372000000002,1.836045100281218,48.5179,55.6856,0.16460600667408215,7.754836666666667,0.2841524655102531,7.1133,8.2383,0.016942580645161187,1.624996666666667,0.1572217319230675,1.2627,2.0099,-0.008437886540600714
compressor-0071,healthy,30,59,NORMAL,52.20518666666667,1.8100876965372577,49.2813,55.6856,-0.08462051167964411,7.826923333333332,0.2134549643107157,7.4748,8.2383,-0.013978932146829966,1.5742733333333332,0.13113374580514692,1.2627,1.8152,-0.0014368409343715849
compressor-0071,healthy,40,69,NORMAL,52.65061666666666,1.8609471121059717,49.2813,55.6856,-0.038629254727476504,7.771966666666667,0.17745028474351776,7.4748,8.0756,0.00012062291434903453,1.5976233333333336,0.16579400005897546,1.2627,1.9712,0.010966117908787522
compressor-0071,healthy,50,79,NORMAL,52.49896999999999,1.7852748500160975,49.2813,56.2786,0.13387294771968658,7.851659999999999,0.20723365170743874,7.4748,8.188,0.017271590656284638,1.6030600000000004,0.1701906158791763,1.2638,1.9712,-0.004031012235817609
compressor-0071,healthy,60,89,NORMAL,52.828056666666676,1.3982708549450955,50.2407,56.2786,-0.1131993993325938,7.856013333333334,0.1875633559331057,7.5287,8.188,-0.008438264738598511,1.54768,0.19479199401755024,1.2638,1.9712,-0.01567612903225812
compressor-0071,healthy,70,99,NORMAL,52.24116666666667,1.4961148646485074,49.8225,56.2786,-0.0897090100111255,7.938976666666666,0.26100139678212886,7.5287,8.6165,0.0037953058954392363,1.5325333333333329,0.18349295233211424,1.2638,1.9201,0.008903270300333659
compressor-0071,healthy,80,109,NORMAL,52.574179999999984,1.759663846572218,49.8225,55.7209,0.15774731924360247,7.911083333333334,0.27649748773220745,7.5287,8.6165,0.013382447163514813,1.509196666666667,0.19920144993336658,1.0816,1.9201,0.00255125695216905
compressor-0071,healthy,90,119,NORMAL,52.46324666666667,1.8911552585185125,49.2159,55.7209,-0.03110393770856546,7.894703333333334,0.2885419478265778,7.5534,8.6165,-0.019624271412680926,1.4784266666666668,0.2146333818915926,1.0816,1.9201,-0.016380645161290366
compressor-0071,healthy,100,129,NORMAL,52.568983333333335,1.901050992842877,49.2159,55.7209,-0.11012131256952302,7.824163333333335,0.22585871466226148,7.5534,8.3647,-0.0054701890989990835,1.51781,0.2500881395961565,1.0816,1.9587,0.01536638487208005
compressor-0071,healthy,110,139,NORMAL,52.60288333333334,2.008213274378219,49.2159,55.9562,0.1650158620689643,7.886703333333334,0.24972768833716108,7.5534,8.3008,0.02458912124582853,1.593543333333333,0.2574734700680613,1.2207,1.9587,0.015197664071190166
compressor-0071,healthy,120,149,NORMAL,52.5808,2.056158901933409,49.0993,55.9562,-0.057998264738598794,7.864553333333333,0.2828923172437802,7.2793,8.3008,-0.013403915461624206,1.63729,0.21348591577275847,1.2601,1.9587,-0.01621412680756398
compressor-0071,healthy,130,159,NORMAL,52.00673666666666,2.253820797591405,49.0993,55.9562,-0.20912918798665223,7.792923333333333,0.29935872982464073,7.2793,8.3008,-0.021724471635150386,1.5977800000000002,0.17554129504668312,1.2601,1.9254,-0.001173971078976682
compressor-0071,healthy,140,169,NORMAL,51.70992666666667,1.851508549972758,49.0993,54.9998,0.13271087875417079,7.728923333333333,0.22601902970521945,7.2793,8.1439,0.017772703003336804,1.5213166666666667,0.1624808995612168,1.2365,1.7899,-0.001394149054505022
compressor-0071,healthy,150,179,NORMAL,52.32786666666666,1.6743237148837806,49.251,54.9998,0.116357330367073,7.735456666666668,0.21788738633115548,7.4421,8.1439,-0.002217196885428531,1.48715,0.18744900061972414,1.1955,1.7899,-0.016525450500556243
compressor-0071,healthy,160,189,NORMAL,52.710546666666666,1.1398236006018163,50.7756,54.9998,-0.10140489432703112,7.8201633333333325,0.20859561274282723,7.4421,8.1439,-0.002468631813125897,1.4519133333333332,0.15899905184902488,1.1955,1.7823,0.0048535261401556895
compressor-0071,healthy,170,199,NORMAL,52.202130000000004,0.7954265162582063,50.7502,53.46,-0.015536351501669515,7.768739999999999,0.19854058292114143,7.3723,8.1344,0.011217975528364805,1.5643233333333335,0.2117986727741439,1.1955,2.0872,0.019521045606229123
compressor-0071,healthy,180,209,NORMAL,51.78298333333334,0.7870742764963304,50.2961,53.2806,0.0038418464961051404,7.775683333333333,0.1950121809585807,7.3723,8.1344,-0.013009766407119174,1.5755300000000003,0.19511037927286184,1.2723,2.0872,-0.00963543937708571
compressor-0071,healthy,190,219,NORMAL,51.80897333333333,0.8738999469555362,49.8208,53.2806,-0.028686407119022497,7.679163333333333,0.15740247029686522,7.3723,7.9623,-0.00832585094549521,1.5512433333333335,0.19823502664486137,1.2723,2.0872,-0.012506629588431628
compressor-0072,failure,0,29,DEGRADATION,51.73308999999999,1.4867759623538892,48.3427,54.0319,-0.10357003337041219,7.8979133333333325,0.2977996269679032,7.3568,8.3728,-0.0264226918798666,1.6428333333333331,0.21079484391754516,1.3374,2.1667,0.013294860956618448
compressor-0072,failure,10,39,DEGRADATION,52.52959333333334,2.2514277743887074,48.3427,57.3991,0.0846956173526126,7.79132,0.26129306968740434,7.3568,8.1845,-0.013231101223581978,1.8410233333333335,0.32474540251642603,1.4158,2.3874,0.032009988876529456
compressor-0072,failure,20,49,DEGRADATION,54.81944333333333,4.268899406145439,48.3427,62.1135,0.4628264071190202,7.542323333333333,0.29665697439223565,6.8541,8.0343,-0.011020133481646505,2.0272033333333335,0.2928722776038881,1.4774,2.3874,0.0179064516129032
compressor-0072,failure,30,59,DEGRADATION,57.62550999999999,2.677129281444336,52.1652,62.1135,0.1714033147942142,7.372886666666668,0.4045582807073524,6.6587,8.0343,-0.036272614015572975,2.2884966666666666,0.32193005190914104,1.6029,2.9879,0.022220177975528325
compressor-0072,failure,40,69,FAILURE,59.82336,2.0313483191548753,55.1562,63.835,0.053817174638486315,7.1945966666666665,0.3027828699286375,6.6587,7.8686,-0.004740711902113577,2.593113333333333,0.4826185365505787,1.6029,3.527,0.051830478309232444
compressor-0072,failure,50,79,FAILURE,60.842659999999995,2.797968420789152,55.1562,65.2703,0.17243270300333643,7.041623333333333,0.2994774000191371,6.1634,7.6291,-0.004156729699666415,2.892643333333334,0.3296722955535627,2.171,3.527,0.020466941045606205
compressor-0072,failure,60,89,FAILURE,61.91981666666666,2.1077869365890756,58.2816,65.2703,0.0077266963292531585,6.752453333333334,0.5415753119270568,5.7234,7.6291,-0.052442269187986834,3.1427600000000004,0.32265405994656265,2.5561,4.0955,0.013700556173526059
compressor-0072,failure,70,99,FAILURE,63.227113333333335,2.228468231279554,58.8692,66.1112,0.09009846496106652,6.284333333333334,0.5113345130364488,5.6517,7.3291,-0.05175167964404919,3.3808099999999994,0.44554454872661164,2.5561,4.1454,0.04052954393770849
compressor-0072,failure,80,109,FAILURE,64.90849666666666,2.9783368359408615,59.5656,70.8897,0.32479299221356844,5.880203333333332,0.2949386020664113,5.1485,6.5129,-0.025707786429366122,3.676063333333333,0.40620869224519995,2.6637,4.4477,0.02606333704115682
compressor-0072,failure,90,119,FAILURE,67.72900333333334,2.541324044992207,63.5889,73.1423,0.21988705228031025,5.606353333333334,0.3045869867359552,4.843,6.2297,-0.02643666295884329,3.7875233333333336,0.3120726835032007,3.2403,4.4477,-0.007047052280311571
compressor-0072,failure,100,129,FAILURE,69.45148333333333,2.062842617051097,64.8799,73.1423,0.12060847608453718,5.533676666666668,0.26655122544998533,4.843,6.0674,-0.002508320355951178,3.850879999999999,0.3615172383165151,3.2403,4.6929,0.0073988876529476316
compressor-0072,failure,110,139,FAILURE,70.90065333333335,1.8389631545580856,68.2325,73.4479,0.10304872080088853,5.514083333333334,0.26303344918258753,4.843,6.035,0.01329154616240255,4.123926666666667,0.5088831594340252,3.2445,4.9607,0.051944605116796376
compressor-0072,failure,120,149,FAILURE,72.10940666666666,1.8974047380449848,68.2375,76.0015,0.16277192436040022,5.422066666666668,0.37513491469366356,4.6527,6.035,-0.030567341490545186,4.508003333333334,0.4271541903367239,3.7552,5.1293,0.041149076751946546
compressor-0073,failure,0,29,DEGRADATION,52.49996333333333,1.5756031409132043,48.6908,55.4003,-0.10086307007786523,8.06242,0.1917799683665284,7.6374,8.3457,-0.018713058954394002,1.6294199999999999,0.14904616823879327,1.2533,1.9076,-0.0001467853170189292
compressor-0073,failure,10,39,DEGRADATION,53.01717333333333,2.2996012458588457,48.6908,58.1878,0.11056409343715139,8.002429999999999,0.18817604904273377,7.6374,8.3681,-0.003949699666296165,1.7895133333333335,0.3019602476412343,1.2533,2.2633,0.028574994438264716
compressor-0073,failure,20,49,DEGRADATION,54.53206666666666,3.235723894930193,48.6908,60.0456,0.30259230255839653,7.77912,0.29169030883227287,7.263,8.3681,-0.018372369299221498,2.0597933333333334,0.2964650512661184,1.3578,2.4374,0.02862375973303666
compressor-0073,failure,30,59,DEGRADATION,56.583929999999995,2.195919439953721,50.9933,60.0456,0.12213826473859787,7.545693333333333,0.41352938785801213,6.9367,8.3681,-0.04232556173526166,2.3294633333333334,0.1760190226146658,1.9266,2.7297,0.017060622914349243
compressor-0073,failure,40,69,FAILURE,58.180186666666685,1.8985536540102186,54.9927,61.6624,0.08758634037819642,7.299936666666667,0.19568476943515273,6.9367,7.7189,-0.006168787541713221,2.6704199999999996,0.41018099614682296,2.1925,3.4801,0.04193423804226912
compressor-0073,failure,50,79,FAILURE,59.343683333333324,2.052576554168497,55.2294,63.1244,0.19300763070077692,7.232896666666666,0.22159699529150256,6.6078,7.6606,0.004455506117908658,2.89234,0.3655971595440351,2.3174,3.4801,0.024984471635150125
compressor-0073,failure,60,89,FAILURE,60.79154333333333,1.9700366432604466,57.2574,65.6973,0.07860126807563823,7.020556666666666,0.44913110386117266,5.9972,7.6606,-0.040667964404894445,3.0664933333333333,0.2662508327790837,2.6066,3.4801,-0.006140823136818771
compressor-0073,failure,70,99,FAILURE,62.20627666666666,2.460979457138064,57.2574,67.4885,0.12443601779755124,6.787846666666668,0.41982671324673415,5.9972,7.6606,-0.033191946607341614,3.11875,0.27657334259348526,2.6066,3.7717,0.01393621802002218
compressor-0073,failure,80,109,FAILURE,63.27296,2.3385172448369933,57.2574,67.4885,0.10532614015572765,6.49175,0.2500107567685838,5.9715,6.9175,-0.009763403781980184,3.362483333333334,0.36069883844497697,2.7331,4.1409,0.03188291434927689
compressor-0073,failure,90,119,FAILURE,64.65171666666666,1.8368033923247087,60.6345,68.6725,0.0980187541712989,6.296449999999999,0.37635564275473976,5.4915,6.9136,-0.0351448053392661,3.6918300000000004,0.4114802710134877,3.0041,4.7358,0.037083848720800845
compressor-0073,failure,100,129,FAILURE,66.10026333333333,2.0866719461834164,61.6977,70.5221,0.21586907675194525,6.012596666666667,0.34859644048989114,5.2709,6.6191,-0.02963521690767532,4.03395,0.41023623905419837,3.41,4.8696,0.03673110122358161
compressor-0073,failure,110,139,FAILURE,69.28516333333336,3.70593534666426,63.8161,76.4924,0.40054431590656037,5.8127266666666655,0.2543702825060786,5.2709,6.4084,-0.008529299221357223,4.2923800000000005,0.38008236861676875,3.4889,4.8696,0.029772814238042136
compressor-0073,failure,120,149,FAILURE,71.41462666666668,3.0968207995656165,65.9562,76.4924,0.21242562847608315,5.461746666666667,0.4877272562497291,4.4924,6.3287,-0.04270500556173551,4.578656666666666,0.3156760403571287,4.0779,5.355,0.0261801334816462
compressor-0074,healthy,0,29,NORMAL,51.744106666666674,1.1583325526903845,49.8844,54.472,-0.08573632925472852,7.950663333333334,0.16040590488576856,7.6593,8.187,-0.013779377085650739,1.41484,0.13706125054150062,1.0871,1.6333,-0.002195150166852098
compressor-0074,healthy,10,39,NORMAL,51.37942999999999,0.9861901466924788,49.8844,53.4391,-0.0021735038932159806,7.936053333333333,0.15082495313736674,7.6593,8.1985,0.003927341490544756,1.44926,0.15733715941675488,1.0871,1.7498,0.003135172413793079
compressor-0074,healthy,20,49,NORMAL,51.99837,1.568195090573874,49.9228,55.5679,0.11496976640711741,7.9384533333333325,0.17453012105523644,7.6759,8.2364,0.006677152391545895,1.4283000000000001,0.15568811772258026,1.0871,1.7498,-0.00045632925472750195
compressor-0074,healthy,30,59,NORMAL,51.54490333333332,2.054245587636061,47.0393,55.5679,-0.0946736596218031,7.911203333333334,0.19800139811515338,7.566,8.2364,-0.01743450500556192,1.3631566666666672,0.1954300415039157,0.9462,1.7498,-0.01736869855394887
compressor-0074,healthy,40,69,NORMAL,51.87997333333333,2.2542748186402557,47.0393,55.5679,-0.03060298109010105,7.841713333333333,0.17515868944728044,7.566,8.2364,-0.00595328142380453,1.384553333333333,0.21185575554030991,0.9462,1.7168,0.011322002224694063
compressor-0074,healthy,50,79,NORMAL,52.01165,2.247651481101997,47.0393,55.0624,0.21287979977753022,7.8549033333333345,0.16067619090027685,7.566,8.1901,0.014599710789766204,1.4694266666666664,0.241597613030887,0.9462,1.8124,0.022323381535038916
compressor-0074,healthy,60,89,NORMAL,52.23336,1.9764229690023336,48.5288,55.0624,-0.0971579087875427,7.860339999999999,0.15401899146966685,7.6234,8.1901,-0.004430433815350435,1.52017,0.18033857259795164,1.07,1.8124,-0.011980444938820979
compressor-0074,healthy,70,99,NORMAL,51.507983333333335,1.9194340534097252,48.5288,55.0624,-0.15637848720800995,7.907863333333334,0.1594411855687091,7.6234,8.1901,-0.000471123470522981,1.5022099999999996,0.17125225322118637,1.07,1.8124,-0.0026886985539488592
compressor-0074,healthy,80,109,NORMAL,51.19475333333334,1.55009350099348,48.5288,54.0658,0.12279479421579444,7.977833333333334,0.22421041060178765,7.6234,8.3781,0.02269050055617336,1.40551,0.14845327064994784,1.07,1.6776,-9.804226918803817e-05
compressor-0074,healthy,90,119,NORMAL,51.11765666666666,1.6193386982928835,48.1785,54.0658,-0.025051590656286093,8.011166666666666,0.19913004349475297,7.664,8.3781,-0.009276529477196989,1.3277099999999997,0.21658418432563353,0.9259,1.6776,-0.021579599555061217
compressor-0074,healthy,100,129,NORMAL,51.49595,1.5673428977625377,48.1785,54.0658,-0.06265123470522933,8.063723333333334,0.24803442594840658,7.6362,8.4234,-0.0024390878754173627,1.2815733333333332,0.19466745136828145,0.9259,1.7029,0.0030399110122357915
compressor-0074,healthy,110,139,NORMAL,51.64715666666668,1.6766674720375803,48.1785,54.261,0.14593185761957725,8.04912,0.24666026216910855,7.6362,8.4234,0.015595862068965329,1.3460566666666667,0.25961697130366673,0.9259,1.8732,0.01784037819799772
compressor-0074,healthy,120,149,NORMAL,51.93096333333333,1.3391766850029745,49.3506,54.261,-0.040033081201335176,8.01769,0.2731618486660733,7.5078,8.4234,-0.016860978865406297,1.3712466666666667,0.23801642202914391,1.0064,1.8732,-0.012117686318131284
compressor-0074,healthy,130,159,NORMAL,51.591076666666666,1.629321992871745,48.243,54.261,-0.12477185761957837,7.903146666666666,0.23199894645354663,7.5078,8.3649,-0.01749423804226952,1.4145766666666664,0.238990804123413,1.0064,1.8732,-0.0015357285873192977
compressor-0074,healthy,140,169,NORMAL,51.517860000000006,1.5258549019265666,48.243,53.8358,0.11540969966629494,7.845866666666666,0.16827281090208515,7.5078,8.2173,0.014814060066740627,1.3908999999999998,0.21790785514371283,1.0064,1.721,0.011351724137931027
compressor-0074,healthy,150,179,NORMAL,51.685829999999996,1.6860261105431709,48.243,53.8358,0.03052131256951998,7.843289999999999,0.1891982088533962,7.4364,8.2173,-0.004020000000000087,1.4083800000000002,0.19938842393679732,0.986,1.721,-0.014069187986651882
compressor-0074,healthy,160,189,NORMAL,51.475663333333344,1.7428645656855333,48.5304,53.8358,-0.15754422691880005,7.842523333333334,0.20686628641602178,7.4364,8.2173,-0.007678153503893382,1.34729,0.17275754754375663,0.986,1.721,-0.005322335928809832
compressor-0075,failure,0,29,DEGRADATION,53.39303666666667,1.9230950748699056,48.1986,56.5455,-0.14922832035595163,8.022953333333335,0.23334241610893547,7.5892,8.4069,-0.021083114571746504,1.4098733333333333,0.27276692851020057,0.8512,1.8615,-0.009553014460511697
compressor-0075,failure,10,39,DEGRADATION,53.53229666666666,2.342792896449781,48.1986,58.1376,0.02666186874304729,7.87522,0.14778630157539419,7.5892,8.2321,-0.005797463848721035,1.540066666666667,0.4176111032474538,0.8512,2.3231,0.0416089432703003
compressor-0075,failure,20,49,DEGRADATION,54.292716666666664,2.796318346336045,48.1986,58.9543,0.2595623359288085,7.781649999999999,0.15980154515314707,7.2163,8.1092,-0.005811368186874514,1.8368266666666666,0.32126677899977285,1.1165,2.3231,0.029316529477196866
compressor-0075,failure,30,59,DEGRADATION,56.056250000000006,1.7853179680848634,51.7411,58.9543,0.10456545050055484,7.5604466666666665,0.33592814383766983,6.8749,8.1092,-0.032992614015573074,2.0721133333333333,0.15428879141258306,1.8254,2.3925,0.00746674082313676
compressor-0075,failure,40,69,FAILURE,57.672720000000005,1.737571193630159,55.2507,60.9726,0.13901677419354705,7.323876666666667,0.30782682976346004,6.8749,7.8783,-0.028575372636262614,2.2412366666666665,0.2510998333775278,1.8319,2.6759,0.02461942157953278
compressor-0075,failure,50,79,FAILURE,59.00791666666668,2.4294131936311056,54.8965,63.5933,0.1726611568409331,7.154003333333334,0.1821877758126366,6.868,7.4232,-0.004558197997775573,2.4607333333333328,0.2804557212031082,1.907,3.0967,0.023921824249165703
compressor-0075,failure,60,89,FAILURE,59.92377666666666,2.2205760316763654,54.8965,63.5933,-0.01000456062291569,6.97039,0.33915276828198426,6.0258,7.4232,-0.026456395995550743,2.62805,0.18066012426653535,2.3646,3.0967,0.002847007786429304
compressor-0075,failure,70,99,FAILURE,60.20191333333332,2.428119050174892,54.8965,64.6475,0.007736284760844952,6.870056666666668,0.35721538291189087,6.0258,7.4232,-0.020087185761957897,2.8272599999999994,0.356231720092414,2.3646,3.8013,0.020146785317018835
compressor-0075,failure,80,109,FAILURE,61.527746666666665,3.0182534373081107,56.446,67.1211,0.2691672080088975,6.701393333333332,0.323297010949512,6.0258,7.3493,-0.003983893214683074,3.0205600000000006,0.37882234323404596,2.4204,3.8013,0.028017753058954337
compressor-0075,failure,90,119,FAILURE,62.90504000000001,2.406628129506787,57.6959,67.1211,0.13899915461623868,6.468019999999999,0.4975281575951254,5.503,7.3493,-0.049247474972191514,3.246916666666667,0.3047396047812332,2.4497,3.8013,0.012027964404894275
compressor-0075,failure,100,129,FAILURE,65.17254666666666,2.314771350224947,61.7914,72.0644,0.12147136818687301,6.152963333333334,0.4385096072557083,5.503,7.2674,-0.04061216907675214,3.422113333333334,0.3210920031531288,2.8972,4.1954,0.02217548387096772
compressor-0075,failure,110,139,FAILURE,67.42527999999999,3.9211801634541956,61.7914,75.4374,0.3388366629588418,5.848343333333333,0.2564336596254261,5.3001,6.3552,-0.013175239154616306,3.74363,0.47611618270474,2.8972,4.7252,0.04819463848720798
compressor-0075,failure,120,149,FAILURE,70.11894333333333,3.0117988241451696,65.4044,75.7157,0.15937688542825215,5.601753333333334,0.43943284032438396,4.5669,6.1108,-0.039780378197998,4.04152,0.4156047195753837,3.0258,4.7252,0.02783612903225798
compressor-0075,failure,130,159,FAILURE,71.75466666666667,2.3282745839402677,67.7259,76.1063,0.017968943270300526,5.464956666666666,0.4416576009258253,4.5669,6.1108,-0.01680558398220271,4.312903333333334,0.31841050912653973,3.6422,4.7561,0.01278738598442706
compressor-0075,failure,140,169,FAILURE,72.53477333333332,2.0835137862008235,68.7239,76.6251,0.10516146829810723,5.209893333333334,0.398263773508072,4.5669,6.0408,-0.010121112347052404,4.5281866666666675,0.39423179622597104,3.6422,5.3186,0.030044004449388095
compressor-0076,failure,0,29,NORMAL,52.96601,1.564866965027166,49.8253,54.9629,-0.14624545050055776,7.893626666666666,0.2969233199928148,7.3335,8.3371,-0.02819417130144617,1.3745699999999998,0.1516759707402593,1.1355,1.7105,-0.012340000000000021
compressor-0076,failure,10,39,DEGRADATION,53.21335,1.9762676122344023,49.8253,57.5559,0.06996109010011078,7.815223333333334,0.2584461551701287,7.3335,8.3298,-0.004787296996663246,1.4323533333333331,0.27771480303041507,1.1355,2.1196,0.021475817575083406
compressor-0076,failure,20,49,DEGRADATION,54.48970333333333,2.888307487380032,49.8253,58.2938,0.3098216017797545,7.7244866666666665,0.21055135831641872,7.3335,8.3298,0.0032612235817574583,1.596223333333333,0.30724761640879966,1.1454,2.1196,0.02512269187986649
compressor-0076,failure,30,59,DEGRADATION,55.98657,1.6815095391046693,52.0904,58.2938,0.048783248053390876,7.566963333333335,0.3752302071025497,6.7929,8.3298,-0.03704331479421596,1.84048,0.24771234715559362,1.3328,2.231,0.01637588431590653
compressor-0076,failure,40,69,DEGRADATION,57.35882,1.920159191386659,53.1597,61.4576,0.08690892102335789,7.3302000000000005,0.2858227551006626,6.7929,7.8265,-0.02430562847608465,2.08663,0.3181341301505808,1.5288,2.7936,0.03131944382647385
compressor-0076,failure,50,79,DEGRADATION,58.23448,2.3961341654701505,53.1597,62.377,0.2361578642936586,7.13912,0.16994868519644385,6.6997,7.4149,-0.003589187986651957,2.294293333333333,0.24617138329943136,1.7243,2.7936,0.02124302558398217
compressor-0076,failure,60,89,FAILURE,59.12549666666666,1.8540479841836763,55.1266,62.377,-0.043270233592882484,7.023206666666666,0.25000010391108957,6.4817,7.4149,-0.022307719688542928,2.4628966666666665,0.17622815795313632,2.0788,3.0251,0.003463114571746307
compressor-0076,failure,70,99,FAILURE,59.878196666666675,2.275848513482877,55.1266,63.7048,0.051309299221354965,6.911863333333332,0.2552656348242401,6.4817,7.4278,-0.013275261401557365,2.5746333333333324,0.2586142537104678,2.0788,3.0944,0.0185181757508342
compressor-0076,failure,80,109,FAILURE,61.11091999999999,3.0758946967671044,55.1266,67.6996,0.2588763515016679,6.681283333333331,0.26873355711972824,6.1171,7.4278,-0.013594327030033528,2.7523600000000004,0.2772224132352938,2.0788,3.1934,0.02163612903225798
compressor-0076,failure,90,119,FAILURE,62.76216333333333,2.3376120535685323,57.0937,67.7288,0.08119334816462587,6.474116666666666,0.37238437497057025,5.8037,7.4278,-0.033764160177975636,3.0159,0.33118891185142857,2.2923,3.763,0.02594424916573962
compressor-0076,failure,100,129,FAILURE,64.07917666666667,2.510020754719415,59.3449,68.3093,0.06932794215795265,6.232233333333332,0.29882266238616434,5.375,6.6888,-0.015582469410456136,3.1942199999999996,0.348000482183574,2.5643,3.8743,0.022599510567296963
compressor-0076,failure,110,139,FAILURE,64.78555,2.663714843065351,59.3449,69.3964,0.1403599777530585,6.2217,0.29786319231038494,5.375,6.6888,0.008233681868742952,3.398923333333333,0.3538107645652153,2.5643,4.0641,0.014611857619577263
compressor-0076,failure,120,149,FAILURE,66.54448666666666,2.6429501811086444,59.3449,72.9598,0.15890812013348066,6.068066666666668,0.4988660383532058,5.0628,6.7255,-0.027676974416017963,3.524776666666667,0.3312151653968895,2.7913,4.0641,0.019091546162402676
compressor-0076,failure,130,159,FAILURE,67.77919333333334,2.1317621957640793,63.4,72.9598,0.11618335928809699,5.766036666666667,0.5892892795468867,5.0579,6.7255,-0.055776484983314875,3.8238766666666666,0.3787539515158738,3.1273,4.5041,0.027663870967741873
compressor-0076,failure,140,169,FAILURE,69.48487333333334,2.1597326765031712,66.177,73.4298,0.11335457174638326,5.503946666666667,0.4224209667565704,5.0579,6.7255,-0.005862647385984486,4.016036666666667,0.35577243989506674,3.1273,4.6014,0.020605939933259123
compressor-0076,failure,150,179,FAILURE,70.91382,2.1699998341628204,66.4084,75.3015,0.1832433370411555,5.422423333333332,0.34459263165205506,4.9125,6.2099,0.007210033370411469,4.2508566666666665,0.32186263186162034,3.6607,4.9625,0.0006702335928809155
compressor-0076,failure,160,189,FAILURE,71.59313333333333,1.8906728198066323,67.6308,75.3015,0.03162691879866393,5.440726666666667,0.36474734080212595,4.6654,6.2099,-0.01671301446051186,4.345256666666667,0.4050335958767975,3.6607,5.1093,0.015548587319243534
compressor-0076,failure,170,199,FAILURE,73.19438333333332,2.85716207428319,68.6702,79.4853,0.17978818687430304,5.2755,0.3327809369540269,4.6654,6.2099,-0.019975617352614133,4.615253333333333,0.4340834687271818,3.7561,5.311,0.028341045606229024
compressor-0077,healthy,0,29,NORMAL,54.81437000000001,1.5098346360115074,52.0605,57.7304,-0.08435027808676404,7.803843333333333,0.15468112507851614,7.4947,8.0921,-0.009169410456062541,1.3069433333333336,0.20934924199103808,0.9508,1.7717,-0.014912191323693029
compressor-0077,healthy,10,39,NORMAL,54.842316666666676,1.4681801937735333,52.0605,57.5602,0.001175150166850417,7.842903333333334,0.18670112030253663,7.4947,8.1822,0.0060370411568408,1.2888666666666666,0.18350985865130576,0.9508,1.6501,0.01409454949944382
compressor-0077,healthy,20,49,NORMAL,55.03868666666667,1.4427376307407933,52.0605,57.6803,0.10780071190211178,7.813983333333334,0.1919568668274784,7.4947,8.1822,0.0016058509454948116,1.382583333333333,0.16328701332997128,1.0445,1.6501,0.011807808676306975
compressor-0077,healthy,30,59,NORMAL,54.692403333333345,1.8191732753246892,51.4586,57.6803,-0.1343070745272536,7.788659999999998,0.20348178558943975,7.5035,8.1822,-0.020532591768631984,1.4490599999999998,0.12033713641266358,1.1925,1.6501,-0.0048796440489433214
compressor-0077,healthy,40,69,NORMAL,54.82437000000001,1.929451582039139,51.4586,57.7696,-0.012137330367075844,7.714950000000001,0.15271653643269936,7.5035,8.0077,0.0011428476084536223,1.4827900000000003,0.13896822982250295,1.1925,1.7302,0.0050477641824249134
compressor-0077,healthy,50,79,NORMAL,54.64545333333333,1.764889843348745,51.4586,57.7696,0.1218526362625121,7.784153333333333,0.22583816437637136,7.5035,8.2954,0.015126496106785207,1.4374300000000002,0.1826163120680443,1.0493,1.7302,-0.006440111234705258
compressor-0077,healthy,60,89,NORMAL,55.00803333333333,1.3823317390875784,52.463,57.7696,-0.11902180200222548,7.806816666666666,0.2100982930016859,7.5389,8.2954,-0.005265561735261542,1.3961633333333332,0.20965984273473917,1.0239,1.7302,-0.01287833147942159
compressor-0077,healthy,70,99,NORMAL,54.38840666666668,1.229700632656402,52.1879,56.816,-0.06342513904338266,7.902913333333332,0.23715909812238337,7.5524,8.2954,0.003788654060066674,1.3621966666666665,0.18142648002856576,1.0239,1.7274,0.00697991101223578
compressor-0077,healthy,80,109,NORMAL,54.55043666666666,1.3668528580851547,52.1879,57.9438,0.10560905450500362,7.903016666666665,0.19498811260062895,7.5795,8.2533,0.01321679644048938,1.3457533333333338,0.16349630726376937,1.0239,1.6626,0.00073081201334813
compressor-0077,healthy,90,119,NORMAL,54.58325999999999,1.328646179537653,52.1879,57.9438,-0.008529566184651487,7.890896666666667,0.21860020201779834,7.4299,8.2533,-0.019817552836485224,1.3731700000000002,0.15539021451387042,1.1409,1.6626,-0.004366963292547295
compressor-0077,healthy,100,129,NORMAL,54.54533666666668,1.2166427458333402,52.4247,57.9438,-0.08790111234705406,7.83533,0.20634242276694664,7.4299,8.2655,-0.0009335928809790302,1.4285566666666667,0.20919994054067564,1.1409,1.828,0.020139555061179065
compressor-0077,healthy,110,139,NORMAL,54.620196666666665,1.364974004266096,52.4247,57.7979,0.10422151279198882,7.821536666666666,0.19758491758116453,7.4299,8.2655,0.015334972191323614,1.4889399999999997,0.1794993994418923,1.1468,1.828,0.005586829810900996
compressor-0077,healthy,120,149,NORMAL,54.562706666666664,1.4526651155567671,52.5428,57.7979,-0.0214076529477212,7.83971,0.19593248046202044,7.4129,8.2655,-0.009067919911012497,1.4635900000000002,0.18626595922676445,1.1184,1.828,-0.015212213570634056
compressor-0078,healthy,0,29,NORMAL,51.760220000000004,1.3475878139352055,49.5078,54.7594,-0.038373659621802406,8.043596666666666,0.18349287085757734,7.6633,8.3512,-0.007525406006674165,1.7132033333333334,0.2151635122154518,1.3583,2.308,-0.01345635150166857
compressor-0078,healthy,10,39,NORMAL,51.87547,1.0339836688426627,49.5078,53.7528,0.011313926585093198,8.080936666666666,0.2253417308346494,7.6633,8.4783,0.011854393770856415,1.7221266666666668,0.2188919945746963,1.3583,2.308,-0.0017598665183537565
compressor-0078,healthy,20,49,NORMAL,52.040226666666655,1.0649763555852099,49.5078,54.2137,0.048815305895438296,8.0979,0.19968987789403195,7.6633,8.4783,0.009757196885428037,1.6267499999999997,0.1772037222144802,1.3261,1.9183,0.0016652502780867523
compressor-0078,healthy,30,59,NORMAL,51.55928333333333,1.5241117023987736,48.7043,54.2137,-0.12709706340378302,8.096006666666666,0.195955215858681,7.7294,8.4783,-0.013988476084538546,1.6528333333333334,0.1583355494581751,1.3261,1.9183,-0.009815216907675235
compressor-0078,healthy,40,69,NORMAL,51.44142333333334,1.5359842162130297,48.7043,54.2137,-0.01639143492769822,8.107226666666667,0.20048539752865352,7.7294,8.5739,0.008337130144604852,1.6151866666666668,0.12744515351929062,1.3261,1.8445,0.008317552836484929
compressor-0078,healthy,50,79,NORMAL,51.89725,1.9812032722144728,48.7043,55.7,0.17529813125695223,8.117813333333334,0.20162584281011423,7.7294,8.5739,0.0071617797552835085,1.54418,0.2110239771526765,1.0522,1.8445,-0.012362135706340401
compressor-0078,healthy,60,89,NORMAL,52.0784,1.7753434261197663,49.0267,55.7,-0.08853539488320508,8.129793333333334,0.1774151814874426,7.8148,8.5739,-0.013894593993325956,1.4599066666666665,0.2481942571633939,0.8714,1.8445,-0.01623390433815355
compressor-0078,healthy,70,99,NORMAL,51.74463333333333,1.7377216371508482,49.0267,55.7,-0.14154109010011215,8.044789999999999,0.14623362438235601,7.7819,8.3286,-0.0037428476084539566,1.4502699999999997,0.23833234100026515,0.8714,1.8084,0.016392947719688532
compressor-0078,healthy,80,109,NORMAL,51.487763333333326,1.3367729838391493,49.0267,54.2429,0.12316438264738457,8.041843333333334,0.19773360477054872,7.4536,8.3546,0.005007007786429218,1.52425,0.20029556618490918,0.8714,1.8084,0.011794905450500524
compressor-0078,healthy,90,119,NORMAL,51.458233333333325,1.338560234812847,49.2923,54.2429,-0.03937757508342796,7.9321666666666655,0.29166434399075175,7.4385,8.3546,-0.015193681868743217,1.59637,0.1264998370222929,1.3607,1.8674,-0.003921490545050093
compressor-0078,healthy,100,129,NORMAL,51.049503333333334,1.5736474900653228,49.0504,54.2429,-0.13710347052280408,7.917006666666667,0.2763805202172462,7.4385,8.3546,-0.004292947719688676,1.5874833333333336,0.1443268468519361,1.3607,1.9289,0.007249632925472722
compressor-0078,healthy,110,139,NORMAL,50.49744999999999,0.9217805395899109,49.0504,52.5585,0.04773942157953178,7.8953033333333345,0.2303545911319233,7.4385,8.2366,0.01937951056729688,1.6364033333333334,0.16431303150457124,1.3607,1.9289,0.007982046718576148
compressor-0078,healthy,120,149,NORMAL,50.11671333333332,1.2817499035129887,47.7636,52.5585,-0.04946109010011246,7.960463333333334,0.1472481182298172,7.6913,8.2366,-0.006486696329254923,1.6411366666666665,0.1484432360271839,1.4457,1.9289,-0.003915350389321496
compressor-0078,healthy,130,159,NORMAL,50.25045333333333,1.3467623736782803,47.7636,52.5585,-0.055671368186876055,8.004956666666667,0.18310203108892292,7.6913,8.3621,0.004456618464960936,1.5821666666666665,0.16004008317362942,1.2225,1.8835,-0.011632080088987796
compressor-0078,healthy,140,169,NORMAL,50.73329,1.855462243458487,47.7636,54.0245,0.17857959955505967,8.100653333333334,0.2350905849998157,7.6913,8.3866,0.02384627363737454,1.5656366666666666,0.12386987926404422,1.2225,1.7495,0.003335372636262464
compressor-0078,healthy,150,179,NORMAL,51.185433333333336,1.5770366022666975,49.0383,54.0245,0.01204066740822985,8.097003333333333,0.24669000720652545,7.7018,8.3866,-0.011976084538376206,1.4995433333333332,0.15742505239707633,1.2036,1.7495,-0.004495506117908831
compressor-0078,healthy,160,189,NORMAL,51.419066666666666,1.4706980313971851,49.0383,54.0245,-0.08211523915461769,8.05978,0.23729789351502187,7.7018,8.3866,-0.014127563959955715,1.55344,0.15217869014199503,1.2036,1.7495,-4.0489432703029926e-05
compressor-0079,healthy,0,29,NORMAL,52.410509999999995,2.3642051559808994,48.2204,57.4152,-0.1605220689655187,7.8488,0.2203058086690711,7.5165,8.2636,-0.013524048943270481,1.4467166666666669,0.08394769833387665,1.2265,1.585,-0.0005336818687430858
compressor-0079,healthy,10,39,NORMAL,52.44784666666666,2.0192834938385666,48.2204,55.7613,0.01883844271412492,7.91189,0.2729134042756663,7.5165,8.4681,0.020312413793103213,1.4767866666666667,0.09757075290384011,1.2265,1.6344,0.005260200222469368
compressor-0079,healthy,20,49,NORMAL,52.584356666666665,2.1735034591926055,48.2204,55.7613,0.15853537263626144,7.96469,0.24318835409342,7.5176,8.4681,0.01059975528364826,1.4795500000000001,0.11019698044864931,1.2786,1.6965,-0.0017159288097887023
compressor-0079,healthy,30,59,NORMAL,52.854153333333336,1.842329387077373,48.8855,55.7613,-0.15021646273637487,7.941529999999999,0.2619071580414198,7.4969,8.4681,-0.02576482758620706,1.49751,0.11371324856849355,1.2786,1.6965,-0.0029690100111235034
compressor-0079,healthy,40,69,NORMAL,52.986413333333324,2.0853073734637353,48.8855,56.7501,0.020943359288096722,7.87166,0.21053704440470006,7.4969,8.3547,0.006177708565072046,1.5221366666666667,0.1826430772177132,1.2786,2.2095,0.008811768631813119
compressor-0079,healthy,50,79,NORMAL,53.532843333333325,2.519244364445198,48.8855,57.7475,0.20709265850945352,7.902253333333335,0.22578747490111623,7.4969,8.3547,0.018392436040044337,1.5308166666666667,0.1926210702966376,1.0689,2.2095,-0.000505250278086797
compressor-0079,healthy,60,89,NORMAL,53.37474666666665,2.690530283263051,49.0426,57.7475,-0.1620636707452734,7.908560000000002,0.2221459169104847,7.4685,8.3547,-0.013762981090100358,1.4433766666666668,0.2418853332791295,0.999,2.2095,-0.01614137931034488
compressor-0079,healthy,70,99,NORMAL,52.599193333333325,2.502474079377358,49.0426,57.7475,-0.1511279644048954,7.896926666666667,0.2280487943888813,7.4685,8.3306,0.0009495439377083815,1.406923333333333,0.19469704446195946,0.999,1.8502,0.0009048498331479132
compressor-0079,healthy,80,109,NORMAL,51.796953333333335,1.6658341321458805,49.0426,54.7977,0.11464404894326868,7.867053333333334,0.2443594152518423,7.4685,8.3641,0.012458197997775231,1.3618133333333333,0.16437437094091714,0.999,1.8502,0.005110255839822005
compressor-0079,healthy,90,119,NORMAL,51.93047000000001,1.4998911296379698,49.6207,54.7977,-0.07187348164627527,7.800233333333333,0.3071214920660698,7.2799,8.3641,-0.02419621802002249,1.4127999999999996,0.14310382710931716,1.1847,1.8502,-0.004921023359288108
compressor-0079,healthy,100,129,NORMAL,51.67912333333334,1.5818569917838827,49.6207,54.7977,-0.0858971523915478,7.744686666666667,0.3025847338441839,7.2799,8.3772,-0.004753058954393987,1.4761433333333336,0.2007514012957873,1.1847,1.8836,0.017445494994438232
compressor-0079,healthy,110,139,NORMAL,52.349683333333324,2.1182556584893666,49.6207,56.0788,0.2106540378197986,7.75044,0.31799106863767945,7.2799,8.423,0.02168200222469388,1.532603333333333,0.20857967699552024,1.1881,1.8836,0.00504754171301446
compressor-0079,healthy,120,149,NORMAL,52.73835666666666,2.041932746800333,49.6589,56.0788,0.028708987764180315,7.844226666666669,0.25443565386076605,7.4979,8.423,-0.002148965517241631,1.53512,0.197552273926,1.2223,1.8836,-0.014381490545050083
compressor-0079,healthy,130,159,NORMAL,52.652473333333326,2.0996174456208814,49.3994,56.0788,-0.17877850945495036,7.873433333333335,0.2066205609861279,7.6226,8.423,-0.0024961067853172076,1.4757166666666663,0.14333638775815286,1.2223,1.8261,-0.002405895439377124
compressor-0079,healthy,140,169,NORMAL,51.934836666666655,1.4612624700313843,49.3994,54.146,0.03435494994438146,7.902280000000001,0.16322172935407023,7.6226,8.2239,0.013789276974415891,1.4715333333333334,0.08683199231210172,1.2926,1.64,0.003372636262513868
compressor-0080,degrading,0,29,NORMAL,51.114943333333336,1.028472044890974,48.5729,52.9029,-0.077158153503894,7.843983333333335,0.17949110485542794,7.5646,8.1411,-0.01440932146829825,1.48562,0.23441943093523626,1.0272,1.8973,-0.007811301446051218
compressor-0080,degrading,10,39,DEGRADATION,51.61843666666665,1.6083156158920495,48.5729,55.8156,0.09693007786429217,7.891019999999998,0.24306071724296932,7.5646,8.3992,0.01742024471635142,1.5514966666666665,0.2985154306266633,1.0272,2.047,0.02602894327030031
compressor-0080,degrading,20,49,DEGRADATION,52.86596666666667,2.4452321986992476,48.5729,56.7508,0.21397388209121077,7.998873333333334,0.30409707872468783,7.4721,8.5103,0.014230033370411423,1.6941033333333333,0.264421386532095,1.0272,2.047,0.016792280311457134
compressor-0080,degrading,30,59,DEGRADATION,53.053623333333334,2.2662106026997777,48.3681,56.7508,-0.13371882091212633,7.936769999999999,0.38120137648404867,7.1575,8.5103,-0.03222133481646293,1.87976,0.1767895747303368,1.6222,2.3867,0.004933259176863135
compressor-0080,degrading,40,69,DEGRADATION,52.71074333333334,2.7475741388460397,48.0192,56.7508,-0.11601604004449682,7.752246666666667,0.3536070019417352,7.1575,8.5103,-0.027623626251390688,1.9063233333333334,0.19079364189848907,1.6222,2.3867,0.012269254727474914
compressor-0080,degrading,50,79,DEGRADATION,52.586983333333336,2.4727727643387607,48.0192,56.123,0.19536883203559366,7.612243333333333,0.17216350500485159,7.1575,7.9394,0.0048096774193546335,2.0186433333333333,0.1811049413707116,1.7454,2.411,0.010212124582869813
compressor-0080,degrading,60,89,DEGRADATION,53.416909999999994,2.018585191555379,48.0192,56.123,0.07046992213570535,7.536019999999999,0.2100954186395632,7.07,7.8888,-0.013770100111234813,2.0696499999999998,0.17676646505111387,1.7663,2.4709,0.007929098998887624
compressor-0080,degrading,70,99,DEGRADATION,54.19557666666667,0.9825283957502482,52.2397,55.8543,-0.002791568409344734,7.434423333333332,0.2205630396407239,7.07,7.8888,-0.018376084538376174,2.175266666666666,0.16357956337989032,1.9045,2.4709,0.007401913236929884
compressor-0080,degrading,80,109,DEGRADATION,55.14095666666666,2.080723134983498,52.2397,59.7815,0.20547161290322485,7.257156666666668,0.16515613155099287,6.8891,7.5718,-0.010963670745272807,2.1655066666666665,0.17183608455605462,1.7883,2.4709,-0.005486140155728642
compressor-0080,degrading,90,119,DEGRADATION,56.33049333333333,1.6714541945929062,53.7048,59.7815,0.10100226918798497,7.082773333333334,0.24538047590538975,6.6633,7.4416,-0.024055394883203695,2.2075633333333333,0.22506738766175985,1.7883,2.7549,0.002237041156840866
compressor-0080,degrading,100,129,DEGRADATION,56.69303,1.5954946558251661,54.111,59.7815,-0.05875063403782112,7.008486666666667,0.2105785423277711,6.6633,7.4129,-0.004318798665183658,2.2815466666666664,0.2760146599166227,1.7883,2.7549,0.020952569521690733
compressor-0080,degrading,110,139,DEGRADATION,57.438293333333334,2.128732195608978,54.111,61.2931,0.13935572858731732,7.020993333333334,0.2304447409298425,6.6633,7.5816,0.016654015572858595,2.4552433333333337,0.24529409788161546,1.8067,2.7549,0.01720037819799774
compressor-0080,degrading,120,149,DEGRADATION,57.31122333333333,2.1489083372235513,54.111,61.2931,0.03713501668520438,6.982076666666668,0.2961409615744202,6.3339,7.5816,-0.021131902113459625,2.553916666666667,0.14928788538331642,2.1889,2.8238,0.0031596662958842617
compressor-0081,healthy,0,29,NORMAL,54.74820999999999,1.3487706077140518,52.0717,57.2317,-0.0659045383759747,7.951289999999999,0.22273991612042365,7.5199,8.3191,-0.018762691879866827,1.4762400000000002,0.23149838242775406,0.9869,1.8014,-0.009211835372636316
compressor-0081,healthy,10,39,NORMAL,54.76603333333333,1.698386750877301,51.8941,57.3734,-0.020725250278088886,7.907283333333336,0.21566574767964952,7.5199,8.3191,0.0008628921023357194,1.4021700000000001,0.20327159688456234,0.9869,1.7663,-0.00010573971078981745
compressor-0081,healthy,20,49,NORMAL,54.732009999999995,1.6629873840671996,51.8941,57.6706,0.110502180200222,7.9157199999999985,0.21969613166067956,7.5199,8.3222,0.012244849833147707,1.3614199999999999,0.16798763724353846,1.0706,1.6523,-0.010001334816462773
compressor-0081,healthy,30,59,NORMAL,54.624050000000004,1.7444682837949979,51.889,57.6706,-0.07213879866518447,7.925243333333332,0.2251341343633957,7.5416,8.3222,-0.008900311457174934,1.3253633333333332,0.1586127894871309,1.0916,1.6523,-0.0037973971078977013
compressor-0081,healthy,40,69,NORMAL,54.55984333333333,1.2941311084232883,51.889,57.6706,-0.05092304783092462,7.9624233333333345,0.22917210226280926,7.5416,8.3222,0.0035007563959953453,1.3339266666666665,0.1702431142676718,1.0916,1.7511,0.010113325917686298
compressor-0081,healthy,50,79,NORMAL,55.115433333333335,1.8862067312171509,51.889,58.9393,0.187205606229142,7.9781699999999995,0.23262055104110352,7.5416,8.2971,0.011939911012235684,1.3037099999999997,0.19606544545125745,0.9554,1.7511,-0.009631078976640742
compressor-0081,healthy,60,89,NORMAL,54.96019666666666,2.0910452592715982,51.7647,58.9393,-0.1001889432703013,7.951033333333334,0.24743595445196637,7.5524,8.2971,-0.019826562847608677,1.3202233333333333,0.21033574855982573,0.9554,1.7511,-0.0030902558398220575
compressor-0081,healthy,70,99,NORMAL,54.49266333333334,2.3766612070273903,50.7708,58.9393,-0.16227655172414013,8.00245,0.2909906914318738,7.5524,8.4222,0.009196551724137745,1.327043333333333,0.191117035143972,0.9554,1.6228,0.01636651835372633
compressor-0081,healthy,80,109,NORMAL,54.07156666666667,1.8701654743780176,50.7708,57.583,0.15665423804226872,8.05463,0.2917825047873844,7.5524,8.4778,0.026592725250278046,1.4181833333333331,0.15970662913257197,1.0402,1.6228,0.0011557063403781589
compressor-0081,healthy,90,119,NORMAL,54.05111999999999,1.934890661062445,50.7708,57.583,-0.036500645161291374,8.103633333333333,0.22543597514347366,7.7562,8.4778,-0.017725650723025798,1.3843166666666669,0.1634637861695638,1.0293,1.6053,-0.009086295884315936
compressor-0081,healthy,100,129,NORMAL,53.80058666666667,1.8883525780837525,51.1746,57.583,-0.16645672969966763,7.931999999999999,0.2350068708215429,7.447,8.4778,-0.019898998887653185,1.3648599999999997,0.1746836580793979,1.0293,1.61,0.0004087652947719555
compressor-0081,healthy,110,139,NORMAL,53.579776666666675,1.6399057632850602,51.1746,56.9871,0.11235735261401449,7.877126666666668,0.18688338776419433,7.447,8.241,0.01173535038932121,1.3314433333333333,0.15613300245481596,1.0293,1.61,0.002287185761957693
compressor-0081,healthy,120,149,NORMAL,53.825526666666654,1.5351586821201544,50.8833,56.9871,0.017599243604003535,7.875983333333334,0.23095554562632947,7.3959,8.241,0.006025962180200019,1.2707700000000002,0.19117413379778483,0.8902,1.61,-0.014040467185761988
compressor-0081,healthy,130,159,NORMAL,53.848753333333335,1.4797749139048895,50.8833,56.9871,-0.14028137931034607,7.956796666666666,0.20878793624685843,7.3959,8.241,-0.00041710789766418984,1.2622833333333332,0.1719261374027295,0.8902,1.5589,0.0023864516129032225
compressor-0081,healthy,140,169,NORMAL,53.657770000000006,1.382482306613723,50.8833,56.7597,0.06796869855394712,7.957926666666666,0.19538360547622435,7.3959,8.2148,0.008817931034482702,1.3078599999999996,0.20412452669877768,0.8902,1.6341,0.013716929922135697
compressor-0081,healthy,150,179,NORMAL,53.90113666666666,1.3850573298563817,51.7544,56.7597,0.0593783537263615,7.938573333333333,0.15468461447589266,7.7101,8.2148,-0.00986353726362644,1.337813333333333,0.16234598595455188,1.0731,1.6341,-0.008772903225806478
compressor-0081,healthy,160,189,NORMAL,54.34693666666667,1.386249285297882,52.3477,56.7597,-0.0180482536151291,7.923723333333333,0.18904956260785744,7.5637,8.271,-0.0037104560622915573,1.2976199999999998,0.16312347347944747,1.0731,1.6341,-0.009210545050055651
compressor-0081,healthy,170,199,NORMAL,54.708246666666675,1.4621386050880707,52.3477,56.7566,0.08266024471635083,7.979483333333334,0.23988745428267433,7.5637,8.4386,0.022968253615127724,1.29993,0.15006232516302462,1.0731,1.656,0.011175995550611764
compressor-0081,healthy,180,209,NORMAL,54.75058666666666,1.3728392112050927,52.3469,56.7566,0.01049713014460426,8.027199999999999,0.21471112686584265,7.5637,8.4386,0.0014596662958841588,1.2948133333333336,0.15486388159355371,1.0346,1.656,-0.0051082091212458595
compressor-0081,healthy,190,219,NORMAL,54.30891999999999,1.6323456795666775,51.1573,56.7566,-0.14224898776418493,8.0222,0.1909788487415992,7.734,8.4386,-0.011290011123470486,1.3295666666666668,0.19291957967563125,1.0346,1.7587,-0.0024699443826474107
compressor-0081,healthy,200,229,NORMAL,54.35312333333333,1.6760232967122564,51.1573,56.6492,0.08380491657396782,8.093329999999998,0.27171603578000314,7.734,8.6732,0.023527986651835163,1.4190800000000001,0.2813475459285188,1.0346,1.9896,0.024563870967741916
compressor-0081,healthy,210,239,NORMAL,54.25216333333332,1.6360098552032685,51.1573,56.6492,0.05742093437152256,8.099926666666667,0.2657653926973102,7.734,8.6732,0.0009088320355950016,1.5003199999999999,0.2261888877317658,1.0673,1.9896,0.0026573526140155324
compressor-0081,healthy,220,249,NORMAL,54.328403333333334,1.4428330269492562,52.1862,56.6492,-0.1471336373748617,8.067153333333334,0.32243994141889765,7.4388,8.6732,-0.024860867630701035,1.5652466666666667,0.18867288399649684,1.3013,1.9896,-0.0074310567296996975
compressor-0082,failure,0,29,DEGRADATION,54.21727666666666,1.7697887423236585,50.5845,58.918,-0.038468053392660594,8.031666666666668,0.23934152910758202,7.6192,8.4836,-0.020588342602892273,1.4155366666666669,0.2008448347743988,1.0466,1.931,0.006820533926585066
compressor-0082,failure,10,39,DEGRADATION,55.57945666666665,3.0578898569311197,50.5845,61.6625,0.10320300333703952,7.894336666666666,0.22945438251546982,7.5108,8.3645,-0.01309341490545065,1.5798233333333336,0.3113275335112881,1.0466,2.0961,0.031119666295884276
compressor-0082,failure,20,49,DEGRADATION,56.97612666666666,3.71307892625813,50.5845,61.6876,0.3319191101223567,7.653050000000002,0.2623358378745331,7.0257,8.1254,-0.017938932146829935,1.840823333333333,0.2615491511275759,1.1729,2.1717,0.025826229143492755
compressor-0082,failure,30,59,FAILURE,58.65206666666666,2.4292784560212306,51.0566,61.6876,0.04781005561735273,7.396420000000001,0.39375930753020516,6.5922,8.1254,-0.036224471635150336,2.0879966666666667,0.1884132222595384,1.7004,2.541,0.018753259176863143
compressor-0082,failure,40,69,FAILURE,60.10963666666667,2.332912229451041,57.1496,66.9453,0.09886266963292385,7.182306666666666,0.24693876559899544,6.5922,7.5628,-0.01168324805339283,2.390206666666667,0.35696923670752856,1.9599,3.138,0.035364671857619545
compressor-0082,failure,50,79,FAILURE,60.92752333333333,3.1426318937777133,57.1496,67.3867,0.1807001334816454,6.9654266666666675,0.30443145252895426,6.2374,7.4474,-0.016883604004449503,2.595353333333333,0.3027631645729418,2.0435,3.138,0.01712569521690763
compressor-0082,failure,60,89,FAILURE,62.39705666666668,2.708640710969661,57.7008,67.3867,0.01977822024471483,6.824443333333334,0.3282540171709844,6.2291,7.4474,-0.03003886540600673,2.7801099999999996,0.31943612543563904,2.2046,3.5897,0.003982981090100066
compressor-0082,failure,70,99,FAILURE,63.37397333333334,2.660818811811298,57.7008,67.5592,0.10040533926584982,6.531873333333333,0.3007368350494425,5.8838,7.1733,-0.02562780867630721,3.09845,0.5849696247099787,2.2046,4.0566,0.05457225806451607
compressor-0082,failure,80,109,FAILURE,65.10521666666668,2.7221020333660446,57.7008,70.064,0.2635747942157941,6.40749,0.22207879134817599,5.8838,6.8154,-0.013056751946607445,3.3961533333333334,0.5142767755034464,2.2046,4.0566,0.036610634037819736
compressor-0082,failure,90,119,FAILURE,67.61127666666667,2.6632530919514372,62.8821,73.2302,0.25986489432702914,6.145123333333332,0.31747530264398344,5.521,6.762,-0.02623201334816468,3.6658299999999997,0.2458297529456785,3.2317,4.0566,-0.005341779755283691
compressor-0082,failure,100,129,FAILURE,69.08828666666666,2.1427835878802335,65.8544,73.4369,0.11587866518353583,5.9633499999999975,0.3588946231138048,5.3888,6.5415,-0.028567497219132574,3.81431,0.34726549435074405,3.2837,4.4292,0.027676284760845285
compressor-0082,failure,110,139,FAILURE,71.60871333333333,3.2626993690024353,66.5883,78.005,0.288747808676305,5.639903333333334,0.30470338963581545,5.1599,6.1984,-0.020135328142380546,4.194566666666667,0.47701762744042164,3.2967,5.034,0.0488271412680756
compressor-0083,healthy,0,29,NORMAL,54.09603333333334,1.6890629996802626,50.0766,56.7675,-0.1399851390433829,7.987556666666666,0.21440710293478812,7.6639,8.4688,-0.014928164627363889,1.30792,0.13641422310986,1.0876,1.6655,-0.010587408231368223
compressor-0083,healthy,10,39,NORMAL,53.89594,1.9081619160158636,50.0766,57.1829,-0.02691546162402772,7.9156,0.1618179409089115,7.6639,8.2653,-0.005695083426029148,1.2738566666666666,0.1017612227499039,1.0876,1.4916,0.001400778642936564
compressor-0083,healthy,20,49,NORMAL,53.973216666666666,1.9908775478974645,50.0766,57.1829,0.16390538375973282,7.896003333333334,0.15591514248319677,7.6639,8.2127,0.006146896551723917,1.28454,0.09472027801197941,1.0876,1.4916,0.005370723025583946
compressor-0083,healthy,30,59,NORMAL,54.39630999999999,1.6553523093992206,51.2581,57.1829,-0.029370656284762126,7.85459,0.19455379093368153,7.4645,8.2127,-0.012125850945495264,1.3296433333333333,0.07285701834567636,1.1825,1.492,0.00039935483870965526
compressor-0083,healthy,40,69,NORMAL,54.578,1.2814798528784344,52.2177,56.7294,-0.02247906562847755,7.85516,0.19829317621474857,7.4645,8.2127,-0.0018981535038933716,1.4047266666666662,0.1436594350848175,1.1825,1.7525,0.012607875417130114
compressor-0083,healthy,50,79,NORMAL,54.54569333333333,1.191917827685934,52.2177,56.7168,0.09841290322580529,7.871686666666666,0.1994385966211712,7.4645,8.3591,0.01593321468298089,1.4166033333333334,0.15779197377841778,1.1825,1.7525,0.0014886540600666952
compressor-0083,healthy,60,89,NORMAL,54.708780000000004,1.0165032747610803,52.4087,56.7168,-0.06663319243604125,7.906546666666667,0.16301858530718386,7.5634,8.3591,-0.007189899888765586,1.4366333333333334,0.16434411323669476,1.1881,1.7525,-0.006228120133481668
compressor-0083,healthy,70,99,NORMAL,54.5929,1.2961802107217448,52.1732,56.7168,-0.0318340823136831,8.03361,0.28584933601462165,7.5634,8.7255,0.013977330367074402,1.4140566666666665,0.1517265208268555,1.1881,1.6863,0.00692193548387093
compressor-0083,healthy,80,109,NORMAL,55.03667333333333,1.699923013145661,52.1732,58.2336,0.13055474972191233,8.070593333333333,0.30503058746441963,7.5634,8.7255,0.015461312569521568,1.40358,0.17176525143346077,1.1056,1.6863,-0.002083870967741978
compressor-0083,healthy,90,119,NORMAL,55.26872999999999,1.5477178237973486,52.1732,58.2336,-0.008316551724139335,8.02941,0.34851417986455974,7.4569,8.7255,-0.028167363737486267,1.3533199999999999,0.1724058552756644,1.1056,1.671,-0.011329744160177999
compressor-0083,healthy,100,129,NORMAL,55.38058000000001,1.5931101460978774,51.3493,58.2336,-0.07838642936596346,7.916916666666666,0.2643735300458214,7.4569,8.6146,-0.007586896551724327,1.3160666666666667,0.1335321767298887,1.1056,1.5893,0.0009777975528364674
compressor-0083,healthy,110,139,NORMAL,55.29971333333332,1.4822385596867405,51.3493,57.368,0.1015297886540588,7.8935233333333334,0.21874113876655413,7.4569,8.3292,0.019601935483870802,1.3333366666666666,0.09569971258519479,1.1449,1.5264,0.0059521468298108764
compressor-0083,healthy,120,149,NORMAL,55.63559333333334,1.457782300147118,51.3493,57.8492,0.03934843159065545,7.945973333333334,0.16548832775220812,7.6377,8.3292,-0.006943270300333947,1.2954633333333336,0.15096660002206522,0.9102,1.5264,-0.011295817575083453
compressor-0083,healthy,130,159,NORMAL,55.48506,1.181133266994034,53.4269,57.8492,-0.0878414682981099,7.9170066666666665,0.17030878022645288,7.602,8.3292,-0.007706251390433988,1.3511666666666668,0.20264260712451912,0.9102,1.7479,0.00778883203559509
compressor-0083,healthy,140,169,NORMAL,55.324410000000015,1.0788403682813008,53.4269,57.8492,0.02025652947719543,7.984370000000001,0.24506003230501155,7.602,8.5459,0.020632547274749544,1.3726633333333331,0.20781091964144285,0.9102,1.7479,0.014383025583982162
compressor-0083,healthy,150,179,NORMAL,55.23881333333334,0.8437667954805731,53.9042,56.9088,0.027083604004448314,8.001466666666667,0.24269271563485828,7.602,8.5459,0.0001961290322579167,1.3720666666666668,0.20189911892383836,0.8725,1.7479,-0.018185939933259218
compressor-0083,healthy,160,189,NORMAL,55.17463000000001,1.0170397452574476,52.7397,56.9088,-0.07338053392658694,7.997979999999999,0.2262612257251928,7.6304,8.5459,-0.018164137931034684,1.4103533333333333,0.2500831031655056,0.8725,1.8194,0.010014193548387075
compressor-0084,degrading,0,29,NORMAL,54.158629999999995,1.4881188266062624,50.866,56.7026,-0.08951317018909992,7.7374566666666675,0.11321015762240101,7.5643,8.0007,-0.004330923248053481,1.54375,0.15638453834485472,1.1417,1.7787,-0.0009124582869855825
compressor-0084,degrading,10,39,NORMAL,54.36931333333333,1.584870927601221,50.866,57.3111,-0.020125161290323827,7.737653333333333,0.11054662585935812,7.4815,7.9382,0.0018653615127917941,1.5511833333333334,0.1619635145813882,1.1417,1.7787,0.006551879866518319
compressor-0084,degrading,20,49,DEGRADATION,54.193380000000005,1.6323460524451707,50.866,57.3111,0.07620609566184555,7.767803333333335,0.1515029823322154,7.456,8.1052,0.004560244716351248,1.59765,0.145285626152991,1.2687,1.8609,0.0034068743047830567
compressor-0084,degrading,30,59,DEGRADATION,54.35052666666665,1.5444019882429858,51.956,57.3111,-0.08458611790878867,7.61515,0.3249576205702318,6.9812,8.1052,-0.024507875417130273,1.639013333333333,0.14113732493174472,1.4268,1.9756,0.003454282536151241
compressor-0084,degrading,40,69,DEGRADATION,54.75943333333333,1.8608472812732972,51.956,58.1035,0.07029610678531613,7.554456666666669,0.30516115926215487,6.9812,8.1052,-0.009983870967742291,1.7285633333333335,0.17903578875620246,1.4268,2.0532,0.011998954393770809
compressor-0084,degrading,50,79,DEGRADATION,55.09819333333334,1.7817376297561012,51.956,58.1035,0.14219728587319136,7.476136666666666,0.23456259361249876,6.9812,7.8617,0.015644605116796273,1.7630666666666666,0.16218378326933786,1.4268,2.0532,0.004260556173526106
compressor-0084,degrading,60,89,DEGRADATION,56.12715000000001,1.5420387206011832,52.8163,58.9929,-0.0159177085650738,7.39531,0.3241671722532476,6.6509,7.8617,-0.030499332591768888,1.8254866666666665,0.1280265017703583,1.5564,2.0532,-5.112347052286102e-05
compressor-0084,degrading,70,99,DEGRADATION,56.58918333333333,1.7850037402544072,52.8163,59.9795,0.07672714126807505,7.317046666666667,0.3278828985408595,6.6509,7.7662,-0.01064614015572862,1.9064,0.21497471634279844,1.5564,2.347,0.021317374860956587
compressor-0084,degrading,80,109,DEGRADATION,57.70921333333333,2.097383684138143,52.8163,61.579,0.12601824249165555,7.186013333333333,0.32707667269651347,6.6509,7.7693,0.005084983314793994,2.0150366666666666,0.1984365347465587,1.6986,2.399,0.007896796440489405
compressor-0084,degrading,90,119,DEGRADATION,57.98655333333333,1.7681498878268844,54.7146,61.579,-0.009137575083427083,7.065793333333333,0.4131296204448295,6.4988,7.7693,-0.03474411568409358,2.1502433333333335,0.2270301928280808,1.7834,2.5884,0.008803136818687359
compressor-0084,degrading,100,129,DEGRADATION,58.26361666666667,1.7132549923237415,54.7146,61.579,-0.03055406006674272,6.927626666666668,0.3293392890149745,6.4988,7.7693,-0.015263715239154835,2.3139966666666667,0.3028515197070817,1.7979,2.7511,0.02627308120133478
compressor-0084,degrading,110,139,DEGRADATION,58.26016333333334,1.5313599826044246,54.7146,61.4535,0.09669457174638428,6.87938,0.21671825396122038,6.4988,7.2133,0.018456017797552744,2.4182,0.22741284924119834,1.953,2.7511,0.005055083426028875
compressor-0084,degrading,120,149,DEGRADATION,58.298226666666665,1.4396470627514542,55.1886,61.4535,-0.06820160177975611,6.952629999999999,0.14493678886558334,6.6229,7.2133,-0.003209454949944626,2.4393000000000002,0.16988521418887517,2.108,2.7511,-0.013718487208008947
compressor-0084,degrading,130,159,DEGRADATION,58.15532666666666,1.5152525274539408,55.1886,60.4064,-0.03836645161290496,6.9388233333333345,0.11533761653896309,6.6849,7.1227,-0.005939466073415061,2.369693333333333,0.1487745272402354,2.0683,2.5826,0.003077686318131209
compressor-0084,degrading,140,169,DEGRADATION,59.01425,2.33896585064853,55.1886,62.4924,0.20983606229143387,6.870996666666667,0.10969777415953144,6.6478,7.1469,-0.0012197775305896833,2.4278799999999996,0.14487353887672746,2.0683,2.6687,0.011284493882091127
compressor-0084,degrading,150,179,DEGRADATION,59.52307666666666,1.9607205516821846,55.4574,62.4924,0.03890484983314652,6.769196666666667,0.20595786702354651,6.2867,7.1469,-0.015965228031145803,2.4123633333333334,0.20316286485368223,1.9981,2.6759,-0.000959132369299292
compressor-0085,healthy,0,29,NORMAL,53.613279999999996,1.6555054981082562,51.0954,58.6555,-0.050071101223582486,7.991416666666666,0.09659261560227513,7.8037,8.2892,-0.0011772413793104985,1.3178233333333336,0.20018410640097173,0.9357,1.7959,-0.01139948832035599
compressor-0085,healthy,10,39,NORMAL,53.94622333333333,1.6618604351114712,51.0954,58.6555,-0.044110100111236054,8.091876666666668,0.18966650500871846,7.8306,8.4763,0.014870989988876468,1.3332866666666672,0.19752083558168967,0.9357,1.6337,0.014611879866518318
compressor-0085,healthy,20,49,NORMAL,53.56339666666667,1.321693685259771,51.0954,56.1068,0.0866672525027793,8.109856666666666,0.20365622452772927,7.7819,8.4763,0.0019472080088987881,1.4414900000000002,0.162552051868522,1.0932,1.6337,0.012811546162402642
compressor-0085,healthy,30,59,NORMAL,53.38295999999999,1.5701803995295145,49.9658,56.1068,-0.12148262513904477,8.064773333333333,0.24743120920548578,7.6069,8.4763,-0.022415305895439445,1.49421,0.08940399823274124,1.2748,1.6337,-0.006590589543937703
compressor-0085,healthy,40,69,NORMAL,52.96839333333334,1.4484339667225277,49.9658,56.1068,-0.051370233592883355,8.045703333333334,0.2477440190779363,7.6069,8.5207,0.01103076751946589,1.5487766666666665,0.14069520646497596,1.2748,1.8252,0.007750634037819778
compressor-0085,healthy,50,79,NORMAL,53.717316666666676,2.216713050003441,49.9658,57.4251,0.21058387096774087,8.060583333333332,0.24136009623704482,7.6069,8.5207,0.013152235817574768,1.4934399999999997,0.18808677004687668,1.0816,1.8252,-0.002627853170189136
compressor-0085,healthy,60,89,NORMAL,53.95975333333334,2.133689363322496,50.2234,57.4251,-0.03583639599555123,8.083323333333333,0.2173136376811686,7.7267,8.5207,-0.014804783092325031,1.494216666666667,0.18834929445639614,1.0816,1.8252,-0.01326333704115689
compressor-0085,healthy,70,99,NORMAL,54.270469999999996,2.0100218390438784,50.2234,57.4251,-0.11935833147942264,8.098186666666667,0.21847360288042939,7.7267,8.51,0.008528587319243322,1.4137133333333332,0.11871382040670563,1.0816,1.6171,0.0036310567296996394
compressor-0085,healthy,80,109,NORMAL,53.62673666666668,1.4228951206333595,50.2234,55.3759,0.07842031145717307,8.11725,0.2245425434819276,7.7267,8.51,0.009199087875416938,1.4339933333333332,0.07533859096697317,1.2104,1.5587,-0.00010625139043385132
compressor-0085,healthy,90,119,NORMAL,53.615316666666665,1.132910637277078,50.6762,55.2378,-0.0799009788654077,8.089673333333334,0.24463940665577344,7.6889,8.51,-0.025195461624026968,1.4296600000000004,0.11340496932086645,1.1569,1.7403,-0.002227853170189132
compressor-0085,healthy,100,129,NORMAL,53.366263333333336,1.2771610664499427,50.6762,55.7893,-0.053366117908788785,8.06896,0.238958496535835,7.6889,8.5117,0.004498286985539366,1.4486633333333332,0.13662555759772357,1.1569,1.7592,0.005911879866518313
compressor-0085,healthy,110,139,NORMAL,53.246790000000004,1.1599917348412443,50.6762,55.7893,0.08793105672969868,8.093893333333334,0.2507924532800424,7.6889,8.5117,0.018238709677419244,1.43855,0.15540364163472273,1.1569,1.7592,0.001108453837597315
compressor-0085,healthy,120,149,NORMAL,53.282140000000005,1.170975983414405,50.8571,55.7893,-0.030093081201336663,8.138656666666668,0.20972065974105233,7.7845,8.5117,-0.011993837597330593,1.3895766666666665,0.1534561841554636,1.2021,1.7592,-0.01101906562847612
compressor-0085,healthy,130,159,NORMAL,52.57244333333333,1.4113296004556206,50.2128,55.1502,-0.1386314349276994,8.048493333333333,0.1811455509313498,7.7712,8.5091,-0.012629721913237092,1.3553466666666663,0.11875394936122709,1.2021,1.6973,0.002365339265850898
compressor-0085,healthy,140,169,NORMAL,52.64011666666667,1.5190188590190556,50.2128,55.4944,0.07697572858731938,8.025866666666667,0.14661661873365134,7.7712,8.3496,0.009996262513904095,1.3845333333333336,0.1191727886539354,1.2021,1.5891,0.009837063403781952
compressor-0086,healthy,0,29,NORMAL,52.01618,1.6469066475061658,49.0064,54.858,-0.077018375973305,7.891409999999999,0.1579650179628389,7.5101,8.1921,-0.006161802002224911,1.34228,0.14148958830952899,1.0385,1.566,0.00025610678531698086
compressor-0086,healthy,10,39,NORMAL,52.45610333333333,1.9187488813431408,49.0064,56.2237,0.027537107897662904,7.922403333333334,0.20598140771007037,7.5101,8.3605,0.015027697441601718,1.3578100000000002,0.1580769187241874,1.0385,1.6855,0.011184360400444907
compressor-0086,healthy,20,49,NORMAL,52.641133333333336,2.0832379203751277,49.0064,56.2237,0.15666896551724072,8.01532,0.19027417831469762,7.5229,8.3605,0.005548654060066494,1.3472366666666664,0.17271803125968704,0.9535,1.6855,-0.009356462736373798
compressor-0086,healthy,30,59,NORMAL,52.65523,2.0433147822676103,49.1457,56.2237,-0.1408777085650732,7.951343333333335,0.23465683125695608,7.5229,8.3605,-0.01642916573971099,1.3085233333333335,0.18807338227995532,0.9535,1.6855,-0.007694794215795354
compressor-0086,healthy,40,69,NORMAL,52.14834666666666,1.979256842139381,49.1457,56.0113,-0.07967830923248183,7.841163333333333,0.2186415109768092,7.5229,8.2157,-0.011123715239154551,1.3124733333333332,0.18579646378646597,0.9535,1.5668,0.01394767519466071
compressor-0086,healthy,50,79,NORMAL,52.06474000000001,1.8466079765523238,49.1457,55.8844,0.13451652947719622,7.8648933333333355,0.22590816413361908,7.5583,8.2793,0.0192287430478307,1.3028100000000002,0.1971864352163539,0.9019,1.5668,-0.0059112124582870055
compressor-0086,healthy,60,89,NORMAL,51.894756666666666,1.9859507101441927,48.7739,55.8844,-0.09180571746384851,7.882013333333333,0.21670002420140347,7.5583,8.2793,-0.0005557285873195283,1.2609266666666668,0.20872588073568857,0.9019,1.5668,-0.014589499443826523
compressor-0086,healthy,70,99,NORMAL,51.58931333333335,1.9867602201798007,48.7739,55.8844,-0.10666749721913348,7.98208,0.22026888628825148,7.5885,8.3451,-0.0012480088987767328,1.2626199999999999,0.22464504950402683,0.9019,1.6876,0.016892191323692966
compressor-0086,healthy,80,109,NORMAL,51.99189333333333,2.3355499171049394,48.7739,56.6411,0.23047056729699505,8.01975,0.25972047634588485,7.5885,8.4827,0.019952947719688287,1.326593333333333,0.2130968808364454,0.9138,1.6876,0.010612591768631783
compressor-0086,healthy,90,119,NORMAL,52.85520333333332,1.9028010828746367,49.4302,56.6411,0.08012042269187905,8.066153333333334,0.24126453770820847,7.6842,8.4827,-0.007440000000000218,1.3877599999999997,0.1563606058656293,1.1134,1.6876,-0.005526140155728632
compressor-0086,healthy,100,129,NORMAL,53.00247666666667,1.6626301187542856,50.0785,56.6411,-0.1307654505005566,8.086796666666666,0.23333506877926044,7.6842,8.4827,-0.004469343715239387,1.4497566666666668,0.19959429464680487,1.1134,1.8299,0.013827608453837577
compressor-0086,healthy,110,139,NORMAL,52.977783333333306,1.6580102651639068,50.0785,56.6571,0.1031428476084524,8.001913333333334,0.19671419324040199,7.6772,8.3187,0.005922491657396936,1.4936000000000003,0.19448886514828212,1.2097,1.8299,0.00558958843159064
compressor-0086,healthy,120,149,NORMAL,52.67093,1.9140189825164573,49.8134,56.6571,0.001442869855393747,8.007093333333335,0.17429312270489106,7.6772,8.3187,-0.00777014460511694,1.3949666666666665,0.2993371547640256,0.8025,1.8299,-0.030678665183537287
compressor-0087,degrading,0,29,NORMAL,51.48692333333334,1.9394202671044654,47.3666,54.8865,-0.15009328142380565,7.932779999999999,0.19236806630346254,7.5066,8.1867,-0.012846985539488527,1.5538399999999997,0.1908036715230257,1.2197,1.8786,-0.007158754171301502
compressor-0087,degrading,10,39,DEGRADATION,51.06434333333333,1.8524981485700749,47.3666,55.0376,-0.025479310344827588,7.972666666666667,0.23098182227660738,7.5066,8.3741,0.010171701890989803,1.5967033333333331,0.24213641125521695,1.2197,2.0507,0.022758197997775273
compressor-0087,degrading,20,49,DEGRADATION,51.660963333333335,2.019293772499573,47.3666,55.1717,0.19395232480533825,8.013766666666665,0.21915726063466137,7.5083,8.3741,0.009391056729699488,1.72291,0.20271741143769573,1.2937,2.0507,0.01386057842046717
compressor-0087,degrading,30,59,DEGRADATION,52.296739999999986,1.639992740146533,49.6824,55.1717,-0.00588502780867796,7.958566666666665,0.27035476487180493,7.5065,8.3741,-0.027523337041157,1.8098400000000001,0.12479459016052473,1.5795,2.0507,-0.0010077864293660103
compressor-0087,degrading,40,69,DEGRADATION,53.13835333333332,1.6141990337281493,49.6824,56.0247,0.0031329477196869447,7.801043333333333,0.22096370091538164,7.5065,8.3381,-0.016557975528365097,1.9604833333333331,0.271555964868304,1.5795,2.4388,0.024907563959955477
compressor-0087,degrading,50,79,DEGRADATION,53.922066666666666,2.312900555195191,49.6824,58.3368,0.18398135706340338,7.618483333333333,0.17952001760868397,7.0662,7.8399,-0.0086704115684094,2.019213333333333,0.2481843947999596,1.6472,2.4388,0.007432391546162355
compressor-0087,degrading,60,89,DEGRADATION,54.53418,1.7014778633881782,51.8291,58.3368,-0.04102335928809885,7.43643,0.3073330171545734,6.9562,7.8399,-0.029600645161290483,2.09327,0.2240090253390102,1.6688,2.4388,-0.010720022246941116
compressor-0087,degrading,70,99,DEGRADATION,54.854670000000006,2.0332178243939665,51.6607,58.5793,-0.04737328142380502,7.254569999999999,0.24688990279069734,6.9562,7.8192,-0.015865205784204712,2.1596266666666666,0.30536777927971087,1.6688,2.8692,0.027371345939933248
compressor-0087,degrading,80,109,DEGRADATION,55.02849333333333,1.9859055538021497,51.6607,58.5793,0.16337922135706248,7.172980000000001,0.15498582601859648,6.9562,7.5894,0.007324849833147705,2.36737,0.3064564320856501,1.6688,2.8692,0.027426674082313637
compressor-0087,degrading,90,119,DEGRADATION,55.54424000000001,1.6807732295186841,51.6607,58.5793,0.01988026696329178,7.0590866666666665,0.26348716570051167,6.5703,7.5894,-0.020065984427141477,2.487573333333333,0.1857310294185893,1.989,2.8692,-0.006784783092324884
compressor-0087,degrading,100,129,DEGRADATION,56.060230000000004,1.4320388421524513,52.9925,59.7684,0.011153125695215852,6.979246666666667,0.25164011701016376,6.5703,7.5894,-0.015726407119021294,2.485876666666667,0.19785603298582757,1.989,2.7409,-0.004143203559510609
compressor-0087,degrading,110,139,DEGRADATION,56.53825,1.7665645812800999,52.9925,59.7684,0.1494704115684073,6.962793333333334,0.23991694109049952,6.5703,7.4668,0.01983519466073407,2.55663,0.24260045774894984,1.989,2.9497,0.019850433815350354
compressor-0088,degrading,0,29,NORMAL,51.809456666666655,1.2332533777731525,48.5113,53.8398,-0.01489590656284872,7.7768966666666675,0.16102895284872085,7.2495,8.034,0.001844293659621688,1.6150866666666666,0.11716435104397392,1.3611,1.8393,-0.005761957730812061
compressor-0088,degrading,10,39,NORMAL,51.56053333333333,1.230779086685431,48.5113,53.8398,-0.01627483870967887,7.859373333333333,0.1532460656011182,7.5959,8.1453,0.00878117908787536,1.6372299999999997,0.16055248186600335,1.3611,2.0865,0.008912992213570609
compressor-0088,degrading,20,49,DEGRADATION,52.071130000000004,1.3172111643291418,50.1061,55.4984,0.04948229143492749,7.7594699999999985,0.3142129449380891,7.0319,8.2724,-0.015876907675194906,1.6642566666666667,0.15030798755296482,1.4349,2.0865,0.0011634927697441256
compressor-0088,degrading,30,59,DEGRADATION,51.59933666666667,1.578136806592579,48.6931,55.4984,-0.049310456062293076,7.623243333333333,0.36456480327767354,7.0319,8.2724,-0.030969010011123538,1.714666666666667,0.14823489542689408,1.4454,2.0865,-0.0041344605116797155
compressor-0088,degrading,40,69,DEGRADATION,51.92367333333333,1.8688040524951297,48.6931,55.4984,-0.027149632925473635,7.460706666666667,0.2628936590250048,7.0319,8.2724,-0.0021268965517242423,1.824,0.24575571746485705,1.4454,2.3577,0.02150046718576192
compressor-0088,degrading,50,79,DEGRADATION,53.04806,2.8406463093927528,48.6931,58.1899,0.2829296551724135,7.382846666666667,0.1833521397626859,7.0563,7.8679,-0.003987541713014724,1.9468533333333335,0.2171250726092119,1.5793,2.3577,0.014971301446051133
compressor-0088,degrading,60,89,DEGRADATION,53.85515,2.322891256136053,49.1649,58.1899,0.04488380422691816,7.309400000000001,0.21697174163163885,7.0181,7.8679,-0.014761557285873332,2.0516433333333333,0.1401906598965217,1.8278,2.3577,-0.00218195773081206
compressor-0088,degrading,70,99,DEGRADATION,54.751006666666655,1.8471954079871704,50.2118,58.1899,-0.05638687430478443,7.334286666666667,0.24780153447646142,7.0181,7.8396,0.014055038932146624,2.0884899999999997,0.14998814475373268,1.8278,2.4029,0.010419199110122323
compressor-0088,degrading,80,109,DEGRADATION,55.402653333333326,2.546558691218842,50.2118,60.1894,0.25558269187986604,7.31704,0.2418825260327832,7.0181,7.8396,0.0038251835372635273,2.1999166666666667,0.1775681673486426,1.8278,2.4755,0.016534349276974367
compressor-0088,degrading,90,119,DEGRADATION,55.95240666666667,2.0189185814743054,52.7828,60.1894,-0.011469810901003186,7.20742,0.34560932414119466,6.6206,7.8396,-0.035044093437152604,2.2785300000000004,0.1610233216028039,2.0198,2.6526,0.005345561735261357
compressor-0088,degrading,100,129,DEGRADATION,55.87596666666666,2.166251332191678,52.7828,60.1894,-0.14962318131256994,6.9874,0.1942430402013587,6.6206,7.449,-0.014692102335928936,2.4503700000000004,0.2621504315591845,2.0198,3.1149,0.018962068965517182
compressor-0088,degrading,110,139,DEGRADATION,56.15667333333333,2.5659871245368495,52.7828,61.0735,0.23407159065628277,6.919306666666668,0.14629879911408106,6.6206,7.2979,0.005999955506117714,2.525883333333333,0.2544127146761515,2.0198,3.1149,0.015247408231368153
compressor-0088,degrading,120,149,DEGRADATION,56.65603333333333,2.3249608790018144,53.0061,61.0735,0.08525067853170046,6.866643333333331,0.1909240035255448,6.4889,7.2979,-0.013148943270300518,2.577616666666666,0.1745055645403766,2.3039,3.1149,-0.014393926585094625
compressor-0088,degrading,130,159,DEGRADATION,57.356429999999996,1.7670946909451875,53.5297,61.0735,-0.08435988876529626,6.77033,0.21930752555867,6.4132,7.2979,-0.016992057842046826,2.5896100000000004,0.1784638644095773,2.3039,3.0319,0.008418264738598394
compressor-0089,healthy,0,29,NORMAL,52.17783666666667,1.4247510672589643,49.4908,54.414,-0.10406876529477346,8.229546666666666,0.18294862800493725,7.9574,8.5413,-0.015093348164627655,1.38463,0.12212279107521251,1.1822,1.6228,-0.0076159510567297235
compressor-0089,healthy,10,39,NORMAL,52.35720666666666,1.5281493378011928,49.4908,54.8984,0.030082180200220833,8.200546666666666,0.17836504278834717,7.9574,8.6255,0.008374060066740659,1.412486666666667,0.15581192237937236,1.1822,1.7149,0.013426162402669611
compressor-0089,healthy,20,49,NORMAL,53.01399333333334,1.9714564735973477,49.4908,56.3163,0.18827216907675065,8.244066666666667,0.18461152425807256,7.9574,8.6255,0.010982736373748482,1.4114599999999997,0.17077759142619778,1.1278,1.7149,-0.00027323692992216667
compressor-0089,healthy,30,59,NORMAL,53.166063333333334,1.7874353822321958,50.0582,56.3163,-0.1144815350389337,8.232103333333333,0.1902582656694725,7.9235,8.6255,-0.012290834260289388,1.4102566666666667,0.16275198244226977,1.1278,1.7149,-0.011860533926585131
compressor-0089,healthy,40,69,NORMAL,53.14825666666666,1.9930689910593218,50.0582,56.3369,-0.052304983314795606,8.207116666666668,0.17156406982685954,7.9235,8.5139,-0.002115394883203705,1.3767466666666668,0.13179056550282936,1.1278,1.6322,0.006889032258064503
compressor-0089,healthy,50,79,NORMAL,53.45884666666666,2.2450835333729176,50.0582,56.6323,0.22160783092324676,8.171236666666667,0.13724995320784458,7.9235,8.5139,0.008943159065628413,1.3957033333333335,0.10443756502757469,1.2643,1.6322,0.0025256729699665945
compressor-0089,healthy,60,89,NORMAL,54.05423,1.70851049711925,50.4883,56.6323,-0.017269299221358718,8.172546666666667,0.16044201181596893,7.8143,8.5139,-0.009179265850945533,1.4089200000000004,0.09963557396833723,1.2702,1.6322,-0.0055591991101224085
compressor-0089,healthy,70,99,NORMAL,53.973960000000005,1.5834622918570982,51.5119,56.6323,-0.108626162402671,8.11355,0.13885414349837275,7.8143,8.3588,-0.00628206896551746,1.459443333333333,0.15145119276152594,1.2702,1.8495,0.011567408231368155
compressor-0089,healthy,80,109,NORMAL,53.756953333333335,1.4011497347377107,51.5119,56.6794,0.09997953281423737,8.090786666666666,0.1803744618533591,7.8143,8.4798,-0.0006549944382648652,1.4352733333333336,0.18130892225395,1.1103,1.8495,-0.004511991101223607
compressor-0089,healthy,90,119,NORMAL,53.83335666666667,1.4014882243965605,50.7935,56.6794,-0.009949833147942974,8.039643333333334,0.19095843296964451,7.7823,8.4798,-0.009755661846496334,1.3488433333333334,0.24687257804156557,0.9678,1.8495,-0.024522113459399336
compressor-0089,healthy,100,129,NORMAL,54.01376666666667,1.274752644589879,50.7935,56.6794,-0.06753383759733055,8.080829999999999,0.2137161655872885,7.7823,8.4798,0.00316033370411565,1.3290700000000002,0.23449681895497004,0.9678,1.7727,0.01269007786429364
compressor-0089,healthy,110,139,NORMAL,53.912969999999994,1.1682209397626804,50.7935,56.0815,0.0674931479421568,8.12329,0.206343645972764,7.7823,8.4822,0.016411368186874137,1.3556966666666665,0.22925083567035376,0.9678,1.7727,0.013076952169076726
compressor-0089,healthy,120,149,NORMAL,53.38142000000001,1.6246603730010771,49.9337,56.0815,-0.10775243604004572,8.1623,0.162741051981361,7.8782,8.4822,-0.009189588431590713,1.3341399999999999,0.2512176846216577,0.955,1.7727,-0.024453926585094567
compressor-0089,healthy,130,159,NORMAL,53.010760000000005,1.552207877315406,49.9337,56.0815,-0.11089094549499577,8.170643333333333,0.20801017071821812,7.7848,8.5156,-0.00027855394883241543,1.289866666666667,0.23025501707647736,0.955,1.7042,0.0038743937708564727
compressor-0089,healthy,140,169,NORMAL,53.25396666666666,1.8356931948328277,49.9337,56.6479,0.17620720800889714,8.234426666666668,0.2403720268435762,7.7848,8.5686,0.020997285873192294,1.37141,0.28125054234021785,0.955,1.7289,0.027067652947719664
compressor-0090,failure,0,29,NORMAL,53.99504333333334,1.096161597783628,52.3149,56.3196,-0.05125813125695331,7.839436666666668,0.13136825208381048,7.5915,8.1153,-0.0012016240266966057,1.49901,0.10289446486570598,1.2599,1.6646,-0.005271657397107942
compressor-0090,failure,10,39,DEGRADATION,54.370693333333335,1.446185554930241,52.3149,58.0246,0.04387341490544933,7.859463333333333,0.1490196619763834,7.5915,8.1341,0.008548854282535974,1.5069766666666666,0.12657290832647494,1.2599,1.8114,0.002899599555061134
compressor-0090,failure,20,49,DEGRADATION,54.87490333333335,1.814119444704663,52.3149,58.0246,0.15085030033370256,7.828149999999999,0.17762275708178085,7.366,8.1341,-0.01211864293659643,1.55777,0.15983206426329688,1.2599,1.9636,0.009136885428253588
compressor-0090,failure,30,59,DEGRADATION,54.96308333333334,1.783984552826123,51.7813,58.0246,-0.09462934371524002,7.64151,0.2877274200234196,7.0798,8.1341,-0.029165005561735433,1.7507899999999996,0.2676936711367429,1.3972,2.4044,0.02271374860956612
compressor-0090,failure,40,69,DEGRADATION,55.48265666666667,2.1182484855312786,51.7813,60.4465,0.03431668520578235,7.454176666666667,0.18003553109193637,7.0798,7.7526,-0.012977330367074724,1.9518233333333332,0.2955212013638879,1.3972,2.4522,0.02968220244716348
compressor-0090,failure,50,79,DEGRADATION,57.15653666666666,3.5227428132525125,51.7813,62.6002,0.375898086763069,7.22621,0.27165454330822447,6.5352,7.5879,-0.020371323692992358,2.2023533333333334,0.2657662152260057,1.6337,2.7386,0.016305761957730813
compressor-0090,failure,60,89,DEGRADATION,58.859230000000004,2.3045378379984713,54.2981,62.6002,0.08679717463848588,7.0293833333333335,0.3414304136846759,6.5013,7.5879,-0.032248609566184853,2.3029366666666666,0.21447692724911516,1.8272,2.7386,0.004752636262513825
compressor-0090,failure,70,99,FAILURE,59.66997,1.6543665756919381,55.4485,62.6002,-0.07688816462736583,6.9080699999999995,0.2770092322769526,6.5013,7.4596,0.003896262513904207,2.3822766666666664,0.19330785927001412,1.8272,2.7386,0.00017879866518349735
compressor-0090,failure,80,109,FAILURE,58.84443,1.4293224964180293,55.4485,61.151,0.035753615127919115,7.006206666666666,0.3662893991853375,6.3849,7.7227,0.02264925472747481,2.471363333333333,0.3180510645408306,1.9506,3.3347,0.021334749721913165
compressor-0090,failure,90,119,FAILURE,59.43519666666668,1.6809868126556562,56.3564,63.5483,0.061292080088986796,6.867303333333333,0.4975666665438466,6.1218,7.7227,-0.03171922135706355,2.5775533333333325,0.3269622156899615,1.9506,3.3347,0.013266028921023283
compressor-0090,failure,100,129,FAILURE,60.78434333333334,3.127789200237481,56.3564,69.1687,0.2702190656284749,6.729256666666668,0.4829550763672423,6.1218,7.7227,-0.030530300333704293,2.802093333333334,0.38280516970850276,1.9506,3.3831,0.024289610678531647
compressor-0090,failure,110,139,FAILURE,63.47849333333333,3.6663457314637173,56.8747,69.4571,0.34833575083425916,6.609866666666666,0.32502945336623806,6.1218,7.4156,0.02982015572858717,2.9941433333333336,0.34015842160512344,2.2083,3.787,0.021859065628476042
compressor-0090,failure,120,149,FAILURE,66.25547999999999,3.0447016757420857,58.3313,69.989,0.26819323692992136,6.606253333333332,0.3582074526800853,5.9128,7.4156,-0.01417552836485012,3.11868,0.23484722324666024,2.7114,3.787,-0.004737575083426092
compressor-0090,failure,130,159,FAILURE,67.32477,1.4870763184069153,64.8175,69.989,-0.01821928809788858,6.433036666666666,0.4267068599427741,5.766,7.4156,-0.038281979977753254,3.2296699999999996,0.2807305162725754,2.7114,3.787,0.006931946607341461
compressor-0090,failure,140,169,FAILURE,67.43338666666666,1.3745849365616607,64.8175,69.989,-0.06963848720801061,6.250233333333335,0.26999616705098284,5.766,6.8254,-0.004191991101223751,3.3341933333333333,0.3165140807118838,2.7114,4.0038,0.025617530589543896
compressor-0090,failure,150,179,FAILURE,66.75223666666666,1.893378713743121,61.2758,70.8667,0.0010873637374855048,6.06477,0.32293791472459016,5.3727,6.6413,-0.01926489432703006,3.4708900000000003,0.21752194578938466,3.1339,4.0038,0.001393882091212437
compressor-0090,failure,160,189,FAILURE,67.46594333333333,2.402973388628255,61.2758,71.929,0.11320567296996428,5.9612033333333345,0.3623226632743558,5.2906,6.6413,-0.027079755283648695,3.67642,0.3933820970337449,3.1701,4.7934,0.02881579532814231
compressor-0090,failure,170,199,FAILURE,69.46701,3.6162710214943794,61.2758,75.9647,0.3516398442714109,5.795756666666666,0.2709052499593825,5.2268,6.3001,0.002433481646273483,3.804203333333333,0.3613310803896554,3.1701,4.7934,0.026618798665183487
compressor-0090,failure,180,209,FAILURE,71.34923333333334,2.7536522242691097,64.6997,75.9647,0.18454402669632777,5.59195,0.46991109637887873,4.6186,6.3001,-0.026086696329254894,3.9439666666666664,0.27132729968721464,3.5758,4.7934,-0.002454549499443925
compressor-0090,failure,190,219,FAILURE,72.83326666666667,2.205727059170185,67.7059,77.2108,0.03508338153503726,5.412846666666667,0.4976704463352786,4.6186,6.3001,-0.02833788654060077,4.1724033333333335,0.4504372360890643,3.5758,5.0857,0.03848100111234699
compressor-0090,failure,200,229,FAILURE,73.20717666666665,2.2884451271089916,67.7059,77.2108,0.14196749721913057,5.08935,0.40764184422930216,4.3902,5.9712,-0.008237130144605283,4.33386,0.444257124947554,3.5758,5.0857,0.02468231368186864
compressor-0090,failure,210,239,FAILURE,74.03315333333333,1.8835381733559025,69.3491,77.2108,0.0805982202447138,5.090183333333334,0.3658265728304723,4.3902,5.9344,-0.007263515016685347,4.663056666666667,0.29614951931227046,4.0986,5.1242,0.002985116796440393
compressor-0091,failure,0,29,DEGRADATION,53.55986,2.4024013770392325,48.3295,58.8089,-0.16946046718576305,7.957626666666667,0.19465656583383517,7.5715,8.2736,-0.007596440489432846,1.5553066666666666,0.19944938862333525,1.1623,1.8928,-0.010223581757508367
compressor-0091,failure,10,39,DEGRADATION,54.25613333333333,3.1357962338491037,48.3295,62.1668,0.21638936596217853,7.897339999999999,0.20070849110089972,7.5715,8.2552,-0.017078220244716613,1.7455833333333333,0.3900960668718526,1.1623,2.5468,0.025220311457174634
compressor-0091,failure,20,49,DEGRADATION,56.20484666666667,3.8740003331382864,48.3295,62.1668,0.37010028921023225,7.626996666666667,0.28423115766729184,7.1017,8.0897,-0.025682914349277105,1.9650899999999998,0.4658826728909329,1.1623,2.6699,0.04482520578420464
compressor-0091,failure,30,59,FAILURE,58.51792333333333,1.7560778571736375,55.0291,62.1668,0.04385403781979748,7.2520033333333345,0.47659005129029813,6.4906,7.9595,-0.05196869855394903,2.2929733333333338,0.21840480295899076,1.8116,2.7988,0.009921512791991044
compressor-0091,failure,40,69,FAILURE,59.846289999999996,2.002452227037306,56.2805,64.7637,0.10194569521690686,6.986163333333333,0.3374188628231814,6.4906,7.6902,-0.014504137931034689,2.568263333333334,0.3535923495433061,2.1164,3.2557,0.03106044493882082
compressor-0091,failure,50,79,FAILURE,60.71742666666667,2.4051654803683586,57.0687,65.1122,0.14227612903225614,6.826973333333333,0.37510119784162543,5.8427,7.5527,0.0019278309232480181,2.7666366666666673,0.33982689169961555,2.143,3.3883,0.027600289210233563
compressor-0091,failure,60,89,FAILURE,61.37126333333334,1.95712760757244,57.982,65.1122,-0.0732957730812025,6.528016666666667,0.6671362549901049,5.3662,7.5527,-0.054121490545050256,3.1144066666666665,0.2937170213355403,2.6006,3.7837,0.015352569521690708
compressor-0091,failure,70,99,FAILURE,62.07766,2.4819073666033544,57.982,68.0606,0.09056498331479382,6.1883566666666665,0.592305061424338,5.3662,7.5527,-0.04223468298109026,3.2461666666666664,0.30631180664298413,2.6006,3.7837,0.01886522803114564
compressor-0091,failure,80,109,FAILURE,64.64599333333334,4.271432173321834,58.3114,72.6511,0.4206342157953261,5.876223333333333,0.2514340108038069,5.3662,6.4363,0.007510767519465929,3.481196666666667,0.230339809098548,2.8344,3.9623,0.00613283648498319
compressor-0091,failure,90,119,FAILURE,66.81982333333333,3.042110285386701,60.0215,72.6511,0.1369814682981083,5.6972499999999995,0.3975304003050165,4.8936,6.4135,-0.03329132369299232,3.64606,0.24806365795900054,3.1956,4.0504,0.02107443826473853
compressor-0091,failure,100,129,FAILURE,68.67022666666666,2.7716765658993396,64.1393,75.0422,0.0024207341490515943,5.4498033333333336,0.3731706244988863,4.8936,6.0087,-0.029300400444939045,3.962663333333333,0.3498908824984664,3.3688,4.6721,0.0317893437152391
compressor-0091,failure,110,139,FAILURE,69.80458,3.5168265123924813,64.1393,77.4147,0.2922347497219118,5.136189999999999,0.263418587486406,4.635,5.8674,-0.012317931034482936,4.1815,0.2832889090663452,3.6817,4.7029,0.017511412680756316
compressor-0092,failure,0,29,NORMAL,53.935156666666664,1.8230779849261043,51.0872,58.2329,-0.11921755283648658,7.98719,0.27852517701876317,7.3959,8.4484,-0.011592725250278397,1.5675133333333335,0.14288263886452016,1.1821,1.906,-0.004835506117908785
compressor-0092,failure,10,39,DEGRADATION,53.32304666666666,1.4743062381412562,51.0872,56.9627,-0.06750709677419478,7.978743333333332,0.2772591792088325,7.3959,8.4765,0.027097775305895213,1.5978999999999999,0.15254575269953163,1.1821,1.906,0.0026587764182424488
compressor-0092,failure,20,49,DEGRADATION,54.34644666666667,2.624766763953621,51.0872,59.1647,0.2395520355951046,8.004683333333334,0.2577629208960994,7.5365,8.4765,-0.010177775305895522,1.71039,0.2545317181937581,1.1821,2.3483,0.025150144605116765
compressor-0092,failure,30,59,DEGRADATION,55.529646666666665,2.179684682812835,51.5496,59.1647,0.11835906562847477,7.81889,0.3876837064326192,7.2032,8.4765,-0.040933014460511945,1.9546500000000002,0.2785695338091851,1.5982,2.5127,0.02802355951056727
compressor-0092,failure,40,69,DEGRADATION,56.834766666666674,1.566190000464681,54.1264,60.5059,-0.018646540600669236,7.5171399999999995,0.25978649387525904,7.0851,8.0692,-0.022041379310344965,2.18053,0.2539115385982554,1.7125,2.5571,0.023751790878754155
compressor-0092,failure,50,79,DEGRADATION,58.23627333333333,2.945722149596296,54.1264,63.7264,0.2830873859844263,7.299883333333333,0.26502087475434,6.6297,7.7504,-0.018681401557286,2.32042,0.17661513600670434,1.9666,2.6287,0.00898522803114566
compressor-0092,failure,60,89,FAILURE,60.45689333333333,2.8243101938860913,54.1264,64.7657,0.27490571746384757,7.141846666666666,0.28968075961114315,6.6297,7.7504,-0.02389779755283653,2.379696666666667,0.17728652229904251,2.0116,2.9441,0.0018737486095661518
compressor-0092,failure,70,99,FAILURE,61.93462999999999,1.7868492686196746,56.2055,65.2991,0.012479043381532644,7.030129999999999,0.2522347176077604,6.6297,7.648,-0.0042147942157955524,2.4021600000000003,0.24593274229620857,1.9314,2.9604,0.005515817575083369
compressor-0092,failure,80,109,FAILURE,62.339226666666654,1.8949680778196647,56.2055,65.2991,0.04409098998887575,7.005050000000001,0.21322880629345856,6.764,7.648,0.005978042269187831,2.6579966666666666,0.4273464546737486,1.9314,3.4119,0.03876269187986647
compressor-0092,failure,90,119,FAILURE,63.04996333333333,2.3463454193679354,56.2055,67.5627,0.12262480533926343,6.961236666666666,0.22655890254461905,6.5907,7.648,-0.009060177975528496,2.8707133333333332,0.4014993713015695,1.9314,3.4676,0.02922505005561732
compressor-0092,failure,100,129,FAILURE,64.52012333333334,2.1803384833068673,60.5167,70.3444,0.11939721913236781,6.759126666666666,0.2997629262526565,6.1524,7.3603,-0.026816062291435124,3.1699399999999995,0.27154860903099226,2.6722,3.8812,0.005138153503893153
compressor-0092,failure,110,139,FAILURE,66.52641333333335,2.67001137135323,61.9232,71.5621,0.21177579532814006,6.474073333333332,0.3007814876100071,5.8547,6.9251,-0.02459679644048962,3.208319999999999,0.2709111421358179,2.6722,3.8812,0.007467942157953217
compressor-0092,failure,120,149,FAILURE,67.40414,2.239197960967274,62.9405,71.5621,0.09393036707452582,6.248286666666668,0.2222039074563921,5.7618,6.6906,-0.01305646273637391,3.23697,0.25176181620730337,2.8285,3.8812,-0.010293192436040141
compressor-0092,failure,130,159,FAILURE,68.14591666666666,1.6676975155551703,64.6087,71.5621,-0.024280422691881038,6.156643333333333,0.1815295433868058,5.7618,6.432,-0.0026711234705229345,3.441423333333333,0.46127193764151264,2.8285,4.61,0.037501557285873136
compressor-0092,failure,140,169,FAILURE,68.87395,2.326825329750102,64.6087,73.6012,0.20074827586206787,6.051796666666667,0.25779861324081804,5.4417,6.432,-0.011762024471635331,3.8548833333333326,0.6458735650694767,2.8285,4.8822,0.07001862068965513
compressor-0092,failure,150,179,FAILURE,71.06080666666666,2.8604412476554892,66.7464,76.6092,0.2647780200222457,5.770386666666667,0.4270028428737006,5.0726,6.432,-0.03906398220244724,4.233859999999999,0.36606041177197335,3.4145,4.8822,0.021238442714126716
compressor-0092,failure,160,189,FAILURE,72.42852666666666,2.079428873181822,68.2661,76.6092,0.04086100111234557,5.56537,0.3586274056733534,5.0726,6.3902,-0.0131556173526142,4.362036666666667,0.23457614610659425,3.8792,4.8822,-0.0033604671857620076
compressor-0092,failure,170,199,FAILURE,74.39198666666665,2.848057845823283,69.936,80.7056,0.16195822024471404,5.432239999999999,0.3172235958016574,4.7693,6.1302,0.005312880978865315,4.502676666666667,0.3539085632225113,3.8792,5.1425,0.0326343715239154
compressor-0092,failure,180,209,FAILURE,75.02531666666667,3.194628311721968,69.7523,82.1207,0.13319201334816336,5.272633333333333,0.4693694531555665,4.2144,6.1302,-0.031718798665183616,4.638343333333333,0.3210035354772419,3.8792,5.1924,0.014671657397107806
compressor-0093,degrading,0,29,NORMAL,51.29132,1.8133346490926605,48.146,53.8724,-0.1310780867630716,8.003916666666667,0.15069324710225804,7.6454,8.2852,-0.0033106785317021377,1.5610199999999999,0.12658680394627764,1.2199,1.774,-0.007543003337041211
compressor-0093,degrading,10,39,NORMAL,51.06083,1.9755013080481625,48.146,55.2485,-0.0788400222469423,8.016736666666668,0.15125009197426045,7.6454,8.3007,0.002679844271412516,1.5524666666666664,0.11579176232453767,1.2199,1.7414,0.0074285205784204444
compressor-0093,degrading,20,49,DEGRADATION,50.81506,1.7676019102350693,48.146,55.2485,0.1591183537263613,7.913800000000001,0.2197453571750722,7.5054,8.3007,-0.010573926585094847,1.5224533333333334,0.16060385992317314,1.1971,1.7414,-0.0014878309232480742
compressor-0093,degrading,30,59,DEGRADATION,51.88412666666666,1.2742185830103432,49.5352,55.2485,0.06557708565072123,7.848206666666665,0.2254986399564802,7.4252,8.3007,-0.017143670745272597,1.5907833333333334,0.22505212889955567,1.1971,2.0292,0.005803314794215739
compressor-0093,degrading,40,69,DEGRADATION,52.64940333333334,0.9296546941323008,50.8153,54.4573,0.06428691879866383,7.729733333333334,0.15736989617529204,7.4252,8.0368,0.00022807563959943323,1.7718699999999998,0.3785174607597383,1.1971,2.492,0.03897911012235813
compressor-0093,degrading,50,79,DEGRADATION,53.666896666666666,1.5398711650618329,51.2888,56.8316,0.1319055172413785,7.7904066666666685,0.1692599203066757,7.4252,8.0559,0.0031918131256950043,2.0295,0.30349808236626474,1.2124,2.5483,0.02403194660734148
compressor-0093,degrading,60,89,DEGRADATION,53.93089666666667,1.3558360032303143,51.3767,56.8316,-0.016089143492770883,7.61362,0.322345334902389,7.0194,8.0559,-0.024505139043381738,2.150716666666667,0.19307879235057265,1.7374,2.5483,-0.00267770856507236
compressor-0093,degrading,70,99,DEGRADATION,54.74474333333334,1.782652081718571,51.3767,58.9787,0.04477408231368071,7.59739,0.3193803389377624,7.0194,8.0559,-0.011507474972191487,2.17599,0.1956297955322757,1.7374,2.5483,0.005829299221357042
compressor-0093,degrading,80,109,DEGRADATION,55.53345666666667,2.255552356546445,51.3767,59.3037,0.22928825361512678,7.425799999999999,0.2574767523486344,7.0194,7.9397,0.0040106340378195495,2.193443333333333,0.17995011287082377,1.7374,2.4265,0.008696796440489388
compressor-0093,degrading,90,119,DEGRADATION,56.32756333333334,1.5193346718181904,53.8293,59.3037,-0.013769677419356398,7.377013333333332,0.284306976973052,6.8815,7.9397,-0.026071145717463984,2.266026666666667,0.09879672036841884,2.1219,2.4265,-0.00047550611790882685
compressor-0093,degrading,100,129,DEGRADATION,56.36626,1.3292221165278082,53.8293,59.3037,-0.07179768631813277,7.18553,0.18715166069260517,6.8815,7.6924,-0.012729365962180314,2.3565899999999993,0.1716835060025666,2.1219,2.7592,0.012465517241379242
compressor-0093,degrading,110,139,DEGRADATION,56.93066,2.004058367513282,53.8293,61.4401,0.1926400444938815,7.153823333333333,0.16692827138890798,6.8815,7.6134,0.009664627363737278,2.4497899999999997,0.15404125713587255,2.1522,2.7592,0.009792102335928742
compressor-0093,degrading,120,149,DEGRADATION,57.62873666666666,1.8332648345657963,54.6426,61.4401,0.07016180200222298,7.1310899999999995,0.20515212948768863,6.6898,7.6134,-0.0033185094549501477,2.532836666666667,0.10898521454256482,2.3277,2.7592,-0.0006767741935484717
compressor-0093,degrading,130,159,DEGRADATION,58.182146666666675,1.6100604466361572,54.7685,61.4401,-0.06516525027808734,7.090999999999998,0.25397422572641765,6.5384,7.6134,-0.011180111234705472,2.6138800000000004,0.18636153823504822,2.3277,3.1049,0.013965116796440405
compressor-0094,healthy,0,29,NORMAL,54.10593333333333,2.174894616348622,49.5814,57.5094,-0.2083344160177978,8.143206666666666,0.19395060699970898,7.818,8.5494,-0.013862869855395166,1.3645400000000003,0.1598999678965988,1.0282,1.6659,-0.007333392658509491
compressor-0094,healthy,10,39,NORMAL,53.27433333333334,1.8246536342245578,49.5814,56.934,-0.08147350389321623,8.100566666666666,0.16618092416265942,7.818,8.5493,0.008899399332591588,1.3439466666666666,0.15362722140153273,1.0282,1.6331,0.007018020022246914
compressor-0094,healthy,20,49,NORMAL,53.02936666666666,1.6281660906949533,49.5814,56.05,0.11706505005561611,8.183883333333334,0.18243007442731465,7.8412,8.5493,0.01399530589543919,1.3856666666666664,0.13680043697136188,1.1773,1.6331,-0.0007768186874305157
compressor-0094,healthy,30,59,NORMAL,53.26971333333334,1.308629538800886,51.2894,56.05,-0.04415808676307066,8.18569,0.19046697937787885,7.8105,8.5493,-0.00958048943270316,1.3766033333333334,0.1431589337841765,1.1723,1.6331,-0.00495334816462738
compressor-0094,healthy,40,69,NORMAL,53.32623,1.1838003911555348,51.3462,56.05,-0.0540493214682994,8.204483333333334,0.17867220094040623,7.8105,8.4571,-0.0031118798665185103,1.4213333333333331,0.15848019504727465,1.1723,1.6695,0.008693081201334796
compressor-0094,healthy,50,79,NORMAL,53.351906666666665,1.047474834680475,51.3462,55.4285,0.09205592880978772,8.192363333333333,0.21469701361582907,7.7755,8.6391,0.006908364849832884,1.4061566666666667,0.17787051972963053,1.0499,1.6695,-0.0005981535038932475
compressor-0094,healthy,60,89,NORMAL,53.40909666666666,1.0216815134810306,50.8598,55.4285,-0.04646360400445104,8.12667,0.26685155692506884,7.6407,8.6391,-0.021157753058954575,1.3869466666666665,0.18574156370852724,1.0499,1.6695,-0.013272791991101247
compressor-0094,healthy,70,99,NORMAL,53.089416666666665,1.2170882948204245,50.8598,55.4285,-0.08160335928809785,8.1415,0.2749921623125525,7.6407,8.6391,0.0004798220244714371,1.3225799999999999,0.1591922787072288,1.0499,1.5995,0.0027172413793103128
compressor-0094,healthy,80,109,NORMAL,52.80836666666667,0.9895981522258865,50.8598,55.1394,0.04887172413793079,8.18179,0.27478917658209645,7.6407,8.5449,0.02708847608453817,1.3103566666666668,0.14184108639209192,1.0642,1.5995,0.0009791991101223152
compressor-0094,healthy,90,119,NORMAL,52.708206666666655,1.1456159973083864,49.8899,55.1394,-0.014784204671858779,8.277776666666668,0.16461751159042043,7.9575,8.5449,-0.006246740823137092,1.2687366666666664,0.15296853158592963,1.0374,1.5995,-0.010871879866518388
compressor-0094,healthy,100,129,NORMAL,52.48552666666665,1.3854116461503023,49.7225,55.1394,-0.07613833147942249,8.276143333333332,0.1933266108313999,7.9575,8.6924,0.000873926585094342,1.2131133333333333,0.14416300434654594,0.9874,1.5434,-0.00225272525027813
compressor-0094,healthy,110,139,NORMAL,52.672230000000006,1.5347585795275207,49.7225,54.9827,0.09350182424916528,8.289933333333334,0.1971670278948508,7.9575,8.6924,0.015242803114571529,1.2256366666666667,0.20352910763710327,0.8722,1.613,0.0072866518353726034
compressor-0094,healthy,120,149,NORMAL,53.25461333333333,1.6366784191838732,49.7225,56.1209,0.10130936596217884,8.250903333333333,0.2469311597501528,7.7125,8.6924,-0.01402075639599562,1.2225866666666667,0.2049865893716519,0.8722,1.613,-0.0036262068965517594
compressor-0094,healthy,130,159,NORMAL,53.803509999999996,1.1012079532192511,52.0138,56.1209,-0.03353350389321599,8.217530000000002,0.2270571648285954,7.7125,8.6047,-0.011511790878754423,1.273653333333333,0.20271997555467713,0.8722,1.613,-0.0009302780867630949
compressor-0094,healthy,140,169,NORMAL,54.46033666666666,1.6345388441358273,52.0138,57.7735,0.09782685205784124,8.12751,0.17346289968366913,7.7125,8.4284,0.004620489432702834,1.2499733333333334,0.14667466705452428,1.0269,1.555,0.006806362625139019
compressor-0094,healthy,150,179,NORMAL,53.496420000000015,2.5157115406182795,48.7529,57.7735,-0.1120504115684107,8.056703333333333,0.22419107696090154,7.6085,8.4284,-0.01990026696329285,1.3022333333333331,0.1231413505781962,1.065,1.555,-0.0024383982202447287
compressor-0094,healthy,160,189,NORMAL,53.249179999999996,2.5721806413236217,48.7529,57.7735,-0.1672783537263635,8.019036666666667,0.20070871511277782,7.6085,8.3711,-0.0032082981090102063,1.3082233333333337,0.10964464930958655,1.065,1.555,0.006121846496106753
compressor-0094,healthy,170,199,NORMAL,52.450403333333334,1.7444916654971125,48.7529,54.8502,0.09084989988876443,8.01952,0.19565214097133365,7.6085,8.4286,0.017063893214682706,1.3700866666666667,0.1370922359419218,1.1564,1.6849,0.0032766184649610356
compressor-0094,healthy,180,209,NORMAL,52.83175999999999,0.9636101679275355,50.409,54.3559,-0.028548876529479354,8.084420000000001,0.13404686842046443,7.8248,8.4286,-0.004767875417130236,1.3700066666666666,0.15317624692563211,1.1215,1.6849,-0.005032124582869866
compressor-0094,healthy,190,219,NORMAL,52.772396666666666,0.8825707168959449,51.0218,54.3559,-0.053337463848721414,8.040140000000001,0.15757442389761941,7.5916,8.4286,-0.007986429365962408,1.39077,0.1575844538652211,1.1215,1.6849,0.00017087875417127454
compressor-0094,healthy,200,229,NORMAL,53.29959999999999,1.7206455900814286,51.0218,57.7836,0.14685165739710646,8.145946666666667,0.27426488015947087,7.5916,8.6666,0.022772725250277896,1.3342566666666673,0.1391303529867664,1.0161,1.5585,4.204671857598669e-06
compressor-0094,healthy,210,239,NORMAL,53.55787999999999,1.6681383214829644,51.0218,57.7836,0.02305107897663875,8.113956666666668,0.3062891310328999,7.5916,8.6666,-0.003861067853170294,1.3017633333333336,0.16650135031150815,0.9921,1.653,-0.010393793103448314
compressor-0095,failure,0,29,DEGRADATION,54.76126999999999,1.9431902859558898,51.6421,58.4466,-0.16275957730812157,7.6385,0.2243905167336623,7.1926,7.9629,-0.014689254727475032,1.512493333333333,0.1302771812542609,1.2846,1.7989,-0.009961957730812045
compressor-0095,failure,10,39,DEGRADATION,55.031800000000004,2.3977324955048678,51.6421,61.1309,0.08825730812013251,7.510853333333334,0.2148149137177295,7.1926,7.9467,-0.015489788654060156,1.54022,0.1709307489404213,1.2846,1.9831,0.012717597330367043
compressor-0095,failure,20,49,DEGRADATION,56.66032,3.4026382888772257,51.6421,61.8726,0.3504082313681853,7.31971,0.18094647155075083,6.9613,7.6466,-0.014870901001112477,1.7152366666666667,0.2644239405239666,1.2846,2.1501,0.02739726362625137
compressor-0095,failure,30,59,DEGRADATION,58.387840000000004,2.110139228992563,53.8434,61.8726,0.044980645161289204,7.063793333333334,0.3290045784213682,6.2911,7.5511,-0.03466847608453877,1.94573,0.23843945583732573,1.5696,2.5796,0.019800956618464934
compressor-0095,failure,40,69,FAILURE,59.857733333333336,2.121642293654191,55.822,64.2012,0.06363968854282383,6.909743333333334,0.2642633039014099,6.2911,7.3382,-0.010024360400445019,2.2255899999999995,0.30584579485965363,1.8331,2.7214,0.026706095661846434
compressor-0095,failure,50,79,FAILURE,61.76026999999999,3.615763942898743,55.822,69.0564,0.35641968854282413,6.811659999999999,0.3312541125279303,5.9425,7.5943,0.0001245828698552046,2.3429233333333332,0.30304232342840975,1.8331,2.7214,0.0161887652947719
compressor-0095,failure,60,89,FAILURE,63.34908666666666,2.943178581934089,58.1422,69.0564,0.039162224694104214,6.713516666666667,0.39392835396243775,5.9425,7.5943,-0.02336745272525049,2.5818966666666667,0.32848720977975515,1.9501,3.3447,0.015860177975528307
compressor-0095,failure,70,99,FAILURE,63.84642,2.729867596960214,59.2744,69.0564,-0.15123777530589647,6.514783333333333,0.3979583571877283,5.885,7.5943,-0.02180696329254746,2.9762033333333324,0.6462576464967789,1.9501,3.979,0.0698896774193548
compressor-0095,failure,80,109,FAILURE,63.657450000000004,2.63850448332005,59.2744,68.449,0.10898640711901907,6.2030233333333324,0.3779192732875927,5.4972,6.8621,-0.020439621802002303,3.5452500000000002,0.599659803972219,2.2142,4.4672,0.058802291434927635
compressor-0095,failure,90,119,FAILURE,65.43851666666667,2.877927123826376,59.2744,71.4177,0.22708482758620474,6.031816666666667,0.35251577939465656,5.4972,6.6711,-0.021001268075639765,3.7052600000000004,0.42871226761080683,2.7854,4.4672,-0.015832480533926656
compressor-0095,failure,100,129,FAILURE,67.28148666666667,2.6362275983854064,61.7619,72.6842,0.15346585094549486,5.789083333333335,0.3075527543726802,5.2245,6.5774,-0.017705472747497335,3.788163333333334,0.4561567358436742,2.7854,4.4672,0.00293995550611782
compressor-0095,failure,110,139,FAILURE,70.18999666666667,3.609315427841622,64.4064,77.4484,0.28865563959955465,5.673420000000001,0.29147159884512475,5.1825,6.2479,-0.01890887652947739,3.801233333333334,0.45253817174785255,2.7854,4.3982,0.04249610678531694
compressor-0095,failure,120,149,FAILURE,70.62324333333332,3.292596381042711,64.4064,77.4484,0.07286151279198966,5.485546666666668,0.300928249181687,4.679,6.2479,-0.0176249610678533,4.0754600000000005,0.1905983028955575,3.6932,4.3982,0.007951724137930978
compressor-0095,failure,130,159,FAILURE,72.34143333333333,3.037752167017946,66.7046,78.377,0.02729299221356972,5.265646666666666,0.3669957472354262,4.6521,6.2479,-0.030896729699666368,4.255680000000001,0.4035252254816295,3.73,5.2629,0.027055127919910885
compressor-0095,failure,140,169,FAILURE,74.67513,5.205192831532116,66.7046,84.5865,0.5498170634037794,5.161153333333333,0.3039293785660668,4.4977,5.645,-0.008170233592881005,4.5543733333333325,0.5156963906106856,3.73,5.6122,0.043910789766407055
compressor-0096,degrading,0,29,NORMAL,52.00344666666667,1.2383035189950624,49.7768,54.1347,-0.07250487208009126,7.924773333333333,0.1680597868484772,7.5818,8.259,-0.011392925472747667,1.3402166666666666,0.11966482380196591,1.1482,1.6416,-0.008633526140155763
compressor-0096,degrading,10,39,NORMAL,52.387223333333324,1.7038385965584368,49.7768,55.8541,0.08088197997775308,7.941473333333333,0.18539792327735383,7.5818,8.3482,0.004850634037819597,1.3740266666666667,0.1518589475650202,1.1482,1.7119,0.011907007786429337
compressor-0096,degrading,20,49,NORMAL,52.706720000000004,1.7686710363810834,49.7768,55.8541,0.12307661846495933,7.882756666666667,0.2108015206828979,7.5307,8.3482,0.0015335038932145866,1.3857100000000002,0.15872930489778292,1.0822,1.7119,0.003844961067853133
compressor-0096,degrading,30,59,DEGRADATION,52.508543333333336,1.9073869093052123,49.3545,55.8541,-0.150029432703005,7.862346666666667,0.2200940809946712,7.5307,8.3482,-0.017419532814238182,1.4172499999999997,0.14720091655058853,1.0822,1.7119,-0.008286162402669663
compressor-0096,degrading,40,69,DEGRADATION,52.56728666666666,1.896500102071064,49.3545,55.8648,0.03080694104560478,7.71423,0.14315637405764836,7.505,8.0716,-0.008677664071190408,1.5552300000000001,0.31431118036111927,1.0822,2.106,0.029343292547274753
compressor-0096,degrading,50,79,DEGRADATION,52.80748666666667,2.087648779485881,49.3545,56.1796,0.17013143492769617,7.67451,0.09292464456034608,7.505,7.8256,0.001532213570633904,1.7147233333333332,0.28312964366562227,1.1737,2.106,0.022049499443826455
compressor-0096,degrading,60,89,DEGRADATION,53.13485666666668,1.8785866844844354,49.6255,56.1796,-0.1337624249165747,7.6416033333333315,0.112564033578917,7.3593,7.8044,-0.0013070300333706318,1.8250733333333333,0.1609157272888169,1.4985,2.106,-0.013007697441601797
compressor-0096,degrading,70,99,DEGRADATION,53.170819999999985,2.1659531162054275,49.6255,56.9477,-0.0017647608453853032,7.662443333333333,0.2133312645993445,7.2179,8.2195,0.004611457174638304,1.8038533333333335,0.14792980482497622,1.4985,2.1604,0.0031446941045606422
compressor-0096,degrading,80,109,DEGRADATION,54.34358666666667,3.0099757606702124,49.6255,58.394,0.28896605116796387,7.559923333333333,0.30597994017400704,6.9773,8.2195,-0.010671701890990159,1.7807466666666665,0.1780195396266626,1.4611,2.1642,0.00034905450500553783
compressor-0096,degrading,90,119,DEGRADATION,55.44039666666668,2.1259626116943413,51.0848,58.394,0.038496351501668365,7.474893333333332,0.3210726158086707,6.9773,8.2195,-0.014803159065628659,1.82431,0.18416525251342428,1.4611,2.2404,-0.004055417130144629
compressor-0096,degrading,100,129,DEGRADATION,55.87299666666667,1.6615636178979796,53.0348,58.394,-0.08905839822024637,7.472379999999999,0.2793534373035947,6.9773,7.8958,0.012838220244716222,1.8981299999999994,0.23620127314079686,1.4611,2.276,0.01586177975528361
compressor-0096,degrading,110,139,DEGRADATION,55.59605333333333,1.4052057381354834,53.0348,58.1029,0.10903332591768497,7.506866666666666,0.2399250484815808,7.1084,7.8958,0.00695946607341477,1.9529133333333335,0.2043694803264149,1.5276,2.276,0.006217708565072261
compressor-0096,degrading,120,149,DEGRADATION,56.06163,1.1164133088153334,53.3625,58.1029,0.045430189098997785,7.4533033333333325,0.2784952644520589,7.0402,7.8958,-0.022830100111234743,1.96587,0.1728271065737856,1.5559,2.276,-0.012207319243604058
compressor-0096,degrading,130,159,DEGRADATION,55.28815,1.7176620188985572,51.7923,57.8102,-0.16244682981090225,7.264186666666668,0.24193019617695968,6.8899,7.8334,-0.015570545050055822,1.9270966666666665,0.13825539286246866,1.5559,2.1235,0.005430055617352567
compressor-0096,degrading,140,169,DEGRADATION,55.60051,2.1995131151158582,51.7923,59.7108,0.0813791991101208,7.195803333333335,0.1429373207233001,6.8899,7.4302,0.006379866518353451,1.999366666666667,0.1592213811716951,1.6487,2.3087,0.013836351501668454
compressor-0096,degrading,150,179,DEGRADATION,55.715529999999994,2.25497614121155,51.7923,59.7108,0.14366885428253548,7.10418,0.19885613627276716,6.7635,7.4302,-0.008548342602892202,2.0336833333333337,0.14085435050276418,1.7461,2.3087,0.00029359288097881504
compressor-0096,degrading,160,189,DEGRADATION,57.36882000000001,1.53480297897374,53.6895,60.1237,0.029442002224692527,7.068113333333334,0.19179453021976997,6.7189,7.363,-0.011378064516129126,2.0722133333333335,0.14499543609675747,1.7461,2.3087,0.0018149944382646799
compressor-0096,degrading,170,199,DEGRADATION,58.48267333333333,2.205612404440595,54.8607,61.9724,0.22124809788653998,7.05781,0.1829537197399022,6.7189,7.3808,0.014821957730811824,2.1439000000000004,0.1989772063997951,1.7461,2.5979,0.0192438709677419
compressor-0096,degrading,180,209,DEGRADATION,59.50512000000001,1.707602015771435,56.0014,61.9724,0.06452507230255777,7.01801,0.2279491922190849,6.5582,7.3808,-0.01155739710789784,2.2290433333333337,0.14185748407781976,2.0038,2.5979,0.0051973081201334365
compressor-0096,degrading,190,219,DEGRADATION,59.88645333333332,1.4461198172427565,57.3454,61.9724,-0.07842691879866685,6.922953333333333,0.27560452794216245,6.4196,7.3808,-0.023388342602892357,2.3112766666666666,0.18615490088155673,1.9464,2.7302,0.005059955506117852
compressor-0096,degrading,200,229,DEGRADATION,60.36523666666666,1.9398523767687987,57.3454,63.7575,0.1371480088987748,6.797823333333333,0.17629118087855541,6.4196,7.0699,0.003454794215795291,2.3156900000000005,0.1803661855781177,1.9464,2.7302,0.008489054505005547
compressor-0097,failure,0,29,NORMAL,53.53752,2.4912341403944076,49.3554,57.6644,-0.21231199110122514,8.110316666666666,0.18217652626565864,7.7546,8.4444,-0.013957575083426293,1.4575399999999996,0.1898677286955316,1.0942,1.6914,-0.009123337041156868
compressor-0097,failure,10,39,DEGRADATION,52.88888666666665,2.163359249213028,49.3554,56.5806,-0.04729285873192563,7.99722,0.18014170422198178,7.6867,8.4444,-0.012675239154616477,1.5309800000000002,0.28675070985090867,1.0942,2.1541,0.02333196885428249
compressor-0097,failure,20,49,DEGRADATION,53.31284333333334,2.4591609532092216,49.3554,57.6674,0.248352057842046,7.791516666666665,0.22580072199963308,7.2308,8.0917,-0.018518375973303913,1.6856033333333331,0.2546972509776177,1.1759,2.1541,0.02020647385984425
compressor-0097,failure,30,59,DEGRADATION,55.14642666666666,1.8771187167097945,49.9732,59.1876,0.16756324805339126,7.519636666666666,0.3567083388272398,6.8666,8.0208,-0.0360221802002226,1.8815433333333336,0.260292870543078,1.4608,2.4434,0.012679755283648446
compressor-0097,failure,40,69,DEGRADATION,56.761436666666654,1.6525520327629286,54.0966,60.5258,0.1514363737486086,7.31281,0.23230523361876004,6.8666,7.8056,-0.012693014460511787,2.072486666666667,0.3715984676442511,1.4608,2.8783,0.032497441601779725
compressor-0097,failure,50,79,DEGRADATION,58.07189333333333,1.7862050623100987,54.8002,61.2633,0.16816569521690605,7.171990000000002,0.14492556330751316,6.8666,7.4179,0.0008949276974413947,2.2690399999999995,0.3338530191566343,1.4608,2.8783,0.024412502780867606
compressor-0097,failure,60,89,FAILURE,58.080153333333335,1.8039584418223775,54.0026,61.2633,-0.09161134593993456,7.167130000000001,0.1889479243072016,6.6028,7.4199,-0.007397619577308168,2.3358800000000004,0.23091727003409682,1.9008,2.8783,-0.004880400444938876
compressor-0097,failure,70,99,FAILURE,59.171383333333324,2.8846964733553655,54.0026,64.5765,0.0960082536151256,7.009833333333333,0.24422091411033758,6.5074,7.4199,-0.01195528364849863,2.4829399999999997,0.36827550791945607,1.93,3.5607,0.02444774193548381
compressor-0097,failure,80,109,FAILURE,61.3823,4.5020704503594775,54.0026,67.7355,0.46087385984427043,6.967956666666667,0.24358569153836238,6.5074,7.4199,-0.002408209121245969,2.5648633333333333,0.3876991681560446,1.93,3.5607,0.021114860956618433
compressor-0097,failure,90,119,FAILURE,63.96870333333333,2.6411881848243133,55.1769,67.7355,0.12151259176863093,6.759890000000001,0.2830371958477071,6.1767,7.2256,-0.014149699666296093,2.885856666666667,0.38330447052209315,2.1051,3.5607,0.016434771968854192
compressor-0097,failure,100,129,FAILURE,65.39149333333334,2.0398494331581327,61.1689,69.9526,0.00594086763069902,6.551473333333333,0.37647761149310804,5.9562,7.2256,-0.036141134593993464,3.2172,0.5805243210523856,2.2162,4.4643,0.05593058954393764
compressor-0097,failure,110,139,FAILURE,66.08249666666667,2.524377685355783,61.1689,69.9526,0.2139645161290307,6.3447466666666665,0.20458972886133742,5.9562,6.7947,-0.0034884983314794737,3.4881,0.41777392690305604,2.7174,4.4643,0.01645268075639593
compressor-0097,failure,120,149,FAILURE,67.00759333333333,2.237877473698881,61.1689,69.9526,0.06294380422691774,6.111863333333333,0.3201003056161546,5.4497,6.6843,-0.019292213570634206,3.6370833333333334,0.38884596443264713,3.0633,4.4643,-0.002952769744160255
compressor-0097,failure,130,159,FAILURE,68.12749,2.1610284314572703,63.7355,72.9449,0.053951523915459904,5.780013333333333,0.5285334550958487,4.9573,6.6843,-0.05608462736373759,3.7878933333333333,0.47894558558938144,3.0633,4.502,0.040752614015572786
compressor-0097,failure,140,169,FAILURE,69.72429333333334,3.469531065137703,63.7355,78.6884,0.3179810901001096,5.557183333333333,0.3438220160522334,4.9573,6.3111,-0.004647719688543022,4.05281,0.4370007126996477,3.0633,4.6268,0.03531588431590646
compressor-0097,failure,150,179,FAILURE,72.45938666666666,3.3467524894772573,66.0224,78.6884,0.2908706562847595,5.397959999999999,0.2938957486365985,4.9573,5.9496,0.004501668520578269,4.262883333333334,0.24352233995170863,3.8482,4.6268,0.0017339488320355344
compressor-0097,failure,160,189,FAILURE,74.05575666666665,2.5211014405987093,70.7098,79.1825,0.07308282536151159,5.4829566666666665,0.2628547934802703,5.0746,5.9496,-0.01356028921023368,4.319893333333334,0.3066113500109798,3.7844,5.1751,0.015256462736373658
compressor-0097,failure,170,199,FAILURE,75.90854333333333,3.2631309275687292,70.7098,82.2258,0.15715668520578263,5.298056666666667,0.2844417874637192,4.5766,5.8006,-0.011967363737486273,4.593973333333334,0.4409615258601241,3.7844,5.3201,0.039027141268075556
compressor-0098,failure,0,29,NORMAL,52.71136333333334,1.6926299458699046,50.2492,55.7442,-0.086955928809789,8.067456666666667,0.2612370873151223,7.5724,8.3891,-0.026876373748609617,1.5162133333333334,0.17068347846883783,1.2586,1.8444,-0.01341236929922141
compressor-0098,failure,10,39,DEGRADATION,52.49459,1.3405810392885613,50.3118,55.2966,-0.04893973303670808,7.940923333333333,0.20232290640349032,7.5724,8.3548,-0.009877130144605206,1.512766666666667,0.18166062008285916,1.2586,1.8183,0.005817219132369256
compressor-0098,failure,20,49,DEGRADATION,53.094100000000005,1.9572485670791366,50.3118,56.6094,0.20988244716351345,7.802526666666667,0.21351726227377701,7.2665,8.1422,-0.0030961957730813905,1.5410933333333332,0.1548828867958698,1.2586,1.8183,0.007953058954393744
compressor-0098,failure,30,59,DEGRADATION,54.32186333333333,1.6186492905059937,51.7305,56.9304,0.09710823136818644,7.674250000000001,0.3055943539508979,7.2397,8.1422,-0.02900206896551736,1.7502700000000002,0.2745844158602839,1.3339,2.3812,0.020676151279199074
compressor-0098,failure,40,69,DEGRADATION,55.890779999999985,1.7024054895744827,52.0616,59.6245,0.09357988876529329,7.541166666666668,0.25576425777570166,7.2397,8.1422,-0.012298998887653095,1.9363966666666665,0.3287850295490285,1.467,2.4438,0.03239165739710788
compressor-0098,failure,50,79,DEGRADATION,56.647189999999995,1.8951386168035311,52.0616,59.6245,0.12580313681868519,7.359750000000001,0.19505070409169678,7.0022,7.9017,-0.008565761957730938,2.068873333333334,0.23052951789786535,1.5391,2.4438,9.085650723018452e-05
compressor-0098,failure,60,89,DEGRADATION,56.79249000000001,1.6278732451371425,53.5961,59.6245,-0.09311494994438432,7.1232033333333336,0.40369845056538045,6.3067,7.9017,-0.0416781979977755,2.1245600000000002,0.24972938767126843,1.6677,2.744,0.002837775305895372
compressor-0098,failure,70,99,DEGRADATION,57.61653,2.227064553345202,53.5961,62.9909,0.09474137931034364,6.855353333333335,0.310836196662415,6.3067,7.4054,-0.021279599555061413,2.254486666666667,0.3409940749566708,1.6677,2.878,0.031175839822024442
compressor-0098,failure,80,109,FAILURE,59.59531000000001,3.885025056234087,53.5961,66.7831,0.4159611790878744,6.881290000000002,0.3417768027529077,6.3067,7.4719,0.02683023359288087,2.464973333333333,0.29394490632694353,1.7107,2.9678,0.022096195773081195
compressor-0098,failure,90,119,FAILURE,60.82014666666667,3.012606351288238,54.223,66.7831,-0.01964195773081279,6.858090000000002,0.3846221040189968,6.0873,7.4719,-0.008146229143493057,2.6787466666666666,0.3137554373853764,2.2126,3.5138,0.016115283648498274
compressor-0098,failure,100,129,FAILURE,60.83919,3.3598370899345706,54.223,66.7831,-0.1290996440489446,6.90374,0.3726712274020271,6.0873,7.4719,-0.02162500556173552,2.8391300000000004,0.36288835303253625,2.2126,3.5138,0.024122691879866428
compressor-0098,failure,110,139,FAILURE,61.43073666666667,3.7790464123006253,54.223,68.2237,0.3141659844271396,6.735946666666667,0.27350795568360026,6.0873,7.4396,0.003746206896551596,3.1675633333333337,0.4682712671684603,2.2126,4.1162,0.03752674082313681
compressor-0098,failure,120,149,FAILURE,62.51753333333333,3.153218305618704,55.5521,68.2237,0.13729748609566006,6.754599999999999,0.238080315579988,6.0881,7.4396,-0.012160266963292693,3.36511,0.32225443296666484,2.7025,4.1162,0.01372464961067843
compressor-0098,failure,130,159,FAILURE,63.69362,2.6180940741182956,59.5155,68.7237,-0.0522116129032275,6.592306666666667,0.2917590923271382,5.8334,7.0619,-0.021472703003337396,3.4992233333333336,0.271375726847893,2.9061,4.1162,-0.0016395773081201612
compressor-0098,failure,140,169,FAILURE,64.57846666666667,3.575215136401663,59.5155,71.0044,0.27199893214682846,6.325273333333333,0.38643660103854327,5.5923,6.9938,-0.034004271412680885,3.6074699999999997,0.2911710632944146,3.0159,4.1773,0.024395884315906464
compressor-0098,failure,150,179,FAILURE,66.47428,3.8599355209985915,59.5155,72.7002,0.18139537263626135,5.904173333333333,0.49319161112988225,4.8713,6.859,-0.049506073414905524,3.7370799999999993,0.3429142355361371,3.0159,4.518,0.015207608453837609
compressor-0098,failure,160,189,FAILURE,66.94876000000002,3.333432392254766,61.5329,72.7002,-0.1792274972191342,5.598603333333333,0.35339777822668267,4.8713,6.2972,-0.022072547274749967,3.833853333333333,0.31202218802870774,3.1757,4.518,-0.00530629588431599
compressor-0098,failure,170,199,FAILURE,69.36599,5.267239938168123,61.5329,77.8823,0.3264076307007779,5.492886666666666,0.2592888013179298,4.8713,6.0802,0.010555239154616192,3.924146666666666,0.3535986733886628,3.1757,4.518,0.016789232480533857
compressor-0098,failure,180,209,FAILURE,70.00835000000001,5.0240148515405485,62.4851,77.8823,0.2074587541713002,5.4226866666666655,0.3541363821404904,4.5022,6.0802,-0.01704814238042275,4.080620000000001,0.34282500142200834,3.1757,4.7518,0.024533170189098837
compressor-0098,failure,190,219,FAILURE,72.11047666666668,3.338074635443146,65.4694,77.8823,-0.20402516129032502,5.491486666666668,0.38751120304952325,4.5022,6.1751,-0.001988520578420621,4.30552,0.2629602015514896,3.8995,4.7522,0.01236694104560617
compressor-0098,failure,200,229,FAILURE,71.98273666666667,3.199146117376045,65.4694,77.8528,0.2219446718576178,5.512863333333333,0.39416712147965294,4.5022,6.1751,0.021626273637374745,4.64542,0.5045316213413519,3.8995,5.7772,0.0420327030033369
compressor-0098,failure,210,239,FAILURE,73.81483000000001,2.454459090600887,68.9729,77.8528,0.20221016685205684,5.553860000000001,0.3309122860618304,4.5526,6.1751,-0.01863136818687442,4.81351,0.41889673456990967,4.0154,5.7772,0.01943165739710779
compressor-0098,failure,220,249,FAILURE,74.97781333333333,1.6440883457067899,71.5851,77.8528,-0.01175977753059244,5.242753333333334,0.48936874899086985,4.3147,6.0327,-0.04314656284760857,5.110116666666668,0.34900622160961864,4.4425,5.7772,0.005744582869855314
compressor-0099,failure,0,29,NORMAL,53.25063333333334,1.4850066274449942,50.4879,55.8209,-0.14307755283648654,8.026303333333335,0.19714279170748847,7.7743,8.4834,-0.009135061179088026,1.3147066666666667,0.26802185350369384,0.773,1.6925,-0.026300511679644107
compressor-0099,failure,10,39,DEGRADATION,52.83650000000001,1.7208125034413244,50.0465,55.9464,0.00876596218019943,7.972926666666666,0.13839136758563458,7.7743,8.2292,0.00727163515016655,1.2849366666666668,0.24782807950046518,0.773,1.7715,0.011225695216907635
compressor-0099,failure,20,49,DEGRADATION,53.92429,2.7946939620585765,50.0465,60.3197,0.2511391101223558,7.937860000000001,0.19481851828475316,7.4168,8.2292,-0.008553859844271615,1.4223299999999999,0.31623941473721034,0.773,1.9067,0.032911924360400434
compressor-0099,failure,30,59,DEGRADATION,55.00134999999999,2.297740845809204,50.0465,60.3197,0.0776566629588423,7.711973333333333,0.35793286515149125,7.1328,8.2292,-0.036559555061179326,1.6505333333333334,0.15371100444954774,1.3211,1.9067,0.011247474972191298
compressor-0099,failure,40,69,DEGRADATION,55.79203333333333,1.861003729950289,52.0765,60.3197,-0.041323203559511204,7.444506666666668,0.2999774646350771,7.0637,8.0327,-0.029087875417130225,1.8031599999999997,0.18452344855510008,1.4965,2.2587,0.015295884315906547
compressor-0099,failure,50,79,DEGRADATION,56.61668333333333,2.449382882970503,52.0765,60.6959,0.21526489432702894,7.1562399999999995,0.19847674187840422,6.7543,7.5278,-0.01814175750834287,2.0386033333333335,0.3270406534192483,1.5353,2.5813,0.035586273637374814
compressor-0099,failure,60,89,DEGRADATION,57.67250333333333,2.135952823212369,52.0765,60.6959,0.12863397107897562,6.923716666666667,0.2845364921919311,6.4166,7.33,-0.029749477196885542,2.2452266666666665,0.24410219845156844,1.7113,2.5813,0.019886140155728548
compressor-0099,failure,70,99,FAILURE,59.59921666666666,2.21793938361464,55.5783,65.4094,0.10238413793103307,6.868976666666668,0.2710845669815151,6.4166,7.4987,0.008073170189098892,2.4363600000000005,0.23151679795067423,1.9548,2.9899,0.011366629588431532
compressor-0099,failure,80,109,FAILURE,60.24986666666666,2.3111730692923507,55.5783,65.4094,0.14830215795328103,6.793983333333332,0.3042603699501831,6.3723,7.4987,0.009858220244716184,2.430446666666667,0.23407735435582444,2.0793,2.9899,0.006422113459399278
compressor-0099,failure,90,119,FAILURE,61.29977333333333,2.276922070681287,55.4873,66.0022,-0.055653926585096075,6.779373333333334,0.32570307227425555,6.2929,7.4987,-0.020406941045606388,2.4298300000000004,0.27311915000600007,1.8786,2.9899,-0.00873452725250283
compressor-0099,failure,100,129,FAILURE,61.54549666666667,2.7611628681268017,55.4873,66.1708,0.041303203559509255,6.651573333333334,0.20877402286257313,6.2929,7.2342,0.0011196440489429926,2.518253333333333,0.4000029747667162,1.8786,3.4724,0.022414638487207962
compressor-0099,failure,110,139,FAILURE,62.80556666666668,3.1729874582516433,55.4873,66.3187,0.17877601779755092,6.363083333333332,0.4242607697186039,5.3801,6.9329,-0.034180311457174734,2.70926,0.44256148544580787,1.8786,3.4724,0.031242936596217987
compressor-0099,failure,120,149,FAILURE,64.24478666666666,2.692250765776142,57.3615,68.2105,0.16436956618464793,6.036336666666667,0.5362845764973004,5.1811,6.9102,-0.052081890989989034,3.0155,0.41200311163873504,2.156,3.7969,0.021198754171301397
compressor-0099,failure,130,159,FAILURE,65.40875333333334,1.6022752752951728,62.5174,68.6717,0.03343737486095431,5.8318900000000005,0.39548167370098625,5.1811,6.6218,0.013681935483870823,3.18831,0.3249501903882091,2.4953,3.7969,0.015630055617352583
compressor-0099,failure,140,169,FAILURE,66.88754333333334,2.6114226254008663,62.5174,73.1238,0.20605025583982134,5.826703333333334,0.3813138702637967,5.1811,6.6218,0.0137910789766406,3.47045,0.37628755028568245,2.6498,4.2225,0.026397352614015483
compressor-0099,failure,150,179,FAILURE,67.26326,2.5438127649390125,62.7311,73.1238,0.053568409343713756,5.727543333333334,0.4564506257952649,4.9084,6.6218,-0.03442987764182443,3.6873666666666676,0.3675504349367883,2.9861,4.3097,0.02749045606229135
compressor-0099,failure,160,189,FAILURE,68.53876666666666,2.5908124431451136,63.9521,73.1238,0.03557730812013172,5.501340000000001,0.3390401555371675,4.9084,6.2182,-0.02385481646273646,4.05616,0.3856360206204809,3.2484,4.9609,0.02969112347052274
compressor-0099,failure,170,199,FAILURE,69.19384666666669,2.9065307043201103,63.9521,74.3549,0.23629535038931962,5.4446933333333325,0.2946907157607032,4.9084,6.183,0.013942469410455884,4.278506666666667,0.35863644723994365,3.2484,4.9609,0.025762536151279127
compressor-0099,failure,180,209,FAILURE,70.83174666666666,2.071537142435272,65.7551,74.3549,0.1231755728587319,5.413806666666667,0.29635033764485946,4.841,6.183,-0.012773615127920107,4.520963333333333,0.24542609951311647,4.173,5.2532,0.011053592880978772
compressor-0099,failure,190,219,FAILURE,71.74994000000001,1.3655856615630775,68.2456,74.3549,0.05557957730811829,5.1618900000000005,0.45043008584388916,4.4209,6.183,-0.044733726362625285,4.567916666666666,0.2680760340939778,4.0794,5.315,0.008932836484983183
compressor-0100,degrading,0,29,NORMAL,51.08286666666667,1.8182036446876775,47.5657,53.7328,-0.16308062291434988,8.166703333333333,0.3151859826444628,7.6343,8.7247,-0.0291931256952171,1.4536,0.1041501928306744,1.243,1.6363,0.003290278086763031
compressor-0100,degrading,10,39,NORMAL,51.31227,2.0461786466728653,47.5657,54.7186,0.06986476084538289,8.12884,0.2834411045232031,7.6343,8.5695,0.002153726362624992,1.5560233333333333,0.17999346225781523,1.243,1.9014,0.01672558398220243
compressor-0100,degrading,20,49,NORMAL,52.236073333333344,2.6258746164447544,47.5657,56.2707,0.2575441601779737,8.127973333333335,0.27183925389015395,7.6343,8.5695,0.015674749721913055,1.619756666666667,0.16761068518709923,1.2462,1.9014,0.0051479199110122205
compressor-0100,degrading,30,59,NORMAL,52.90449666666667,1.7748565526042437,50.375,56.2707,-0.10776874304783265,8.124723333333334,0.275692306365065,7.6077,8.5695,-0.025708008898776467,1.6341633333333332,0.15801157865450519,1.3115,1.9014,-0.009945606229143547
compressor-0100,degrading,40,69,DEGRADATION,53.10477999999999,1.8688512158364377,50.375,56.2707,-0.030094460511680285,8.07981,0.24875908740519748,7.6077,8.5092,-0.0005005339265853908,1.5978466666666669,0.14290386683206144,1.3115,1.8522,0.0025537263626251167
compressor-0100,degrading,50,79,DEGRADATION,53.62357,2.3992865474483587,50.375,57.9716,0.2546745494994427,8.110109999999999,0.2691494706787786,7.6077,8.6013,0.022541067853170033,1.6449833333333335,0.15587573914998945,1.3273,1.9202,0.010208120133481628
compressor-0100,degrading,60,89,DEGRADATION,54.01393333333332,2.125615456024182,49.8672,57.9716,-0.0802218464961078,8.114846666666667,0.25983595431647943,7.6654,8.6013,-0.016954126807564182,1.6315500000000003,0.1560777002008935,1.3665,1.9202,-0.007619644048943313
compressor-0100,degrading,70,99,DEGRADATION,54.16292333333334,2.2449899190097837,49.8672,57.9716,-0.06953243604004639,7.959836666666667,0.2950055067094324,7.459,8.6013,-0.0274972858731927,1.7136900000000004,0.20834750674454122,1.3665,2.1929,0.006591701890989921
compressor-0100,degrading,80,109,DEGRADATION,53.978899999999996,2.0270945860187846,49.8672,57.5824,0.16038545050055472,7.8067600000000015,0.15848178780751643,7.459,8.1861,0.002807519466073326,1.71995,0.2081774991843899,1.3665,2.1929,0.013838553948832011
compressor-0100,degrading,90,119,DEGRADATION,54.25994000000001,1.73379859606972,51.1547,57.5824,-0.0636970856507241,7.781059999999999,0.17725927639101613,7.459,8.1861,0.00022914349276951,1.8354366666666668,0.13333498786473447,1.5843,2.1929,-0.0005926362625139681
compressor-0100,degrading,100,129,DEGRADATION,54.65251333333334,1.806134318691596,51.1547,57.3376,-0.004193147942159248,7.721670000000001,0.2017641744710888,7.317,8.1861,-0.011789610678531922,1.8799799999999998,0.16215455261365105,1.5843,2.3063,0.013260734149054482
compressor-0100,degrading,110,139,DEGRADATION,55.175853333333336,2.1933404752771257,51.1547,58.3845,0.1857471857619561,7.657023333333331,0.16055614113311123,7.317,8.0238,-0.004243270300333864,1.95843,0.13094984065155124,1.7242,2.3063,0.006812124582869806
compressor-0100,degrading,120,149,DEGRADATION,55.92367333333333,1.5810741730299125,52.4274,58.3845,-0.013407875417130928,7.543723333333333,0.190787112917921,7.0468,7.8585,-0.008317219132369436,1.9946533333333334,0.12047244701129334,1.7274,2.3063,-0.0029374416017798077
compressor-0100,degrading,130,159,DEGRADATION,55.86918666666666,1.56083906809411,52.5445,58.3845,-0.08591105672970215,7.471603333333333,0.3086370170964951,6.8061,8.0005,-0.011413147942158312,2.080563333333333,0.18735894869355862,1.7274,2.4879,0.013792992213570622
compressor-0100,degrading,140,169,DEGRADATION,56.380720000000004,2.1133319476441303,52.5445,59.8539,0.1512625583982194,7.53567,0.3576278411514779,6.8061,8.0005,0.023148053392658272,2.174353333333334,0.19636024671223265,1.7274,2.4891,0.016293081201334773
compressor-0100,degrading,150,179,DEGRADATION,56.277313333333346,2.2331858786247265,52.1458,59.8539,-0.03995973303670871,7.412793333333331,0.4581594903766834,6.6598,8.0005,-0.010438042269188033,2.198206666666666,0.1808598295795823,1.8411,2.4891,-0.012109721913236974
compressor-0100,degrading,160,189,DEGRADATION,57.04331666666666,2.3793219261074268,52.1458,60.8426,-0.04563232480534136,7.473773333333333,0.3962240779603829,6.6598,7.9774,-0.015052458286985657,2.2962,0.2661484585715273,1.8411,2.7645,0.01345472747497214
compressor-0100,degrading,170,199,DEGRADATION,57.29144333333332,2.51182637360193,52.1458,60.8426,0.22212451612903042,7.402429999999998,0.33924196590830763,6.6598,7.8943,0.026320378197997436,2.3296633333333334,0.2731266586321363,1.8411,2.7645,0.015107964404894288
compressor-0100,degrading,180,209,DEGRADATION,58.46245,1.6433871292242734,53.5463,60.8426,0.045936529477196036,7.462713333333334,0.21944616459522726,6.9808,7.8943,-0.012255305895439548,2.4368100000000004,0.15960601774369282,2.1855,2.7645,-0.010710901001112385
compressor-0100,degrading,190,219,DEGRADATION,58.302503333333334,1.3270235691158203,54.736,60.3881,-0.10267770856507348,7.351919999999999,0.24228165482897523,6.9719,7.8943,-0.018522758620689826,2.4192900000000006,0.1431816965723389,2.1855,2.6624,0.007319977753058926
compressor-0100,degrading,200,229,DEGRADATION,58.23909666666666,1.3921429247706176,54.736,61.6577,0.04822622914349154,7.31073,0.2061635000834694,6.9719,7.7609,0.01337750834260275,2.5032266666666674,0.1647770371003058,2.1928,2.8147,0.013996218020022185
compressor-0100,degrading,210,239,DEGRADATION,58.39237,1.455931755303112,54.736,61.6577,0.09541426028920875,7.2703766666666665,0.24253275748969577,6.7558,7.7609,-0.003670456062291526,2.5080633333333333,0.19857236041861975,2.0173,2.8147,-0.008028275862069029
compressor-0100,degrading,220,249,DEGRADATION,59.30550666666667,1.4634250505653583,56.6111,62.7643,0.05334104560622787,7.2004600000000005,0.2966203337601791,6.6621,7.7609,-0.02493406006674091,2.477656666666667,0.20595011480669026,2.0173,2.8147,-0.008744360400444934
compressor-0101,degrading,0,29,NORMAL,51.580626666666674,1.8497963066120429,48.4164,55.434,-0.1412575305895452,8.151356666666667,0.29687316784931717,7.6708,8.6921,-0.02618751946607373,1.4841633333333333,0.0983234203477935,1.3046,1.6627,-0.0028161735261402125
compressor-0101,degrading,10,39,DEGRADATION,51.37847666666666,1.7014241071689196,48.4164,53.693,0.03167828698553855,8.01993,0.2181213044004031,7.6708,8.6921,-0.007338175750834358,1.4849,0.11820219682109691,1.3046,1.7683,0.006271457174638465
compressor-0101,degrading,20,49,DEGRADATION,52.36422999999999,2.4373082740528877,48.4164,57.2223,0.2650909232480528,7.90073,0.17561392342294502,7.4994,8.1556,-0.006824983314794424,1.5184433333333334,0.12672210457883382,1.3137,1.7683,0.0021149944382647034
compressor-0101,degrading,30,59,DEGRADATION,53.54626,1.6018928565086161,50.3015,57.2223,0.0727295216907664,7.82599,0.21095460862469917,7.4124,8.1556,-0.018776573971079236,1.6313499999999999,0.1996054253604679,1.3137,2.0334,0.014265695216907634
compressor-0101,degrading,40,69,DEGRADATION,54.54726666666667,1.5122168127913698,51.8677,57.2223,0.057842447163514034,7.710163333333333,0.14540801785168367,7.4124,8.0375,-0.00433666295884336,1.78903,0.2559111905199406,1.3137,2.2221,0.026737330367074475
compressor-0101,degrading,50,79,DEGRADATION,54.39560000000001,1.3085965199403522,51.8677,56.5289,0.05083096774193466,7.602896666666665,0.1652246036628793,7.2997,7.8342,-0.009180489432703066,1.9756466666666666,0.16950173594653506,1.6218,2.2932,0.011964582869855364
compressor-0101,degrading,60,89,DEGRADATION,54.43675666666666,1.393832604412102,51.2982,56.5289,-0.10506636262513971,7.478676666666668,0.21168995517554023,7.0642,7.8342,-0.0181476529477199,1.9831833333333329,0.18846702644111402,1.5331,2.2932,-0.004736885428253666
compressor-0101,degrading,70,99,DEGRADATION,54.71037666666667,2.029687815516356,51.2982,59.1036,0.08427641824249114,7.381276666666667,0.1754269414568039,7.0642,7.8122,-0.0012040711902115053,2.019006666666667,0.1918362164857188,1.5331,2.2932,0.004780155728587269
compressor-0101,degrading,80,109,DEGRADATION,56.083616666666664,2.643628014816423,51.2982,60.3238,0.22972202447163273,7.399656666666668,0.1745352355702297,7.0642,7.7314,0.010460266963292343,2.0080266666666664,0.18753647988828434,1.5331,2.263,0.00896640711902111
compressor-0101,degrading,90,119,DEGRADATION,57.254143333333346,1.7620317663960794,52.8339,60.3238,0.0439324360400423,7.354240000000002,0.23301631359198866,6.8397,7.7314,-0.012075461624026748,2.10535,0.11303485819280115,1.8189,2.2744,-6.20912124583402e-05
compressor-0101,degrading,100,129,DEGRADATION,57.99266333333334,1.2227474139503312,56.0087,60.3238,-0.010079043381535957,7.3388,0.24752726853150273,6.8397,7.6522,-0.0063643604004451244,2.2124233333333336,0.21715902265902337,1.8189,2.7359,0.019346896551724085
compressor-0101,degrading,110,139,DEGRADATION,58.52368666666666,1.6400382747024198,56.0087,61.7168,0.13092947719688447,7.329753333333333,0.25329925876103326,6.8397,7.7251,0.013709276974415888,2.3380966666666665,0.17727689543636405,2.0034,2.7359,0.012705873192435999
compressor-0101,degrading,120,149,DEGRADATION,58.86118666666666,1.3987303392084636,56.4809,61.7168,-0.027631813125697145,7.270296666666667,0.2865920486025776,6.7895,7.7251,-0.016356062291435037,2.3421833333333333,0.1765499421001195,1.98,2.7359,-0.012078242491657445
compressor-0102,failure,0,29,NORMAL,54.20159666666666,1.5722590145993407,51.9515,58.6456,-0.04827819799777629,7.859496666666667,0.22474226495155633,7.5407,8.324,-0.010845628476084758,1.4469066666666668,0.22062287420442653,1.0321,1.7856,0.004580289210233542
compressor-0102,failure,10,39,DEGRADATION,54.74804666666667,1.9991012320095807,51.9515,58.6997,0.03734972191323535,7.84568,0.23166331230185472,7.5407,8.324,-0.00738358175750851,1.3996933333333337,0.22477077943738344,1.0321,1.7856,0.007852324805339254
compressor-0102,failure,20,49,DEGRADATION,55.43029333333333,2.359389139859911,51.9515,59.4688,0.22828729699666206,7.69741,0.2127573662649546,7.3686,8.1439,-0.009293325917686458,1.5581033333333332,0.18704362322434007,1.1362,1.939,0.00024625139043375977
compressor-0102,failure,30,59,DEGRADATION,56.416486666666664,1.668011533479976,52.1044,59.4688,0.02684462736373653,7.498076666666667,0.3671214155955615,6.7868,8.1439,-0.04053977753058981,1.6797466666666667,0.3021178961193056,1.1362,2.2705,0.029995550611790857
compressor-0102,failure,40,69,DEGRADATION,57.184433333333324,1.4715455007878242,54.4698,59.9179,0.04516422691879677,7.323346666666666,0.2381390556423331,6.7868,7.6701,-0.008237686318131338,2.0530266666666668,0.3833727463216735,1.3496,2.6779,0.04192734149054502
compressor-0102,failure,50,79,DEGRADATION,58.58313999999999,2.6284926762436807,54.4698,63.0832,0.2928836484983292,7.183959999999999,0.27713885160090174,6.705,7.6339,-0.004449032258064626,2.2755466666666666,0.2361864274019337,1.8372,2.6779,0.01324431590656281
compressor-0102,failure,60,89,FAILURE,60.48295333333332,2.0674741382878024,56.2005,64.1835,0.15470989988876388,7.040946666666668,0.38142053932925823,6.389,7.6339,-0.03260235817575109,2.426763333333333,0.14695986182930662,2.1241,2.6856,-0.001055105672970002
compressor-0102,failure,70,99,FAILURE,62.65479666666666,2.2072431138539215,58.9388,67.6652,0.14291125695216791,6.9559066666666665,0.3381272728163498,6.389,7.6339,-0.0036176640711904798,2.4310600000000004,0.15263917277903033,2.1241,2.7176,0.008971479421579531
compressor-0102,failure,80,109,FAILURE,63.23038666666668,2.158777566700398,58.9388,67.6652,0.08464814238042159,6.788743333333334,0.33924851921399585,6.1223,7.496,-0.0046868298109012515,2.7089266666666663,0.337612863038257,2.2886,3.4339,0.030065539488320293
compressor-0102,failure,90,119,FAILURE,64.07989666666666,1.6175898655063623,61.1669,67.6652,-0.004809944382648902,6.6803300000000005,0.41365730836849324,5.9214,7.496,-0.03661617352614027,2.937413333333333,0.36796620201075836,2.2886,3.6577,0.02847973303670741
compressor-0102,failure,100,129,FAILURE,64.01923666666669,1.6446642316864828,60.8182,67.871,0.07199308120133367,6.432566666666665,0.28136673024522435,5.9214,7.1609,-0.010476751946607472,3.2008033333333334,0.22839506194798131,2.5805,3.6577,0.006850478309232381
compressor-0102,failure,110,139,FAILURE,65.34802666666666,2.3351673698664275,60.8182,70.7748,0.19314567296996538,6.266043333333331,0.24202909974261813,5.8001,6.7882,-0.009516507230256037,3.2239999999999993,0.24920390713897994,2.5805,3.6622,9.228031145712215e-05
compressor-0102,failure,120,149,FAILURE,66.28108666666667,2.3071042172289387,60.8182,70.7748,0.1371670745272511,6.1468933333333355,0.25521409565739556,5.7174,6.7882,-0.015157196885428506,3.17866,0.2403853082033093,2.6471,3.6622,-0.013467141268075675
compressor-0102,failure,130,159,FAILURE,66.77084666666666,1.8409434039342134,61.5209,70.7748,-0.0518050723025601,5.94235,0.27509194553821453,5.2175,6.4967,-0.01140371523915469,3.18228,0.27757747675198724,2.6471,3.7392,0.007202892102335855
compressor-0102,failure,140,169,FAILURE,67.29384999999999,2.3375001573975,61.5209,72.7966,0.11582186874304655,5.7407466666666656,0.3245647688144163,5.0635,6.4967,-0.016599822024471796,3.4020300000000008,0.40529320921196466,2.6471,3.9618,0.042717486095661825
compressor-0102,failure,150,179,FAILURE,68.51658,2.844132040465069,61.5209,73.9335,0.2151272080088977,5.496899999999999,0.37490619448959056,4.7193,6.2535,-0.022871412680756473,3.669933333333333,0.31109855601650666,3.0219,4.0134,0.026931123470522747
compressor-0102,failure,160,189,FAILURE,69.31679000000001,2.235037704283009,65.3475,73.9335,-0.021385739710791607,5.374646666666668,0.302361712449767,4.7193,5.9279,-0.007470344827586404,3.995733333333333,0.29467666159519473,3.485,4.8089,0.024011924360400352
compressor-0102,failure,170,199,FAILURE,71.59998666666667,3.593219034953971,65.3475,78.1272,0.22500351501668384,5.374093333333333,0.3240829656464873,4.7193,6.061,0.005222736373748392,4.284483333333333,0.45881476006723626,3.485,5.1588,0.047784226918798606
compressor-0102,failure,180,209,FAILURE,73.27620333333334,3.8062372062605627,65.3475,78.1272,0.32299859844271245,5.240739999999999,0.3649140013756666,4.6015,6.061,-0.026611345939933338,4.5335333333333345,0.32564890637344723,3.7822,5.1588,0.01736293659621797
compressor-0103,failure,0,29,NORMAL,52.553333333333335,2.5081453282366954,48.649,56.2094,-0.17153290322580853,7.89341,0.2201187260699705,7.5042,8.3848,-0.01862191323693011,1.5364200000000001,0.095383256392304,1.3608,1.7141,0.004405339265850902
compressor-0103,failure,10,39,DEGRADATION,51.85690666666666,2.592197230141942,48.5942,56.2094,-0.14262313681868893,7.854346666666666,0.20336444417733288,7.5042,8.2601,0.006631991101223424,1.62929,0.16029517636743368,1.3608,1.9923,0.013372347052280265
compressor-0103,failure,20,49,DEGRADATION,51.83454333333335,2.3430575883779627,48.5942,55.559,0.23047908787541577,7.804796666666666,0.27617844772698835,7.3958,8.2961,0.002103470522802967,1.65934,0.15524823906677115,1.3071,1.9923,-0.0031659621802002905
compressor-0103,failure,30,59,DEGRADATION,53.23159666666666,1.9933550972306848,48.5942,56.3022,0.12216020022246812,7.5977733333333335,0.4660513855312045,6.8189,8.2961,-0.044465761957730984,1.7537633333333331,0.2310791631791053,1.3071,2.2628,0.006208743047830879
compressor-0103,failure,40,69,DEGRADATION,55.38905,2.1851826835530246,51.887,59.8184,0.16138618464960888,7.388713333333333,0.3622474759363025,6.8189,8.2961,-0.021252636262514044,1.8986266666666667,0.32571125651752075,1.3071,2.4412,0.03175977753058954
compressor-0103,failure,50,79,DEGRADATION,57.239893333333335,2.9158849060429124,51.887,61.7572,0.2841056284760839,7.145353333333333,0.22489118662638205,6.6848,7.5601,-0.0045687652947720885,2.1348966666666667,0.2442598431770742,1.527,2.4412,0.02090845383759727
compressor-0103,failure,60,89,DEGRADATION,59.033319999999996,1.6896452259572121,54.0997,61.7572,0.10898469410455965,6.994903333333334,0.3670626908157364,6.3162,7.5601,-0.03584852057842068,2.30252,0.12954002315886778,2.0016,2.5746,0.00937014460511672
compressor-0103,failure,70,99,FAILURE,59.59242666666668,1.1530641959386108,57.3847,61.7572,9.281423804107778e-05,6.84626,0.2744268592296801,6.3162,7.3172,-0.00791337041156866,2.5244566666666666,0.3135472932784179,2.1735,3.3415,0.031048031145717397
compressor-0103,failure,80,109,FAILURE,60.547223333333335,1.9650858581214434,57.3847,65.299,0.16691988876529387,6.783346666666668,0.2898937721917385,6.1567,7.1825,0.010177753058954166,2.8008299999999995,0.35200356073009637,2.2827,3.412,0.03470031145717458
compressor-0103,failure,90,119,FAILURE,61.50812333333332,1.972556828870141,58.3045,65.299,0.12718115684093378,6.78749,0.26736671863441297,6.1567,7.1825,-0.01375423804226937,3.051663333333333,0.22964202647212079,2.5114,3.4639,0.013449499443826484
compressor-0103,failure,100,129,FAILURE,62.942420000000006,1.5974107205933823,59.3574,66.1916,0.05307977753058799,6.482043333333334,0.4157865523585656,5.7304,7.1825,-0.03535018909899916,3.0763599999999998,0.177387311834866,2.6979,3.4639,-0.0084845383759733
compressor-0103,failure,110,139,FAILURE,63.428353333333334,1.9044163077319922,59.3574,67.6874,0.12367919911012075,6.269536666666665,0.4150651591283256,5.5068,6.9172,-0.014895550611791042,3.0847566666666664,0.2159133648531795,2.6979,3.5682,0.0014733926585093953
compressor-0103,failure,120,149,FAILURE,64.41729000000001,1.9112798541553246,60.7669,68.8819,0.09145781979977544,6.184306666666667,0.38926024365312334,5.5068,6.9721,0.017788342602892037,3.1354700000000006,0.243745426145121,2.6979,3.6719,0.017463248053392617
compressor-0103,failure,130,159,FAILURE,65.01456333333333,2.310003708724777,60.7669,71.4531,0.11537759733036526,6.239046666666667,0.3654177789264715,5.5068,6.9721,0.0020098776418240715,3.4593300000000005,0.433349185722861,2.7831,4.4637,0.03741070077864289
compressor-0103,failure,140,169,FAILURE,66.44087666666668,2.5718154893231016,60.7669,71.4531,0.18169661846495883,6.165259999999999,0.2888928481865436,5.6536,6.9721,-0.02091875417130171,3.635156666666666,0.3671129641616537,3.0793,4.4637,0.01829515016685201
compressor-0103,failure,150,179,FAILURE,66.64951666666666,2.286324682991363,63.127,71.4531,0.011553036707452074,5.98241,0.35027838676306206,5.1317,6.4213,-0.021388498331479527,3.8818533333333334,0.30169441463544233,3.3172,4.4637,0.007322936596217912
compressor-0103,failure,160,189,FAILURE,67.52132666666667,2.022601551456824,64.0537,72.0606,-0.013252725250279084,5.588846666666667,0.5909382216629943,4.4761,6.4213,-0.0533469187986654,4.0954,0.4270491845209401,3.3172,4.9296,0.04439942157953274
compressor-0103,failure,170,199,FAILURE,69.10846000000001,3.5095630896736982,64.0537,74.7497,0.3464660289210223,5.421423333333335,0.5355333333437072,4.4761,6.4213,-0.025813103448275983,4.40682,0.3410026621596963,3.8666,4.9296,0.023258464961067794
compressor-0103,failure,180,209,FAILURE,71.01010666666666,2.5698583941446174,65.1259,74.7497,0.1586336373748598,5.051063333333332,0.47212471903324676,4.2582,5.8941,-0.02061279199110128,4.572839999999999,0.265466201991892,4.0398,5.0694,-0.005685250278086885
compressor-0103,failure,190,219,FAILURE,71.68721333333333,1.7353970872653004,67.7507,74.7497,-0.1329442491657404,4.93368,0.4556826961823325,4.2582,5.8941,-0.040267185761957904,4.796953333333334,0.41323896616310946,4.0398,5.4856,0.02524195773081191
compressor-0104,failure,0,29,DEGRADATION,53.76714666666667,0.936454806075671,51.8273,55.734,-0.011062513904339117,8.056416666666667,0.21298316065412834,7.6764,8.4175,-0.02120269187986663,1.5201266666666664,0.14786274927182377,1.0711,1.7327,-0.0013666740823137231
compressor-0104,failure,10,39,DEGRADATION,55.06902333333334,2.5345035395100335,51.8273,60.7219,0.18877479421579327,7.88328,0.17732297914634,7.5057,8.2767,-0.015430878754171451,1.6950266666666665,0.3523528732519275,1.0711,2.5667,0.030005917686318107
compressor-0104,failure,20,49,DEGRADATION,56.69482666666667,3.1739071666673273,51.8273,61.6963,0.28201708565072203,7.6136833333333325,0.2900729794187816,7.0374,7.9874,-0.02765083426028944,1.9488866666666667,0.4120742422859691,1.0711,2.5667,0.0417997775305895
compressor-0104,failure,30,59,FAILURE,58.41220333333333,2.0061365565822173,52.536,61.6963,0.04187005561735037,7.281909999999999,0.41908778821785453,6.5319,7.9874,-0.04428086763070098,2.265903333333333,0.2731287504497142,1.6645,2.7863,0.02192669632925471
compressor-0104,failure,40,69,FAILURE,59.10113333333332,1.938276583864015,55.3572,62.8765,0.03244057842046533,7.056873333333332,0.27907649242138294,6.5319,7.5829,-0.008571167964405107,2.49682,0.2443472070640465,2.0904,2.96,0.02328213570634034
compressor-0104,failure,50,79,FAILURE,59.77699666666667,2.2049450597060747,55.3572,63.6667,0.16081283648498196,6.903526666666668,0.3621016228752488,6.2443,7.9306,-0.006534994438264866,2.7259533333333335,0.28504658769323227,2.1743,3.3359,0.024676840934371454
compressor-0104,failure,60,89,FAILURE,60.988043333333344,2.4577562862203326,55.3572,64.9625,0.12494943270300223,6.730706666666666,0.4675706320499134,6.0451,7.9306,-0.04094767519466089,2.8308699999999996,0.21714051387676755,2.4949,3.3359,0.0013527252502780341
compressor-0104,failure,70,99,FAILURE,62.42311,2.3659478375977216,56.9912,67.7609,0.14192994438264703,6.479926666666667,0.4231458132711334,5.7922,7.9306,-0.029000934371524116,2.9784999999999995,0.2997608758104811,2.4949,3.6396,0.012331434927697381
compressor-0104,failure,80,109,FAILURE,64.23471666666667,2.6637742184205884,58.0677,68.7515,0.2177343492769726,6.157606666666668,0.35697015742060134,5.4901,6.8435,-0.02726981090100135,3.2536033333333325,0.481322910655853,2.4949,4.0942,0.048934571746384804
compressor-0104,failure,90,119,FAILURE,66.22099333333333,2.3515093775322744,61.5971,71.2395,0.2156672302558375,5.9054866666666666,0.4412767746236167,5.0241,6.8435,-0.0384076529477198,3.7326399999999995,0.47134864916181374,2.6908,4.6202,0.04600947719688534
compressor-0104,failure,100,129,FAILURE,68.65602666666668,2.5526613432433405,64.8321,73.2186,0.2092256284760826,5.638389999999999,0.27012150889306585,5.0241,6.1376,-0.01573038932146837,4.217009999999999,0.402417316849064,3.4737,4.8565,0.03961279199110113
compressor-0104,failure,110,139,FAILURE,70.69947666666665,2.662330662869577,65.7839,75.4713,0.22266404894326974,5.383073333333334,0.3168158149812319,4.8161,5.943,-0.023469766407119175,4.464416666666667,0.2725574325817506,3.8553,4.8565,0.017740667408231287
compressor-0105,failure,0,29,DEGRADATION,52.40414333333332,0.8548761121485516,50.4298,53.8662,0.02160109010010976,7.692076666666666,0.29971556147268846,7.1827,8.287,-0.029766607341490666,1.6159033333333335,0.22818571600538212,1.286,2.2412,0.00508469410456059
compressor-0105,failure,10,39,DEGRADATION,53.60961666666666,2.195511792283421,50.4298,58.514,0.19244567296996587,7.511133333333334,0.16433161459547452,7.1827,7.9111,-0.009937397107897756,1.8439400000000001,0.4065224402170193,1.286,2.4405,0.03704992213570629
compressor-0105,failure,20,49,DEGRADATION,55.749430000000004,2.8535462405166427,50.4298,60.2012,0.2889693214682972,7.373770000000001,0.16209241633504431,7.0911,7.7039,-0.011021557285873337,2.1320133333333335,0.34527651308609003,1.3395,2.6226,0.03218589543937706
compressor-0105,failure,30,59,FAILURE,57.364046666666674,2.0620041646794878,52.1325,60.6722,0.08153299221356912,7.16378,0.3382973331257578,6.3505,7.7039,-0.0330341713014462,2.3352133333333334,0.20865045528080903,1.9513,3.0114,0.0047102113459398945
compressor-0105,failure,40,69,FAILURE,59.11421666666667,2.7130775218170387,55.3209,65.2623,0.1259397775305873,7.010723333333334,0.25855640349619824,6.3505,7.4034,-0.008975328142380667,2.5857999999999994,0.4224147866730047,1.9513,3.4948,0.038791234705227995
compressor-0105,failure,50,79,FAILURE,60.58528333333333,3.1746943187319445,55.3209,65.2623,0.2661341713014449,6.749066666666668,0.35375909536795735,5.8297,7.2974,-0.017586651835372825,2.8539333333333334,0.4663531368203952,1.9513,3.6106,0.042187096774193494
compressor-0105,failure,60,89,FAILURE,62.56294333333334,2.4293064336257695,55.7666,65.5411,0.15152269187986409,6.4179900000000005,0.56554914867469,5.5506,7.2974,-0.06083802002224718,3.2730799999999998,0.3535787242845172,2.7518,4.0096,0.0270211345939933
compressor-0105,failure,70,99,FAILURE,64.47403333333332,2.6782202380602596,60.3029,71.1118,0.21528133481646153,5.976716666666666,0.42476368103007855,5.3408,7.0527,-0.03517417130144619,3.58611,0.4405929802361056,2.8231,4.3371,0.04220718576195765
compressor-0105,failure,80,109,FAILURE,67.25532333333334,3.950189003974648,60.3029,74.6578,0.4108157730811999,5.57953,0.3584133220645312,4.7163,6.1146,-0.026682157953281584,3.937566666666667,0.3713518621948132,3.1974,4.5376,0.030274838709677367
compressor-0105,failure,90,119,FAILURE,69.15883000000001,2.9679776915322886,60.4264,74.6578,0.16760500556173444,5.298053333333334,0.4131234583296164,4.7163,6.1146,-0.036106740823136876,4.088046666666667,0.2300616725044734,3.6396,4.5376,0.0008272302558397701
compressor-0105,failure,100,129,FAILURE,70.45659,2.472568386293896,66.933,76.2583,0.03484433815350254,5.234903333333334,0.3356433161192929,4.7163,5.8061,0.00726823136818674,4.144236666666667,0.20357477820747394,3.6396,4.5376,-0.0025324360400445912
compressor-0105,failure,110,139,FAILURE,72.66627666666666,4.372054506116724,66.933,80.5193,0.42499543937708356,5.192853333333334,0.3884176890353419,4.5833,6.0857,0.003032969966629441,4.255936666666666,0.29274314507583077,3.7697,4.9455,0.02682578420467175
compressor-0106,failure,0,29,DEGRADATION,55.08799999999999,1.784743637052672,51.5217,57.9636,-0.12743768631813351,7.860983333333333,0.23032006437901928,7.4967,8.3267,-0.020972258064516223,1.3714233333333334,0.1538179024763445,1.032,1.6381,-0.0075360400444939215
compressor-0106,failure,10,39,DEGRADATION,55.61884666666666,2.2549230811320866,51.5217,59.7535,0.08632106785316825,7.7260399999999985,0.1674865518979559,7.4321,8.1286,-0.010241646273637507,1.5133366666666663,0.31507239536687787,1.032,2.1424,0.02613145717463847
compressor-0106,failure,20,49,DEGRADATION,56.97494333333334,2.943059337569591,51.5217,61.2935,0.31997639599554994,7.497603333333334,0.2828351692928036,6.9742,8.0095,-0.024874416017797805,1.7089266666666665,0.3396530444765985,1.032,2.1996,0.03143510567296995
compressor-0106,failure,30,59,FAILURE,59.216649999999994,1.4465213434881168,55.7687,61.4169,0.11759352614015361,7.244606666666669,0.3729772244461524,6.6697,8.0095,-0.03931813125695237,2.0667,0.291420748517786,1.5551,2.7411,0.024236618464961064
compressor-0106,failure,40,69,FAILURE,60.224546666666676,1.485802147154488,56.7241,64.5884,0.02268832035595027,6.899030000000001,0.31637617077354824,6.1835,7.4724,-0.02833902113459423,2.398216666666666,0.47748375615186,1.7502,3.4799,0.04869248053392657
compressor-0106,failure,50,79,FAILURE,59.68342333333333,1.8128367368451999,56.192,64.5884,-0.08689604004449611,6.641603333333333,0.33759224663621773,6.033,7.1819,-0.030072947719688794,2.8047633333333337,0.4544127224475809,1.8932,3.6821,0.04230516129032253
compressor-0106,failure,60,89,FAILURE,60.784616666666665,2.834495248080139,56.192,66.9803,0.12835165739710652,6.266603333333334,0.46241655930797093,5.4141,7.1819,-0.046595083426029214,3.010313333333334,0.2977738277432872,2.402,3.6821,0.007514571746384779
compressor-0106,failure,70,99,FAILURE,63.14016666666667,4.228560998443271,56.192,69.4345,0.4381326807563936,6.148583333333333,0.33999232842652327,5.4141,6.8081,-0.00596789766407131,3.180986666666666,0.2703597340992594,2.734,3.6821,0.00979203559510568
compressor-0106,failure,80,109,FAILURE,67.23167333333335,3.4685370921983156,59.2593,72.8639,0.33546264738598347,6.047963333333333,0.3330724150324603,5.4141,6.8502,0.011302669632925288,3.2764100000000007,0.30675378438306733,2.734,3.8319,0.02433995550611779
compressor-0106,failure,90,119,FAILURE,70.16600000000001,2.332874298228118,65.1701,73.9871,0.1912740823136809,5.914956666666665,0.4618937638918957,5.1598,6.8502,-0.04468122358175763,3.44761,0.23112821888870833,2.899,3.8369,0.007463114571746261
compressor-0106,failure,100,129,FAILURE,71.64727666666666,2.1537525511973032,67.5144,76.5384,0.109365317018908,5.490746666666667,0.5316268965689711,4.392,6.8502,-0.047928809788654186,3.7489033333333337,0.4570920815206591,2.899,4.6707,0.043378042269188004
compressor-0106,failure,110,139,FAILURE,73.39413666666665,2.5964636436870987,67.5144,76.9691,0.20611459399332382,5.033563333333333,0.3863569174423508,4.2964,5.5603,-0.028920155728587443,4.208699999999999,0.5819589779357305,3.2588,5.1487,0.06230696329254721
compressor-0107,failure,0,29,NORMAL,51.939176666666675,1.3765627942290013,49.9536,54.3215,-0.03591575083426154,8.02291,0.20567073742594824,7.6208,8.4872,-0.01818569521690798,1.5551533333333336,0.20251800863681785,1.1797,1.8819,-0.0012062291434928145
compressor-0107,failure,10,39,DEGRADATION,52.44348333333335,1.7029161324197837,49.9536,57.3625,0.004710945494993787,8.003926666666667,0.17928319113129998,7.6208,8.335,0.010841156840934103,1.5679966666666667,0.21165905049289896,1.1797,1.8819,0.014718375973303647
compressor-0107,failure,20,49,DEGRADATION,52.88911333333331,2.0984435204429235,49.9536,57.3625,0.17952111234705068,7.942260000000002,0.24556660956517143,7.4172,8.335,-0.005336106785317287,1.6820133333333338,0.18334266230810062,1.2491,2.1342,0.007550878754171248
compressor-0107,failure,30,59,DEGRADATION,53.291586666666674,1.767211410996306,50.3128,57.3625,-0.047617575083426844,7.736183333333333,0.45305173735702886,6.9326,8.335,-0.04763223581757537,1.8482766666666666,0.25490810982696405,1.3089,2.3296,0.020363136818687413
compressor-0107,failure,40,69,DEGRADATION,54.18094333333332,2.088192132073951,51.3275,58.2602,0.052154816462735704,7.479690000000001,0.3406424238112453,6.9326,8.143,-0.019173548387097127,2.074096666666667,0.3267698114201426,1.3089,2.597,0.033916952169076725
compressor-0107,failure,50,79,DEGRADATION,55.66336666666667,3.1735450022893255,51.3275,60.2008,0.33670416017797417,7.352389999999998,0.28062532595378253,6.9326,7.8074,0.002737063403781802,2.3040466666666664,0.17279518846181902,1.8963,2.597,0.012526229143492744
compressor-0107,failure,60,89,DEGRADATION,57.573456666666665,1.93426957939913,51.8325,60.2008,0.1024870522803106,7.2776066666666654,0.2787392663802899,6.8545,7.7969,-0.01899199110122366,2.3792633333333333,0.11923626540985294,2.1477,2.597,2.311457174630768e-05
compressor-0107,failure,70,99,DEGRADATION,58.93899999999999,1.2956116136147184,55.4556,61.1198,0.03055581757508289,7.196043333333334,0.24180147185012937,6.8545,7.7969,-0.011168520578420691,2.526443333333334,0.25549331978655637,2.1511,3.1795,0.02116269187986651
compressor-0107,failure,80,109,FAILURE,59.07557666666667,1.509435995923275,55.4556,61.73,0.06658667408231249,7.07769,0.1812989250749528,6.568,7.4678,-0.00046102335928816424,2.6427433333333337,0.2747540641899386,2.1511,3.1795,0.01965853170189096
compressor-0107,failure,90,119,FAILURE,58.814693333333345,1.924737983022336,54.4109,61.73,-0.14064151279199247,7.049143333333334,0.2779323355103221,6.3073,7.6586,-0.014401312569521913,2.8521666666666667,0.22234349751879157,2.4003,3.2771,0.008942780867630649
compressor-0107,failure,100,129,FAILURE,58.53015333333333,1.8394860738320968,54.4109,61.7468,-0.030321023359289646,6.8537,0.32986132035548915,6.2925,7.6586,-0.02270602892102348,2.9444233333333334,0.24381214446554728,2.4003,3.3687,0.015703515016685148
compressor-0107,failure,110,139,FAILURE,60.18692,3.4637140053609126,54.4109,66.8002,0.33242856507230095,6.849113333333333,0.3343437769056806,6.2925,7.6586,0.0030457842046717268,3.0882499999999995,0.18684573628174309,2.6584,3.3995,0.009576751946607297
compressor-0107,failure,120,149,FAILURE,61.527330000000006,2.6468326946434173,57.8984,66.8002,0.07341773081201249,6.6516600000000015,0.3569850637398339,6.0568,7.3789,-0.010632347052280463,3.22373,0.19784292447966562,2.8406,3.6154,0.013079577308120035
compressor-0107,failure,130,159,FAILURE,63.301516666666664,2.1813780943986356,58.0895,66.8002,-0.020086829810903286,6.45626,0.4731509298310635,5.669,7.3789,-0.044618420467185935,3.3916766666666667,0.23209423040844612,2.8993,3.7648,0.02126209121245818
compressor-0107,failure,140,169,FAILURE,64.26495666666666,3.1014378380232315,58.0895,71.3834,0.2726308565072294,6.09228,0.26932113594492846,5.5227,6.7257,-0.018066384872080187,3.5061400000000003,0.15929632052666293,3.1338,3.7648,0.00719870967741924
compressor-0107,failure,150,179,FAILURE,66.58000999999999,2.293749400196106,62.0676,71.3834,0.17871606229143444,5.982603333333332,0.23042224644238574,5.5227,6.7291,0.0031179310344826806,3.5946599999999993,0.1575938801688272,3.2947,3.8856,0.004437196885428162
compressor-0107,failure,160,189,FAILURE,67.00337666666667,1.9210102013755388,63.6314,71.3834,-0.06157728587319436,5.823739999999999,0.3608466207869118,5.0821,6.7291,-0.02066251390433823,3.685833333333333,0.270374331046586,3.2828,4.4154,0.014920177975528241
compressor-0107,failure,170,199,FAILURE,68.55652666666667,3.7077100398074396,63.6314,79.6319,0.25244640711901895,5.638446666666667,0.3996200935332902,5.0362,6.7291,-0.028460645161290456,3.9066199999999998,0.3443301200882664,3.2828,4.6167,0.024424204671857547
compressor-0107,failure,180,209,FAILURE,69.85306,4.346793826381309,63.6314,79.6319,0.2827477641824236,5.39186,0.3051392781446969,4.8743,6.2445,-0.015963248053392828,4.102956666666667,0.30001457707177415,3.2828,4.6167,0.015479710789766293
compressor-0107,failure,190,219,FAILURE,71.85250666666666,3.2014355250869717,66.702,79.6319,-0.004622068965519566,5.318053333333333,0.2575644744309449,4.8743,5.873,-0.000217308120133555,4.314369999999999,0.24807501439416793,3.6644,4.9212,0.017238731924360283
compressor-0107,failure,200,229,FAILURE,72.50138333333334,2.848576092375901,66.8063,77.5328,0.05486538375973106,5.461436666666668,0.3669502595569171,4.8743,6.0885,0.02109345939933247,4.475020000000001,0.26398146197539446,4.0622,5.0322,0.019371301446051085
compressor-0107,failure,210,239,FAILURE,73.21813333333334,2.2079747560956307,68.7742,77.6011,0.11582197997775111,5.2978466666666675,0.49423758978405874,4.5426,6.0885,-0.022955417130144797,4.688706666666667,0.26130840646425607,4.1908,5.1403,0.01874398220244709
compressor-0107,failure,220,249,FAILURE,73.03803666666666,2.351287829181182,67.9057,77.6011,-0.12463988876529626,5.09976,0.5515447969718023,4.5069,6.0885,-0.049523692992213736,4.924783333333333,0.3558162691458737,4.3151,5.7419,0.029979555061179042
compressor-0108,degrading,0,29,NORMAL,53.63499999999999,1.9943749806225846,51.1568,57.4974,-0.20141784204671995,7.918763333333334,0.21924814021762853,7.5305,8.3764,-0.013228453837597527,1.5713900000000003,0.16060171719712923,1.3286,1.9572,-0.006182981090100125
compressor-0108,degrading,10,39,NORMAL,52.63762666666667,0.945898590383181,51.1568,54.4694,0.022568320355949002,7.907913333333334,0.21755947651670393,7.5305,8.3262,0.016043781979977564,1.5859333333333332,0.16588001955898393,1.3286,2.0734,0.011390967741935463
compressor-0108,degrading,20,49,NORMAL,52.797666666666665,1.104500055932799,51.1568,55.0523,0.0720644716351485,7.947396666666667,0.21371675099429055,7.5305,8.3262,0.008186451612902991,1.538173333333333,0.20345085226877002,1.2043,2.0734,-0.007200444938820934
compressor-0108,degrading,30,59,NORMAL,52.71596,1.235195974896292,50.0567,55.0523,-0.07342593993326035,7.943553333333333,0.1895809233253413,7.6936,8.3262,-0.01245357063403804,1.5210800000000004,0.2036802451556524,1.1861,2.0734,-0.011545005561735294
compressor-0108,degrading,40,69,DEGRADATION,52.96108,1.3172976478128753,50.0567,55.0523,0.01820378197997685,7.873030000000001,0.13478220740636854,7.6936,8.1527,-0.00031632925472763174,1.5459233333333333,0.21626142464362172,1.1861,1.9255,0.020023381535038888
compressor-0108,degrading,50,79,DEGRADATION,53.685893333333325,1.8037227471599457,50.0567,56.2326,0.1784674082313673,7.790893333333334,0.15442922636455675,7.3475,8.1527,-0.005611835372636419,1.6870133333333333,0.18580942877642737,1.1861,1.9486,0.01548342602892099
compressor-0108,degrading,60,89,DEGRADATION,53.95474,1.479937047670159,51.4822,56.2326,-0.0651007341490559,7.6625233333333345,0.23727440890711785,7.306,8.1527,-0.022886028921023472,1.7847899999999997,0.11106167160636471,1.4872,1.9486,-0.000815239154616281
compressor-0108,degrading,70,99,DEGRADATION,54.05554,1.6560108760914987,51.4822,56.2326,-0.05128618464961238,7.6358299999999995,0.2236608461488063,7.306,8.0669,0.004721979977752978,1.8164266666666669,0.14924775136962326,1.4872,2.1832,0.007891212458286943
compressor-0108,degrading,80,109,DEGRADATION,54.07033000000001,1.7708170899615803,51.4822,57.4689,0.16413635150166805,7.596173333333334,0.2907928517385224,7.027,8.0669,0.0023876307007785294,1.81285,0.19879630404009024,1.3808,2.1832,-0.00011588431590659399
compressor-0108,degrading,90,119,DEGRADATION,54.7728,1.3654247497878942,51.5439,57.4689,0.021609566184648026,7.60489,0.2960334984986216,7.027,8.0669,-0.020476551724138092,1.84252,0.20600562031167985,1.3808,2.1832,-0.0018344382647386246
compressor-0108,degrading,100,129,DEGRADATION,55.233173333333326,1.3904623336462187,52.8181,57.9385,0.015085650723024225,7.415353333333333,0.2683483354812465,7.027,7.9768,-0.01569842046718597,1.9258033333333338,0.24739667133752813,1.3808,2.2684,0.0161100111234705
compressor-0108,degrading,110,139,DEGRADATION,55.714966666666676,1.6996397265956753,52.8181,58.7387,0.13319911012235716,7.377623333333333,0.16993251147310084,7.0919,7.688,0.001603848720800751,2.0220399999999996,0.19407970630645544,1.5863,2.4452,0.009915328142380412
compressor-0108,degrading,120,149,DEGRADATION,56.22702666666667,1.6283537258907295,52.8181,58.7387,0.029405339265849966,7.261546666666666,0.2024495175483398,6.894,7.6386,-0.008340600667408505,2.0153133333333333,0.19775335434716537,1.6072,2.4452,-0.013833192436040094
compressor-0108,degrading,130,159,DEGRADATION,56.180976666666666,1.3981547894000221,53.4515,58.7387,-0.07459561735261593,7.3412999999999995,0.22864974087017895,6.894,7.8039,0.0005365072302555796,2.09382,0.2836949587144615,1.6072,2.7322,0.01583750834260284
compressor-0108,degrading,140,169,DEGRADATION,56.50369666666666,1.5786969475875414,53.4515,59.916,0.08785804226918716,7.358533333333332,0.23085146499186193,6.894,7.8039,0.01689023359288094,2.16163,0.28033467397618395,1.6072,2.7322,0.02165586206896546
compressor-0108,degrading,150,179,DEGRADATION,57.24639333333334,1.4737115495540123,54.4727,59.916,0.14308685205784055,7.315383333333334,0.28111475721175183,6.7586,7.8039,-0.025020800889877768,2.2974699999999997,0.17467157210032777,1.8968,2.7322,-0.005191301446051221
compressor-0108,degrading,160,189,DEGRADATION,58.58859666666667,1.3759891006068647,56.6101,61.8388,0.09889968854282266,7.162963333333334,0.26418306592630453,6.7586,7.6741,-0.022059644048943408,2.3408933333333337,0.1861124515507284,1.8968,2.6877,0.010485873192436003
compressor-0108,degrading,170,199,DEGRADATION,59.70581333333333,1.7836065681147903,56.6101,63.7156,0.17519167964404891,7.121136666666667,0.23055205411263544,6.7586,7.8428,0.02022160177975514,2.3489366666666665,0.20489663000861896,1.8968,2.6877,0.002663203559510515
compressor-0108,degrading,180,209,DEGRADATION,60.051460000000006,2.006061819851687,55.8648,63.7156,-0.0037957285873193363,7.145923333333332,0.24102233186067137,6.7531,7.8428,3.770856507209367e-05,2.426846666666667,0.18826044855170426,2.0015,2.8105,-0.0036647830923248505
compressor-0108,degrading,190,219,DEGRADATION,60.39344333333333,1.8355299490307657,55.8648,63.7156,-0.04282124582870089,7.070189999999999,0.3207428786946537,6.5204,7.8428,-0.02311846496106801,2.4120266666666663,0.21772220210371032,2.0015,2.8634,0.009126718576195675
compressor-0108,degrading,200,229,DEGRADATION,61.076246666666655,2.393897747152585,55.8648,65.3006,0.16460533926585047,7.001950000000002,0.2491698828109047,6.5204,7.5324,0.0065286540600665134,2.6054600000000008,0.27102088308222055,2.0861,3.0626,0.01645730812013344
compressor-0108,degrading,210,239,DEGRADATION,61.45791333333333,2.179502003781802,57.3902,65.3006,-0.021768008898777263,6.92329,0.23966249094646966,6.5204,7.3454,0.0016586206896550507,2.6071566666666666,0.26218667990998745,2.0861,3.0626,8.883203559501244e-05
compressor-0109,failure,0,29,DEGRADATION,52.64182,1.7722494492217138,49.5044,55.3485,-0.1443803337041177,8.006713333333334,0.280303205753262,7.3385,8.4622,-0.025793770856507307,1.7129666666666665,0.21813328392419978,1.3927,2.2277,-0.01496120133481652
compressor-0109,failure,10,39,DEGRADATION,52.99231666666667,2.344715929927453,49.5044,58.6221,0.06834106785316936,7.829166666666666,0.25166512052505186,7.3385,8.3491,-0.021382469410456045,1.7113566666666666,0.19378537730065074,1.3927,2.0755,0.0160724582869855
compressor-0109,failure,20,49,DEGRADATION,53.95540333333334,2.9122383579740787,49.5044,58.6221,0.2852224471635147,7.652943333333332,0.14072817458569636,7.3385,7.9287,-0.0061979310344829,1.8123599999999997,0.1967699546848214,1.4479,2.1428,0.016388342602892098
compressor-0109,failure,30,59,DEGRADATION,55.87846666666666,1.6504183290574814,52.3098,58.6221,0.08898771968854072,7.443400000000001,0.31740775457865983,6.7161,7.8234,-0.027937530589544103,2.0016700000000003,0.17716358382391495,1.7323,2.452,0.012249143492769711
compressor-0109,failure,40,69,DEGRADATION,57.39816666666666,1.7855459505584157,55.1979,61.6223,0.12847759733036557,7.286766666666667,0.2863711115939518,6.7161,7.738,-0.016236840934371673,2.2608200000000003,0.3704473164522408,1.7323,2.9468,0.03884347052280306
compressor-0109,failure,50,79,FAILURE,58.759096666666665,2.1800500282460398,55.1979,62.9472,0.19980024471635036,7.1206966666666665,0.22664294603823196,6.7161,7.6397,-0.001658531701891075,2.6492000000000004,0.4115682916195885,1.9357,3.3007,0.04419506117908785
compressor-0109,failure,60,89,FAILURE,59.51722666666667,1.777400930747541,55.6311,62.9472,-0.022642269187987462,6.9834700000000005,0.3327644754176743,6.1374,7.537,-0.028808654060066913,2.8968533333333335,0.23729506910642334,2.5828,3.5327,0.010458598442714072
compressor-0109,failure,70,99,FAILURE,61.469386666666665,3.3835254445359526,55.6311,68.2094,0.2229749054504993,6.868716666666667,0.33503048128325413,6.1374,7.5666,-0.0167225139043382,3.0232633333333334,0.2482775456128797,2.5828,3.5327,0.006929098998887616
compressor-0109,failure,80,109,FAILURE,62.438956666666655,3.4145504179109074,55.6311,68.2094,0.23297964404894095,6.671026666666666,0.3314743418258627,6.1374,7.5666,-0.014238887652947976,3.148476666666667,0.33017439602260035,2.5828,3.853,0.0278059844271412
compressor-0109,failure,90,119,FAILURE,63.966000000000015,1.9237676392953482,60.4353,68.2094,-0.09007350389321582,6.528893333333334,0.3751243144464098,5.8914,7.5666,-0.03397846496106805,3.2358466666666668,0.27265714946715697,2.7726,3.853,0.002673637374860882
compressor-0109,failure,100,129,FAILURE,64.24988333333334,2.179786863905633,60.7914,71.2627,0.12012144605116704,6.253993333333333,0.2835981275600309,5.6514,7.0034,-0.025129655172413883,3.4948233333333336,0.37473925929311913,2.8028,4.346,0.019800778642936494
compressor-0109,failure,110,139,FAILURE,66.97550999999999,3.9786241005612304,60.7914,74.1314,0.39427241379310174,6.012413333333333,0.32988379240103455,5.0525,6.5407,-0.02717899888765311,3.7625999999999995,0.5024875023321476,2.8028,4.5607,0.050955684093437065
compressor-0109,failure,120,149,FAILURE,68.99606666666666,3.0635922358492085,61.8309,74.1314,0.1446291434927686,5.704359999999999,0.3945409768325719,5.0324,6.2965,-0.03620484983314809,4.030656666666667,0.32935259088433205,3.3939,4.5607,0.010214616240266868
compressor-0109,failure,130,159,FAILURE,69.98952666666668,2.1761279035530583,65.3003,74.1314,-0.11431230255839994,5.4415466666666665,0.34233420973597656,4.9404,6.1842,-0.023218642936596378,4.283079999999999,0.3870704392398538,3.3939,4.8711,0.02287635150166842
compressor-0109,failure,140,169,FAILURE,70.05385666666666,2.2390937739307755,65.3003,74.1334,0.1278905228031131,5.30917,0.23098784405245232,4.9404,5.8135,0.002119977753058799,4.422773333333333,0.4314700529842393,3.3939,4.9847,0.035930989988876484
compressor-0109,failure,150,179,FAILURE,71.76773666666666,2.7962167763466104,65.3003,77.0427,0.23970146829810737,5.1392,0.34988941681622787,4.3931,5.8135,-0.022943092324805472,4.71778,0.18952765743641042,4.3553,5.1528,0.01013819799777521
compressor-0110,failure,0,29,NORMAL,52.00340000000001,2.0056122366998075,48.5753,55.499,-0.13911919911012421,7.920306666666667,0.17618597358725496,7.6106,8.2939,-0.012085917686318358,1.4352500000000004,0.1339273428642063,1.204,1.6786,0.0074721913236929565
compressor-0110,failure,10,39,DEGRADATION,51.832883333333335,1.8337880277508152,48.5753,55.499,-0.05584972191323839,7.952889999999999,0.22310360724709644,7.6106,8.3921,0.01749110122358162,1.4809633333333332,0.12002391007165567,1.231,1.6786,0.006764293659621756
compressor-0110,failure,20,49,DEGRADATION,51.97935333333333,1.918427960550571,48.5753,55.3707,0.19518981090099996,7.899606666666666,0.28803131650723146,7.2995,8.3921,-0.01053223581757529,1.4808066666666666,0.1299818883109831,1.1709,1.6786,-0.009179176863181341
compressor-0110,failure,30,59,DEGRADATION,53.09606333333332,1.0075058158585932,51.1736,55.3707,0.038686651835371094,7.729736666666667,0.4048381828857331,7.1385,8.3921,-0.03840122358175769,1.4722433333333333,0.17762727583967003,1.151,1.8773,0.0018660511679643701
compressor-0110,failure,40,69,DEGRADATION,54.05366333333334,1.3354933017386834,51.9529,57.3299,0.07006253615127808,7.484353333333333,0.22737367002848477,7.1385,8.1209,-0.007937441601779994,1.66445,0.3765980773096609,1.151,2.4718,0.03678703003337039
compressor-0110,failure,50,79,DEGRADATION,54.68971,1.570636721916731,51.9529,57.832,0.12656215795328088,7.332373333333334,0.2510202925838643,6.6455,7.7039,-0.00833201334816478,1.906256666666667,0.3441499979982889,1.151,2.4718,0.031224048943270268
compressor-0110,failure,60,89,DEGRADATION,55.15998666666667,1.400035802097774,52.8426,57.8751,-0.00809721913237115,7.130280000000001,0.38290910618578916,6.5522,7.7039,-0.03395345939933283,2.119746666666667,0.21238848326173954,1.6309,2.5176,0.009094593993325857
compressor-0110,failure,70,99,DEGRADATION,56.275216666666665,2.2409552656673504,52.8426,60.6721,0.15748389321468295,7.020736666666667,0.30719862465331593,6.5522,7.6004,-0.0038375750834261976,2.2346033333333333,0.2223047720035617,1.8467,2.6273,0.01874155728587312
compressor-0110,failure,80,109,FAILURE,57.49373333333333,2.6859472072664095,52.8426,61.5391,0.24969975528364707,7.044106666666666,0.28112150034381145,6.5522,7.6259,0.025739710789766283,2.3874366666666664,0.2273931551056207,1.8467,2.8038,0.018735595105672926
compressor-0110,failure,90,119,FAILURE,58.02990666666667,2.3801013201028978,51.9639,61.5391,-0.11979692992213758,7.022356666666667,0.29135469526945257,6.4787,7.6259,-0.020876062291434943,2.573523333333333,0.2079311547657595,2.2678,3.0589,0.01324829810900998
compressor-0110,failure,100,129,FAILURE,58.47878666666666,2.9697381782163146,51.9639,63.6988,0.024633592880977835,6.952603333333334,0.2901121960935497,6.4787,7.6259,-0.015120422691880108,2.7917666666666667,0.34453758801552486,2.3467,3.6485,0.027804360400444882
compressor-0110,failure,110,139,FAILURE,59.47435666666667,3.5901278155225733,51.9639,64.6116,0.3002786874304774,6.815016666666667,0.19349655652979691,6.4787,7.1989,0.00580189098998872,3.050076666666666,0.36392477581988775,2.3467,3.779,0.029732836484983278
compressor-0110,failure,120,149,FAILURE,60.48484333333332,2.7008494376995955,53.458,64.6116,-0.013379999999999857,6.60969,0.4507394911697886,5.7779,7.1989,-0.04223708565072321,3.1750833333333333,0.28077533258619586,2.4964,3.779,0.0044851390433814755
compressor-0110,failure,130,159,FAILURE,61.10736,2.655652393995368,56.4753,65.2876,-0.013279377085651547,6.251763333333333,0.4809422061490919,5.4947,7.1067,-0.04687855394883217,3.2356333333333334,0.2767039083368518,2.7278,3.9122,0.002132413793103382
compressor-0110,failure,140,169,FAILURE,62.381553333333336,3.8150265297228128,56.4753,69.0999,0.34482006674082105,5.9624500000000005,0.23723877107252092,5.4947,6.8191,-0.007226273637374965,3.242566666666667,0.2764770157214198,2.7278,3.9122,0.01477997775305889
compressor-0110,failure,150,179,FAILURE,63.61788333333334,3.024811339801028,57.4222,69.0999,0.07122876529477072,5.8590800000000005,0.1821584024962889,5.4868,6.1901,-0.005804671857619606,3.3245833333333334,0.30319777163135986,2.7278,4.0193,0.007563537263626153
compressor-0110,failure,160,189,FAILURE,64.65852,2.1783956118207737,60.3132,69.0999,-0.05801935483871001,5.88793,0.2143337462152581,5.3554,6.1901,-0.002465650723025701,3.6376733333333333,0.47861203838692656,3.0074,4.4708,0.03903288097886538
compressor-0110,failure,170,199,FAILURE,65.70816333333333,3.0579387718399826,60.3132,71.1962,0.2809621579532801,5.9758000000000004,0.30833936498604914,5.3554,6.7301,0.022932947719688335,3.8992999999999993,0.4596851190398344,3.0366,4.4789,0.03521681868743042
compressor-0110,failure,180,209,FAILURE,67.97698,2.4251281220312193,63.5244,71.1962,0.21118371523915333,5.916270000000002,0.3642375508282107,5.3554,6.7301,-0.016252035595105824,4.071663333333334,0.23208721562282475,3.5802,4.4789,-0.015686918798665288
compressor-0110,failure,190,219,FAILURE,69.40833666666667,1.02072444420073,67.3651,71.1962,-0.014076151279200769,5.887666666666666,0.3563524157659413,5.3761,6.7301,-0.015731924360400565,4.150203333333333,0.3130220221042319,3.5802,4.9827,0.016516062291434815
compressor-0110,failure,200,229,FAILURE,70.52475,1.9482089505919713,67.6431,75.9454,0.1628666295884295,5.60252,0.31216585805198704,4.8828,6.2213,-0.010067942157953386,4.24648,0.3376365219186653,3.5802,4.9827,0.026373793103448253
compressor-0110,failure,210,239,FAILURE,71.30654333333334,2.002335141059614,68.178,75.9454,0.13990876529477012,5.378533333333333,0.46450582582161676,4.5932,6.2213,-0.045704827586206996,4.4686433333333335,0.24826336913760672,4.0094,5.0054,0.004746362625138923
compressor-0110,failure,220,249,FAILURE,71.76719999999999,1.7762850705897422,68.0346,75.9454,-0.06847697441602005,5.043056666666667,0.36943040813603245,4.2275,6.029,-0.031296307007786586,4.603656666666667,0.36592243502627103,4.0261,5.6058,0.025216129032257964
compressor-0111,failure,0,29,DEGRADATION,51.74256,2.1534997919046415,47.8937,56.0724,-0.16043123470522846,8.0238,0.23900825090360375,7.6551,8.5131,-0.021260333704115852,1.3588333333333336,0.10304048503163966,1.2015,1.5594,-0.004568053392658521
compressor-0111,failure,10,39,DEGRADATION,52.576420000000006,2.972695371140474,47.8937,57.2608,0.11730892102335815,7.950283333333333,0.1944650972682645,7.6551,8.329,-0.003518242491657583,1.5212833333333333,0.32774144899430846,1.2015,2.1886,0.02916033370411567
compressor-0111,failure,20,49,DEGRADATION,53.622003333333325,3.3115478011028148,47.8937,57.7833,0.32783388209121095,7.81309,0.21223359198455524,7.4205,8.2449,-0.007080956618465224,1.7752866666666662,0.3564403949548305,1.2308,2.3114,0.03557170189098996
compressor-0111,failure,30,59,DEGRADATION,55.60247666666667,1.5412073567354772,52.6739,58.0799,0.025128075639598797,7.662266666666667,0.3163410979025998,7.1158,8.2449,-0.02868284760845386,2.1016366666666664,0.25797688201766367,1.3312,2.5813,0.024218175750834216
compressor-0111,failure,40,69,DEGRADATION,56.81288333333334,2.1683005134718347,52.6739,62.5044,0.15479321468298005,7.405510000000001,0.24017609838061196,7.0261,8.0347,-0.019677130144605356,2.3162566666666664,0.2385299990683678,1.9424,2.7077,0.025116596218019985
compressor-0111,failure,50,79,FAILURE,58.80694333333333,3.2418621677140367,52.6739,65.5719,0.3415397775305873,7.29062,0.1851714942064968,6.8347,7.6426,2.095661846474283e-05,2.3864400000000003,0.18533811552583204,2.0172,2.7077,-0.0006569521690768284
compressor-0111,failure,60,89,FAILURE,59.41591333333333,2.7900618014341942,53.6068,65.5719,-0.08729263626251531,7.231326666666666,0.2560745749885286,6.5828,7.6426,-0.0066241601779757015,2.4252466666666663,0.21436447425406624,1.9966,2.7816,-0.0023870522803114687
compressor-0111,failure,70,99,FAILURE,60.088589999999996,2.9933061501011444,53.6068,65.5719,-0.054279132369299585,7.078133333333333,0.343406299042726,6.5651,7.6426,-0.02911550611790896,2.5109466666666664,0.32195419211779525,1.9966,3.2939,0.025400400444938753
compressor-0111,failure,80,109,FAILURE,59.95120666666666,3.019260375868383,53.6068,65.9837,0.18244120133481578,6.7313366666666665,0.4450176217359887,5.9652,7.6228,-0.04251183537263641,2.7565833333333334,0.33688482609870624,1.9966,3.2939,0.026388987764182352
compressor-0111,failure,90,119,FAILURE,62.60426666666665,2.607836830827846,56.5407,67.0329,0.19599572858731779,6.352213333333332,0.4080277749805221,5.4671,7.0337,-0.03577975528364874,2.9905633333333337,0.2454057232195062,2.2841,3.3154,0.013110500556173483
compressor-0111,failure,100,129,FAILURE,63.84238666666667,2.3820584744758526,58.9677,67.1209,0.13538843159065503,6.154506666666667,0.3047785566968619,5.4671,6.6531,-0.008366229143492825,3.30282,0.36913379995154416,2.6836,4.1943,0.03014785317018907
compressor-0111,failure,110,139,FAILURE,65.68792333333334,1.9372333679216076,60.2084,69.5712,0.11556264738598389,6.100273333333332,0.2595175587294411,5.4671,6.5716,-0.001601468298109124,3.6612233333333335,0.4353813115598275,2.8434,4.4818,0.04056825361512788
compressor-0111,failure,120,149,FAILURE,66.69237,2.3431737776144574,60.2084,70.8944,0.13364255839821898,5.89069,0.39912796055901684,5.0539,6.5414,-0.03831045606229161,4.043080000000001,0.3278116668657987,3.4754,4.5944,0.025049877641824238
compressor-0111,failure,130,159,FAILURE,67.78692333333335,2.0535404558442214,63.8873,71.7967,0.05376749721913065,5.684613333333334,0.386720341447006,5.0539,6.3074,-0.024225005561735506,4.288736666666666,0.2867584819824671,3.7479,4.7509,0.021718420467185667
compressor-0111,failure,140,169,FAILURE,70.36324666666668,3.883106319836679,63.8873,78.5047,0.30227012235817435,5.3031500000000005,0.39917611130093106,4.4926,6.0403,-0.021852258064516294,4.46867,0.29130812455771515,3.7479,5.1107,0.020116685205784086
compressor-0112,failure,0,29,DEGRADATION,52.09824333333334,1.6426671335936835,48.6999,54.5699,-0.14872807563959983,7.947873333333333,0.3432358828690393,7.5094,8.6005,-0.03671857619577322,1.5850499999999998,0.22782663547823667,1.0686,2.2437,-0.0007878754171301794
compressor-0112,failure,10,39,DEGRADATION,52.70596333333334,2.527078661548856,48.6999,59.3904,0.12740242491657378,7.763396666666665,0.17678900886524465,7.5094,8.1857,-0.004305517241379615,1.7618566666666662,0.401940243223072,1.0686,2.413,0.039393170189098964
compressor-0112,failure,20,49,DEGRADATION,55.201016666666675,4.383127592186758,48.6999,61.7321,0.4741720800889873,7.517476666666666,0.3852109047291135,6.6593,8.1215,-0.02794943270300363,2.0170766666666666,0.3580376764935345,1.0686,2.413,0.030136262513904312
compressor-0112,failure,30,59,DEGRADATION,57.800270000000005,2.5383436090161893,52.5202,61.7321,0.15560028921023264,7.196836666666667,0.5381953372047075,6.4722,8.1215,-0.05607147942157977,2.3878033333333337,0.29531177816372683,1.9146,2.9748,0.02435962180200218
compressor-0112,failure,40,69,FAILURE,59.32607,1.8997384667632546,55.3598,63.8301,0.022993303670743998,6.978666666666667,0.35126851299571693,6.4722,7.8065,-0.00040689655172415016,2.6517233333333343,0.37925021264185055,2.0141,3.2437,0.03914235817575075
compressor-0112,failure,50,79,FAILURE,61.21834666666667,3.9062182662803444,55.3598,69.0367,0.3715834037819788,6.921276666666667,0.30453498833832254,6.4722,7.6881,0.012826763070077823,2.8878866666666667,0.27905409360114314,2.2997,3.5781,0.008868520578420419
compressor-0112,failure,60,89,FAILURE,62.730256666666676,3.4072103807155134,56.6938,69.0367,0.12793439377085472,6.907709999999999,0.31421887419440614,6.4654,7.6881,-0.024176840934371772,3.0620500000000006,0.2827645377930785,2.4609,3.5781,0.009324916573971033
compressor-0112,failure,70,99,FAILURE,64.62482999999999,2.853373936021472,58.1906,69.9003,-0.004901913236931135,6.638213333333332,0.3313269812268371,6.0569,7.6881,-0.030772547274749908,3.2703233333333332,0.39527811532584944,2.4609,3.93,0.032946674082313644
compressor-0112,failure,80,109,FAILURE,66.20853333333334,4.033627646534677,58.1906,72.9914,0.38600080088987687,6.357086666666665,0.2877433286030373,5.8554,6.8145,-0.026125339265851096,3.6027199999999997,0.3549961336878662,2.8745,4.1999,0.02999065628476079
compressor-0112,failure,90,119,FAILURE,67.83123666666667,3.223582957154282,61.8081,72.9914,0.06282747497219078,5.8839466666666675,0.6235799423401052,4.2978,6.8145,-0.057548209121245975,3.8474666666666675,0.32274026123528854,3.1846,4.3924,0.016695483870967663
compressor-0112,failure,100,129,FAILURE,68.62536,2.8202120214149375,61.8232,72.9914,-0.13651203559510702,5.6576200000000005,0.5274621145320929,4.2978,6.4966,-0.022942647385984567,4.181903333333333,0.4656967414411324,3.1846,5.0065,0.037771501668520495
compressor-0112,failure,110,139,FAILURE,70.10900999999998,4.473323928828913,61.8232,80.0854,0.36677537263626164,5.349533333333334,0.4603827323241199,4.2978,6.0724,-0.00863982202447184,4.475783333333333,0.46383591932444773,3.1846,5.1478,0.04294961067853162
compressor-0113,failure,0,29,DEGRADATION,53.89892333333332,1.502764840703813,49.9676,57.0474,-0.06967477196885614,8.219376666666667,0.188645661993296,7.7968,8.6255,-0.015133058954394001,1.31998,0.1562597056185631,0.9931,1.5595,-0.0040215350389321775
compressor-0113,failure,10,39,DEGRADATION,54.18929,1.863513310631292,49.9676,58.687,0.11139343715239025,8.094076666666666,0.1927099144367572,7.6632,8.6255,-0.014507385984427407,1.4048800000000001,0.21207839493922995,0.9931,1.8354,0.010403737486095641
compressor-0113,failure,20,49,DEGRADATION,55.87505666666667,2.722133422236235,49.9676,59.8575,0.2857437819799769,7.903766666666666,0.23857176465141242,7.2175,8.2062,-0.016200533926585287,1.5110866666666667,0.30251904704038424,0.9931,2.2731,0.021622647385984396
compressor-0113,failure,30,59,DEGRADATION,57.590309999999995,1.7242604262601016,54.1088,60.3873,0.13471463848720716,7.666846666666668,0.3499105330731779,7.0052,8.2049,-0.034227897664071326,1.7420833333333332,0.25137854865167436,1.3325,2.2731,0.013640200222469404
compressor-0113,failure,40,69,DEGRADATION,58.850143333333335,1.1218182799019734,56.6814,61.5515,0.06186685205784022,7.434349999999999,0.28776973173007603,7.0052,8.1298,-0.02361955506117931,2.0521233333333333,0.4065185257634502,1.3875,2.7326,0.036127230255839776
compressor-0113,failure,50,79,FAILURE,59.41819,1.754724309846612,56.6814,63.7023,0.1262073192436014,7.127803333333333,0.29202046444651025,6.428,7.5556,-0.02367583982202466,2.3668833333333335,0.36279389657061334,1.5738,2.8253,0.037630945494994406
compressor-0113,failure,60,89,FAILURE,60.042633333333335,1.8906789664621073,56.2392,63.7023,0.004259933259176373,6.959456666666668,0.27783267228475644,6.428,7.4647,-0.02230302558398238,2.6745066666666673,0.21495167043366337,2.2565,3.2429,0.018230656284760807
compressor-0113,failure,70,99,FAILURE,61.03494666666666,2.368832560951116,56.2392,65.8227,0.09005459399332537,6.7965366666666664,0.18056587622127154,6.425,7.0673,0.002603003337040984,2.839173333333333,0.23442709873694684,2.4649,3.4567,0.019005650723025534
compressor-0113,failure,80,109,FAILURE,62.90346666666667,3.2236682535411254,56.2392,70.2808,0.2602614015572845,6.91985,0.23921315285744638,6.425,7.3924,0.01797025583982194,2.9512799999999997,0.23818924744832629,2.4649,3.5191,0.011533481646273595
compressor-0113,failure,90,119,FAILURE,65.24650000000001,2.6121041409816215,59.9358,70.2808,0.2171599555061169,6.853246666666668,0.37581882313452875,5.8657,7.3924,-0.01303919911012261,3.2189566666666667,0.40528524579061054,2.6825,4.0923,0.033858131256952154
compressor-0113,failure,100,129,FAILURE,66.50054666666666,2.0798598942770687,62.3391,70.3239,0.01687167964404632,6.5539766666666655,0.6343185565015595,5.4864,7.3924,-0.0579303893214684,3.390973333333333,0.39367015544601414,2.7533,4.0923,0.029483114571746256
compressor-0113,failure,110,139,FAILURE,68.06764666666668,2.932922547645758,62.3391,74.7459,0.18891804226918632,6.1019466666666675,0.5579050144563638,5.2742,7.045,-0.040464694104560814,3.7012833333333344,0.3148079447147984,2.9062,4.261,0.018789877641824194
compressor-0113,failure,120,149,FAILURE,69.26575333333332,2.992568344386177,62.3391,74.7459,0.2113834482758596,5.7587633333333335,0.4060076275829747,5.2508,6.8191,-0.013088209121245972,3.8459466666666677,0.3108342964060148,3.2088,4.5654,0.02469063403781972
compressor-0113,failure,130,159,FAILURE,70.95309333333333,2.013844999651717,66.4943,74.8468,0.05621085650722911,5.66156,0.36415402016179904,5.0864,6.5841,-0.0159098553948834,4.1196600000000005,0.2676090999947498,3.697,4.6729,0.0178822691879866
compressor-0113,failure,140,169,FAILURE,71.70687000000001,2.0848651516984655,68.4583,76.4406,0.1406887430478293,5.491983333333333,0.2991326729990482,5.0377,6.387,-0.013861334816462867,4.30815,0.2824542756506499,3.7288,4.8161,0.02037176863181297
compressor-0113,failure,150,179,FAILURE,73.39977999999999,2.864415336201554,68.4583,80.4232,0.2414562402669607,5.200823333333335,0.45877432264918905,4.2328,6.387,-0.042478865406006906,4.551863333333333,0.27967503461855314,4.0491,4.9915,0.023655684093437056
compressor-0114,failure,0,29,NORMAL,52.07371666666666,1.524500624485131,49.8043,55.4386,-0.1401138820912144,7.926496666666667,0.17927889536200914,7.3987,8.3102,-0.0026347274749723057,1.39148,0.11178265339488057,1.2385,1.6335,-0.007445250278086806
compressor-0114,failure,10,39,DEGRADATION,51.95773333333334,1.5165413029507488,49.8043,54.7851,0.05352582869855267,7.9837766666666665,0.16042918829052127,7.6495,8.3102,0.0015379087875415352,1.490586666666667,0.2502705985306482,1.2385,2.0219,0.02312075639599552
compressor-0114,failure,20,49,DEGRADATION,53.38301,2.5189168855349977,49.8043,57.6909,0.2737270077864285,7.892826666666667,0.17628214304221376,7.4671,8.2747,-0.0011202669632927164,1.6909533333333335,0.27012465237779065,1.283,2.0315,0.027663759733036673
compressor-0114,failure,30,59,DEGRADATION,54.74709666666668,1.6531609470916282,50.8792,57.6909,0.07073572858731829,7.744763333333335,0.3488614839572991,7.0425,8.2747,-0.035290033370411714,1.9802533333333334,0.22386053803403777,1.4816,2.3748,0.021520400444938814
compressor-0114,failure,40,69,DEGRADATION,55.76723333333333,1.225264460523613,53.6264,57.6909,0.007510745272524505,7.435699999999999,0.33381262708291914,6.9733,8.0472,-0.034248008898776626,2.2276733333333336,0.2959764730890315,1.8177,2.7925,0.030233770856507233
compressor-0114,failure,50,79,DEGRADATION,57.12281666666667,2.5975407771048022,53.6264,62.2104,0.25918311457174503,7.218893333333333,0.21907158789359749,6.8935,7.8505,-0.015074304783092527,2.4019400000000006,0.20848748419669383,1.8177,2.7925,0.010993548387096753
compressor-0114,failure,60,89,FAILURE,58.32272999999999,1.9719778046671823,54.6086,62.2104,0.09379939933259042,7.08443,0.15919460868174318,6.7962,7.3904,-0.008663337041156948,2.4336366666666662,0.22731384542570698,1.8041,2.7925,-0.008822803114571764
compressor-0114,failure,70,99,FAILURE,59.13470666666667,1.7882032158814867,56.3853,63.5388,-0.06391786429366066,7.0494633333333345,0.20916371336560477,6.4027,7.3571,-0.0013988654060069175,2.5982733333333328,0.4034734621040425,1.8041,3.5106,0.03127755283648496
compressor-0114,failure,80,109,FAILURE,60.639336666666686,3.403382983589841,56.3853,67.6188,0.3041906340378173,6.915399999999999,0.2868639851915887,6.2702,7.3571,-0.010594037819800008,2.820906666666667,0.4829461411885273,1.8041,3.5653,0.04514286985539482
compressor-0114,failure,90,119,FAILURE,61.78044333333333,2.964957747836477,56.8668,67.6188,0.14688798665183395,6.7458,0.3600699357995148,6.1109,7.3571,-0.029661446051168147,3.0284366666666664,0.31229029388624224,2.4896,3.5653,0.004232547274749658
compressor-0114,failure,100,129,FAILURE,63.61044333333333,2.0624312012256034,59.8508,67.6188,-0.00253777530589695,6.55476,0.267527032403581,6.1109,7.2099,-0.016985005561735517,3.2588666666666666,0.4523151595464777,2.4896,4.0803,0.036178375973303575
compressor-0114,failure,110,139,FAILURE,64.60054,2.9812149134874524,59.8508,70.2564,0.2936151724137913,6.342343333333334,0.2568697979954479,5.7956,6.856,-0.0174987096774195,3.415573333333333,0.43464288554577263,2.5414,4.0955,0.030270077864293574
compressor-0114,failure,120,149,FAILURE,66.74377333333334,2.5244937971711394,61.0429,70.644,0.18655474972191327,6.200800000000001,0.2984907257074051,5.6386,6.856,-0.01798109010011138,3.666800000000001,0.2919279031998598,3.2015,4.3579,-0.0012096106785318141
compressor-0114,failure,130,159,FAILURE,67.2281,1.9084055849495587,63.7217,70.644,-0.09497543937708722,6.056823333333335,0.23760317433812944,5.6386,6.5403,-0.0008318798665184481,3.802276666666666,0.4008346555903347,3.2015,4.6595,0.025107296996662858
compressor-0114,failure,140,169,FAILURE,67.77156666666667,2.266427480174226,63.7217,71.9157,0.06901134593993191,5.827776666666666,0.3721419726245468,5.0634,6.5403,-0.02746729699666312,3.9545966666666668,0.36715222227602307,3.2647,4.6595,0.01592696329254721
compressor-0114,failure,150,179,FAILURE,68.29689000000002,2.587323304929891,63.7217,74.7154,0.1741090322580634,5.56444,0.3871224548727013,5.0135,6.4883,-0.03757259176863201,4.090869999999999,0.29080089540210613,3.5783,4.6595,-0.003784004449388301
compressor-0114,failure,160,189,FAILURE,69.14769,1.943666813585429,65.1417,74.7154,-0.061672814238044306,5.4456,0.25138505259196836,5.0135,5.9924,0.009721067853170052,4.17638,0.31279630794922536,3.6848,4.7319,0.015896952169076668
compressor-0114,failure,170,199,FAILURE,70.18653333333333,2.440312898152384,65.1417,74.7154,0.11174860956618299,5.406436666666666,0.36054501844044695,4.6392,5.9924,-0.003674460511679705,4.435513333333334,0.38240994646525023,3.7318,5.0372,0.03373637374860944
compressor-0114,failure,180,209,FAILURE,71.54124666666665,2.9795450701668447,65.1417,79.0837,0.24068146829810722,5.290490000000001,0.47101094774962493,4.2476,5.9924,-0.0384396662958845,4.686966666666667,0.3055750778813977,3.7318,5.0838,0.023466918798665064
compressor-0115,healthy,0,29,NORMAL,53.40314333333335,1.4327111599303224,50.8779,55.7528,-0.053538398220246954,7.647036666666667,0.23547140022139043,7.2393,7.9809,-0.005338843159065762,1.4619399999999998,0.13752147856486516,1.1941,1.6849,-0.003684582869855422
compressor-0115,healthy,10,39,NORMAL,53.42987000000001,1.2979220960571305,50.8779,55.7528,-0.06497737486095817,7.71088,0.24104503230724336,7.2393,7.9857,0.004949855394882954,1.475423333333333,0.15202199552111603,1.1941,1.836,0.011592814238042256
compressor-0115,healthy,20,49,NORMAL,53.77729333333333,1.9987684716567071,50.8779,58.3262,0.15397810901001033,7.74311,0.20952257849692474,7.2895,8.0578,0.014999666295884199,1.4918933333333335,0.1418390001218126,1.231,1.836,-0.0015168409343715439
compressor-0115,healthy,30,59,NORMAL,53.776250000000005,1.9928914266713078,51.2275,58.3262,-0.0716185761957742,7.785453333333333,0.13487080418764552,7.5584,8.0578,-0.009506251390434105,1.4689366666666668,0.15105598627293423,1.1887,1.836,-0.009515483870967768
compressor-0115,healthy,40,69,NORMAL,54.13484333333333,2.0438518978770346,51.2275,58.3262,-0.06683735261401719,7.784246666666666,0.14634756286168746,7.5584,8.0578,-0.0002188654060068663,1.49388,0.18248295701242895,1.1887,1.9121,0.01244654060066736
compressor-0115,healthy,50,79,NORMAL,53.84714333333333,1.5353359698956954,51.2275,56.4248,0.1456078531701883,7.7165099999999995,0.16033357383904345,7.3804,8.0408,-0.0030046496106786802,1.5032166666666664,0.17881818901393173,1.1887,1.9121,0.0023145939933259035
compressor-0115,healthy,60,89,NORMAL,54.00215333333333,1.5860702165485054,49.8323,56.4248,-0.09346901001112441,7.637409999999999,0.2211378971742896,7.2469,8.0408,-0.017646429365962304,1.4911666666666672,0.1750224068194952,1.2416,1.9121,-0.015224516129032287
compressor-0115,healthy,70,99,NORMAL,53.34917,1.7978691248530856,49.8323,56.4248,-0.10346409343715329,7.598746666666667,0.2161260199256187,7.2469,8.2451,0.005715773081201203,1.4762233333333334,0.158366047883447,1.2416,1.8309,0.010164115684093393
compressor-0115,healthy,80,109,NORMAL,53.826163333333334,2.5887968424840824,49.8323,60.2174,0.19532109010010998,7.701593333333333,0.2822297597506133,7.2469,8.2452,0.02366536151279167,1.5417466666666664,0.18230629305893117,1.2772,1.8694,0.012900378197997737
compressor-0115,healthy,90,119,NORMAL,53.77395333333333,2.5977912308643196,49.9952,60.2174,0.014139532814236659,7.752756666666667,0.2310657044844364,7.4078,8.2452,-0.007083804226918838,1.5667466666666665,0.17725356739867199,1.1943,1.8694,-0.008018865406006697
compressor-0115,healthy,100,129,NORMAL,53.86602333333334,2.8221776539501477,49.9952,60.2174,-0.12979984427141394,7.7722533333333335,0.2019058076320627,7.4907,8.2452,-0.00765219132369323,1.5638666666666667,0.17846917069591847,1.1943,1.8694,0.0008551724137930463
compressor-0115,healthy,110,139,NORMAL,54.08827999999999,2.7959988704575696,49.9952,59.7043,0.2155148387096774,7.72411,0.14965837842678004,7.4907,7.9721,0.00976976640711862,1.4820133333333334,0.20692151448207496,1.1085,1.8727,-0.001753993325917715
compressor-0115,healthy,120,149,NORMAL,54.55994666666666,2.5558003871890227,50.53,59.7043,0.04872484983314699,7.725949999999998,0.16437830909216702,7.3943,7.9721,-0.01018734149054529,1.4583033333333335,0.20360823736337935,1.1085,1.8727,-0.013016084538376006
compressor-0115,healthy,130,159,NORMAL,54.40704000000001,2.4356858435356563,49.8371,58.3729,-0.21226015572858747,7.7218333333333335,0.17502911630798904,7.3943,7.9827,-0.0013431813125697213,1.4052100000000003,0.16241396768751143,1.1085,1.8727,0.0030276084538375754
compressor-0115,healthy,140,169,NORMAL,54.14179999999999,2.207864480442584,49.8371,58.2351,0.11075541713014368,7.75548,0.18928789959565126,7.3943,8.0348,0.013343092324805262,1.4334399999999998,0.10363957609587826,1.1703,1.6327,0.0074337708565071865
compressor-0115,healthy,150,179,NORMAL,53.890196666666654,2.2004147532504463,49.8371,58.2351,0.032676551724136804,7.774606666666665,0.15422675715394601,7.5594,8.0348,-0.005145984427141463,1.4249933333333331,0.1127925793461412,1.1353,1.6327,-0.004393726362625172
compressor-0115,healthy,160,189,NORMAL,53.66775333333332,2.172530137839801,50.6885,58.2351,-0.22439550611790945,7.748066666666665,0.14185435331901372,7.5601,8.0348,-0.008973837597330555,1.521723333333333,0.19649236572673479,1.1353,1.8905,0.013701868743047798
compressor-0115,healthy,170,199,NORMAL,53.200156666666665,1.592564577169653,50.6885,56.2298,0.08410934371523744,7.763249999999999,0.15937388692421772,7.5601,8.1194,0.012957085650722887,1.51654,0.21674045707558465,1.1353,1.8905,0.004553370411568361
compressor-0116,failure,0,29,DEGRADATION,53.73124333333333,1.6134086590576555,50.239,56.0836,-0.10261537263626325,8.166023333333333,0.2314776240926011,7.7536,8.5091,-0.015401001112347148,1.6073933333333335,0.20007013259243758,1.1123,2.0441,-0.005119154616240284
compressor-0116,failure,10,39,DEGRADATION,53.934033333333325,1.8243869084039044,50.239,57.339,0.041664382647384056,8.036786666666666,0.27844369356997273,7.5057,8.5091,-0.021616017797553077,1.7345433333333335,0.31889487680982825,1.1123,2.2661,0.0253949499443826
compressor-0116,failure,20,49,DEGRADATION,55.12823,2.8497151680065618,50.239,60.5083,0.3036635150166834,7.69851,0.3551983177043495,7.1033,8.3758,-0.03047748609566202,1.8916433333333333,0.3158212138571793,1.1123,2.2661,0.026702091212458257
compressor-0116,failure,30,59,DEGRADATION,56.89844333333333,1.9776317044524634,53.4519,60.5083,0.13541203559510406,7.446253333333334,0.3633730037058646,7.0313,8.3758,-0.035821979977753264,2.119243333333334,0.14015335810778454,1.8288,2.361,0.008462714126807526
compressor-0116,failure,40,69,FAILURE,58.62551666666666,1.9223901742506788,53.659,63.1564,0.12525604004449303,7.225473333333334,0.11959225987588923,7.0096,7.4341,-0.0028507230255841124,2.300936666666667,0.275712527200988,1.9068,2.9632,0.027542358175750802
compressor-0116,failure,50,79,FAILURE,58.91383666666666,2.0140154867798037,53.659,63.1564,0.08443739710789559,6.995,0.3230965676078902,6.3101,7.4122,-0.02897962180200243,2.356726666666667,0.25721069694361903,1.9081,2.9632,0.0012471190211345632
compressor-0116,failure,60,89,FAILURE,61.31259,2.7200569782451254,56.2662,66.1838,0.17856789766406972,6.77877,0.35814412475985136,6.2629,7.4122,-0.03285555061179108,2.5081399999999996,0.3381525273206358,1.9081,3.2809,0.007467319243603977
compressor-0116,failure,70,99,FAILURE,63.178946666666675,3.2430545745981876,56.2662,66.9835,0.28498104560622733,6.670606666666668,0.2530078957046378,6.2629,7.2423,0.014393948832035545,2.726316666666667,0.5329162755276126,1.9081,3.915,0.05466609566184646
compressor-0116,failure,80,109,FAILURE,66.42394,2.5698925499716916,62.7118,74.2592,0.2098727474972179,6.727223333333333,0.31365634132846015,6.173,7.2771,0.007986718576195602,3.0663466666666666,0.47475580230495573,2.2699,3.915,0.026714705228031092
compressor-0116,failure,90,119,FAILURE,67.47081,2.3901533240010635,64.457,74.2592,0.08506974416017765,6.489966666666667,0.5586207343886269,5.4979,7.2771,-0.05305686318131275,3.270786666666667,0.3502056964445641,2.5897,3.915,0.0006105895439376208
compressor-0116,failure,100,129,FAILURE,68.41488333333334,2.15601267313581,64.799,74.2592,0.012966028921021987,6.369200000000001,0.5651311004241995,5.4979,7.298,-0.009075862068965582,3.460873333333333,0.44219218968930485,2.5897,4.5094,0.026700155728587284
compressor-0116,failure,110,139,FAILURE,69.36888666666667,2.389995100236724,64.799,74.839,0.18537699666295787,6.061036666666666,0.504199837024523,5.3626,7.298,0.004748676307007706,3.891846666666667,0.5830632331250378,2.9519,5.1239,0.05749979977753049
compressor-0116,failure,120,149,FAILURE,69.71142,2.1645720233493426,66.2898,74.839,0.0013178197997758775,6.000919999999999,0.6126886487170027,4.6285,7.298,-0.04075439377085667,4.281056666666666,0.44865446740473036,3.6041,5.1239,0.031890478309232334
compressor-0116,failure,130,159,FAILURE,70.27469333333333,2.8025644757297252,65.9592,75.8566,-0.009801868743049625,5.58782,0.42690750317447773,4.6285,6.4964,-0.030265050055617512,4.60563,0.3540414016750018,3.7234,5.2659,0.0177806674082313
compressor-0116,failure,140,169,FAILURE,71.67383666666665,3.9123153007295093,65.9592,79.5677,0.33195450500556056,5.361256666666665,0.3988825087527516,4.6285,6.4053,-0.029562068965517305,4.723536666666667,0.3479467569263371,3.8711,5.3645,0.02275152391546155
compressor-0117,healthy,0,29,NORMAL,51.776843333333325,1.5916141514582676,49.3695,55.0278,-0.05870160177975614,7.856623333333332,0.1428721309034371,7.5534,8.1259,0.0005416462736371537,1.4414666666666667,0.18651738495081066,1.0579,1.7206,-0.0012824026696329877
compressor-0117,healthy,10,39,NORMAL,52.05464666666665,1.8024854090455833,49.3695,55.0278,-0.01612894327030087,7.907126666666665,0.16112359631316847,7.5534,8.2111,0.011316707452725156,1.4434833333333332,0.19186251168190432,1.0579,1.7206,0.009855372636262481
compressor-0117,healthy,20,49,NORMAL,52.38867333333334,1.7575254998497811,49.4766,55.217,0.14065770856507068,7.9593266666666675,0.172273456909518,7.5441,8.2434,0.0026679421579531583,1.5566566666666668,0.14119129265723937,1.1468,1.7872,0.00649635150166849
compressor-0117,healthy,30,59,NORMAL,52.800293333333336,1.336271068791392,50.1572,55.217,-0.014042580645163649,7.92811,0.1912740640198421,7.5441,8.2434,-0.010989165739710998,1.5797333333333332,0.10282398985105023,1.3749,1.7872,0.0016976640711901733
compressor-0117,healthy,40,69,NORMAL,52.73278333333334,1.2739893756970222,50.3803,55.217,-0.058804471635150755,7.919243333333335,0.186762567061913,7.5441,8.2434,0.0014851835372634318,1.6166266666666667,0.10448530018885696,1.3898,1.7872,-0.00032916573971082284
compressor-0117,healthy,50,79,NORMAL,52.822916666666664,1.3394185283381574,50.3803,55.1668,0.09788149054504842,7.906666666666666,0.15933910658996697,7.6237,8.1482,0.005188876529477071,1.5338966666666667,0.15224822162800092,1.2183,1.7866,-0.008769276974416072
compressor-0117,healthy,60,89,NORMAL,52.42868333333333,1.7311198683864215,48.7432,55.1668,-0.06045136818687595,7.883096666666668,0.18574733463019655,7.4834,8.1482,-0.012044427141268334,1.5233799999999997,0.16394842156401912,1.2183,1.7866,-0.003927208008898802
compressor-0117,healthy,70,99,NORMAL,52.16188666666666,1.7158441199078145,48.7432,55.1668,-0.10475252502780998,7.94527,0.2443386081513384,7.4834,8.3837,0.014317441601779621,1.5457066666666666,0.17861245184912378,1.2183,1.8653,0.013983982202447143
compressor-0117,healthy,80,109,NORMAL,51.754946666666676,1.3036756150038071,48.7432,53.6481,0.09721806451612844,8.041853333333332,0.2573168082776992,7.4834,8.3837,0.024227586206896457,1.60234,0.1290408555458309,1.3411,1.8653,0.002453704115684031
compressor-0117,healthy,90,119,NORMAL,51.76499,1.2274883378536297,49.7062,53.6481,-0.01893870967742125,8.026333333333334,0.27480734746768,7.4315,8.3837,-0.022637997775306104,1.5426433333333334,0.16039056639618457,1.2283,1.8653,-0.014348053392658577
compressor-0117,healthy,100,129,NORMAL,51.768900000000016,1.131733799383347,49.7062,53.8511,-0.054133303670747035,7.913586666666668,0.25667977810666914,7.4315,8.2887,-0.014510656284760962,1.4809499999999998,0.15427908207746982,1.2283,1.8678,0.0013429365962180123
compressor-0117,healthy,110,139,NORMAL,52.39774333333333,1.880618625822069,49.7062,55.6881,0.1760644048943258,7.87844,0.23337658208712092,7.4315,8.3482,0.01822562847608436,1.5121399999999998,0.2004533355505299,1.2283,2.0248,0.013291568409343698
compressor-0117,healthy,120,149,NORMAL,52.51076,1.935550463924927,48.9869,55.6881,-0.022908253615129746,7.918606666666666,0.18591691142969102,7.5821,8.3482,-0.0012722135706341882,1.5492466666666664,0.17783433814149116,1.2724,2.0248,-0.0020087652947719677
compressor-0117,healthy,130,159,NORMAL,51.92236,2.5331941141044316,47.4537,55.6881,-0.2101941713014475,7.965896666666667,0.17698280610148434,7.6584,8.3482,-0.003640422691880133,1.5475366666666666,0.14579945926587734,1.3651,2.0248,-0.008098843159065654
compressor-0117,healthy,140,169,NORMAL,51.89786333333333,2.5115723743614393,47.4537,55.8815,0.14847098998887562,7.953153333333332,0.17111649391244815,7.6584,8.2931,0.011903893214682855,1.48487,0.09736186847700351,1.2403,1.6877,-0.0016428253615128376
compressor-0118,failure,0,29,NORMAL,53.23898333333334,2.0832914451388915,49.3721,56.4316,-0.14836077864293792,8.125823333333333,0.15828582097655583,7.8488,8.3984,-0.012771813125695428,1.4001599999999998,0.13270934054039552,1.1157,1.6517,0.000846362625139029
compressor-0118,failure,10,39,DEGRADATION,53.26885000000001,2.2918724497304246,49.3721,58.2021,0.0014853615127910721,8.055533333333333,0.13783636756031498,7.8488,8.3984,-0.00742353726362635,1.502823333333333,0.2254866465866413,1.1157,2.0244,0.02222458286985539
compressor-0118,failure,20,49,DEGRADATION,54.420970000000004,3.360664344158755,49.3721,60.0392,0.3370078531701877,7.994303333333333,0.11027357339312487,7.7666,8.2112,-8.075639599785144e-06,1.6459699999999995,0.2165921792216884,1.2732,2.0348,0.019448476084538355
compressor-0118,failure,30,59,DEGRADATION,55.78268333333334,2.297013487274775,51.5441,60.0392,0.02999494994438155,7.837816666666667,0.2722024039611375,7.2515,8.2112,-0.026163270300333788,1.75216,0.17022265536643472,1.4188,2.0348,0.0025404226918798027
compressor-0118,failure,40,69,DEGRADATION,57.10165666666668,1.9583323428678348,53.8912,60.3078,0.0018056729699665584,7.639703333333333,0.2718543672426266,7.2515,8.1547,-0.02576798665183575,1.8657833333333333,0.2329437000412093,1.4188,2.2622,0.017994816462736322
compressor-0118,failure,50,79,DEGRADATION,57.90294666666667,2.564602776875116,53.8912,62.323,0.24461704115684005,7.449126666666667,0.18081023373200472,6.9758,7.7673,-0.008106162402669771,2.064063333333333,0.29733207976193143,1.4188,2.5104,0.029514371523915443
compressor-0118,failure,60,89,DEGRADATION,58.748403333333336,1.7612479917155963,55.7056,62.323,-0.04620491657397297,7.253046666666667,0.29983553462226953,6.6828,7.7673,-0.028197908787541956,2.21291,0.16351578384567855,1.9448,2.5104,0.002619555061179045
compressor-0118,failure,70,99,FAILURE,58.145253333333336,2.184854792540888,54.3088,62.323,-0.19177477196885476,7.0770566666666666,0.31525465123011615,6.4933,7.7673,-0.02368407119021144,2.47583,0.3738146315577638,1.9449,3.3901,0.027063959955506055
compressor-0118,failure,80,109,FAILURE,58.63454666666667,2.7582952765229627,54.3088,64.2083,0.19853833147942065,6.8859699999999995,0.2131831546659664,6.4933,7.3224,-0.0010184427141269586,2.6698833333333334,0.4334101637658669,1.9449,3.3901,0.03857830923248048
compressor-0118,failure,90,119,FAILURE,59.114913333333334,2.655804649659977,54.3088,64.2083,0.09761196885428125,6.671593333333333,0.35810558399568254,6.0817,7.3224,-0.027014416017797707,2.96039,0.25460231257132504,2.4374,3.3901,0.008119577308120064
compressor-0118,failure,100,129,FAILURE,60.53827666666667,1.8891626640186978,56.5133,64.2083,-0.05161101223581861,6.683310000000001,0.36808945230745194,6.0817,7.3224,0.00691935483870957,2.98887,0.20020897773742985,2.5354,3.3168,-0.001323492769744232
compressor-0118,failure,110,139,FAILURE,61.24999999999999,2.8033915728393484,56.5133,66.8819,0.26154634037819674,6.655433333333333,0.41873251870641975,5.8586,7.3355,0.01813570634037807,3.0884933333333335,0.2433025646300416,2.7022,3.6616,0.007990834260289124
compressor-0118,failure,120,149,FAILURE,63.27067666666667,2.5530104681445325,58.6562,67.887,0.23398293659621633,6.555859999999999,0.5301039562199097,5.6015,7.3355,-0.04774620689655185,3.0693266666666665,0.25475397534789435,2.7022,3.6616,0.0003179532814237816
compressor-0118,failure,130,159,FAILURE,64.62449333333333,1.810732487316176,59.9411,67.887,0.07353308120133342,6.314760000000001,0.44795529434680575,5.6015,7.3355,-0.028966629588431766,3.2999600000000004,0.43479645168745334,2.7022,4.1982,0.02587897664071189
compressor-0118,failure,140,169,FAILURE,66.53110000000001,3.000483063663806,62.5474,72.045,0.25735350389321343,6.174049999999999,0.25813715830929884,5.6015,6.7419,0.016863292547274658,3.5104866666666665,0.48943405462045875,2.7178,4.1982,0.04474122358175743
compressor-0118,failure,150,179,FAILURE,68.00860333333334,3.0927775897493115,62.845,72.9225,0.2091208231368168,6.00364,0.45077635371286573,5.1329,6.7419,-0.03425802002224708,3.8647233333333335,0.33696438850748345,3.0498,4.2385,0.02288015572858724
compressor-0118,failure,160,189,FAILURE,67.84411666666668,3.3845850128766,61.3674,72.9225,-0.22253755283648693,5.7438666666666665,0.47525732351596184,5.0545,6.7419,-0.04127773081201338,4.032353333333334,0.27903935055034007,3.53,4.6603,0.017725161290322474
compressor-0118,failure,170,199,FAILURE,69.04490333333334,4.42642746192181,61.3674,76.9732,0.20663583982202277,5.420630000000001,0.2538174634785137,5.0061,6.0248,-0.008861512791991212,4.131856666666667,0.2554643650078987,3.53,4.6603,0.00828651835372626
compressor-0118,failure,180,209,FAILURE,69.80396333333333,4.510699136163804,61.3674,76.9732,0.357926117908786,5.392373333333333,0.2607968761742023,4.8877,5.8001,-0.009262558398220403,4.127603333333333,0.31154255298790595,3.53,4.6603,-0.00037563959955518695
compressor-0118,failure,190,219,FAILURE,71.61972666666665,2.551302619700159,67.8759,76.9732,-0.15186812013348297,5.2905766666666665,0.283119756385095,4.7149,5.8001,-0.017110411568409544,4.339186666666666,0.4191057501660199,3.6439,5.07,0.03214611790878744
compressor-0118,failure,200,229,FAILURE,72.31014333333333,2.8636007980260727,67.8759,78.1831,0.16178667408231104,5.246276666666666,0.2620039486767752,4.7149,5.7793,-0.009254571746385018,4.641293333333334,0.5108966966248875,3.6439,5.4988,0.05141735261401552
compressor-0119,degrading,0,29,NORMAL,51.606579999999994,1.5207861570911276,48.8889,54.5059,-0.12714909899888877,8.035083333333334,0.23412806051864485,7.6979,8.5976,-0.019776395995550852,1.5401466666666666,0.23560270051272522,1.21,1.9359,-0.018205072302558408
compressor-0119,degrading,10,39,NORMAL,50.913540000000005,1.210685951186351,48.8889,53.4015,-0.07139888765294819,8.003166666666667,0.20361452687751816,7.6979,8.4513,0.013720622914349133,1.4887333333333332,0.1825644495026954,1.21,1.9173,0.0070267853170188875
compressor-0119,degrading,20,49,DEGRADATION,51.03716000000001,1.3553060811983888,48.8889,53.5367,0.12973530589543888,8.046093333333333,0.20264153890278483,7.6847,8.4513,0.0035389098998886035,1.5433899999999998,0.12357633902437258,1.2753,1.7734,0.00858347052280307
compressor-0119,degrading,30,59,DEGRADATION,51.715626666666665,1.0487861287963127,49.6952,53.5367,0.06441641824249032,7.911969999999999,0.3454335624979136,7.2967,8.4513,-0.03099913236929935,1.582876666666667,0.1663016990960171,1.1361,2.024,-0.0019170411568409868
compressor-0119,degrading,40,69,DEGRADATION,52.96907666666666,1.6410913219934544,50.8625,57.4287,0.10203704115683963,7.8611933333333335,0.30015364613625617,7.2967,8.3541,0.0009189766407116633,1.7366466666666662,0.3014633374429173,1.1361,2.2737,0.025093659621801972
compressor-0119,degrading,50,79,DEGRADATION,54.36406,2.387128455362216,50.8625,57.8939,0.24388360400444833,7.7042633333333335,0.29711249102355536,7.2045,8.3541,0.0012175973303669833,1.8578200000000002,0.291885098854555,1.1361,2.2737,0.021482358175750796
compressor-0119,degrading,60,89,DEGRADATION,55.320216666666674,1.6800968736124178,51.0638,57.8939,0.04129999999999776,7.6435200000000005,0.34019309360028654,7.1504,8.3541,-0.035170411568409436,2.00276,0.12494001920921897,1.7967,2.2737,-0.007210278086763125
compressor-0119,degrading,70,99,DEGRADATION,55.68089,1.4586935696825882,52.7171,58.0184,-0.03740144605117096,7.472423333333334,0.21673507896866986,7.1504,7.9321,0.0006814460511676682,2.080556666666667,0.24851562886242973,1.7967,2.6876,0.017767675194660704
compressor-0119,degrading,80,109,DEGRADATION,56.079163333333334,1.9137514733255083,52.7171,59.7631,0.15098057842046625,7.451526666666666,0.23783486558721548,7.1222,7.913,0.007006184649610389,2.205343333333333,0.2510295303788425,1.7967,2.6876,0.01876318131256951
compressor-0119,degrading,90,119,DEGRADATION,56.911210000000004,1.8790075056351776,52.7171,59.7631,0.0835014238042248,7.351850000000001,0.3207131976808354,6.8699,7.913,-0.02347655172413809,2.29231,0.18864651662125478,1.8723,2.6876,-0.002150945494994501
compressor-0119,degrading,100,129,DEGRADATION,56.99294999999999,1.5094833660892055,54.9532,59.7631,-0.11873390433815505,7.314310000000001,0.28808260082830406,6.8699,7.8107,-0.003390011123470624,2.3414333333333333,0.1880936581127131,2.0055,2.8354,0.008347986651835282
compressor-0119,degrading,110,139,DEGRADATION,56.88125333333333,1.4287888555774155,54.9532,59.528,0.02203563959955356,7.262990000000001,0.26601075836639887,6.8699,7.6979,0.01271784204671848,2.4158633333333333,0.21090317444004694,2.0055,2.8354,0.015798954393770843
compressor-0119,degrading,120,149,DEGRADATION,57.02055000000001,1.58878975087958,54.537,60.5661,0.07486912124582779,7.257883333333335,0.27605758829555027,6.6785,7.6979,-0.02122542825361533,2.537336666666667,0.14906684291134478,2.237,2.8354,0.006283893214682934
compressor-0119,degrading,130,159,DEGRADATION,57.53315333333333,2.0068816824007225,53.7197,62.0155,-0.0010476974416025369,7.143006666666666,0.23152397706405164,6.6785,7.6979,-0.014097308120133607,2.5874333333333337,0.13377601761485086,2.4174,2.9401,0.004160756395995479
compressor-0120,degrading,0,29,NORMAL,54.09453333333333,2.03061897514581,50.0825,58.4749,-0.16372645161290436,7.9393633333333336,0.1965974914782881,7.5241,8.266,-0.011708943270300438,1.3871766666666667,0.13001943876034677,1.14,1.6947,-0.004032547274749788
compressor-0120,degrading,10,39,NORMAL,53.211693333333336,1.9803540861730315,49.9253,56.4942,-0.12627733036707572,7.916406666666669,0.19892624585229787,7.5241,8.223,-0.0009006896551726058,1.38732,0.12062693839547893,1.14,1.6947,0.0033963959955505586
compressor-0120,degrading,20,49,NORMAL,53.18336333333333,1.9760624076655293,49.9253,56.8374,0.1458241379310326,7.8710933333333335,0.18953508194761431,7.5241,8.223,0.009139354838709455,1.385753333333333,0.12033886801676157,1.1136,1.6321,-0.002081334816462753
compressor-0120,degrading,30,59,DEGRADATION,53.63869,1.6143335599869066,49.9253,56.8374,0.0404942157953273,7.872393333333333,0.17631695500496325,7.6178,8.223,-0.008703181312569731,1.47554,0.21033804791335303,1.1136,1.9861,0.009865317018909857
compressor-0120,degrading,40,69,DEGRADATION,54.648199999999996,1.2932269416721363,52.5452,56.8374,0.010094727474970746,7.839153333333334,0.16950811727531584,7.6167,8.1753,-0.001329744160178139,1.63892,0.2984913437047491,1.1136,2.0743,0.027835684093437122
compressor-0120,degrading,50,79,DEGRADATION,55.35532333333334,1.8516956264792073,52.5452,59.7109,0.17808958843159015,7.798520000000001,0.1757203865994685,7.5859,8.1753,0.002651879866518201,1.8142066666666665,0.21205900897837113,1.2602,2.1112,0.01256329254727471
compressor-0120,degrading,60,89,DEGRADATION,55.72007333333334,1.5061885767134948,52.8755,59.7109,-0.06386429365962362,7.648006666666666,0.3169154366002949,7.0504,8.1753,-0.026544961067853385,1.8519200000000002,0.14632406363958048,1.5593,2.1112,-0.006871590656284799
compressor-0120,degrading,70,99,DEGRADATION,55.83040666666666,1.5748927288196137,52.8755,59.7109,-0.06239724137931222,7.54964,0.269675819704573,7.0504,8.1219,-0.009960000000000118,1.8621999999999999,0.20814187789422223,1.5593,2.3745,0.00816720800889875
compressor-0120,degrading,80,109,DEGRADATION,56.081999999999994,1.9942838567599477,52.8755,60.358,0.19108484983314633,7.42249,0.19617161763789034,7.0504,7.8765,0.0026442491657395466,1.9101633333333334,0.21647743605794625,1.5593,2.3745,0.014841979977753026
compressor-0120,degrading,90,119,DEGRADATION,56.36125666666666,1.784506409754685,53.6065,60.358,-0.017078375973305613,7.330736666666667,0.2777814794442247,6.749,7.8765,-0.023199176863181563,2.00037,0.18268672849078735,1.6482,2.3745,0.005702447163514982
compressor-0120,degrading,100,129,DEGRADATION,56.30324666666667,1.8445152755730223,53.6065,60.358,-0.08484516129032295,7.19862,0.21111420511183046,6.749,7.5572,-0.008154749721913409,2.102796666666667,0.164145832485087,1.784,2.37,0.011403937708565015
compressor-0120,degrading,110,139,DEGRADATION,56.882663333333326,2.2987287136565047,53.6065,60.6515,0.21588393770856326,7.201086666666667,0.2414024160792284,6.749,7.5898,0.016811256952168833,2.20601,0.16143218256180109,1.8819,2.5296,0.01314934371523911
compressor-0120,degrading,120,149,DEGRADATION,57.40355666666667,2.193432249342467,53.9099,60.6515,0.03474111234705068,7.153386666666668,0.2815935507468561,6.6353,7.5898,-0.012394438264738739,2.21066,0.19462422014401667,1.7539,2.5296,-0.013917419354838773
compressor-0120,degrading,130,159,DEGRADATION,57.96205666666666,1.9243557555163464,54.2955,60.6515,-0.10950253615128018,7.112443333333334,0.27951042280307825,6.6353,7.5898,-0.015049543937708848,2.2237066666666663,0.21360895570072794,1.7539,2.5978,-0.0021236929922135907
compressor-0120,degrading,140,169,DEGRADATION,58.490829999999995,2.6402283157775077,54.2955,63.8507,0.2209824916573974,7.001566666666665,0.1622837809380702,6.6353,7.2447,0.010413348164627157,2.2035766666666663,0.2111666051302199,1.7539,2.5978,0.008634905450500547
compressor-0120,degrading,150,179,DEGRADATION,59.60654666666666,2.1685029045762323,55.1958,63.8507,0.13910981090099991,6.960606666666666,0.17528331529903876,6.6589,7.2403,-0.013410989988876694,2.2119866666666668,0.16354286437777985,1.8635,2.5978,-0.010036707452725328
compressor-0120,degrading,160,189,DEGRADATION,60.22958666666667,1.4788652322492257,58.2735,63.8507,-0.08829192436040324,6.937300000000001,0.21290379830649647,6.625,7.4735,-0.0017579977753060963,2.2775066666666666,0.21073386206830222,1.8635,2.6482,0.011926407119021062
compressor-0120,degrading,170,199,DEGRADATION,60.05208666666666,1.3276435610341941,58.2735,63.1596,0.041988120133480314,6.945236666666665,0.22579984128033,6.625,7.4735,0.016713170189098923,2.3590733333333334,0.2278425976170586,1.8635,2.6555,0.020282224694104505
compressor-0121,failure,0,29,DEGRADATION,51.797396666666664,1.8129467604764962,48.5881,54.7346,-0.06962200222469529,8.15956,0.30912090903075445,7.7065,8.8058,-0.02075190211345965,1.5319133333333335,0.14821132600295953,1.3367,1.926,-0.004614460511679698
compressor-0121,failure,10,39,DEGRADATION,52.811016666666674,2.592949842950217,48.5881,58.1823,0.10986872080088893,8.05588,0.2534656365926816,7.7065,8.7903,-0.011768587319243934,1.6858400000000002,0.3300746032843686,1.3367,2.2567,0.03297428253615125
compressor-0121,failure,20,49,DEGRADATION,54.40734,3.5402569131443933,48.5881,59.2279,0.343487741935482,7.789886666666665,0.36761590166307484,7.0651,8.4636,-0.029287830923248156,1.9175066666666665,0.3232280102686372,1.3367,2.4033,0.026685205784204653
compressor-0121,failure,30,59,DEGRADATION,55.92561666666667,2.041452736506258,51.3459,59.2279,0.009635483870965952,7.605746666666666,0.3820940483993728,7.0651,8.4636,-0.034565784204672066,2.2034066666666665,0.21079047880669458,1.8731,2.641,0.012257041156840908
compressor-0121,failure,40,69,DEGRADATION,56.94959333333333,1.7663157905526288,53.3326,61.1513,0.014646852057841353,7.403846666666667,0.1936223863319758,7.0651,7.8476,-0.002469054505005794,2.3661766666666666,0.26242822216539297,1.8914,2.7036,0.02182542825361506
compressor-0121,failure,50,79,FAILURE,57.76774666666667,2.458306774283652,53.3326,61.5897,0.2412715461624028,7.40336,0.13489014938089436,7.1453,7.7696,-0.0007967964404894824,2.548726666666666,0.22170829173087375,1.9695,3.0363,0.01644743047830916
compressor-0121,failure,60,89,FAILURE,57.48841333333334,3.099699657787653,50.4367,61.5897,-0.19541597330367177,7.28106,0.2604771014887873,6.7108,7.7696,-0.022315773081201546,2.6988399999999992,0.28521735875176557,2.2767,3.5504,0.015248898776418197
compressor-0121,failure,70,99,FAILURE,58.25708666666666,4.034571482056332,50.4367,67.2169,0.02613926585094534,7.138050000000002,0.28896647873643294,6.656,7.7696,-0.01814400444938837,2.86473,0.37410258766814214,2.2767,3.6954,0.026371056729699607
compressor-0121,failure,80,109,FAILURE,59.61566333333332,5.117223472254157,50.4367,67.8301,0.4766965739710779,6.9468966666666665,0.27982436930252447,6.4144,7.4733,-0.013508142380422921,3.063916666666667,0.3672283250543485,2.3396,3.6954,0.022841757508342546
compressor-0121,failure,90,119,FAILURE,61.60173,3.2449460477435776,54.2867,67.8301,0.018916284760844566,6.6123933333333325,0.5015402402820957,5.8059,7.4056,-0.047030389321468476,3.2993733333333326,0.32758755260574574,2.5143,3.8398,0.0215893659621801
compressor-0121,failure,100,129,FAILURE,63.14447333333332,2.993151080487289,58.2936,69.6096,0.04483212458286836,6.355316666666668,0.40803275692304686,5.8059,7.2128,-0.027497997775306017,3.621413333333334,0.4110573785846557,2.9612,4.4202,0.03998189098998879
compressor-0121,failure,110,139,FAILURE,64.29223333333333,3.806543474188741,58.2936,70.6395,0.37889081201334696,6.021836666666668,0.2841625549849162,5.3435,6.5491,-0.010286651835372796,3.82296,0.3318817656937483,3.0194,4.4202,0.019237864293659535
compressor-0121,failure,120,149,FAILURE,66.91864,2.6494880482337217,60.2716,71.0806,0.1558874304783076,5.6151566666666675,0.6635432950874837,4.3751,6.5491,-0.06878965517241395,3.918893333333334,0.27792679723665054,3.3747,4.4444,-0.011404849833148033
compressor-0121,failure,130,159,FAILURE,68.13154,2.4500622431005024,63.5469,73.6462,0.08022785317018762,5.357659999999999,0.5058653619294368,4.3751,6.1741,-0.017349232480533997,4.1595699999999995,0.5297193817799509,3.3747,5.071,0.041593882091212356
compressor-0121,failure,140,169,FAILURE,70.13874,3.455572075127358,63.5469,75.7863,0.2763260956618449,5.243353333333333,0.4491175241391599,4.3751,6.2259,0.0329819354838709,4.532750000000001,0.5831296818318661,3.4323,5.3306,0.05490707452725248
compressor-0121,failure,150,179,FAILURE,71.10901666666668,3.1542882475642933,64.5928,75.7863,0.10247299221356915,5.382613333333334,0.4206907436849809,4.4469,6.2259,-0.013846451612903312,4.848703333333334,0.31386087733615714,4.1126,5.4117,-0.00024189098998900465
compressor-0122,failure,0,29,NORMAL,53.044000000000004,2.890446228641292,47.8233,57.0255,-0.21895047830923411,7.844476666666667,0.280105870084073,7.1692,8.2807,-0.024534749721913388,1.5135533333333335,0.14564173333522537,1.1532,1.7825,-0.01080035595105675
compressor-0122,failure,10,39,DEGRADATION,52.839706666666665,2.8245466938883403,47.8233,57.2866,-0.07629299221357226,7.8542266666666665,0.2977169818617824,7.1692,8.3406,0.010500111234705062,1.55362,0.21489331523649902,1.1532,2.1178,0.01391016685205782
compressor-0122,failure,20,49,DEGRADATION,53.09387,3.013154102724695,47.8233,57.3183,0.2968706785317008,7.785353333333333,0.3115829217970002,7.1692,8.3406,0.004301935483870682,1.6055033333333335,0.21512856231152158,1.1532,2.1178,0.014511078976640676
compressor-0122,failure,30,59,DEGRADATION,55.12224666666666,1.5636828622908874,51.6196,57.3183,0.0911029143492755,7.706543333333333,0.36888259711669175,7.1228,8.3406,-0.039460489432703215,1.7606866666666667,0.16854533857557602,1.5163,2.1178,0.007784471635150141
compressor-0122,failure,40,69,DEGRADATION,55.99861999999999,1.259645445724047,53.4807,58.1285,0.019084004449386814,7.503296666666667,0.1943216911607028,7.1228,7.8258,-0.007783515016685353,1.8081099999999999,0.18836266500202922,1.5346,2.2303,0.01514814238042266
compressor-0122,failure,50,79,DEGRADATION,57.33489666666666,2.3667864178365474,53.4807,62.0048,0.2248752169076735,7.33308,0.19024046082086044,6.8794,7.7587,-0.006576774193548486,2.0411533333333334,0.29149040090922756,1.6444,2.6954,0.023060867630700737
compressor-0122,failure,60,89,DEGRADATION,57.973486666666666,2.029962033591324,53.4807,62.0048,0.07464573971078803,7.215883333333334,0.2797564286819677,6.53,7.7587,-0.02558302558398231,2.2067633333333334,0.2840269441248293,1.6444,2.6954,0.0209832925472747
compressor-0122,failure,70,99,FAILURE,59.89802999999999,2.3060890593022054,56.4588,64.6694,0.09638298109009898,7.068943333333334,0.1820737317376916,6.53,7.4315,-0.005709699666296006,2.407796666666667,0.19835092888335282,2.0493,2.8189,0.00637995550611789
compressor-0122,failure,80,109,FAILURE,60.92847000000001,2.7967718124235064,56.4588,65.3698,0.26378858731924226,6.94396,0.27095140720554795,6.2961,7.4558,-0.011737886540600923,2.522116666666667,0.2499724252570449,2.1344,3.1282,0.019155127919910985
compressor-0122,failure,90,119,FAILURE,62.16979333333334,2.054463115744733,57.4339,65.9603,-0.05108213570634263,6.769083333333333,0.37548250743395345,6.0772,7.4558,-0.0363074304783094,2.62447,0.24544477878605067,2.1344,3.1282,0.011376395995550584
compressor-0122,failure,100,129,FAILURE,62.19067,2.149134365451976,57.4339,66.3638,-0.04093288097886611,6.632123333333334,0.3340727901554124,6.0772,7.4558,-0.009842513904338117,2.8471433333333334,0.3474218211179155,2.2346,3.5787,0.02743276974416009
compressor-0122,failure,110,139,FAILURE,63.132913333333335,3.0595205211201892,57.4339,68.3534,0.19789521690767398,6.592316666666666,0.2826937873192279,6.0772,7.3247,0.0065586874304781675,2.993223333333333,0.3139100706501076,2.3905,3.5787,0.023726740823136753
compressor-0122,failure,120,149,FAILURE,64.27685,2.5071696635515774,59.6173,68.3534,0.12806324805339098,6.4944266666666675,0.3625010013166247,5.7272,7.3247,-0.023005339265850994,3.0022766666666665,0.2916139224880885,2.5483,3.5787,-0.017726429365962217
compressor-0122,failure,130,159,FAILURE,65.27879000000001,1.8513992590020476,61.363,68.3534,-0.05680037819799839,6.3433166666666665,0.3541530969165108,5.7272,6.9902,-0.0217854727474973,3.0849433333333334,0.37032396149257685,2.5483,3.9315,0.0173362180200222
compressor-0122,failure,140,169,FAILURE,66.20669333333333,2.579933035427255,62.2128,72.3574,0.19977414905450322,6.146576666666666,0.27841707285214307,5.7272,6.8288,-0.0017380422691880282,3.4207933333333345,0.6299685632015475,2.5483,4.3078,0.07009744160177968
compressor-0122,failure,150,179,FAILURE,67.70840333333335,2.5395847088954437,62.2128,72.3574,0.1802806451612895,6.0245733333333344,0.31839333214682053,5.5112,6.8288,-0.021130011123470724,3.8130233333333337,0.38361396540735526,2.7388,4.3327,0.023665116796440393
compressor-0122,failure,160,189,FAILURE,68.44039333333333,1.9139104066340782,64.223,72.3574,-0.05406923248053508,5.8463466666666655,0.3503966140754724,5.0471,6.527,-0.012258954393771004,4.150593333333332,0.31114136972693873,3.503,5.051,0.01500253615127906
compressor-0122,failure,170,199,FAILURE,69.61855333333332,2.8295498192861395,64.223,76.3455,0.1599498998887643,5.7109033333333326,0.28787883618324955,5.0471,6.2402,0.0008883426028920337,4.2553633333333325,0.3773648671894204,3.503,5.051,0.024502847608453747
compressor-0122,failure,180,209,FAILURE,71.40390333333333,3.5246256508063696,64.223,76.3455,0.33655566184649444,5.484213333333334,0.42280768499270305,4.6382,6.2402,-0.026471056729699825,4.41045,0.2956322622786627,3.8256,5.051,-0.0024230700778643606
compressor-0122,failure,190,219,FAILURE,73.20479,2.0023602700063745,66.2007,76.3455,0.04779686318131146,5.345596666666665,0.34398026637520296,4.6382,5.9656,-0.022682602892102475,4.5701800000000015,0.3670413359100943,3.8256,5.0931,0.020585628476084434
compressor-0122,failure,200,229,FAILURE,74.82423000000001,2.2091576076489723,71.2282,79.8157,0.13329145717463692,5.019229999999999,0.35161124948821904,4.2446,5.7364,-0.02373043381535057,4.706083333333333,0.35915757088250594,3.9866,5.3626,0.027594149054504993
compressor-0123,failure,0,29,NORMAL,52.15149333333332,1.342323661400468,49.7455,55.0574,-0.12221913236930093,8.161533333333333,0.22841035343336674,7.7233,8.6061,-0.013379755283648612,1.5057666666666667,0.1964345324925217,1.0324,1.9471,-0.009894238042269219
compressor-0123,failure,10,39,DEGRADATION,51.996126666666676,1.5167560522231507,49.7455,55.4238,0.05602255839821984,8.045456666666665,0.16787437700720015,7.7233,8.4375,-0.0006400222469411862,1.586493333333333,0.2528850699867871,1.0324,1.9987,0.009580422691879831
compressor-0123,failure,20,49,DEGRADATION,53.153816666666664,2.307839361117282,49.7455,56.5685,0.23791793103448128,8.006873333333333,0.2127271694500311,7.6164,8.4375,-0.010251968854282666,1.6200666666666668,0.260808506166668,1.0324,1.9987,0.021012013348164587
compressor-0123,failure,30,59,DEGRADATION,54.85420666666666,1.7497367108479165,50.4302,56.7009,0.14412667408231253,7.82299,0.2916155109614943,7.354,8.4375,-0.02708998887652975,1.7775266666666665,0.14058307374012782,1.5442,2.0909,0.0013428253615127424
compressor-0123,failure,40,69,DEGRADATION,56.518686666666675,1.6076544252903227,53.4225,61.1854,0.13141855394883115,7.652773333333333,0.2597252573179761,7.2368,8.3247,-0.01852182424916596,1.9234433333333334,0.26765759679527545,1.5442,2.3641,0.024865383759733004
compressor-0123,failure,50,79,DEGRADATION,58.17954999999999,2.2544022525938003,54.5517,62.013,0.23292082313681686,7.367263333333333,0.2787798755091351,6.8042,7.8203,-0.022039799777530775,2.1479433333333335,0.2902254809435052,1.5467,2.6546,0.030152191323692967
compressor-0123,failure,60,89,FAILURE,59.41554333333333,1.8198216994499454,55.6556,62.4863,0.10195655172413616,7.09598,0.3978485485709355,6.2153,7.8203,-0.03814936596218033,2.3831633333333335,0.17161491093595438,2.0162,2.7448,0.011525450500556087
compressor-0123,failure,70,99,FAILURE,60.789383333333326,2.079671985688021,55.6556,66.1217,0.11332531701890841,6.843483333333333,0.3319056894996262,6.2153,7.4676,-0.009293726362625307,2.51093,0.2119957611997624,2.0162,3.0123,0.011878731924360368
compressor-0123,failure,80,109,FAILURE,62.62357333333334,3.2748273187995056,55.6556,67.4448,0.3247066963292534,6.924606666666667,0.4425316086136924,6.2153,7.7922,0.02713174638487208,2.5960699999999997,0.2355909479726814,2.0162,3.0123,0.011040289210233542
compressor-0123,failure,90,119,FAILURE,64.15127333333334,2.599088266287923,59.3587,67.5965,0.09359964404894147,6.884219999999999,0.45829791140697995,6.2203,7.7922,-0.009141001112347096,2.7891,0.3702355628515446,2.1662,3.7139,0.02803056729699662
compressor-0123,failure,100,129,FAILURE,65.35064,2.092738487978531,60.0796,68.9501,-0.0015241379310363002,6.8896000000000015,0.4137504183280867,6.2804,7.7922,-0.024430166852057966,3.105546666666667,0.4870790604774091,2.1662,3.9116,0.04784427141268072
compressor-0123,failure,110,139,FAILURE,65.16099666666666,2.0693273932179563,60.0796,69.2059,0.06450818687430371,6.6019033333333335,0.34046239291423785,5.6223,7.1956,-0.00951143492769764,3.3861166666666676,0.3818576402128009,2.4022,3.9116,0.02280371523915458
compressor-0123,failure,120,149,FAILURE,65.75030333333333,1.6891522561102128,62.9464,69.2059,0.03393185761957586,6.40583,0.4531407530778929,5.6223,7.1956,-0.038823737486095945,3.5511700000000004,0.2694503518275677,2.9449,4.0885,0.002044961067853091
compressor-0123,failure,130,159,FAILURE,65.69015666666667,1.6548591870978695,62.745,69.2059,0.025610433815348648,6.208026666666667,0.3426996303211052,5.6223,6.9036,-0.015766229143492943,3.8855233333333334,0.5990854617294227,2.9449,5.2621,0.04981083426028914
compressor-0123,failure,140,169,FAILURE,67.64851999999999,3.2091386225797933,62.745,73.9024,0.28708796440489265,6.137369999999999,0.20778889952706,5.6294,6.4674,0.008936395995550505,4.140256666666667,0.5515628744355041,3.0595,5.2621,0.036895639599554976
compressor-0123,failure,150,179,FAILURE,69.33598333333335,3.29902574376975,62.745,74.2972,0.26531868743047615,5.953096666666667,0.5115235455534335,4.6194,6.4674,-0.03945684093437171,4.33244,0.37954348156700046,3.7215,5.2621,-0.015837819799777608
compressor-0123,failure,160,189,FAILURE,72.11125999999999,2.448241226758506,67.925,76.0225,0.14910162402669438,5.7288766666666655,0.5119984092965741,4.6194,6.4509,-0.0349844938820914,4.37023,0.35930114402823715,3.7215,5.0998,0.025143426028920987
compressor-0123,failure,170,199,FAILURE,74.00348666666666,3.141058124128803,67.925,80.1798,0.29552355951056575,5.546786666666667,0.3858372832627189,4.6194,6.1978,0.005417308120133336,4.5302333333333324,0.37402329101570964,3.7215,5.0998,0.030909721913236817
compressor-0124,failure,0,29,DEGRADATION,52.618950000000005,1.1918604853337487,50.1836,54.684,-0.10036229143492892,8.111383333333333,0.180158659859087,7.678,8.4348,-0.01530921023359307,1.5789833333333332,0.23049680559367605,1.2118,2.1153,0.004042380422691834
compressor-0124,failure,10,39,DEGRADATION,53.36763,2.6173671257136757,50.1836,60.5003,0.1682546162402658,7.963263333333333,0.20265922543904968,7.4847,8.237,-0.0158482981090102,1.7474466666666664,0.37348838244612403,1.2118,2.2657,0.03770189098998885
compressor-0124,failure,20,49,DEGRADATION,55.50074333333334,3.723841402340988,50.1836,60.5274,0.38136620689655093,7.720749999999999,0.3210818231645426,7.0655,8.2083,-0.03082440489432719,1.9252133333333334,0.26340510085333496,1.2446,2.2657,0.013010411568409317
compressor-0124,failure,30,59,FAILURE,57.22260000000001,2.4074614875424283,51.3161,60.5274,0.04883679644048824,7.466856666666668,0.3371026962053089,6.9037,8.168,-0.031061245828698836,2.115556666666667,0.18767211777163084,1.5841,2.4179,0.006488698553948788
compressor-0124,failure,40,69,FAILURE,58.73079,2.0561071841954153,55.2026,62.2856,0.018912057842044565,7.370333333333334,0.31475411602639214,6.9037,8.3409,0.008828832035595126,2.428816666666667,0.5449712274260196,1.5841,3.4963,0.058503559510567266
compressor-0124,failure,50,79,FAILURE,59.11744,2.305917727731557,55.2026,62.5037,0.16283777530589355,7.31002,0.34589944145661755,6.4205,8.3409,0.0013952836484981215,2.81244,0.44426645578226287,2.1146,3.4963,0.03952311457174639
compressor-0124,failure,60,89,FAILURE,61.49437333333333,2.2231420062505127,56.2164,66.5897,0.16127826473859627,7.037066666666667,0.5976960377612984,5.9971,8.3409,-0.04870700778642951,3.0559466666666664,0.24071907379534532,2.5148,3.4963,-0.0006056952169077263
compressor-0124,failure,70,99,FAILURE,63.460179999999994,3.014613894503463,57.9295,71.0539,0.31562131256951925,6.7891633333333345,0.4371508599124817,5.9971,7.6914,-0.01849933259176881,3.164813333333333,0.2770479498009124,2.6804,3.9757,0.01868765294771965
compressor-0124,failure,80,109,FAILURE,67.76103000000002,4.468760636101095,61.3683,75.2273,0.46189550611790764,6.562133333333334,0.3186129630479938,5.9971,7.269,0.006691701890989881,3.353553333333333,0.3862065213788544,2.6804,4.1452,0.027076129032258044
compressor-0124,failure,90,119,FAILURE,69.94901999999999,3.4182307317675327,62.4274,75.2273,0.18895795328142187,6.363386666666668,0.5250840788123576,5.2592,7.269,-0.05351688542825384,3.64195,0.3342840197097871,3.0066,4.1452,0.017593437152391395
compressor-0124,failure,100,129,FAILURE,71.66457666666666,1.9959564787645607,67.3289,75.2273,-0.08229243604004642,5.890216666666666,0.5716978468173162,5.0635,7.269,-0.05747690767519476,4.06416,0.5497172513210768,3.0066,5.1568,0.046232480533926486
compressor-0124,failure,110,139,FAILURE,72.98468,3.6865995153980777,67.3289,81.599,0.34551635150166615,5.48514,0.35458238685341753,4.9817,6.3048,-0.024053615127920168,4.3811,0.4456739645376053,3.5937,5.1568,0.031041957730811948
compressor-0125,failure,0,29,NORMAL,52.23593000000001,1.119396450518463,50.2011,54.0015,-0.08274467185762145,8.158330000000001,0.28868174881692815,7.697,8.6762,-0.02713043381535061,1.4529266666666667,0.20702401782294622,1.115,1.9821,-0.0020303003337041273
compressor-0125,failure,10,39,DEGRADATION,51.90525,1.180300608813987,50.2011,54.1525,-0.03311819799777621,8.043463333333333,0.18100592344512434,7.697,8.3828,0.0017961957730808797,1.5192666666666668,0.2481841081849431,1.1752,2.0048,0.021048053392658476
compressor-0125,failure,20,49,DEGRADATION,52.245873333333336,1.3990830292095684,50.2011,54.8906,0.13075844271412518,7.967226666666667,0.17661348558048698,7.6757,8.3715,0.0001725917686315871,1.6405800000000001,0.1887062115211544,1.2865,2.0048,0.006528987764182382
compressor-0125,failure,30,59,DEGRADATION,52.792559999999995,1.2926356856180832,50.4112,54.9527,0.04769713014460465,7.863866666666667,0.2662820626495312,7.4393,8.3715,-0.027762625139043675,1.8331733333333333,0.22561661867473817,1.4661,2.2685,0.013524538375973281
compressor-0125,failure,40,69,DEGRADATION,54.47926,2.1025559203978377,51.49,59.0556,0.1529309010011119,7.759263333333333,0.20279387808533295,7.4393,8.1941,-0.0033682091212459907,1.9028799999999997,0.21819956370258856,1.5203,2.2685,0.014206407119021094
compressor-0125,failure,50,79,DEGRADATION,55.860853333333345,2.508573235092454,51.49,59.6474,0.23999817575083252,7.662133333333332,0.20670697993912926,7.3224,8.1941,-0.001267452725250478,2.0599833333333333,0.14206226354040055,1.6765,2.3006,3.775305895438412e-05
compressor-0125,failure,60,89,DEGRADATION,57.50180666666666,1.2462845782386756,54.7364,59.6474,0.04596249165739535,7.52985,0.3247297140187,6.9871,8.1941,-0.031342046718576405,2.13131,0.21378962299419496,1.6765,2.7428,0.015442291434927638
compressor-0125,failure,70,99,DEGRADATION,57.763510000000004,1.1340803864365172,55.6954,59.7341,-0.00851152391546384,7.33601,0.23626724466163318,6.9871,7.937,-0.016258487208009056,2.3536100000000006,0.2591600861115256,1.9781,2.7843,0.024131902113459364
compressor-0125,failure,80,109,FAILURE,58.800176666666665,1.8719725285881967,55.6954,62.4653,0.13161363737485932,7.248386666666668,0.15373503554998633,6.9871,7.633,0.007586829810900827,2.5083099999999994,0.233895901845244,2.0984,2.8352,0.013059999999999955
compressor-0125,failure,90,119,FAILURE,58.69077333333334,1.990416821829594,55.3771,62.4653,-0.02062509454950155,7.092823333333334,0.3392550532007183,6.3322,7.633,-0.02423419354838716,2.662463333333333,0.23121286221911524,2.0984,3.222,0.006676729699666258
compressor-0125,failure,100,129,FAILURE,59.77078333333334,2.031775274168435,55.3771,63.7117,-0.006526651835374969,7.047863333333334,0.3283158453718343,6.3322,7.633,-0.010051056729699904,2.8657266666666668,0.3602875730425474,2.0984,3.4415,0.030061535038932108
compressor-0125,failure,110,139,FAILURE,61.03953666666666,3.3415116185626075,55.3771,67.2153,0.3435466740823118,7.090333333333334,0.37894501389456964,6.3322,7.9029,0.031447563959955356,3.0524933333333326,0.2897695669934225,2.2508,3.4415,0.01923394883203554
compressor-0125,failure,120,149,FAILURE,63.487756666666655,2.302338667048984,58.6955,67.2153,0.19208122358175697,7.05882,0.43482774014545117,6.0021,7.9029,-0.02732209121245847,3.1113266666666672,0.19748608378538698,2.6479,3.4415,-0.012509365962180332
compressor-0125,failure,130,159,FAILURE,63.12256,2.817272734235483,56.3107,67.2153,-0.20603986651835535,6.741426666666667,0.5932055169069899,5.8746,7.9029,-0.06316765294771977,3.1949300000000003,0.2926356427937878,2.6479,3.8071,0.01807254727474964
compressor-0125,failure,140,169,FAILURE,63.280783333333346,3.075572541829497,56.3107,68.3475,0.04582200222469248,6.3584033333333325,0.3228316428969681,5.8524,7.0489,-0.01663494994438272,3.37509,0.36605775532466645,2.6479,3.9271,0.0355528587319243
compressor-0125,failure,150,179,FAILURE,62.794409999999985,2.9127116066591054,56.3107,68.3475,0.173293592880978,6.209079999999998,0.23198022961738216,5.7043,6.7097,-0.001827363737486206,3.5526500000000003,0.22065254247345534,3.0333,3.9271,-0.0024803781979978855
compressor-0125,failure,160,189,FAILURE,65.01769666666668,2.470334377162105,59.7045,69.7361,0.11100500556173368,6.062450000000001,0.35720951531745815,5.3645,6.7097,-0.025327096774193723,3.7339166666666666,0.3568779512039873,3.1024,4.539,0.017293281423804117
compressor-0125,failure,170,199,FAILURE,66.83761,3.6042592493095342,60.8462,74.1121,0.34873038932146533,6.1252933333333335,0.427518156287608,5.3645,7.0266,0.009741890989988846,3.897416666666667,0.4307394719807116,3.1024,4.669,0.031265161290322495
compressor-0125,failure,180,209,FAILURE,68.51803666666667,2.583584536063971,62.9027,74.1121,0.09614698553948753,6.03518,0.42466587681768514,5.3645,7.0266,0.0033437597330365425,4.1024,0.31494880642203843,3.4058,4.669,0.0024301668520577686
compressor-0125,failure,190,219,FAILURE,69.77374666666667,1.9125582761898317,65.6602,74.1121,-0.01793143492769973,6.085366666666667,0.37092709556221726,5.5999,7.0266,-0.03280467185761974,4.158003333333333,0.27416839166630586,3.6391,4.669,0.0011400444938819902
compressor-0125,failure,200,229,FAILURE,71.41007666666668,3.4289646188204124,65.6602,78.6963,0.34929150166851797,5.897433333333333,0.2706133346472212,5.2444,6.4915,-0.004067897664071289,4.332646666666667,0.35585406066095254,3.6391,4.9441,0.027286362625138953
compressor-0125,failure,210,239,FAILURE,72.67969333333333,3.105734587279186,67.0568,78.6963,0.06880689655172224,5.63756,0.4600958940626761,4.8692,6.4915,-0.03892556173526165,4.41604,0.32721677279748357,3.729,4.9441,0.009466518353726226
compressor-0125,failure,220,249,FAILURE,73.16382,2.7595183923286326,67.9033,78.6963,-0.18838131256952342,5.361530000000001,0.4945072592321909,4.7392,6.4915,-0.04052358175750849,4.804286666666667,0.5257961491765502,3.981,5.8688,0.03389521690767503
compressor-0126,failure,0,29,NORMAL,52.49613666666665,2.5159726712192687,48.5827,57.9408,-0.17400144605116835,8.139186666666665,0.1963677769447478,7.7987,8.4562,-0.018660600667408565,1.57727,0.17057082429301912,1.2983,1.8864,-0.012201446051168017
compressor-0126,failure,10,39,DEGRADATION,52.037706666666665,2.236918193100102,48.5827,57.9408,-0.06379208008898897,8.121770000000001,0.18613074643020863,7.7987,8.4598,0.0044779310344824005,1.5656299999999999,0.16014559656762342,1.2983,1.9272,0.008187830923248035
compressor-0126,failure,20,49,DEGRADATION,52.728503333333336,2.670133810315297,48.5827,56.7861,0.27865813125695066,8.00483,0.22667675979979351,7.6264,8.4598,-0.00416874304783119,1.72711,0.25462570615186,1.2983,2.1414,0.02456442714126807
compressor-0126,failure,30,59,DEGRADATION,54.00445333333333,1.8839202040308274,50.568,56.7861,0.0770307897664063,7.86792,0.33694505922083684,7.3037,8.4598,-0.03353966629588441,1.86743,0.16941348657451488,1.395,2.1414,0.008475839822024434
compressor-0126,failure,40,69,DEGRADATION,55.21259666666666,1.6108388463744243,52.5018,58.3287,0.029844249165739464,7.693046666666666,0.1870981912140135,7.3037,8.0584,-0.003032747497219386,2.04117,0.18960923351285752,1.7688,2.4116,0.010631746384872067
compressor-0126,failure,50,79,DEGRADATION,55.99006666666667,2.2173275093128555,52.5018,60.5604,0.194447430478307,7.577160000000001,0.21632399712776512,7.119,7.9902,-0.00264725250278104,2.1193433333333336,0.2250663082787431,1.7688,2.4975,0.015681223581757442
compressor-0126,failure,60,89,DEGRADATION,57.44381333333333,1.682112658481061,53.2966,60.5604,0.11535897664070953,7.462680000000001,0.29341022068087547,7.0118,7.9902,-0.026764226918798806,2.304676666666667,0.20736943954101716,1.7987,2.7128,0.011004071190211313
compressor-0126,failure,70,99,DEGRADATION,58.52129333333333,1.220127379670755,55.5969,61.2767,0.06403773081201153,7.2778366666666665,0.23406515685927184,6.8225,7.8377,-0.013674015572858923,2.441496666666667,0.2406866794310719,2.0282,2.8022,0.019056173526140124
compressor-0126,failure,80,109,FAILURE,59.68228333333333,1.7430006852328614,55.5969,62.7615,0.16996901001112255,7.12934,0.26736905530246635,6.378,7.5553,-0.009027630700778692,2.743843333333333,0.34877229886496947,2.064,3.4136,0.036762869855394856
compressor-0126,failure,90,119,FAILURE,59.361256666666684,2.099732651979506,54.079,62.7615,-0.0880224026696346,6.9093566666666675,0.3948550524629962,6.2975,7.5553,-0.03298053392658535,2.840673333333334,0.32441248119570787,2.3006,3.4463,0.0045967964404893934
compressor-0126,failure,100,129,FAILURE,59.30203999999999,2.236436249124934,54.079,62.7615,-0.10401330367074788,6.7959933333333336,0.35461682412930645,6.2975,7.5553,-0.013350878754171512,2.922523333333334,0.40519253422155854,2.0234,3.5391,-0.007615595105673019
compressor-0126,failure,110,139,FAILURE,59.69091999999999,2.895755681038486,54.079,66.3857,0.2847115906562835,6.747956666666667,0.305640881518745,6.2975,7.417,0.011453370411568336,2.9246366666666668,0.3984818234945673,2.0234,3.5391,0.020481401557285814
compressor-0126,failure,120,149,FAILURE,62.09019666666667,2.87300048155041,56.9402,66.5555,0.24494298109009877,6.73358,0.331996159013926,6.1334,7.417,-0.02347216907675203,3.0153899999999996,0.35761873492123797,2.0234,3.5391,0.012810656284760791
compressor-0126,failure,130,159,FAILURE,62.71042333333334,3.073178949088748,55.5924,66.9109,-0.03022649610678518,6.746166666666666,0.33903983279582683,6.1334,7.417,-0.0042485873192438,3.174873333333333,0.25417981290592073,2.3885,3.5686,0.013185228031145649
compressor-0126,failure,140,169,FAILURE,63.67701666666666,3.251018543275664,55.5924,67.8753,0.09053933259176591,6.6231,0.42655907758089795,5.8576,7.4601,-0.00430402669632939,3.445056666666667,0.45721330082966255,2.3885,4.2082,0.04843721913236923
compressor-0126,failure,150,179,FAILURE,64.18448333333335,3.618307621350377,55.5924,70.1605,0.24408958843158965,6.434776666666667,0.5567482175893236,5.5012,7.4601,-0.04818800889877667,3.744576666666666,0.36790731775211477,2.9625,4.4062,0.02374120133481638
compressor-0126,failure,160,189,FAILURE,66.33230999999999,2.239448451791944,62.2399,71.2601,0.055531368186873056,6.163663333333333,0.46739865388718815,5.4742,7.4601,-0.023464182424916647,4.00344,0.2521553695640844,3.4874,4.4062,0.00656489432703001
compressor-0126,failure,170,199,FAILURE,67.66514666666667,3.117088368091109,62.2399,74.1365,0.17137650723025402,6.026856666666666,0.24980357441175438,5.4742,6.4163,0.010676863181312415,4.171446666666667,0.3373365735022252,3.4874,4.8906,0.022938731924360318
compressor-0126,failure,180,209,FAILURE,69.02011666666665,2.5759643847283464,64.7653,74.1365,0.145858398220243,5.907913333333334,0.36793967597359706,5.1208,6.4163,-0.023076929922135943,4.280196666666667,0.2392663083725375,3.8237,4.8906,0.003293192436039894
compressor-0126,failure,190,219,FAILURE,68.99270666666666,2.511406496359273,64.1631,74.1365,-0.054089254727476346,5.749086666666667,0.33743924266286646,5.1208,6.4163,-0.025485027808676373,4.376453333333333,0.21774591268009805,3.8751,4.8906,-0.004094994438264897
compressor-0126,failure,200,229,FAILURE,69.47658333333332,2.060925104750022,64.1631,73.2234,0.07404353726362492,5.54679,0.22606112941709672,5.1208,5.9576,-0.00352740823136826,4.349313333333333,0.18584380131951908,3.8751,4.636,0.0046305672969966195
compressor-0126,failure,210,239,FAILURE,71.0816,3.37528785271222,64.1631,77.3021,0.3344129922135694,5.421273333333333,0.37388160597826814,4.5051,5.9509,-0.025833014460511786,4.4487,0.22186821764281617,4.0272,5.1325,0.0019242714126806349
compressor-0126,failure,220,249,FAILURE,72.54885666666668,2.295534703532539,68.3676,77.3021,0.03099624026696137,5.1406,0.46416019145692944,4.2629,5.9509,-0.03783408231368194,4.715956666666667,0.4502679163071199,4.0272,5.6829,0.037668720800889795
compressor-0127,failure,0,29,DEGRADATION,52.95948999999999,1.7672170712450688,49.1443,55.4344,-0.1540110122358184,7.952896666666667,0.3440847070934068,7.3213,8.617,-0.03013866518353747,1.2919200000000002,0.1385817000905964,1.0187,1.5497,0.00026829810900996114
compressor-0127,failure,10,39,DEGRADATION,53.30511,2.3416143678169266,49.1443,59.0267,0.07497105672969848,7.795676666666667,0.20512963491953617,7.3213,8.2084,0.0002593770856506224,1.39731,0.21666242459949842,1.0187,1.7875,0.018023248053392636
compressor-0127,failure,20,49,DEGRADATION,54.85523666666667,3.5206747052691787,49.1443,59.6545,0.3589874749721908,7.73302,0.2408977451119043,7.1157,8.1054,-0.0050828921023360245,1.5464500000000003,0.22474989618091784,1.0187,1.8689,0.01868780867630697
compressor-0127,failure,30,59,DEGRADATION,56.871430000000004,1.9741798802118646,53.2695,59.6545,0.08253644048943161,7.457006666666667,0.4744975468382903,6.6642,8.1054,-0.04844769744160186,1.7634666666666667,0.19455216152887012,1.3453,2.2122,0.014571345939933216
compressor-0127,failure,40,69,DEGRADATION,57.91494666666666,1.4828144048246745,55.2331,60.9694,0.0010489432702982934,7.234640000000001,0.3775250981502202,6.6642,8.1054,-0.023177575083426123,1.9926433333333333,0.2941549395396167,1.3453,2.5547,0.028426051167964355
compressor-0127,failure,50,79,FAILURE,58.61675666666667,2.2696373733386475,55.2331,64.3411,0.1734637374860944,6.951646666666667,0.2546532252997309,6.2144,7.3907,-0.0036280311457176423,2.29956,0.31835683082562144,1.7811,2.8403,0.030602892102335855
compressor-0127,failure,60,89,FAILURE,60.062343333333345,2.2078721316663454,55.2331,64.3411,0.12233350389321371,6.833236666666667,0.3376000468832247,6.2144,7.3907,-0.030028097886540733,2.5233833333333338,0.24567081102338736,1.9827,2.9026,0.016447986651835382
compressor-0127,failure,70,99,FAILURE,61.156576666666666,1.7398010370314063,56.8321,64.3411,0.020379243604003415,6.680046666666667,0.23950960138490388,6.2144,7.183,-0.0018963737486096647,2.5947866666666664,0.1927205883022246,2.1602,2.9026,-0.004327030033370456
compressor-0127,failure,80,109,FAILURE,61.289370000000005,1.259178291360415,58.5642,63.7261,-0.012894705228033224,6.595516666666667,0.2778225873746689,5.9154,7.0617,-0.003399043381535066,2.70869,0.25916902894957694,2.1934,3.2247,0.017199265850945444
compressor-0127,failure,90,119,FAILURE,61.94982333333334,1.2982117186559199,58.5642,64.5798,0.07470716351501458,6.3409900000000015,0.5187976075182563,5.0927,7.0617,-0.04729194660734163,3.02384,0.5076082351577839,2.3885,4.224,0.051301935483870895
compressor-0127,failure,100,129,FAILURE,63.62333666666666,2.7254917115367556,60.1112,70.5873,0.2820232480533918,6.17094,0.4443980787537227,5.0927,7.0611,-0.01856756395995557,3.4578533333333334,0.45753127815362404,2.5892,4.224,0.04533312569521682
compressor-0127,failure,110,139,FAILURE,66.64394999999999,3.289991692871984,61.8341,72.8029,0.3353645606229132,6.035363333333334,0.32550362464273047,5.0927,6.5742,0.017789477196885416,3.6764033333333335,0.28376739122426,2.7663,4.224,0.006194015572858605
compressor-0127,failure,120,149,FAILURE,68.91994666666668,2.395931348033346,63.0851,72.8029,0.17189308120133348,6.046916666666665,0.32540665951322434,5.1828,6.5742,-0.02335704115684105,3.827653333333333,0.23207382551440153,3.4281,4.3227,0.0075462513904337595
compressor-0127,failure,130,159,FAILURE,70.44458666666667,2.203508248942026,66.3168,76.6717,0.08035670745272333,5.752273333333334,0.4329959221773598,5.037,6.5419,-0.032943403781980025,3.9050633333333327,0.2687609067347573,3.4281,4.4322,0.01822502780867628
compressor-0127,failure,140,169,FAILURE,72.73798666666667,3.994433363464154,66.3168,81.6942,0.33943030033370286,5.522556666666668,0.3671883882362779,5.037,6.3989,-0.01853301446051195,4.21904,0.32405617887438387,3.7716,4.9354,0.023919199110122233
compressor-0127,failure,150,179,FAILURE,73.72286333333335,3.4907521210080534,66.3168,81.6942,0.09824874304782946,5.053839999999998,0.5576957824238349,3.9646,5.9242,-0.045211434927697594,4.387606666666667,0.3583572220874336,3.7716,5.2734,0.020615973303670633
compressor-0128,failure,0,29,DEGRADATION,52.044463333333326,2.171164148175403,47.7842,56.0342,-0.11420994438264785,7.8911999999999995,0.3080486509195153,7.4525,8.3668,-0.026698331479421814,1.3709966666666669,0.2790301363453218,0.9486,1.8517,-0.01787281423804232
compressor-0128,failure,10,39,DEGRADATION,52.087876666666666,2.3556772231757237,47.7842,56.121,-0.037481624026697836,7.726403333333332,0.17868823964908528,7.4525,8.1576,-0.002646340378198219,1.4558666666666666,0.36119645101000397,0.9486,2.076,0.027090901001112336
compressor-0128,failure,20,49,DEGRADATION,53.32136,3.5416362519415614,47.7842,59.2832,0.36615617352613905,7.6957466666666665,0.13279784067856262,7.3804,7.909,-0.0048005339265852634,1.6305100000000001,0.3587422411239951,0.9857,2.105,0.032864894327030034
compressor-0128,failure,30,59,DEGRADATION,54.92226333333334,2.5598143303090475,49.8037,59.2832,0.11538649610678424,7.554843333333333,0.2366800987033389,7.1245,7.8818,-0.021654883203559676,1.9852899999999998,0.28522663544393373,1.6076,2.7395,0.02311348164627362
compressor-0128,failure,40,69,DEGRADATION,57.60348666666666,3.0264529706939483,52.51,64.9707,0.17034384872080002,7.49138,0.20791056314354658,7.1245,7.8441,-0.00406869855394893,2.2299933333333333,0.37997248227850516,1.6076,2.7507,0.040242269187986617
compressor-0128,failure,50,79,FAILURE,59.40509999999999,4.0069332967578415,52.51,66.9964,0.4097639154616229,7.312256666666667,0.24366447926514767,6.6617,7.7366,-0.009683314794216046,2.418146666666667,0.2544186585575481,1.8949,2.7507,0.00845935483870962
compressor-0128,failure,60,89,FAILURE,61.63216333333333,2.397423594539678,57.1546,66.9964,0.0769899221357046,7.153949999999999,0.3665031166306777,6.4532,7.7366,-0.03537506117908815,2.5881199999999995,0.2283040420141527,1.8949,3.0037,0.007116484983314763
compressor-0128,failure,70,99,FAILURE,61.58413666666668,2.4156105147537517,57.1546,66.9964,-0.09602129032258255,7.017313333333333,0.24562069637733897,6.4532,7.4633,0.0006466295884313925,2.66953,0.2920104326332651,1.8949,3.4815,0.022071568409343663
compressor-0128,failure,80,109,FAILURE,63.39021,4.230550812628698,57.1546,71.9081,0.3345704338153501,6.857429999999998,0.2847189891220231,6.3508,7.3662,-0.007588142380422849,3.0615066666666664,0.40674973381129037,2.4562,3.7963,0.03731127919911009
compressor-0128,failure,90,119,FAILURE,65.13212333333334,3.9329572131483403,57.7985,71.9081,0.2750130589543925,6.585203333333333,0.506382586248338,5.6159,7.3662,-0.05182703003337056,3.3209066666666662,0.3873848714421127,2.5875,3.7963,0.03217557285873183
compressor-0128,failure,100,129,FAILURE,68.01116,2.0626819469806783,64.6178,71.9081,0.038596840934370095,6.21002,0.36100771127498094,5.6159,6.8863,-0.027859799777530697,3.6395166666666667,0.21345544278737794,3.2154,4.0686,0.012194549499443763
compressor-0128,failure,110,139,FAILURE,68.50847,2.1557102500336174,64.6178,72.8779,0.1545772413793091,5.9021300000000005,0.2734803821727133,5.2538,6.3925,-0.013834505005561859,3.8727000000000005,0.3502789041130891,3.2154,4.5397,0.030096774193548358
compressor-0128,failure,120,149,FAILURE,69.46679,1.6076400188578708,65.9831,72.8779,0.00844233592880846,5.726706666666667,0.3430497426839955,5.0039,6.3925,-0.029286763070078044,3.9861899999999997,0.2668940255981763,3.4701,4.5397,0.0042173303670744
compressor-0128,failure,130,159,FAILURE,69.59876333333334,1.9080351323605713,65.9999,75.3961,0.02469190211345904,5.477786666666668,0.27995744168633124,5.0039,6.0651,-0.019447163515016876,4.279983333333333,0.39086719576119744,3.6386,5.0833,0.020650567296996596
compressor-0128,failure,140,169,FAILURE,72.26433,4.323930985816031,65.9999,79.8826,0.3842372191323685,5.28235,0.2612963129603375,4.8192,5.91,-0.019728565072302646,4.5019599999999995,0.4860626040611093,3.6386,5.219,0.04797325917686311
compressor-0129,healthy,0,29,NORMAL,52.716086666666676,2.094461611923747,48.0969,55.5652,-0.14677699666296012,7.939796666666666,0.2008876211273911,7.6413,8.3438,-0.017598776418242593,1.4088566666666666,0.16021413521353922,1.0324,1.6084,-0.007622892102335981
compressor-0129,healthy,10,39,NORMAL,52.4719,1.9764189483339132,48.0969,55.1102,-0.05170211345940051,7.929270000000001,0.2069948810156104,7.6413,8.3399,0.013212614015572822,1.3795866666666672,0.1525302412274002,1.0324,1.6184,0.005252413793103433
compressor-0129,healthy,20,49,NORMAL,52.344043333333325,1.8527006650982654,48.0969,54.9738,0.14281345939933104,7.982250000000001,0.2098069076555871,7.6361,8.3399,0.009425116796440229,1.4323400000000004,0.11116977586856361,1.2306,1.7278,0.00026838709677415795
compressor-0129,healthy,30,59,NORMAL,52.15924666666667,1.975732569577393,48.8784,54.9738,-0.13077730812013508,7.910806666666667,0.27884303103279384,7.4574,8.3399,-0.023374371523915628,1.3757433333333333,0.15666477945671842,1.0881,1.7278,-0.00912411568409347
compressor-0129,healthy,40,69,NORMAL,51.91516,1.9308889242349838,48.8784,54.5091,-0.05456400444938961,7.839923333333334,0.2254764107149325,7.4574,8.246,-0.004406651835372834,1.3176799999999997,0.14927479001269214,1.0328,1.7278,-0.005659488320355979
compressor-0129,healthy,50,79,NORMAL,51.946749999999994,2.087498597005517,48.8784,55.5154,0.17114916573970965,7.820570000000001,0.19126510772572547,7.4574,8.097,0.017445228031145576,1.2679599999999998,0.10510271357105867,1.0328,1.5147,0.00360725250278085
compressor-0129,healthy,60,89,NORMAL,52.48964666666667,1.5487680673647977,49.8461,55.5154,-0.02651733036707678,7.933303333333332,0.10130032735496085,7.6618,8.097,0.0017735038932144684,1.2876133333333333,0.07952492579199445,1.0328,1.41,0.00105139043381533
compressor-0129,healthy,70,99,NORMAL,52.514929999999985,1.3936225192282168,50.503,55.5154,-0.06584776418242728,7.944623333333334,0.12147200413629837,7.642,8.3126,0.0011509010011122353,1.383056666666667,0.18659931883286415,1.1814,1.9348,0.01188358175750831
compressor-0129,healthy,80,109,NORMAL,52.98169333333333,2.0169056416423876,50.503,58.9883,0.1799006006674074,7.9692066666666665,0.12434604117363586,7.642,8.3126,0.004525428253614851,1.4464833333333333,0.18618113417374552,1.1814,1.9348,0.005678954393770824
compressor-0129,healthy,90,119,NORMAL,52.64028333333332,2.3642783660253626,48.6913,58.9883,-0.07136255839822057,7.93763,0.14625324418054228,7.642,8.3126,-0.004320111234705361,1.4524199999999996,0.1837504601354783,1.1455,1.9348,-0.01299141268075646
compressor-0129,healthy,100,129,NORMAL,52.591440000000006,2.510855187461037,48.6913,58.9883,-0.11317130144605222,7.9338999999999995,0.12704533049270247,7.6693,8.2029,-0.0025351724137932454,1.3598066666666668,0.12426837337883773,1.1455,1.65,-0.010363114571746398
compressor-0129,healthy,110,139,NORMAL,52.47413000000001,2.1826150754160323,48.6913,56.3793,0.20136785317018804,7.974106666666666,0.17490685889606755,7.6693,8.417,0.01380778642936584,1.2965300000000002,0.11100124668969562,1.0918,1.5035,-0.0038146162402669975
compressor-0129,healthy,120,149,NORMAL,53.20143333333333,1.6869980174525663,49.8452,56.3793,0.029707719688541752,7.978626666666667,0.1677207002396808,7.6896,8.417,-0.004587675194660859,1.3216799999999997,0.13626894094644848,1.0918,1.6044,0.004362046718576168
compressor-0129,healthy,130,159,NORMAL,52.82123999999999,2.132060646823475,48.2747,56.8392,-0.15990229143492815,8.019583333333333,0.1837301101858072,7.6896,8.417,-0.003147875417130239,1.4182566666666667,0.1769431013694013,1.0918,1.7188,0.012772747497219114
compressor-0129,healthy,140,169,NORMAL,52.672176666666665,2.0242662874373907,48.2747,56.8392,0.08684785317018764,8.011016666666666,0.19367560349431948,7.6896,8.3737,0.011950367074527055,1.4687133333333335,0.12680761210940333,1.1645,1.7188,0.0029501668520578116
compressor-0129,healthy,150,179,NORMAL,52.45143333333332,2.0442150110875215,48.2747,56.8392,0.05518527252502619,7.996336666666665,0.2141883586679931,7.624,8.3737,-0.013416484983315005,1.366816666666667,0.2211400326841695,0.9263,1.7188,-0.022905339265851005
compressor-0130,failure,0,29,DEGRADATION,53.5731,1.6942905587098493,51.0254,57.4952,-0.07367919911012327,8.129426666666667,0.17865588139088953,7.7477,8.465,-0.002087119021134735,1.3484566666666669,0.19227476118536432,0.9761,1.5882,-0.006138353726362638
compressor-0130,failure,10,39,DEGRADATION,54.93767999999999,2.770207866015353,51.0254,60.6524,0.11979523915461528,8.085746666666669,0.13302202006518402,7.9091,8.465,-0.00985165739710816,1.421363333333333,0.2619189639097474,0.9761,1.8471,0.022196774193548364
compressor-0130,failure,20,49,DEGRADATION,56.459300000000006,3.4678493595695112,51.0254,61.3293,0.34957632925472737,7.888586666666667,0.25458436418776564,7.3571,8.1859,-0.02184200222469429,1.6130933333333333,0.24673958597859583,0.9937,1.9117,0.02430923248053388
compressor-0130,failure,30,59,DEGRADATION,57.77174,2.0495944176999186,53.2716,61.3293,-0.06654424916574041,7.643936666666667,0.3321124202067059,7.0893,8.1859,-0.03393087875417151,1.7954833333333338,0.15138281294636965,1.4934,2.3464,0.010016974416017765
compressor-0130,failure,40,69,DEGRADATION,58.6065,2.3829276356336684,53.6905,62.4735,0.05824431590656175,7.44358,0.214062060160132,7.0893,8.1847,-0.012518709677419436,2.02759,0.3017114475234022,1.5823,2.5728,0.028366206896551695
compressor-0130,failure,50,79,FAILURE,59.3642,2.8958973196575872,53.6905,63.5578,0.2948622469410436,7.26307,0.21992403256579307,6.6448,7.5663,-0.013900622914349521,2.1968633333333334,0.30008243032355114,1.7261,2.668,0.019969766407118977
compressor-0130,failure,60,89,FAILURE,61.4465,1.7569465150273265,56.4168,65.8264,0.12132867630700596,7.05109,0.3788424204952062,6.113,7.5663,-0.035760823136818845,2.2251899999999996,0.299675316912599,1.4739,2.668,-0.015772258064516154
compressor-0130,failure,70,99,FAILURE,61.53515333333334,1.7556033353680889,57.7684,65.8264,-0.05661775305895543,6.971493333333334,0.33068085715518647,6.113,7.4623,0.0020540600667406004,2.316053333333334,0.36506472643750304,1.4739,2.9889,0.01803341490545047
compressor-0130,failure,80,109,FAILURE,61.87657333333334,1.8270681610955,57.7684,65.8264,0.01850629588431381,6.982753333333332,0.35846686479444023,6.113,7.5805,0.016310656284760704,2.53473,0.4657086815810932,1.4739,3.3377,0.04813426028921021
compressor-0130,failure,90,119,FAILURE,62.648170000000015,2.334747924744768,57.7684,66.8956,0.16880051167964272,6.93267,0.3739913823873484,6.2731,7.5805,-0.02976451612903245,2.796483333333333,0.22261870853297322,2.4409,3.3377,0.005637219132369197
compressor-0130,failure,100,129,FAILURE,63.93369,1.9343692836598356,61.2008,68.9683,0.09947873192435976,6.674453333333333,0.3881293751086385,6.1558,7.5805,-0.03271572858731948,2.907363333333332,0.21707000020474707,2.4409,3.3377,0.0014587096774193178
compressor-0130,failure,110,139,FAILURE,66.54498333333332,3.5502797359347467,61.2008,73.5213,0.30968286985539456,6.362790000000002,0.22433219913036717,5.8531,6.7807,-0.015135773081201521,2.97377,0.25155458539516495,2.4409,3.4552,0.019478242491657326
compressor-0130,failure,120,149,FAILURE,68.96112333333332,3.795045131104797,61.4265,74.2504,0.36055196885428076,6.133343333333332,0.3159264847854465,5.2886,6.6337,-0.0228338375973305,3.169993333333333,0.2129537366555364,2.604,3.5545,0.015820867630700768
compressor-0130,failure,130,159,FAILURE,70.82887,1.6611131288285768,68.4638,74.2504,-0.018360778642938672,5.865520000000002,0.34281451777892946,5.2099,6.4599,-0.026032035595105772,3.545173333333333,0.49988794273205756,2.9478,4.7114,0.048528186874304775
compressor-0130,failure,140,169,FAILURE,71.82831000000002,2.0660559074962124,68.4638,75.8724,0.09965519466073172,5.784886666666666,0.3227365527622938,5.2099,6.4523,0.005996529477196795,3.99265,0.5709150460736986,2.9783,5.0213,0.05635766407119016
compressor-0130,failure,150,179,FAILURE,72.04702666666667,2.3001987272021127,68.4638,76.125,0.09649321468298061,5.483186666666667,0.49845769846152,4.4274,6.4523,-0.03147007786429384,4.394186666666667,0.36859775703182046,3.5584,5.0213,0.022783804226918773
compressor-0130,failure,160,189,FAILURE,73.41282666666666,1.9536711848779018,69.8289,76.3058,0.012230834260287517,5.270909999999999,0.5534222573225619,4.4274,6.4523,-0.04196002224694121,4.610093333333333,0.28429867619967714,4.0899,5.1586,0.014111145717463728
compressor-0131,healthy,0,29,NORMAL,52.39081,1.8571782182206784,49.6042,56.1666,-0.003934927697443076,7.953896666666667,0.19088618857551984,7.522,8.3223,-0.013458309232480613,1.5155566666666667,0.11546815631256188,1.2635,1.7082,-0.0018773971078977015
compressor-0131,healthy,10,39,NORMAL,53.00916333333334,1.7180397726252508,49.6042,56.1666,-0.049570745272526036,7.957086666666666,0.1903431317968218,7.522,8.2467,0.010729299221356866,1.5573200000000005,0.12286549664843528,1.2635,1.8858,0.0030641601779754905
compressor-0131,healthy,20,49,NORMAL,52.3483,1.5137790021444129,49.6042,54.5592,0.0501731701890979,8.003196666666668,0.18016708815861898,7.6775,8.3391,0.00602129032258037,1.5748066666666665,0.13538478480078753,1.2635,1.8858,0.00458149054505
compressor-0131,healthy,30,59,NORMAL,52.094863333333336,1.6711364230134604,49.1392,54.5592,-0.14322760845383917,7.9510266666666665,0.2335704332506341,7.5735,8.3391,-0.023237552836485202,1.6128366666666665,0.10233777889366606,1.4534,1.8858,-0.0027091657397108108
compressor-0131,healthy,40,69,NORMAL,51.76614333333334,1.425828676871415,49.1392,54.5547,-0.015130967741936709,7.809103333333334,0.21940592590498154,7.5096,8.3391,-0.015157530589544093,1.6011166666666665,0.09297384966872256,1.4534,1.7718,-0.0025408898776418626
compressor-0131,healthy,50,79,NORMAL,51.672880000000006,1.2736140850351807,49.1392,54.3755,0.08151208008898717,7.794563333333333,0.18146357482670977,7.5096,8.1549,0.011088654060066667,1.5792600000000003,0.12217655694390257,1.1499,1.7667,-0.00437904338153505
compressor-0131,healthy,60,89,NORMAL,51.30745,1.7160390162134047,47.7322,54.3755,-0.14933546162402767,7.798973333333333,0.17241795523926415,7.5096,8.1549,-0.0002733259176864002,1.5231566666666667,0.1395825244155665,1.1499,1.751,-0.008249721913236984
compressor-0131,healthy,70,99,NORMAL,51.38201666666666,1.9645852139121438,47.7322,54.801,0.016154015572856954,7.8830800000000005,0.1565954307549659,7.5962,8.1549,-0.0005166629588433416,1.6010533333333334,0.22538244790183248,1.1499,2.0293,0.012732814238042229
compressor-0131,healthy,80,109,NORMAL,51.83468333333334,2.234469865998545,47.7322,55.5816,0.20780714126807395,7.878903333333335,0.15691592118782022,7.5962,8.187,0.011046607341490433,1.59156,0.22610231695702132,1.2033,2.0293,0.0042372858731924085
compressor-0131,healthy,90,119,NORMAL,52.66066,1.4118770290172824,50.0162,55.5816,-0.025341802002225165,7.929793333333334,0.1279747603587866,7.5612,8.187,-0.004996618464961239,1.602066666666667,0.22074719376598104,1.2033,2.0293,-0.01761388209121251
compressor-0131,healthy,100,129,NORMAL,52.40018333333333,1.3399874477231333,49.6341,55.5816,-0.0806947497219144,7.95867,0.13575921122831155,7.5612,8.187,0.004289677419354753,1.5687133333333334,0.18787745781640636,1.2033,1.9581,0.008199065628476065
compressor-0131,healthy,110,139,NORMAL,52.03603,1.0217604977521237,49.6341,53.9889,0.04245483870967593,7.970276666666666,0.15888950811456648,7.5612,8.3332,0.004908943270300261,1.4907933333333332,0.24752378193260988,0.9571,1.9581,-0.009339799777530643
compressor-0131,healthy,120,149,NORMAL,51.73163333333333,1.4105606911989133,48.5653,53.9889,-0.03951301446051224,7.914463333333332,0.21278216636321343,7.423,8.3332,-0.01905959955506132,1.4907833333333333,0.26138955613328463,0.9571,1.9581,-0.01131205784204676
compressor-0131,healthy,130,159,NORMAL,51.65255666666667,1.2677727416440046,48.5653,53.8011,-0.04453857619577469,7.834239999999999,0.24400029316922278,7.3552,8.3332,-0.0077688542825363775,1.4495533333333332,0.20987742729719386,0.9571,1.6769,0.013776017797552819
compressor-0132,healthy,0,29,NORMAL,53.02353333333335,1.37495462696855,50.7426,55.5016,-0.039410767519467725,8.069113333333332,0.24036344388353975,7.6271,8.4887,-0.018586918798665367,1.6456233333333334,0.16484140597016947,1.2704,1.9292,-0.00817750834260294
compressor-0132,healthy,10,39,NORMAL,52.97493666666666,1.1007037005126417,50.7426,54.8156,-0.008262135706342598,8.043243333333333,0.25040981834229703,7.6271,8.497,0.006970433815350216,1.6229433333333332,0.15221975711304875,1.2704,1.9543,0.006122246941045537
compressor-0132,healthy,20,49,NORMAL,53.38971333333333,1.3512217315534196,50.7426,56.8217,0.0754247830923231,8.06681,0.241896355698055,7.6271,8.497,0.013008075639599402,1.6361066666666668,0.13339845809537013,1.4273,1.9543,0.001638620689655129
compressor-0132,healthy,30,59,NORMAL,52.96404333333333,1.6870432169298117,49.4463,56.8217,-0.08252447163515222,8.085093333333335,0.22560393751488952,7.7235,8.497,-0.0108212680756398,1.6426933333333333,0.12065352304107087,1.4662,1.9543,-0.004191457174638559
compressor-0132,healthy,40,69,NORMAL,53.4245,2.0699374959967587,49.4463,57.1927,0.024479377085649533,8.13012,0.22963692269900035,7.7235,8.5572,0.009169165739710656,1.6209966666666666,0.12196134492352713,1.4183,1.9378,0.0014872747497218725
compressor-0132,healthy,50,79,NORMAL,53.55268666666667,2.2183057753960687,49.4463,57.1927,0.16991403781979833,8.133429999999999,0.22289182002337657,7.7235,8.5572,0.010335328142380166,1.6748966666666667,0.12713200877652944,1.4183,1.9229,0.008012925472747475
compressor-0132,healthy,60,89,NORMAL,53.26688333333334,2.556676477914682,49.1187,57.1927,-0.198784137931036,8.095436666666668,0.26043275585498493,7.5655,8.5572,-0.024773726362625197,1.69226,0.1317813077286254,1.4183,1.9229,0.002502513904338097
compressor-0132,healthy,70,99,NORMAL,52.18588666666666,2.2833801839573034,49.1187,56.6746,-0.17739617352614195,8.041986666666666,0.22709742070065192,7.5655,8.498,-3.0077864293940277e-05,1.7322199999999996,0.1018547835564601,1.5077,1.8705,-0.0003583092324805822
compressor-0132,healthy,80,109,NORMAL,51.96330333333334,1.8921204345889002,49.1187,55.6045,0.16483753058954287,8.049363333333334,0.22060540108730092,7.5655,8.4027,0.015458398220244482,1.6955600000000002,0.1360151991506832,1.3457,1.8867,-0.0007575083426029434
compressor-0132,healthy,90,119,NORMAL,51.73816,2.190036163263063,47.6466,55.6045,-0.08024436040044622,8.114846666666669,0.15812270073866336,7.811,8.4027,-0.006911145717463999,1.6180233333333331,0.18437985552175223,1.3306,1.8867,-0.015413147942158008
compressor-0132,healthy,100,129,NORMAL,51.76186666666667,2.4697122545394277,47.6466,55.6045,-0.10701094549499603,8.097676666666668,0.1612106048689794,7.731,8.4027,-0.0006561735261403169,1.58259,0.1796139904536021,1.3306,1.8867,0.0003765739710789308
compressor-0132,healthy,110,139,NORMAL,51.83077333333333,2.5273488604904193,47.6466,55.6118,0.22855252502780726,8.0991,0.15461454006657974,7.731,8.3882,0.008976017797552681,1.5899866666666669,0.1681461779391835,1.3306,1.8983,0.01288582869855391
compressor-0132,healthy,120,149,NORMAL,52.30726666666667,2.064468516645924,48.1488,55.6118,0.008507274749720567,8.141716666666666,0.13374509606793894,7.731,8.3882,0.002014660734148941,1.6189233333333333,0.15580798799234338,1.3524,1.8983,-0.004212614015572877
compressor-0132,healthy,130,159,NORMAL,52.10350333333334,1.9112999639832104,49.3268,55.6118,-0.15025385984427325,8.119953333333333,0.11377311262137269,7.8564,8.3357,-0.0048112124582871275,1.6277433333333335,0.1632869328989787,1.3524,1.9298,0.0008872302558398044
compressor-0132,healthy,140,169,NORMAL,52.20595666666667,1.98888745997745,49.3268,55.6877,0.15602249165739634,8.162460000000001,0.15220391935382832,7.8564,8.5427,0.006872436040044436,1.6593766666666665,0.1923084461368131,1.3524,2.1108,0.012245761957730781
compressor-0132,healthy,150,179,NORMAL,52.70816666666666,1.9486630778276903,49.3268,55.6877,0.0731518576195761,8.051473333333334,0.2398797072608593,7.6154,8.5427,-0.011936240266963499,1.68085,0.17265476680358408,1.4011,2.1108,-0.003729010011123495
compressor-0132,healthy,160,189,NORMAL,52.60748333333335,2.117655828832647,48.9634,55.6877,-0.18469657397107997,8.099126666666667,0.2557457199815647,7.6154,8.5427,-0.0041109232480536105,1.7247,0.16660532404458148,1.4011,2.1108,0.0010175305895439124
compressor-0132,healthy,170,199,NORMAL,52.59264666666666,2.1094344943188497,48.9634,55.8269,0.09086789766407037,8.06109,0.23531254443115995,7.6154,8.3955,0.016960467185761757,1.6617733333333333,0.16819349558040453,1.2939,2.0367,6.776418242490558e-05
compressor-0132,healthy,180,209,NORMAL,53.02517333333333,2.1608936657369844,48.9634,56.1083,0.15692525027808538,8.13502,0.15628128572118496,7.8672,8.3955,-0.00784560622914369,1.5681700000000005,0.24245992541723949,1.1897,2.0367,-0.02491321468298113
compressor-0132,healthy,190,219,NORMAL,53.434623333333334,1.558333538684479,50.4278,56.1083,-0.13158129032258173,8.109816666666669,0.1852330263628912,7.7592,8.4617,-0.0012725027808678665,1.517306666666667,0.20484812737462083,1.1897,1.8876,0.0021570189098998444
compressor-0133,failure,0,29,NORMAL,50.81357000000001,2.1187266356863184,47.5615,53.8605,-0.19034729699666494,8.04101,0.3484030437582312,7.5749,8.6349,-0.032653726362625375,1.4447100000000004,0.13425118087624655,1.2236,1.6669,-0.004676952169076796
compressor-0133,failure,10,39,DEGRADATION,50.318889999999996,1.952241404702126,47.5615,53.8605,-0.05552015572858832,7.959513333333334,0.24736585689127655,7.5749,8.4744,0.011120088987764067,1.4854799999999997,0.1566437239938666,1.2236,1.7312,0.006905183537263557
compressor-0133,failure,20,49,DEGRADATION,50.87380666666666,2.3329288148781755,47.5615,54.5306,0.2518657174638482,7.893730000000001,0.24659019871032994,7.5354,8.3538,-0.0007410678531704166,1.551666666666667,0.14994170052242153,1.2236,1.8524,0.010372191323692957
compressor-0133,failure,30,59,DEGRADATION,52.18923,1.5715783892104565,49.1199,54.5306,0.06054057842046711,7.756843333333334,0.3793364097854158,7.0701,8.3538,-0.04176647385984442,1.7206666666666666,0.2039506040414906,1.4576,2.3122,0.01428827586206893
compressor-0133,failure,40,69,DEGRADATION,53.705556666666666,1.8365659562860488,50.5891,58.4225,0.09311397107897548,7.622813333333334,0.24098729528522636,7.0701,7.9327,0.002434972191323618,1.9484933333333332,0.31510983263335696,1.4775,2.4565,0.031861890989988845
compressor-0133,failure,50,79,DEGRADATION,54.93006666666666,2.500620890143531,50.5891,58.6486,0.22410100111234585,7.601106666666667,0.2802700411309699,7.0701,8.1072,0.01127777530589523,2.12599,0.23112650987428224,1.5783,2.4565,0.014766918798665173
compressor-0133,failure,60,89,DEGRADATION,56.02554999999999,1.5373810433656325,53.1573,58.6486,0.022361001112344833,7.46032,0.4387892595160765,6.668,8.1072,-0.04382086763070086,2.29656,0.1930948585540278,1.9851,2.803,0.008399021134593941
compressor-0133,failure,70,99,DEGRADATION,56.91872666666668,1.545224060761272,54.2196,60.4428,0.04871586206896481,7.272266666666666,0.36268405289207617,6.668,8.1072,-0.02232204671857629,2.4665866666666667,0.31989428851141155,1.9851,3.0961,0.03225170189098992
compressor-0133,failure,80,109,FAILURE,57.92371,2.3954228391316077,54.2196,62.1883,0.20721915461623946,6.9972900000000005,0.2707435346719598,6.3252,7.4701,-0.0070775305895439955,2.702669999999999,0.27819325075685547,2.0604,3.237,0.022131546162402635
compressor-0133,failure,90,119,FAILURE,59.05569666666667,1.8162697966773063,56.0215,62.1883,0.03207535038932082,6.974576666666665,0.2928376805027355,6.3252,7.4701,-0.021610967741935754,2.6921666666666666,0.29870707427548854,1.9821,3.237,-0.018433993325917754
compressor-0133,failure,100,129,FAILURE,60.62402666666666,2.3076358252452995,56.535,64.901,0.10716529477196779,6.893506666666667,0.2362979093338651,6.3252,7.2498,0.004505895439376931,2.779106666666667,0.4013403600713766,1.9821,3.6115,0.012326629588431566
compressor-0133,failure,110,139,FAILURE,61.91002000000001,2.6756404588309937,56.535,65.832,0.255066696329253,6.845,0.20147162579380745,6.4717,7.2191,-0.006915194660734359,2.8846966666666662,0.45860731312916886,1.9821,3.7044,0.042451056729699656
compressor-0133,failure,120,149,FAILURE,62.68618333333334,1.8685621821930947,58.3504,65.832,-0.04508620689655356,6.735119999999999,0.31034750995188165,5.8951,7.2191,-0.025958042269188245,3.202773333333333,0.2922819608224603,2.5785,3.7044,0.01840716351501666
compressor-0133,failure,130,159,FAILURE,62.95435666666667,1.9149776287088986,58.3504,65.9406,-0.0009563737486100066,6.58761,0.28251806473215124,5.8951,7.0106,-0.009650522803114632,3.3579266666666667,0.23755459152699102,2.8849,3.7747,0.01748956618464952
compressor-0133,failure,140,169,FAILURE,63.14201666666666,2.416942137920467,58.3504,69.0976,0.15777274749721779,6.496576666666666,0.2927432341186081,5.8951,6.9975,-0.009444026696329395,3.4790033333333334,0.1854541281707031,3.0091,3.9529,0.009532035595105619
compressor-0133,failure,150,179,FAILURE,63.81317333333333,2.280295828166941,59.393,69.0976,-0.0004273637374885065,6.150376666666667,0.5298636187317974,5.2335,6.8745,-0.049574438264738806,3.403003333333333,0.28507997297054893,2.8395,3.9529,-0.019561223581757593
compressor-0133,failure,160,189,FAILURE,64.07499,2.201067150929294,59.393,69.0976,-0.0037594438264756387,5.820969999999999,0.46298743262281616,5.135,6.6887,-0.03787147942157965,3.6138366666666664,0.5019297357753927,2.8395,4.7558,0.03063339265850938
compressor-0133,failure,170,199,FAILURE,64.78920666666667,2.2012357497450283,60.0653,68.2442,0.19372066740823024,5.596830000000001,0.21351513006498316,5.135,6.038,0.014215995550611699,3.9109599999999998,0.6252279139641799,2.8395,4.7558,0.06087025583982195
compressor-0133,failure,180,209,FAILURE,66.43655666666668,1.8874461411624144,62.823,69.5849,0.19144518353726211,5.59265,0.31612630677204534,4.6904,6.1817,-0.008423381535039007,4.302203333333334,0.27277143848936153,3.7766,4.7558,0.007700266963292426
compressor-0133,failure,190,219,FAILURE,67.81654666666667,1.4818807583008227,64.7737,71.994,0.07327897664070927,5.507373333333334,0.34107560347947624,4.6904,6.1817,-0.02429788654060074,4.315716666666666,0.24403834546143677,3.7876,4.6855,-0.01026832035595121
compressor-0133,failure,200,229,FAILURE,69.04580666666668,1.6894672343539414,66.3723,72.3303,0.08992565072302376,5.440476666666666,0.31437716062434024,4.6904,6.1817,-0.0037241601779756587,4.252199999999999,0.22773312304830257,3.7876,4.6855,-0.00020351501668526166
compressor-0133,failure,210,239,FAILURE,70.38774,2.1746112654296024,66.3723,74.4243,0.15586901001112086,5.368910000000001,0.2540110842069692,4.96,6.0453,-0.004814438264738731,4.3912466666666665,0.3177386984440027,3.7876,5.2256,0.026494460511679543
compressor-0133,failure,220,249,FAILURE,70.96443999999998,1.7455463216616929,67.8126,74.4243,0.01648391546162224,5.315946666666667,0.30393865250883917,4.6911,6.0453,-0.01702215795328164,4.683449999999999,0.40560737070061575,4.0283,5.3943,0.03930169076751942
compressor-0133,failure,230,259,FAILURE,72.85051999999999,2.957891261287339,67.8126,79.6476,0.21661183537263382,5.2273266666666665,0.2828442703837023,4.6911,5.868,0.0012943270300332823,4.908443333333334,0.2919019763360449,4.3843,5.3943,0.011961668520578282
compressor-0134,failure,0,29,NORMAL,54.33172666666666,2.820560459309855,49.9904,61.6116,-0.19599768631813327,8.14041,0.16720708388103658,7.7329,8.3862,-0.012816084538376168,1.567486666666667,0.14287428677765018,1.255,1.8785,-0.005472925472747497
compressor-0134,failure,10,39,DEGRADATION,53.444846666666656,2.009622299294626,49.9904,56.8257,-0.06892013348164804,8.153313333333331,0.19994092082968468,7.7329,8.6458,0.005919377085650514,1.59925,0.2087498291416467,1.255,2.0402,0.012316863181312539
compressor-0134,failure,20,49,DEGRADATION,54.410219999999995,3.03721555566937,49.9904,59.5038,0.31824618464960897,8.048029999999999,0.2566730594225528,7.6017,8.6458,-0.009102847608454083,1.7398166666666668,0.2370668092659864,1.3235,2.2021,0.022804160177975485
compressor-0134,failure,30,59,DEGRADATION,56.199690000000004,2.3901250699980814,51.16,60.5405,0.1534794883203546,7.892963333333333,0.36996151194715127,7.2362,8.6458,-0.037801535038932375,1.9888266666666667,0.28243986018659306,1.4562,2.4983,0.028841868743047793
compressor-0134,failure,40,69,DEGRADATION,57.682930000000006,1.4667717773282476,55.4893,60.5405,0.0001985539488318602,7.651669999999999,0.22407354320996178,7.2362,8.0621,-0.014098887652947945,2.2473400000000003,0.28797921637970103,1.6596,2.7667,0.029879599555061153
compressor-0134,failure,50,79,DEGRADATION,58.32764999999999,1.899258940876678,55.4893,61.0593,0.14581982202446983,7.438193333333333,0.26431267964708427,6.9019,7.9283,-0.019114126807564167,2.4377766666666663,0.18212838088069144,2.0064,2.7667,0.010444338153503853
compressor-0134,failure,60,89,DEGRADATION,58.69756333333333,1.551671396802672,55.4893,61.0593,0.003012124582868645,7.24106,0.3211957768506097,6.8336,7.8784,-0.034598131256952304,2.552013333333333,0.1629759097399231,2.253,2.9686,0.00534727474972183
compressor-0134,failure,70,99,FAILURE,59.79155333333334,2.190563921114582,56.2231,64.0537,0.07146758620689546,7.117649999999999,0.23164719114780272,6.8336,7.5374,-0.0015119688542826843,2.5973600000000006,0.16818360126163706,2.3494,2.9686,0.006980511679643993
compressor-0134,failure,80,109,FAILURE,61.145869999999995,3.1788075050402163,56.2231,66.9488,0.2990944382647365,7.041076666666667,0.24170482229823673,6.6566,7.5374,2.338153503865958e-05,2.6411466666666663,0.16008029596285597,2.3494,2.9686,0.0013772636262513714
compressor-0134,failure,90,119,FAILURE,61.99197666666667,2.6256275848748167,56.7146,66.9488,-0.00027290322580684454,6.92854,0.3474805928393699,6.3255,7.5374,-0.02816898776418258,2.7413766666666666,0.23590007726907503,2.4107,3.2757,0.011003537263626148
compressor-0134,failure,100,129,FAILURE,62.15173666666666,2.544143266600545,57.587,66.9488,-0.0809583314794235,6.819483333333333,0.2696241595052063,6.3255,7.3339,-0.0016157730812014234,3.08227,0.491594751226387,2.4167,3.9769,0.04857781979977744
compressor-0134,failure,110,139,FAILURE,63.75495666666667,4.5087737900441285,57.587,73.171,0.38187299221356885,6.72803,0.23703348448408443,6.3255,7.1973,0.00475917686318122,3.41541,0.4389569510783489,2.4167,4.0981,0.03415419354838701
compressor-0134,failure,120,149,FAILURE,65.11254666666667,3.8763345912286207,59.0143,73.171,0.13244151279198918,6.570326666666667,0.3946610122905761,5.6629,7.1973,-0.036780956618464984,3.71075,0.25511962259562343,2.9645,4.1398,0.005377775305895333
compressor-0134,failure,130,159,FAILURE,66.84099,3.447131324579904,61.838,73.171,-0.057149788654061666,6.358416666666667,0.31768967571445494,5.6629,7.1518,-0.02309968854282552,3.6944899999999996,0.29426930562553294,2.9645,4.4626,0.001326473859844209
compressor-0134,failure,140,169,FAILURE,68.09973333333333,4.212803628648689,62.076,75.1323,0.41915879866518213,6.257786666666666,0.24423662397128099,5.6629,6.7456,0.007532413793103274,3.7533600000000003,0.2666668890832406,3.301,4.4626,0.0010518798665182165
compressor-0134,failure,150,179,FAILURE,69.41746333333334,3.513232508909075,62.076,75.1323,0.10463406006673924,6.054083333333333,0.4554793146297157,5.0538,6.7456,-0.039368520578420656,3.7838700000000003,0.34226582471328726,3.301,4.617,0.01897928809788643
compressor-0134,failure,160,189,FAILURE,70.55116,2.5435703061641526,64.9059,75.1323,-0.08869250278086961,5.7812633333333325,0.5120251513896125,4.8347,6.7456,-0.04965955506117924,3.967296666666667,0.35615879181748256,3.3783,4.617,0.021404427141267973
compressor-0134,failure,170,199,FAILURE,71.59330666666666,3.6636262253795615,64.9059,79.0737,0.34095590656284586,5.552646666666665,0.2912297383319377,4.8347,6.0028,0.005347408231368067,4.229003333333334,0.42002263786874905,3.3783,4.8147,0.03678284760845377
compressor-0134,failure,180,209,FAILURE,72.87897333333333,2.79998092183183,67.3498,79.0737,0.11072916573970969,5.493499999999999,0.29124148514019554,4.8347,6.0028,-0.006733926585094643,4.519146666666667,0.3396159602976411,3.5789,5.1906,0.028346251390433674
compressor-0134,failure,190,219,FAILURE,74.14871666666667,2.3722558656383503,69.4503,79.0737,-0.044512280311459235,5.508069999999999,0.2680289749884019,4.9133,6.0028,-0.009251368186874382,4.793069999999999,0.25640230517684504,4.2351,5.3401,0.01881483870967732
compressor-0135,failure,0,29,NORMAL,52.30114666666667,1.5436391514282803,49.8549,54.5709,-0.13080876529477248,8.00229,0.23119216155974373,7.6632,8.5246,-0.019841935483871188,1.5520499999999997,0.20119971794214822,1.1946,1.8501,-0.004069254727475006
compressor-0135,failure,10,39,DEGRADATION,52.36080333333335,1.662143035257662,49.8549,55.6468,0.04040611790878678,7.886573333333333,0.15211334355962636,7.6632,8.1324,-0.004539176863181591,1.681416666666667,0.35070744891179917,1.1946,2.392,0.035572436040044446
compressor-0135,failure,20,49,DEGRADATION,53.57287999999999,2.587379360330963,49.8549,57.9504,0.28892996662958764,7.753493333333333,0.19304947368197845,7.2487,8.1324,-0.008751056729699747,1.9022366666666668,0.27609327829960334,1.2458,2.392,0.021304760845383738
compressor-0135,failure,30,59,DEGRADATION,55.07617666666666,1.532173496416846,52.1626,57.9504,0.08555299221356931,7.572676666666667,0.30835335864700564,6.987,8.1324,-0.027803225806451864,2.16145,0.25229844463782697,1.7689,2.6906,0.017042914349276923
compressor-0135,failure,40,69,DEGRADATION,56.28915666666668,1.2783252905483633,53.2494,58.4941,0.050854082313681215,7.362019999999999,0.23085017276724448,6.9419,7.8165,-0.017572146829811074,2.3251999999999997,0.30882006087688024,1.7689,2.8001,0.02438963292547266
compressor-0135,failure,50,79,DEGRADATION,57.16777666666666,1.9615469083835062,53.2494,61.5764,0.20179441601779666,7.123666666666666,0.21152751173836032,6.7674,7.404,-0.016039199110122533,2.444973333333334,0.2151780223184721,2.0568,2.8001,-0.00029437152391549034
compressor-0135,failure,60,89,FAILURE,58.075316666666666,1.262729006050872,55.9497,61.5764,0.024301201334815857,7.00734,0.2234732565655227,6.6154,7.404,-0.016156751946607484,2.51279,0.20141742948414373,2.0568,2.8001,0.0006252057842046257
compressor-0135,failure,70,99,FAILURE,58.76820333333333,1.6350373022214375,55.5248,62.3706,0.023482335928808128,6.8447433333333345,0.16417914744435586,6.5079,7.2151,-0.002452391546162617,2.71995,0.41391178991825456,2.0568,3.7218,0.043403092324805284
compressor-0135,failure,80,109,FAILURE,59.21014000000001,1.8362034625098966,55.5248,62.3706,0.1325946607341483,6.677756666666666,0.3460399029816584,5.5531,7.2151,-0.024544938820912278,2.9016933333333332,0.35384039239308,2.393,3.7218,0.019890233592880936
compressor-0135,failure,90,119,FAILURE,60.999266666666664,2.4488873528377915,55.5248,66.651,0.19882749721913154,6.327060000000001,0.46820157453814704,5.5383,7.1403,-0.043134949944382744,3.094793333333333,0.34178950533267627,2.5098,3.7835,0.003995283648498244
compressor-0135,failure,100,129,FAILURE,62.901759999999996,2.552856513346046,59.1419,67.942,0.2291953281423793,6.0802966666666665,0.34078222516570444,5.5383,6.8747,-0.018657374860956717,3.11535,0.31601595924889614,2.5098,3.7835,0.018460622914349144
compressor-0135,failure,110,139,FAILURE,64.71231666666667,2.0880015970752726,59.3954,67.942,0.14055775305895296,6.0545,0.2559394016819867,5.5383,6.6108,0.021046985539488177,3.408606666666667,0.39632691130204906,2.5098,4.1456,0.033762669632925485
compressor-0135,failure,120,149,FAILURE,65.39218999999999,2.0613893900878284,61.196,69.674,-0.022673748609567824,5.946126666666667,0.3682125916128104,5.29,6.6108,-0.022749276974416085,3.70615,0.4080522832105383,2.9842,4.5852,0.041706718576195664
compressor-0135,failure,130,159,FAILURE,66.17461333333334,2.539514396458943,61.196,70.3845,0.05261806451612742,5.906573333333333,0.42525941646116305,5.29,6.8209,-0.022012502780867804,3.939460000000001,0.24275963503020845,3.3773,4.5852,0.011902024471635091
compressor-0135,failure,140,169,FAILURE,68.49356000000002,4.049500235798652,61.196,75.0632,0.33834794215795116,5.843713333333334,0.3892514540613676,5.29,6.8209,0.02378954393770849,4.003819999999999,0.1752269640589979,3.7008,4.5852,-0.002545494994438357
compressor-0135,failure,150,179,FAILURE,70.26057999999999,3.3956293072517014,62.6346,76.0168,0.1308513459399314,5.770083333333334,0.4820058997448983,4.6969,6.8209,-0.035026585094549645,3.9956166666666673,0.19540572336096562,3.679,4.5306,0.005972880978865362
compressor-0135,failure,160,189,FAILURE,70.29889999999999,3.1324712759523696,65.3537,76.0168,-0.2568251390433826,5.513299999999999,0.5252326817706606,4.6631,6.5437,-0.044858375973303805,4.37364,0.5567436157993492,3.679,5.5953,0.05380645161290311
compressor-0135,failure,170,199,FAILURE,71.08357666666666,4.019466422108232,65.3537,79.1777,0.20870622914349016,5.198713333333334,0.2710574167137943,4.6631,5.735,-0.006531879866518378,4.695413333333334,0.5618353060778181,3.679,5.5953,0.04123412680756391
compressor-0136,failure,0,29,DEGRADATION,54.0201,1.6295682690005142,51.0018,57.3636,-0.10503426028921177,8.147893333333334,0.22194724588414144,7.6268,8.5284,-0.01893619577308135,1.622966666666667,0.16089983081270018,1.3828,2.0353,-0.00987959955506123
compressor-0136,failure,10,39,DEGRADATION,54.47065666666667,2.053258653081865,51.0018,59.2949,0.08093728587319096,8.015636666666667,0.2018973146318583,7.6268,8.3893,-0.01615018909899908,1.6592333333333331,0.20051525849393328,1.3828,2.0587,0.016134593993325896
compressor-0136,failure,20,49,DEGRADATION,55.74350333333334,2.7985026318233515,51.0018,60.7135,0.28996260289210013,7.8080733333333345,0.20368753182809754,7.2935,8.1262,-0.01517988876529495,1.7167566666666665,0.20360280070656087,1.3828,2.0587,0.00970467185761956
compressor-0136,failure,30,59,DEGRADATION,57.53078333333335,1.614403671965459,53.4967,60.7135,0.07367739710789709,7.645276666666667,0.27025440321215044,7.1578,8.1262,-0.027499466073415125,1.88666,0.22380145903605425,1.4341,2.4386,0.010097174638487172
compressor-0136,failure,40,69,DEGRADATION,58.80616333333333,1.7425076456041415,55.6736,62.6393,0.08016723025583888,7.484393333333332,0.18760283745781203,7.1578,7.8771,-0.010110033370411862,2.1107299999999998,0.40582458373867236,1.4341,3.0748,0.04357234705228031
compressor-0136,failure,50,79,FAILURE,60.18488000000001,2.6690587899607348,55.6736,64.7357,0.2063431813125687,7.365990000000001,0.23964863912263998,6.7245,7.6844,-0.010528031145717714,2.404846666666667,0.37319650564042295,1.7484,3.0748,0.025495439377085646
compressor-0136,failure,60,89,FAILURE,61.598620000000004,2.0522450947519237,57.0995,64.7357,0.09905201334816235,7.132990000000001,0.39104627121778485,6.3119,7.6728,-0.03390471635150192,2.4358299999999997,0.37073481011814,1.7624,3.0748,-0.021620934371523962
compressor-0136,failure,70,99,FAILURE,63.35068999999999,2.925801469609083,58.6204,71.5263,0.15738115684093365,6.957056666666666,0.3264994442908321,6.3119,7.6728,-0.017553348164627607,2.55838,0.4471367921937685,1.7624,3.1988,0.011739176863181228
compressor-0136,failure,80,109,FAILURE,64.57263333333334,3.1383032468021463,60.3686,71.5263,0.25865530589543806,6.941223333333335,0.2869851885647682,6.3119,7.6611,0.022743292547274613,2.76421,0.5186510537602972,1.7624,3.4304,0.048136840934371504
compressor-0136,failure,90,119,FAILURE,66.59258000000001,3.1906869798838,60.6884,71.5263,0.15017668520578265,6.836123333333334,0.4171129061244157,6.0368,7.6611,-0.02686458286985543,3.1496500000000007,0.30655388297437475,2.3751,3.8683,0.018327719688542778
compressor-0136,failure,100,129,FAILURE,66.18393,2.917237269878244,60.5475,70.7365,-0.09513644048943327,6.626769999999999,0.48791116756365943,6.0155,7.6611,-0.04464100111234724,3.4464200000000007,0.41966405643879806,2.6028,4.4457,0.022973526140155676
compressor-0136,failure,110,139,FAILURE,66.66300333333335,2.796104957672767,60.5475,70.7365,-0.02458204671857832,6.293023333333334,0.25502038177804975,5.8671,7.0975,-0.009708854282536327,3.641203333333333,0.41368421731503796,2.6028,4.4457,0.020383870967741923
compressor-0136,failure,120,149,FAILURE,67.28383,2.8501618015064807,60.5475,71.3264,0.28382124582869744,6.119353333333333,0.2591112666189737,5.5801,6.7644,-0.01731141268075666,3.8097900000000005,0.2900631785778172,3.3267,4.4457,-0.0022389543937709443
compressor-0136,failure,130,159,FAILURE,69.25949,1.5558810353729913,66.5223,72.0598,0.11373955506117775,5.898016666666666,0.30548600740823184,5.3118,6.5256,-0.025509877641824427,3.9304,0.2699837167929454,3.5015,4.4531,0.020973793103448185
compressor-0136,failure,140,169,FAILURE,72.26883,3.4496032947910593,66.8686,78.5766,0.3187605561735247,5.738233333333333,0.19512792100454407,5.3118,6.1463,-0.007402447163515124,4.1163066666666674,0.30164702654298153,3.5015,4.6683,0.02783256952169067
compressor-0136,failure,150,179,FAILURE,73.63651333333334,3.270656738407271,66.8686,78.5766,0.17375991101223517,5.471950000000001,0.36597748906182737,4.4854,6.0121,-0.02858560622914371,4.441476666666667,0.3371768612892778,3.7933,5.2513,0.03105403781979967
compressor-0136,failure,160,189,FAILURE,75.16149666666666,2.634436642305565,70.0719,79.5917,-0.06877065628476174,5.187856666666667,0.514249903375997,4.2148,5.9535,-0.042649588431590786,4.768876666666666,0.4161121769293575,3.7933,5.4585,0.0416008676307007
compressor-0137,healthy,0,29,NORMAL,51.542443333333345,1.356234331936122,48.7167,54.2677,-0.10462756395995737,8.12714,0.19919936679952913,7.7733,8.4465,-0.011794927697441783,1.4640466666666663,0.1913276225628583,1.2151,1.9122,-0.01530473859844277
compressor-0137,healthy,10,39,NORMAL,51.42267666666667,1.3758568616643543,48.7167,54.2677,-0.004136618464962325,8.170716666666667,0.22208496884951245,7.7733,8.5326,0.00548171301446041,1.4245333333333332,0.13625710582897646,1.2151,1.7492,0.010590478309232461
compressor-0137,healthy,20,49,NORMAL,51.45501333333333,1.284584526019556,48.7167,53.9643,0.0991573748609556,8.175003333333333,0.2115095324618308,7.7733,8.5326,0.011659199110122136,1.4932233333333336,0.1322462921555417,1.2151,1.7492,0.00891713014460509
compressor-0137,healthy,30,59,NORMAL,50.95318666666666,1.9115458068856797,47.1554,53.9643,-0.16178215795328266,8.142126666666666,0.24670489109235128,7.6502,8.5326,-0.025415350389321866,1.5467333333333333,0.09762290145702951,1.3183,1.7492,-0.0017378420467186399
compressor-0137,healthy,40,69,NORMAL,50.44821666666667,1.8401538104342139,47.1554,53.8408,-0.08006685205784296,8.04173,0.2448808787281414,7.6502,8.4578,-0.00472540600667421,1.592723333333333,0.1353066213785892,1.3183,1.9558,0.005730522803114528
compressor-0137,healthy,50,79,NORMAL,50.45359333333333,1.8541774864583191,47.1554,53.7387,0.166064382647385,8.041926666666665,0.3127619125717765,7.5185,8.6279,0.014955105672969827,1.5619733333333332,0.1487414018430048,1.2948,1.9558,-0.0041975973303670965
compressor-0137,healthy,60,89,NORMAL,51.04223000000001,1.3354241770938053,48.6215,53.7387,0.006807452725249328,8.12735,0.278421948069233,7.5185,8.6279,0.0010863403781977427,1.54599,0.1631056392853008,1.2599,1.9558,-0.013974705228031164
compressor-0137,healthy,70,99,NORMAL,50.824353333333335,1.2974790959737619,48.5325,53.7387,-0.10216974416017921,8.13379,0.2499751445644146,7.5185,8.6279,-0.008753214682981212,1.4678000000000002,0.09700147765197531,1.2599,1.6195,-0.0009037152391546282
compressor-0137,healthy,80,109,NORMAL,50.96691666666666,1.4163137496292582,48.5325,53.8661,0.10679214682980948,8.132033333333334,0.17118930911583108,7.8132,8.4875,0.0036807563959953323,1.4859133333333332,0.09196752591117269,1.2599,1.6231,0.0006138820912124282
compressor-0137,healthy,90,119,NORMAL,51.45888333333333,1.4845853082220937,48.5325,53.8661,0.08870333704115621,8.075766666666665,0.19667624213977197,7.8048,8.4875,-0.004908164627363987,1.4926199999999998,0.08245531476705023,1.3337,1.6538,0.0016078309232480247
compressor-0137,healthy,100,129,NORMAL,52.150040000000004,1.4808495175855423,48.4341,54.885,-0.014933748609567688,8.145046666666667,0.19685182199365653,7.8048,8.4875,0.0033131034482757863,1.5729433333333331,0.13604074802140065,1.3337,1.933,0.009967675194660705
compressor-0137,healthy,110,139,NORMAL,52.336040000000004,1.6420349759977706,48.4341,55.3792,0.060675595105671914,8.22687,0.2406293278744993,7.8048,8.5808,0.0248548387096772,1.5477366666666663,0.17478981374464841,1.1464,1.933,-0.0033093882091212753
compressor-0137,healthy,120,149,NORMAL,51.85841666666666,2.057189259658808,47.7196,55.3792,-0.07377274749722072,8.312180000000001,0.16189115767494314,7.9491,8.5808,-0.004672836484983695,1.5017299999999998,0.2006286439336783,1.1464,1.933,-0.017897686318131285
compressor-0137,healthy,130,159,NORMAL,51.45449,1.8150979779523384,47.7196,55.3792,-0.1538369076751957,8.270723333333333,0.18593054560477387,7.8622,8.5808,-0.01343325917686334,1.4509999999999996,0.16385694166965684,1.1464,1.8167,0.004471501668520554
compressor-0137,healthy,140,169,NORMAL,51.55577000000002,2.0659030758403625,47.7196,55.6267,0.1273738153503877,8.22244,0.14387059370605723,7.8622,8.4722,0.003989721913236719,1.5054899999999998,0.15847739344566888,1.2375,1.8167,0.010749566184649586
compressor-0137,healthy,150,179,NORMAL,51.44893666666667,2.0662804074767362,48.2362,55.6267,-0.03158640711902169,8.17081,0.15590997690975406,7.8622,8.4425,-0.005489054505005784,1.4799133333333334,0.1969817736633406,1.1037,1.8167,-0.011509276974416045
compressor-0137,healthy,160,189,NORMAL,51.276316666666666,2.129874091127351,48.2362,55.6267,-0.1356321023359304,8.13122,0.15839362865974135,7.861,8.4425,-0.01349165739710808,1.4584033333333333,0.1791675388815979,1.1037,1.7419,-0.005242513904338182
compressor-0137,healthy,170,199,NORMAL,51.03770333333333,1.6916425277391065,48.2362,54.2191,0.11711152391546036,8.065166666666666,0.0986112175273291,7.861,8.2726,0.002742335928809599,1.4522133333333334,0.17147550404908826,1.1037,1.676,0.013299888765294749
compressor-0137,healthy,180,209,NORMAL,51.31517000000001,1.4237860846232009,48.7046,54.2191,0.039040689655170796,8.050360000000001,0.09987317491031644,7.861,8.2726,-0.0029575083426030923,1.4883600000000003,0.12488926455064103,1.2081,1.676,-0.005592836484983363
compressor-0138,degrading,0,29,NORMAL,51.644576666666666,1.2808179685090137,49.5217,54.0643,-0.07864020022247108,7.815003333333335,0.13398707023026094,7.5922,8.0938,-0.006866763070078115,1.4668966666666667,0.15251304312163674,1.2,1.7425,0.005527942157953258
compressor-0138,degrading,10,39,NORMAL,51.842569999999995,1.6600704951196104,49.5217,55.0,0.0013042714126798123,7.8057533333333335,0.13026034119749905,7.5922,7.9966,0.0052236262513903195,1.5926933333333335,0.19963688024900497,1.2,1.9835,0.010909632925472704
compressor-0138,degrading,20,49,NORMAL,51.904590000000006,1.647743504179782,49.5217,55.0,0.11960665183537043,7.82867,0.1182616820163375,7.5997,8.0111,0.006051946607341249,1.5498733333333334,0.22929649646012668,1.1177,1.9835,-0.005758309232480566
compressor-0138,degrading,30,59,NORMAL,51.90386333333334,1.8431975044259974,47.8384,55.0,-0.09854347052280497,7.813903333333334,0.15226688517935283,7.4103,8.0111,-0.006626585094549677,1.4863199999999999,0.25451265901718917,1.1177,1.9835,-0.023222914349277014
compressor-0138,degrading,40,69,DEGRADATION,51.76828333333333,1.6165151291349624,47.8384,54.3467,-0.04666195773081387,7.814433333333333,0.16262054879039392,7.4103,8.1807,0.0017612458286983441,1.4744066666666666,0.23354043038031388,1.1177,1.9013,0.016364226918798637
compressor-0138,degrading,50,79,DEGRADATION,51.99848333333333,1.8065468605571489,47.8384,55.7917,0.12889942157953257,7.7177566666666655,0.2337213649959189,7.1835,8.1807,-0.007052925472747741,1.6072466666666665,0.2824728727191732,1.1383,2.1783,0.02089139043381533
compressor-0138,degrading,60,89,DEGRADATION,52.84464333333332,1.1633931183348514,50.6431,55.7917,0.032250344827586284,7.580393333333334,0.3106061728656116,7.0549,8.1807,-0.028565873192436104,1.7374233333333333,0.1842812283501014,1.5012,2.1783,-0.002850255839822055
compressor-0138,degrading,70,99,DEGRADATION,53.71677,1.3059015680491897,51.92,56.0637,0.054894749721912106,7.460696666666666,0.23622693253639723,7.0549,7.889,-0.0011949499443829376,1.80519,0.22252741606372908,1.5012,2.2101,0.005727586206896515
compressor-0138,degrading,80,109,DEGRADATION,54.94281,2.055304079424745,51.92,58.6248,0.1993411568409341,7.41917,0.2496386176722931,6.9565,7.8829,0.006497018909899771,1.8373933333333332,0.19288763211316126,1.5348,2.2101,0.008997641824249123
compressor-0138,degrading,90,119,DEGRADATION,54.82232666666666,2.221433974250766,50.6517,58.6248,-0.09708307007786562,7.344786666666667,0.2970635147947695,6.8793,7.8829,-0.02210429365962196,1.8655633333333335,0.1621046647145671,1.5633,2.2101,-0.008714949944382724
compressor-0138,degrading,100,129,DEGRADATION,55.10611000000001,2.4997282300748886,50.6517,58.6248,-0.058926874304784126,7.331620000000001,0.3293189127072216,6.8793,7.8829,0.001939354838709607,1.912143333333333,0.1843957567901773,1.5633,2.2719,0.009554104560622879
compressor-0138,degrading,110,139,DEGRADATION,55.34244,2.7115194997885106,50.6517,60.0332,0.24522220244716225,7.31848,0.3121266125575751,6.8793,7.8351,0.016170634037819615,2.0418933333333333,0.26388800141137314,1.5633,2.5779,0.02068872080088982
compressor-0138,degrading,120,149,DEGRADATION,55.75081333333333,2.319296149371376,51.4654,60.0332,-0.07431875417130217,7.304359999999999,0.32569609310930736,6.8361,7.8351,-0.02139541713014478,2.06729,0.2364203154694339,1.7345,2.5779,-0.01169670745272531
compressor-0138,degrading,130,159,DEGRADATION,56.33502666666668,2.1864998583631845,52.1348,60.0332,-0.03355332591768796,7.096473333333334,0.29428977661859446,6.6011,7.7341,-0.02635644048943289,2.1451166666666666,0.2676014936223056,1.7345,2.5779,0.0010272080088987528
compressor-0138,degrading,140,169,DEGRADATION,55.64149666666667,1.9309820405661189,52.1348,59.7027,0.09253822024471549,7.115639999999999,0.2862512481486617,6.6011,7.6519,0.019684938820911956,2.1846166666666673,0.27228369896529286,1.7345,2.7192,0.02482694104560622
compressor-0138,degrading,150,179,DEGRADATION,56.37789666666666,1.5488012234162125,53.1599,59.7027,-0.0625994438264745,7.079400000000001,0.3002466585992257,6.6011,7.6519,0.0032290100111233714,2.33291,0.16753909464161887,1.8846,2.7192,-0.002180177975528418
compressor-0138,degrading,160,189,DEGRADATION,56.42275333333334,1.4897323879886017,53.1599,59.5618,0.06283826473859754,7.175786666666666,0.2585005580049855,6.7617,7.6519,-0.012992347052280376,2.2364900000000003,0.2517097791107847,1.5707,2.7192,-0.015594638487208075
compressor-0138,degrading,170,199,DEGRADATION,57.76098666666667,1.9745116587371387,53.7012,60.9033,0.17148266963292388,6.971956666666666,0.19258460077471298,6.5154,7.3367,-0.003571323692992324,2.2047966666666663,0.22135887224645462,1.5707,2.4742,0.0016216017797552535
compressor-0138,degrading,180,209,DEGRADATION,58.938653333333335,1.4910430044621634,56.1762,60.9033,0.09242109010010988,6.841933333333332,0.2998547774432743,6.2984,7.3367,-0.029016952169077,2.2454766666666672,0.2246544319368948,1.5707,2.5407,0.020921446051167948
compressor-0138,degrading,190,219,DEGRADATION,59.200466666666664,1.2010634724646687,56.9014,60.9033,-0.07422509454950103,6.692000000000001,0.19307237503071223,6.2984,7.0639,-0.007856774193548568,2.4633366666666663,0.19648186597127876,2.1446,3.0162,0.01923601779755278
compressor-0138,degrading,200,229,DEGRADATION,59.047963333333335,1.1841134164381755,56.9014,61.2307,-0.013625962180201508,6.625586666666667,0.13729988281940458,6.2984,6.9191,0.006024160177975321,2.5365733333333336,0.15777363728526456,2.2784,3.0162,0.004856729699666248
compressor-0138,degrading,210,239,DEGRADATION,58.876310000000004,1.1440252032043114,56.9014,61.2307,0.022806384872078964,6.613206666666667,0.16666713719933582,6.2361,6.9265,-0.012029855394883293,2.5111433333333326,0.18010599043032663,2.2247,3.0162,-0.01403833147942166
compressor-0139,healthy,0,29,NORMAL,53.00778,1.9229824215525215,48.5717,56.5628,-0.15923964404894417,7.963530000000001,0.2760614969531246,7.3881,8.4244,-0.018317441601779685,1.5144566666666666,0.18997541188854475,1.1223,1.9064,-0.009883804226918853
compressor-0139,healthy,10,39,NORMAL,52.78758666666667,2.013748612866616,48.5717,56.8848,0.034377975528363254,7.95017,0.25475674560908745,7.3881,8.3109,0.017045406006673827,1.4572733333333334,0.14506978305476148,1.1223,1.7415,0.00087964404894323
compressor-0139,healthy,20,49,NORMAL,53.01562,2.261220377200477,48.5717,57.0045,0.16955412680756224,7.955730000000001,0.25497176595327825,7.3881,8.3109,0.0018187986651833396,1.4240333333333335,0.14698173658277713,0.9949,1.6743,-0.006160889877641826
compressor-0139,healthy,30,59,NORMAL,53.026786666666666,2.2957957222908334,48.8938,57.0045,-0.14817784204671997,7.966706666666665,0.22293682054688843,7.5124,8.3109,-0.018327830923248193,1.4167866666666666,0.1670123662753417,0.9949,1.6161,-0.002983937708565113
compressor-0139,healthy,40,69,NORMAL,53.019119999999994,2.448670506131848,48.8938,60.2222,-0.03451955506118058,7.991103333333332,0.27065890278273785,7.5124,8.5503,0.018677575083425855,1.4801466666666665,0.22223051955620815,0.9949,1.8796,0.016536551724137906
compressor-0139,healthy,50,79,NORMAL,53.55483999999999,2.822852804947506,48.8938,60.2222,0.21771194660734042,8.08944,0.25298997424140485,7.7258,8.5503,0.012667630700778509,1.5431899999999998,0.21204716511505955,1.1032,1.8796,0.00484687430478307
compressor-0139,healthy,60,89,NORMAL,53.856736666666684,2.481000010410229,50.3691,60.2222,-0.09196313681868848,8.054693333333335,0.29419622242457305,7.5189,8.5503,-0.022825583982202618,1.5344366666666664,0.21118879150076963,1.1081,1.8796,-0.012449632925472772
compressor-0139,healthy,70,99,NORMAL,54.06895,2.101040750794711,50.4997,59.1696,-0.0844684983314816,7.997869999999998,0.2526265005233352,7.5189,8.4575,-0.0013016017797554918,1.53537,0.20258880382028352,1.1081,1.8124,0.00580625139043378
compressor-0139,healthy,80,109,NORMAL,53.56645666666667,1.4679217755460343,50.4997,55.7156,0.11832113459399189,8.00416,0.2609300795232318,7.5189,8.4304,0.01909339265850929,1.540236666666666,0.16963780923550684,1.2531,1.8315,0.006356774193548373
compressor-0139,healthy,90,119,NORMAL,53.70531999999999,1.2513662915389723,50.9155,55.7156,-0.11019501668520676,7.976433333333334,0.28117197979568004,7.5684,8.4304,-0.02146157953281428,1.552816666666667,0.1471957315579799,1.2468,1.8315,-0.011069477196885485
compressor-0139,healthy,100,129,NORMAL,53.042093333333334,1.2379868599015456,50.3488,55.7156,-0.0868045383759738,7.909580000000001,0.26167379361844156,7.5684,8.4304,-0.012200889877642007,1.4768033333333332,0.11728206877249203,1.2468,1.8315,-0.003764783092324831
compressor-0139,healthy,110,139,NORMAL,52.92901,1.0988596001764739,50.3488,55.0725,0.08992812013348012,7.862776666666666,0.1840520210580573,7.5684,8.2071,0.016559888765294687,1.4162066666666666,0.11688120445801178,1.0963,1.6383,-0.0025160845383760057
compressor-0139,healthy,120,149,NORMAL,52.64336000000001,1.3463645441459504,50.1025,55.0725,-0.0540597997775313,7.8729466666666665,0.17832661370517747,7.5009,8.2071,-0.009671145717464058,1.33459,0.16605059339450334,0.9945,1.6166,-0.010305161290322619
compressor-0139,healthy,130,159,NORMAL,52.24418666666667,1.459314132217217,50.1025,55.0725,-0.1248179755283671,7.869996666666667,0.18665705180594935,7.5009,8.2374,-0.00538823136818702,1.386196666666667,0.21621702597673065,0.9945,1.8113,0.012391167964404863
compressor-0139,healthy,140,169,NORMAL,52.38131666666666,1.6664037490122927,50.1025,55.8026,0.1519377753058943,7.937613333333334,0.2744437231119625,7.5009,8.5447,0.02270482758620662,1.4635733333333332,0.23931932911674494,0.9945,1.8737,0.017811612903225776
compressor-0139,healthy,150,179,NORMAL,52.680256666666665,1.547868050294412,50.5136,55.8026,0.05010805339265707,7.9689533333333324,0.25878733705925844,7.5489,8.5447,-0.007099799777530657,1.51213,0.17469626813415332,1.1878,1.8737,-0.013730033370411584
compressor-0139,healthy,160,189,NORMAL,52.73623333333333,1.511389999158244,50.6823,55.8026,-0.12804845383759814,7.918023333333333,0.28549074670741187,7.4031,8.5447,-0.022692925472747733,1.46553,0.16735981228080613,1.1878,1.8737,-0.006378932146829856
compressor-0139,healthy,170,199,NORMAL,52.76006,1.5700928285932658,50.6823,56.3958,0.11811857619577261,7.823836666666668,0.17304179742349982,7.4031,8.1404,0.007600422691879642,1.4869433333333335,0.17302508042349107,1.1878,1.8704,0.014463604004449338
compressor-0139,healthy,180,209,NORMAL,52.860483333333335,1.584140377004373,50.6366,56.3958,0.054558598442712276,7.835116666666667,0.14827482385384538,7.4031,8.1404,0.004984404894326811,1.458783333333333,0.19969320149224465,1.0592,1.8704,-0.009285850945495054
compressor-0140,failure,0,29,DEGRADATION,53.427859999999995,1.652037990806104,50.4417,56.2893,-0.01162424916574092,7.824166666666668,0.19471757039934073,7.3511,8.1605,-0.017593859844271465,1.4994866666666664,0.20637859503565018,1.153,2.1335,0.006550700778642915
compressor-0140,failure,10,39,DEGRADATION,54.617193333333326,2.2558279473301055,50.4417,58.4931,0.12050505005561558,7.669153333333335,0.18025167726142124,7.3424,7.9826,-0.015481646273637661,1.6698000000000002,0.3088369666992603,1.153,2.2025,0.0288277196885428
compressor-0140,failure,20,49,DEGRADATION,55.91536999999999,2.70544418659241,50.4417,59.3363,0.2779565962180197,7.463923333333333,0.25668562313114124,6.8891,7.8348,-0.02510840934371532,1.8844366666666665,0.27772362579050097,1.3257,2.2153,0.024613370411568383
compressor-0140,failure,30,59,DEGRADATION,57.67144666666666,1.403295663484911,53.912,60.4278,0.0704220689655161,7.1953499999999995,0.32035940832134147,6.6623,7.7485,-0.03386040044493893,2.1027033333333334,0.19794501169657083,1.7382,2.704,0.014399265850945435
compressor-0140,failure,40,69,FAILURE,59.243993333333336,2.189369668182045,56.1262,65.0092,0.16981837597330243,6.951383333333333,0.2306511349539723,6.4683,7.5767,-0.02054614015572887,2.2822500000000003,0.2610768644799203,1.7382,2.704,0.022568876529477134
compressor-0140,failure,50,79,FAILURE,59.89460333333333,2.356881034543087,56.1262,65.0092,0.1283517908787528,6.679350000000001,0.26712300630982727,6.0657,6.9969,-0.023209321468298263,2.3416366666666666,0.26870765958978954,1.8333,2.7207,0.0036944382647385956
compressor-0140,failure,60,89,FAILURE,60.73563333333334,1.9706677494922604,57.5665,65.0092,-0.02231986651835581,6.401133333333334,0.3918311671569218,5.4753,6.9595,-0.04046789766407136,2.418013333333333,0.2806769955344082,1.8333,2.8352,-0.00015675194660737184
compressor-0140,failure,70,99,FAILURE,61.92592666666666,3.119629763602655,57.5665,70.1472,0.24492729699666077,6.29232,0.3475057538132762,5.4753,6.8434,0.0037700556173523862,2.5771733333333335,0.4297144850039642,1.8333,3.5922,0.03814843159065625
compressor-0140,failure,80,109,FAILURE,64.91253999999999,4.094248529388513,58.0616,70.9394,0.42389979977752973,6.215026666666668,0.4213845100248571,5.4753,6.954,0.00023652947719674772,3.0257333333333327,0.5243744624682717,1.9924,4.0056,0.04817219132369294
compressor-0140,failure,90,119,FAILURE,66.85305000000001,2.7352611398487467,60.2974,70.9394,0.05158329254727314,6.00593,0.5681587625244666,5.1457,6.954,-0.05175250278086769,3.361556666666666,0.34572577349042927,2.6692,4.0056,0.019465472747497135
compressor-0140,failure,100,129,FAILURE,68.38517,2.2373362998813264,61.9679,71.9828,0.0066595105672950915,5.782290000000001,0.4579047115940171,5.1457,6.954,-0.0190392213570636,3.689536666666667,0.3035185666845147,3.0377,4.2017,0.017825917686318086
compressor-0140,failure,110,139,FAILURE,69.95141333333332,3.5542035914049084,61.9679,76.5534,0.3318565962180181,5.765816666666666,0.4055310099801932,5.1457,6.5502,0.029879621802002106,3.9815466666666666,0.42761738796368987,3.0377,4.6598,0.044749232480533876
compressor-0140,failure,120,149,FAILURE,71.22951666666667,2.2763825071200623,67.0579,76.5534,0.019847274749720804,5.587210000000001,0.6149200611190584,4.4626,6.5502,-0.045555528364850044,4.43193,0.38127529087699,3.7788,5.2549,0.03946667408231362
compressor-0140,failure,130,159,FAILURE,73.01278333333333,2.6991307540371015,68.9323,80.639,0.0626119021134576,5.333740000000001,0.6211569418432028,4.4626,6.5502,-0.051601735261401764,4.8349899999999995,0.35973635934296844,4.2896,5.5794,0.03687748609566183
compressor-0141,failure,0,29,DEGRADATION,53.762316666666656,1.4982120459808828,51.4795,57.331,-0.10801612903225971,7.786516666666668,0.2079393101898297,7.4555,8.2258,-0.019971813125695365,1.66922,0.1905477409994671,1.2949,1.999,-0.004951724137931081
compressor-0141,failure,10,39,DEGRADATION,53.92786333333333,1.6498278341458,51.4795,57.8265,0.08495001112346928,7.5743166666666655,0.19506423400738757,7.094,7.9307,-0.01696860956618479,1.8387700000000002,0.37361127940681876,1.2949,2.6177,0.035394327030033354
compressor-0141,failure,20,49,DEGRADATION,55.168319999999994,2.1848549726698105,51.4795,59.4199,0.22749463848720672,7.333126666666668,0.2532511532495404,6.8816,7.7456,-0.023316707452725426,2.0176,0.2942171148432169,1.4176,2.6177,0.018925917686318103
compressor-0141,failure,30,59,DEGRADATION,56.62793333333333,1.4004006382302014,53.1766,59.4199,0.07764004449388148,7.056156666666666,0.30692155097932683,6.4748,7.6385,-0.031326963292547465,2.204516666666667,0.17756119899597683,1.8098,2.6177,5.546162402666054e-05
compressor-0141,failure,40,69,DEGRADATION,58.175110000000004,1.8971917044849917,54.3078,62.2293,0.14158520578420297,6.901319999999999,0.17546686372835946,6.4748,7.2408,-0.005807163515016804,2.3410466666666663,0.29565729793499473,1.8098,2.8548,0.030629632925472702
compressor-0141,failure,50,79,FAILURE,59.92980333333333,2.755581415174582,54.3078,64.666,0.2640881201334799,6.75061,0.2164514762404421,6.2175,7.095,-0.007966963292547452,2.653016666666667,0.3301658836436954,2.148,3.3615,0.031753081201334764
compressor-0141,failure,60,89,FAILURE,61.552609999999994,2.006472495591869,57.9891,65.6968,0.09649310344827483,6.737783333333332,0.23985635018114954,6.2175,7.1383,-0.01197764182424933,2.821436666666666,0.21718412385705257,2.399,3.3615,0.0036242714126807226
compressor-0141,failure,70,99,FAILURE,64.08658333333334,3.130771923459489,58.5414,70.7673,0.23380322580645124,6.613120000000001,0.2464710454935157,6.1495,7.1383,-0.002602491657397277,3.0082633333333333,0.298086710520427,2.399,3.6465,0.016314949944382613
compressor-0141,failure,80,109,FAILURE,65.89489999999999,3.418593401678532,58.5414,70.8333,0.2838758620689643,6.511666666666668,0.39119175207165213,5.1781,7.1383,-0.025818197997775558,3.132153333333334,0.33079308410075453,2.399,3.6465,0.029373170189098907
compressor-0141,failure,90,119,FAILURE,66.71001666666666,2.3646877895518372,62.4908,70.8333,-0.15428006674082553,6.1399333333333335,0.550842861037116,5.1439,7.1163,-0.045274705228031294,3.3832333333333335,0.2243886811365988,2.955,3.7741,0.014357330367074471
compressor-0141,failure,100,129,FAILURE,65.68417333333333,2.5483083879223782,59.341,70.8333,-0.12934193548387146,5.936540000000002,0.4723260742326216,5.1439,7.1163,-0.014972458286985598,3.681856666666667,0.4048646182642071,2.9963,4.5535,0.036857018909899786
compressor-0141,failure,110,139,FAILURE,65.81669000000001,2.4602269853748586,59.341,69.4742,0.21719526140155596,5.7587,0.3453604783411095,5.1439,6.4379,0.016431679644048847,3.8921999999999994,0.3357098131819603,3.2037,4.5535,0.02284262513904329
compressor-0141,failure,120,149,FAILURE,67.48665333333334,2.6973064266329767,59.341,72.4731,0.23616921023359205,5.539109999999999,0.5978391034104968,4.2222,6.4379,-0.04533154616240284,4.232936666666666,0.3171184400013485,3.6643,4.9261,0.01976046718576189
compressor-0141,failure,130,159,FAILURE,69.10347666666665,1.8752839039610922,65.929,74.8834,0.0799441379310332,5.23416,0.5524113211487736,4.2222,6.3866,-0.031719955506118,4.496013333333334,0.43108790034309963,3.6643,5.0751,0.045507986651835246
compressor-0141,failure,140,169,FAILURE,72.21076333333332,4.397551078837959,65.929,79.7103,0.4174111457174626,5.00291,0.43154526942913723,4.2222,6.0504,-0.0010842936596219305,4.856953333333333,0.2944859710674781,4.1553,5.3805,0.026669766407118916
compressor-0142,failure,0,29,NORMAL,54.22402666666667,1.888432286657081,49.8497,57.2358,-0.11212983314794256,8.051643333333335,0.3305891374332931,7.6047,8.5819,-0.025090522803114777,1.5274166666666666,0.1361785594561624,1.3137,1.9023,0.0014614238042268842
compressor-0142,failure,10,39,DEGRADATION,54.71332666666667,2.2386026257367693,49.8497,58.4684,0.04295399332591666,7.940729999999999,0.2594238348725882,7.6047,8.491,-0.013672858731924606,1.646673333333333,0.2422062150776116,1.3137,2.1234,0.023486852057842
compressor-0142,failure,20,49,DEGRADATION,55.54343000000001,2.752199431139878,49.8497,59.2955,0.28242845383759557,7.751213333333333,0.16925599887612716,7.4646,8.1584,-0.004018954393770987,1.7928399999999998,0.21494567933937792,1.3137,2.1234,0.017960889877641793
compressor-0142,failure,30,59,DEGRADATION,56.82445666666667,1.388846306275664,53.8862,59.2955,0.0028695216907666287,7.648206666666667,0.2475266368606732,7.2411,8.1584,-0.024910166852057984,1.9186533333333335,0.11617404395513178,1.6937,2.2304,0.003494015572858677
compressor-0142,failure,40,69,DEGRADATION,57.88763000000001,1.8671746256755601,55.0935,62.8658,0.08666008898776206,7.529793333333333,0.13349410457228267,7.2411,7.8861,-0.003777174638487225,2.12445,0.30570224265887663,1.753,2.6657,0.029694527252502764
compressor-0142,failure,50,79,DEGRADATION,59.10162333333333,2.6461124402518417,55.0935,63.8689,0.27499076751946466,7.4946633333333335,0.1616100770029174,7.1225,7.8345,0.0030713014460510006,2.2236199999999995,0.26631901972383926,1.753,2.6657,0.011970589543937676
compressor-0142,failure,60,89,DEGRADATION,60.88208333333333,1.73415605643078,57.2144,63.8689,0.09915770856507021,7.341036666666666,0.3260107845693998,6.7921,7.8345,-0.030855461624026866,2.3912833333333334,0.17708091951296043,2.0462,2.6657,-0.003711924360400486
compressor-0142,failure,70,99,FAILURE,60.71899000000001,1.6920323669776536,56.5577,63.8689,-0.11721715239154777,7.258080000000001,0.3433357544251206,6.5073,7.8345,-0.0066230923248054635,2.5220966666666658,0.32496907492183863,2.0462,3.2199,0.03180789766407115
compressor-0142,failure,80,109,FAILURE,60.912699999999994,1.9726475652449096,56.5577,64.748,0.05240880978865317,7.074063333333334,0.35770191825348413,6.2656,7.7326,0.0008363737486094498,2.8103700000000003,0.3398720868699478,2.2193,3.3869,0.024749299221357008
compressor-0142,failure,90,119,FAILURE,60.61428999999999,2.21180159573593,55.262,64.748,0.07119730812013186,6.9628966666666665,0.4384344698152988,6.2656,7.7326,-0.03369795328142401,3.0829333333333326,0.3516254734167529,2.4375,3.9264,0.016810989988876507
compressor-0142,failure,100,129,FAILURE,62.004396666666665,2.2438630660066785,55.262,66.2056,0.054316640711900566,6.636673333333334,0.3745659656485386,6.1121,7.4734,-0.03250202447163535,3.300800000000001,0.42008677119534876,2.4375,3.9264,0.022931924360400372
compressor-0142,failure,110,139,FAILURE,63.56865666666667,3.4093660930524257,55.262,69.5746,0.3069474304783083,6.41002,0.25459238454177424,5.679,6.8371,-0.014208587319243855,3.4772966666666663,0.3840974958551828,2.4882,4.0061,0.020160022246941
compressor-0142,failure,120,149,FAILURE,65.63244999999999,2.593695077137378,60.0783,69.5746,0.2017926362625119,6.311953333333332,0.2128136802202548,5.679,6.7079,-0.002550878754171476,3.4561833333333336,0.33478827247812737,2.787,4.0061,-0.018923181312569634
compressor-0142,failure,130,159,FAILURE,67.20175666666667,2.1371293473073223,62.912,71.5928,0.05265679644048736,6.234456666666666,0.23977826379571796,5.679,6.7079,-0.006711078976640847,3.4442500000000007,0.31684121654229264,2.787,4.0061,0.0005740378197996718
compressor-0142,failure,140,169,FAILURE,68.86769666666667,3.0230260490093186,63.4339,75.3536,0.2471944605116791,6.14722,0.24910179900327234,5.6487,6.5493,-0.015449254727475055,3.4590666666666667,0.28658862309744415,2.787,3.8483,0.018592747497219054
compressor-0142,failure,150,179,FAILURE,69.31505999999999,2.818606735558073,64.518,75.3536,0.0064009343715221365,5.786063333333334,0.4831822771883183,4.8679,6.4752,-0.04555245828698568,3.784386666666667,0.39258196998277395,2.9464,4.8268,0.03401468298109002
compressor-0142,failure,160,189,FAILURE,69.80408333333334,2.493418983789572,65.6307,75.3536,-0.10681408231368318,5.535033333333334,0.44083078638205636,4.8679,6.4752,-0.034006540600667524,4.19087,0.5337043258521832,3.3811,5.2097,0.05203828698553939
compressor-0142,failure,170,199,FAILURE,70.50335666666668,3.133217556408888,65.6307,76.8595,0.2644071412680745,5.3000066666666665,0.2513565182940138,4.8679,5.8238,0.0018492102335926756,4.546573333333333,0.4089265418412238,3.6496,5.2875,0.026679911012235703
compressor-0142,failure,180,209,FAILURE,72.45058333333333,2.6697020798937263,67.0058,76.8595,0.2091243826473845,5.2915833333333335,0.2404636328475102,4.7243,5.8238,-0.007783292547274876,4.829580000000001,0.2786440027466348,4.2816,5.3129,0.01044235817575072
compressor-0142,failure,190,219,FAILURE,73.41311999999999,1.9187928405467143,68.1696,76.8595,-0.045504249165741,5.296406666666667,0.2522650602485849,4.7243,5.6936,0.004035372636262414,4.936653333333333,0.35652043862246596,4.2816,5.6838,0.02212502780867621
compressor-0143,degrading,0,29,NORMAL,52.98122333333333,1.5031150232507895,50.2935,55.7127,-0.10903147942157983,8.21894,0.2042499181558384,7.8227,8.6898,-0.01621655172413803,1.4888066666666666,0.14924904898263916,1.2615,1.7739,0.006368587319243577
compressor-0143,degrading,10,39,NORMAL,52.764586666666666,1.5878529282720804,50.2935,56.5163,0.029070300333701893,8.141926666666667,0.17808655748134264,7.8101,8.5311,0.0005894549499441972,1.5446333333333333,0.1817269918189248,1.2615,1.8621,0.015522402669632862
compressor-0143,degrading,20,49,NORMAL,53.39320666666667,2.134910538005958,50.2935,57.2021,0.17711719688542782,8.124979999999999,0.16148198537298206,7.8101,8.5311,0.0017662291434924627,1.5820266666666667,0.15242730493218362,1.2986,1.8621,-0.006766674082313722
compressor-0143,degrading,30,59,DEGRADATION,53.43166333333333,2.0991193662237397,50.2938,57.2021,-0.08888442714126929,8.010836666666668,0.23273553729979057,7.58,8.5311,-0.017986852057842166,1.4652,0.21577466796019715,1.0994,1.8621,-0.018693615127919953
compressor-0143,degrading,40,69,DEGRADATION,54.12067,2.14373707998439,50.2938,57.2021,-0.006027163515017546,7.9081866666666665,0.2236635609322379,7.3597,8.1851,-0.009880978865406106,1.4665266666666663,0.22186627944677748,1.0994,1.9293,0.010275328142380379
compressor-0143,degrading,50,79,DEGRADATION,54.71923999999999,2.580469661850984,50.2938,59.075,0.2536857842046707,7.806466666666667,0.22096278017399723,7.357,8.1841,0.0008197107897662881,1.572733333333333,0.2711235110096913,1.0994,2.0942,0.02608525027808673
compressor-0143,degrading,60,89,DEGRADATION,55.35485666666667,1.8795744269529624,51.6371,59.075,-0.09310903225806577,7.7432333333333325,0.26848231143886475,7.1537,8.1841,-0.013932369299221611,1.81851,0.19458154991331184,1.4574,2.2231,0.016592280311457156
compressor-0143,degrading,70,99,DEGRADATION,55.86211666666666,2.2352973732195505,51.6371,60.104,0.0172550166852045,7.68275,0.24569223668375567,7.1537,8.1817,-0.006294126807564147,1.9868733333333337,0.2309239152236559,1.4817,2.4989,0.019225717463848702
compressor-0143,degrading,80,109,DEGRADATION,56.6051,2.72531172443325,51.6371,60.8798,0.27781615127919806,7.747036666666667,0.265210309607719,7.1537,8.2135,0.019815016685205626,2.0903466666666666,0.17441039673393582,1.7995,2.4989,0.00511452725250277
compressor-0143,degrading,90,119,DEGRADATION,57.17173999999999,2.221073586594255,52.7613,60.8798,-0.08739866518353842,7.710123333333333,0.27202559154527267,7.2797,8.2135,-0.009046473859844343,2.08389,0.16910023526496545,1.8042,2.4989,-0.010297107897664129
compressor-0143,degrading,100,129,DEGRADATION,56.84074,2.332931130087927,52.5762,60.8798,-0.142036040044495,7.718260000000001,0.2635760479760379,7.3307,8.2135,-0.012137352614015802,2.1047033333333336,0.1883816117766157,1.8042,2.5505,0.010338086763070032
compressor-0143,degrading,110,139,DEGRADATION,56.21522666666667,1.7388427511678242,52.5762,58.3865,0.10299056729699498,7.566976666666667,0.17710198132400695,7.2944,7.9591,0.004942803114571594,2.2028000000000003,0.22505238501291208,1.8042,2.5825,0.01977637374860954
compressor-0143,degrading,120,149,DEGRADATION,57.20841666666667,1.418335454228731,52.5762,59.1034,0.10684718576195641,7.540046666666666,0.2265198795298599,6.9853,7.9591,-0.015184293659621867,2.217363333333333,0.25601083243140754,1.5815,2.5825,-0.006403848720800936
compressor-0143,degrading,130,159,DEGRADATION,57.77139666666666,0.7271977665364185,56.1235,59.1034,0.017658531701889284,7.478350000000001,0.2001151847478513,6.9853,7.8664,-0.0015920578420468658,2.2797633333333334,0.2800979715305978,1.5815,2.6836,0.006187341490545011
compressor-0143,degrading,140,169,DEGRADATION,58.92858333333333,1.6046158817784262,56.1235,62.4016,0.12957368186874185,7.421076666666666,0.1904705290997942,6.9853,7.8664,0.0005948609566183423,2.324566666666667,0.299988626821455,1.5815,2.6836,0.026081468298109006
compressor-0143,degrading,150,179,DEGRADATION,58.79153333333333,1.926673178708718,55.1612,62.4016,-0.016742602892103418,7.360783333333332,0.21515990345683728,6.7858,7.8664,-0.014312992213570828,2.4255233333333335,0.1675974814515089,2.0222,2.6836,-0.004813236929922174
compressor-0143,degrading,160,189,DEGRADATION,58.985913333333336,1.8183475406227734,55.1612,62.4016,-0.13726478309232598,7.21995,0.17298866195987142,6.7858,7.5289,-0.013758642936596371,2.4462833333333336,0.1714230441205486,2.1823,2.8931,-0.00023352614015577147
compressor-0143,degrading,170,199,DEGRADATION,59.20474666666667,2.080844362710057,55.1612,62.8666,0.1598763959955488,7.21112,0.17633043110403077,6.7858,7.6234,0.005543804226918624,2.4981866666666668,0.22553743478387103,2.1823,2.9171,0.015875995550611748
compressor-0143,degrading,180,209,DEGRADATION,59.99136333333333,1.5346004195410465,56.3925,62.8666,0.07614747497218999,7.168029999999999,0.24168529006402795,6.6083,7.6234,-0.00490658509454972,2.58076,0.1821882462363219,2.1973,2.9171,0.00477882091212456
compressor-0144,degrading,0,29,NORMAL,55.35689666666667,1.89323146823684,51.2646,58.1808,-0.07920384872080169,8.048523333333334,0.22452240969568185,7.6815,8.448,-0.019536129032258386,1.4873733333333332,0.12896010993929694,1.2188,1.7403,-0.0018756395995551186
compressor-0144,degrading,10,39,DEGRADATION,55.536903333333335,2.052151574402393,51.2646,59.7957,0.07303112347052276,7.988549999999998,0.21022975804263944,7.6815,8.5297,0.003998598442714149,1.556833333333333,0.19357167549916893,1.2188,1.9556,0.01894838709677417
compressor-0144,degrading,20,49,DEGRADATION,55.9479,2.18774773865727,51.2646,59.7957,0.1800408898776406,8.014303333333334,0.21630980942979813,7.6815,8.5297,0.010298042269187912,1.7135800000000003,0.18628903242005418,1.3544,2.0137,0.017624516129032212
compressor-0144,degrading,30,59,DEGRADATION,56.65676999999999,1.2031858626579686,54.0929,59.7957,-0.02404424916574054,7.92935,0.2992144590423398,7.3551,8.5297,-0.021407897664071363,1.8417966666666665,0.12322217463680074,1.5614,2.0351,0.0070096774193548015
compressor-0144,degrading,40,69,DEGRADATION,56.93910333333335,1.4781165067935462,54.766,62.1319,0.04830275862068741,7.837823333333334,0.2538268119319856,7.3551,8.3871,-0.010966696329254896,1.9797166666666668,0.18167035730196113,1.6585,2.2961,0.016053325917686267
compressor-0144,degrading,50,79,DEGRADATION,57.683919999999986,2.0396733020102347,54.766,62.1319,0.15325570634037675,7.76592,0.20493837675424947,7.3551,8.1872,0.012683781979977573,2.005333333333333,0.17815045763498777,1.6585,2.2961,0.0018581979977752865
compressor-0144,degrading,60,89,DEGRADATION,58.46382666666667,1.7664690020741625,55.1931,62.1319,0.019452903225805417,7.710726666666667,0.2507435262485467,7.2828,8.1872,-0.017409833147942342,1.9982533333333337,0.18886597846680125,1.6237,2.2961,-0.015401779755283732
compressor-0144,degrading,70,99,DEGRADATION,58.77040333333333,1.443660330660305,56.5981,61.4963,-0.04677114571746432,7.620586666666667,0.2427029209181923,7.2828,8.1872,-0.014686941045606295,2.023406666666667,0.22864322562066478,1.6237,2.4871,0.01418825361512787
compressor-0144,degrading,80,109,DEGRADATION,59.66657333333334,2.223321941590006,56.5981,63.9777,0.18109579532814152,7.498476666666667,0.1448993827530754,7.2828,7.8872,0.003024627363737394,2.114276666666667,0.2471777385922033,1.6237,2.5121,0.014454571746384825
compressor-0144,degrading,90,119,DEGRADATION,59.93815333333334,1.9884288566157509,56.6144,63.9777,0.04791479421579348,7.3569700000000005,0.29284492727949607,6.7543,7.8872,-0.024698398220244812,2.09761,0.276472182265534,1.5675,2.5121,-0.019474771968854308
compressor-0144,degrading,100,129,DEGRADATION,60.89336666666667,2.1453300932231594,57.6758,64.7488,0.017286496106784757,7.31958,0.3261771097629834,6.7543,7.9286,-0.0007211123470524912,2.1963633333333332,0.35645077218164206,1.5675,2.7558,0.01581644048943263
compressor-0144,degrading,110,139,DEGRADATION,61.935323333333336,2.922470970563931,58.2436,66.5608,0.29548500556173374,7.268223333333334,0.3175828969821196,6.7543,7.9286,0.017120511679643888,2.2924599999999993,0.37870436895640197,1.5675,2.7925,0.031473503893214655
compressor-0145,degrading,0,29,NORMAL,51.55619,1.956612239450287,46.9184,55.1618,-0.11748122358175939,8.023096666666667,0.20227635301460448,7.6902,8.4204,-0.01866800889877653,1.55877,0.10008846470331469,1.278,1.7388,0.0025220689655172084
compressor-0145,degrading,10,39,DEGRADATION,51.62031666666667,1.76697196508289,46.9184,54.2196,0.006019466073413304,7.906823333333333,0.1597345353669296,7.6902,8.3201,-0.0101673637374862,1.5963566666666666,0.12304863722212538,1.278,1.8718,0.0072575973303670525
compressor-0145,degrading,20,49,DEGRADATION,52.24891333333333,2.2168842427655586,46.9184,55.7593,0.18181637374860848,7.784956666666668,0.158148724693632,7.4004,8.0733,-0.011528253615128109,1.7020066666666664,0.13938893053451393,1.357,1.9927,0.011225450500556164
compressor-0145,degrading,30,59,DEGRADATION,53.152106666666675,1.2206287737428152,50.8108,55.7593,0.002297486095660494,7.638053333333333,0.22753902776349277,7.167,8.0733,-0.019613882091212616,1.7480633333333333,0.15758697806467245,1.4552,2.0047,0.006592591768631764
compressor-0145,degrading,40,69,DEGRADATION,54.49378,2.1674756846617687,51.5153,59.6535,0.12947733036707265,7.580166666666667,0.21500665622771356,7.167,8.0621,0.003890989988876332,1.8675499999999994,0.19753863714895542,1.4552,2.2696,0.010665650723025534
compressor-0145,degrading,50,79,DEGRADATION,55.40538000000001,2.4031181027157196,51.5153,59.6535,0.22937032258064338,7.609866666666666,0.22238290002206149,7.167,8.0621,0.01787167964404868,1.9684000000000001,0.2262416127358831,1.4552,2.2937,0.01903381535038928
compressor-0145,degrading,60,89,DEGRADATION,56.50079,1.3875916931504022,54.2264,59.6535,-0.016680912124585157,7.592189999999999,0.24250843607319447,7.1272,8.0621,-0.012739110122358493,2.1511733333333334,0.1993432097887683,1.734,2.6475,0.014327385984427104
compressor-0145,degrading,70,99,DEGRADATION,56.482736666666675,1.0580496678585343,54.8198,59.0472,-0.0031614460511691805,7.532286666666668,0.23215571316587394,7.1272,7.915,-0.008392925472747689,2.2794833333333333,0.19831672829648594,1.8772,2.6475,0.014563581757508276
compressor-0145,degrading,80,109,DEGRADATION,57.038493333333335,1.3906484750967405,54.8198,59.8793,0.11532115684093229,7.4218566666666685,0.2403496878624051,6.9573,7.9759,-1.4438264738820367e-05,2.2519966666666664,0.21741271579392243,1.937,2.6475,-0.009990812013348201
compressor-0145,degrading,90,119,DEGRADATION,57.490993333333336,1.0898866888911998,54.9208,59.8793,0.022047519466072026,7.261840000000001,0.35254388625153227,6.6288,7.9759,-0.02999252502780887,2.2021533333333334,0.19489901100028414,1.937,2.6438,-0.012514749721913342
compressor-0145,degrading,100,129,DEGRADATION,58.93806333333332,1.7910195320884195,55.9998,62.629,0.11118307007786304,7.015086666666668,0.3419158285634379,6.6288,7.9759,-0.03266674082313707,2.2432266666666667,0.2951645788746038,1.937,2.9976,0.026674527252502748
compressor-0145,degrading,110,139,DEGRADATION,59.71010333333334,2.027561304865746,55.9998,62.629,0.1589674972191312,6.886453333333334,0.18584615632888996,6.6288,7.3709,0.003973481646273477,2.4331733333333334,0.3229792892568947,1.9774,2.9976,0.023336952169076726
compressor-0146,degrading,0,29,NORMAL,54.36416666666667,1.1027618311413492,52.5857,56.9237,-0.02371194660734207,7.981926666666667,0.24207358789334193,7.5586,8.4541,-0.014992703003337174,1.5321666666666665,0.23617434426475892,0.9751,1.9601,-0.005574638487208058
compressor-0146,degrading,10,39,NORMAL,54.40942666666667,0.827514539221047,52.6265,55.9801,0.030122536151278214,7.960896666666668,0.22040395108880315,7.5586,8.4171,0.014995350389321153,1.4938700000000003,0.22857532405460276,0.9751,1.9601,0.0007808898776417686
compressor-0146,degrading,20,49,NORMAL,54.68973999999999,1.0558092004398016,52.6265,56.5658,0.048115817575083014,7.989316666666666,0.21225629018293476,7.6641,8.4476,0.0020825139043380188,1.45585,0.1867552779263101,1.0576,1.8152,-0.00698444938820912
compressor-0146,degrading,30,59,NORMAL,54.820153333333344,1.0736392611839207,52.2415,56.5658,-0.04566576195773164,7.835983333333333,0.3622017532474899,7.0099,8.4476,-0.03402476084538382,1.4228566666666669,0.1432969706200689,1.0988,1.6735,-0.008087675194660806
compressor-0146,degrading,40,69,DEGRADATION,55.22420666666666,1.4606165131964726,52.2415,58.8998,0.03673512791991001,7.795936666666666,0.34536471010931175,7.0099,8.4476,0.004858620689654987,1.46788,0.20878178943576473,1.0988,2.0111,0.014301223581757476
compressor-0146,degrading,50,79,DEGRADATION,56.22720666666667,1.9481249400270904,52.2415,59.2856,0.17096551724137737,7.836993333333334,0.34967327600998566,7.0099,8.3689,0.02829917686318114,1.5391266666666665,0.18323384864399067,1.2075,2.0111,0.007748075639599519
compressor-0146,degrading,60,89,DEGRADATION,56.943796666666664,1.4446700784800508,53.7519,59.2856,0.013973681868741433,7.922876666666667,0.2700202790944085,7.3993,8.3689,-0.016970611790878894,1.5539633333333336,0.18650024036326482,1.2464,2.0111,-0.0054488320355951785
compressor-0146,degrading,70,99,DEGRADATION,56.664300000000004,1.448804198180923,54.2193,59.2856,-0.14384409343715376,7.829383333333335,0.2623767457726051,7.294,8.3173,-0.014756418242491805,1.61861,0.20906751915748814,1.2464,1.9822,0.013951657397107865
compressor-0146,degrading,80,109,DEGRADATION,56.79138000000001,1.934926661555936,54.2193,61.2052,0.10608244716351396,7.71308,0.22720757235033637,7.294,8.22,-0.0022052502780868176,1.7273433333333335,0.24852926411636558,1.2464,2.1895,0.01955125695216903
compressor-0146,degrading,90,119,DEGRADATION,56.28413666666666,2.1803355508550104,52.9902,61.2052,-0.0013783537263636592,7.604773333333332,0.263101135096162,7.0855,7.9986,-0.01899777530589547,1.8266799999999999,0.1549192013061432,1.5361,2.1895,-0.006745361512792031
compressor-0146,degrading,100,129,DEGRADATION,56.81078,2.2888789374422287,52.9902,61.2052,-0.03692961067853252,7.53905,0.23325920882143106,7.0855,7.9533,-0.00710218020022273,1.8401433333333335,0.17988759579866037,1.5361,2.1895,-2.716351501673169e-05
compressor-0146,degrading,110,139,DEGRADATION,57.27996666666665,2.55228529875134,52.9902,61.6217,0.2504338153503884,7.492826666666665,0.19299649208095873,7.0855,7.8823,0.008541090100110997,1.8566833333333332,0.176556886174274,1.5361,2.1349,0.007540266963292526
compressor-0146,degrading,120,149,DEGRADATION,58.14511666666667,2.0855873558118394,53.481,61.6217,0.043695283648497514,7.485016666666667,0.20917863670928624,7.0616,7.8823,-0.011029966629588541,1.9610166666666664,0.18091508704975995,1.5602,2.446,0.009770433815350336
compressor-0146,degrading,130,159,DEGRADATION,58.21830333333333,1.8332447317044773,54.7429,61.6217,-0.12585599555061486,7.390976666666668,0.18435682734547387,7.0616,7.8128,-0.015250789766407208,2.05855,0.19714693631908156,1.5924,2.446,0.010164738598442634
compressor-0146,degrading,140,169,DEGRADATION,58.10178333333332,1.5891659919767838,54.7429,61.2367,0.08500131256952091,7.309876666666667,0.1262895949351683,7.0616,7.6361,-0.0027501446051169122,2.0870699999999998,0.20062284042451398,1.6067,2.446,-0.0038283648498331777
compressor-0146,degrading,150,179,DEGRADATION,58.53341666666667,1.228723844505166,54.7429,60.6082,0.08217550611790624,7.270523333333332,0.1123363185063297,6.9639,7.4535,-0.0038877196885430663,1.9895466666666668,0.24295796033241815,1.5647,2.4045,-0.021457397107897735
compressor-0146,degrading,160,189,DEGRADATION,58.40511333333335,1.3594575137981404,55.4018,60.6082,-0.125721379310346,7.265640000000001,0.11581774935935628,6.9639,7.4459,-0.003916307007786622,2.02127,0.26877161575087,1.5647,2.504,0.01103650723025582
compressor-0146,degrading,170,199,DEGRADATION,59.094060000000006,2.4826745490297357,55.4018,64.7303,0.15624071190211117,7.262010000000001,0.18477665500093174,6.8031,7.6352,-0.0002519021134596555,2.1129766666666665,0.2793991048462555,1.5647,2.5115,0.02578760845383755
compressor-0146,degrading,180,209,DEGRADATION,59.86977,2.7192825093089046,55.4018,64.7303,0.2173950389321453,7.11993,0.292987205807125,6.5664,7.6352,-0.023998286985539546,2.2646233333333337,0.13916461399683788,2.0221,2.5115,-0.00029194660734152165
compressor-0146,degrading,190,219,DEGRADATION,61.009530000000005,1.675420503863632,58.3019,64.7303,-0.04500193548387322,6.961923333333332,0.30885802529461476,6.5004,7.6352,-0.024112146829811065,2.265823333333333,0.11958692984138729,2.0726,2.5594,0.0010628031145716824
compressor-0146,degrading,200,229,DEGRADATION,60.84685,1.0702953613372337,59.3286,63.029,-0.005350989988877645,6.916380000000001,0.24862008017589138,6.5004,7.4982,0.01652614015572839,2.3499800000000004,0.17195953865178093,2.0726,2.6573,0.01500427141268072
compressor-0146,degrading,210,239,DEGRADATION,60.71606666666667,0.9454613866020949,59.3286,62.6304,0.020067185761957044,6.927906666666669,0.24139517660651152,6.5004,7.4982,0.001025628476084489,2.4468733333333335,0.15499503633629336,2.1268,2.6596,0.010670122358175682
compressor-0146,degrading,220,249,DEGRADATION,60.36326333333333,1.5811957069431843,56.433,62.6304,-0.08695446051168078,6.981623333333332,0.2529718675839052,6.5965,7.4982,-0.009009543937708791,2.533333333333333,0.09406861089415301,2.3126,2.6863,0.00014460511679637069
compressor-0147,failure,0,29,DEGRADATION,54.07972,1.528365769572192,51.2227,56.8916,-0.05312809788654202,8.186383333333334,0.23208111237716475,7.7083,8.6819,-0.015761134593993552,1.6038600000000003,0.23285747515021576,1.1004,2.1497,-0.00277997775305899
compressor-0147,failure,10,39,DEGRADATION,55.078846666666664,2.3825049456028884,51.2227,61.3045,0.11907216907675006,8.013386666666666,0.23532296776038564,7.5985,8.5179,-0.015411301446051337,1.7150566666666665,0.3094409450211067,1.1004,2.205,0.020751924360400416
compressor-0147,failure,20,49,DEGRADATION,56.920216666666654,3.614005932948767,51.2227,62.0443,0.39122088987764136,7.806683333333335,0.27697480039807876,7.2444,8.2856,-0.023162469410456268,1.89792,0.3560963281660362,1.1004,2.4768,0.030028520578420433
compressor-0147,failure,30,59,DEGRADATION,59.117126666666664,2.2133944804204146,54.5699,62.3201,0.09219577308119978,7.467143333333334,0.404617353955836,6.7298,8.2856,-0.04429746384872101,2.19587,0.2321517939481264,1.7751,2.5647,0.018992191323692956
compressor-0147,failure,40,69,FAILURE,60.074843333333334,1.6926040548384473,55.5813,63.4447,-0.03444193548387212,7.265189999999999,0.28284960238025203,6.7298,7.8243,-0.013627430478309359,2.4054833333333336,0.2463155863025228,1.8579,2.7455,0.022518420467185694
compressor-0147,failure,50,79,FAILURE,60.83430666666667,2.5552272273300645,55.5813,66.7645,0.1275433147942149,7.187673333333334,0.24840651485462742,6.7298,7.7566,0.011575973303670595,2.7066500000000002,0.35172917019585775,2.1022,3.579,0.033840066740823085
compressor-0147,failure,60,89,FAILURE,60.30525333333333,2.968450255574821,55.1579,66.7645,-0.1414200222469422,7.159673333333333,0.3159411801093502,6.4175,7.7566,-0.018182914349277043,2.856866666666667,0.2951172279319224,2.3693,3.579,0.014968186874304724
compressor-0147,failure,70,99,FAILURE,62.05449,4.13958097141486,55.1579,69.3913,0.10222542825361382,7.017340000000001,0.32969036544410363,6.4175,7.6585,-0.024507408231368377,3.070863333333333,0.29453432791819395,2.3693,3.579,0.013939688542825292
compressor-0147,failure,80,109,FAILURE,64.18712333333332,5.39151237858688,55.1579,72.053,0.5533975305895422,6.73291,0.3434439647162255,6.0267,7.5236,-0.024633214682981134,3.1959433333333336,0.2958492540504746,2.5414,3.9786,0.025819599555061114
compressor-0147,failure,90,119,FAILURE,67.60395999999999,2.855823085977141,60.0305,72.053,0.15268449388208916,6.598026666666667,0.27660653515217043,6.0267,7.1477,-0.017361779755283784,3.4805633333333335,0.2557124954362266,3.0364,3.9786,0.02181047830923247
compressor-0147,failure,100,129,FAILURE,69.12686666666667,2.029063790082074,65.4134,74.686,0.04789010011123299,6.421756666666666,0.23262863492891173,5.8608,7.0069,-0.010309165739710949,3.787806666666667,0.395573232944574,3.1655,4.5133,0.03867087875417125
compressor-0147,failure,110,139,FAILURE,71.17729666666668,3.862764743503746,65.4134,78.5483,0.3177162402669603,6.179703333333334,0.36068757439399296,5.5247,6.6406,-0.03572780867630717,4.197843333333333,0.43981069085333624,3.5053,4.9715,0.04498538375973296
compressor-0147,failure,120,149,FAILURE,73.28826666666669,3.252464960952265,65.7024,78.5483,0.20663501668520415,5.799940000000001,0.4267118540654805,4.9744,6.5668,-0.04232151279199129,4.555210000000001,0.3841357462755408,3.7161,5.369,0.028166162402669528
compressor-0147,failure,130,159,FAILURE,75.56826000000001,2.3154014941401995,70.7224,79.6804,0.06585352614015515,5.534143333333333,0.24696560041610832,4.9744,5.9845,-0.009775728587319402,4.78768,0.338878595173355,4.3826,5.5547,0.012651657397107819
compressor-0148,failure,0,29,DEGRADATION,51.944176666666664,1.0398962078602954,49.5472,53.8826,-0.06531254727475053,8.180126666666666,0.24653201676230382,7.7151,8.645,-0.019827675194660912,1.5764400000000003,0.2327596794979749,1.0982,1.9738,-0.0017514571746385195
compressor-0148,failure,10,39,DEGRADATION,52.991379999999985,2.370649263303199,49.5472,58.2638,0.19029695216907636,8.070626666666666,0.18781680601645379,7.7151,8.4044,-0.0064631813125696535,1.7648866666666665,0.41355271629570467,1.0982,2.4523,0.03874340378197996
compressor-0148,failure,20,49,DEGRADATION,55.09671000000001,3.095734726183754,49.5472,59.8046,0.3319334593993313,7.92907,0.19492161356128107,7.5308,8.2763,-0.008873615127920016,2.020763333333334,0.3670838518952069,1.0982,2.4681,0.03117225806451611
compressor-0148,failure,30,59,FAILURE,57.53393666666667,1.8552315010052585,53.0413,60.6496,0.17434805339265774,7.605203333333334,0.4725080595314988,6.8882,8.2763,-0.04962467185761978,2.335793333333333,0.22539650090944677,1.9942,2.9928,0.015917196885428198
compressor-0148,failure,40,69,FAILURE,59.351500000000016,1.76687767620361,56.089,63.7708,0.1633780645161279,7.3573200000000005,0.3558283822294112,6.8882,8.1028,-0.020531345939933533,2.5700066666666666,0.35290168501848906,1.9942,3.2415,0.03403208008898775
compressor-0148,failure,50,79,FAILURE,61.049586666666656,2.8190319744826513,56.6795,68.1486,0.2521567964404875,7.096980000000001,0.27441694359739044,6.4908,7.6649,-0.004651746384872175,2.9322900000000005,0.357542745556388,2.266,3.5834,0.035703070077864246
compressor-0148,failure,60,89,FAILURE,62.474669999999996,2.3133422217144326,57.3761,68.1486,0.11785835372636112,6.970903333333333,0.3692609822183883,6.4085,7.6649,-0.034852035595105794,3.1509899999999993,0.2645672256724177,2.5577,3.683,0.012304493882091193
compressor-0148,failure,70,99,FAILURE,63.65187666666667,2.528091452154283,57.3761,68.342,0.1240106117908781,6.6235100000000005,0.38912887869359336,5.7415,7.5864,-0.03387913236929936,3.264243333333333,0.19129669396574064,2.8352,3.683,-0.0010211568409344302
compressor-0148,failure,80,109,FAILURE,64.71634666666668,2.3443191298304265,60.5794,70.4476,0.1923680088987751,6.326593333333334,0.3038988219055079,5.7415,6.758,-0.0232379087875418,3.3132099999999998,0.3001137232783599,2.8352,4.154,0.016010700778642875
compressor-0148,failure,90,119,FAILURE,66.41321333333333,2.312247516700772,62.258,70.4476,0.179059221357062,5.983373333333334,0.3887601530792762,5.215,6.758,-0.03461713014460522,3.6650699999999996,0.5159421790278441,2.9594,4.8484,0.05076878754171294
compressor-0148,failure,100,129,FAILURE,67.29442333333333,1.7063526645417961,63.6828,70.4476,0.06977813125695095,5.760276666666668,0.35313918189417737,4.9786,6.2553,-0.024015239154616383,3.990603333333333,0.499996790978591,2.9594,4.8484,0.045753748609566124
compressor-0148,failure,110,139,FAILURE,69.01275000000001,2.256355210621768,65.4547,73.6245,0.1642617797552818,5.561546666666668,0.28432791131993274,4.9786,6.1291,-0.009134593993326076,4.470699999999999,0.39246565794559235,3.8319,5.1486,0.03063568409343699
compressor-0149,failure,0,29,DEGRADATION,52.43271666666667,0.7446722012999338,51.2099,54.2628,-0.017822002224694586,8.107233333333335,0.31479663205878733,7.3694,8.5244,-0.027802491657397402,1.546246666666667,0.11877655137086426,1.342,1.8074,-0.0060258509454950366
compressor-0149,failure,10,39,DEGRADATION,54.07827333333332,2.515546338396934,51.2099,59.9556,0.20040115684093285,7.975906666666666,0.2877652653736298,7.3694,8.4407,-0.017790211345940096,1.6658366666666666,0.2749498166130604,1.342,2.3957,0.026962380422691855
compressor-0149,failure,20,49,DEGRADATION,55.87816000000001,3.0412331898535285,51.2099,60.1156,0.2860624249165728,7.662000000000001,0.3277411417567224,6.9026,8.1859,-0.022480355951056873,1.879833333333333,0.27251848418450847,1.342,2.3957,0.026137708565072276
compressor-0149,failure,30,59,DEGRADATION,57.940166666666656,1.489423604694857,54.1099,60.1156,0.059608320355949956,7.4995466666666655,0.36908514531052167,6.9026,8.1859,-0.03576195773081223,2.1593333333333335,0.2339479020826836,1.7513,2.7749,0.020355283648498267
compressor-0149,failure,40,69,FAILURE,59.04333999999999,1.7865465202637927,56.1693,62.9412,0.1015781535038912,7.347200000000001,0.24081003993466166,6.9026,7.9341,0.003526496106785085,2.451446666666667,0.3823934385187882,1.9837,3.2125,0.04077904338153501
compressor-0149,failure,50,79,FAILURE,60.77792666666668,2.698167398925097,56.1693,65.5159,0.27229681868742933,7.225083333333333,0.3496450763115204,6.4087,7.9341,-0.016033615127919967,2.64009,0.3179996282492586,2.0919,3.2987,0.015447408231368084
compressor-0149,failure,60,89,FAILURE,62.203113333333334,2.077117251341922,57.4378,65.5159,0.10503256952168935,7.02556,0.46232087457378207,6.2206,7.9341,-0.04425877641824272,2.9825933333333334,0.3969125830988761,2.321,3.8534,0.025037997775305854
compressor-0149,failure,70,99,FAILURE,64.29765333333333,2.7851190992766455,59.6258,70.6484,0.1765556840934359,6.695413333333332,0.3566600395646002,6.1618,7.5212,-0.02723328142380437,3.0482633333333333,0.4088516075410355,2.321,3.8534,0.02103352614015567
compressor-0149,failure,80,109,FAILURE,66.61424666666666,3.8988963327018005,59.9677,73.5701,0.39300458286985446,6.545396666666667,0.25761039508442884,5.9927,7.1539,-0.009448387096774367,3.4390233333333327,0.3910645502414602,2.6207,4.1318,0.02311098998887647
compressor-0149,failure,90,119,FAILURE,68.12684333333333,3.078364821208746,62.2847,73.5701,0.020578086763068035,6.150623333333333,0.5621857561834483,5.0577,7.1539,-0.04892843159065641,3.6185966666666665,0.4286800675588057,2.6207,4.1978,0.040022580645161274
compressor-0149,failure,100,129,FAILURE,68.78362999999999,2.8151787988391317,63.0621,73.5701,-0.08338791991101384,5.87163,0.5391418911257655,5.0577,7.1539,-0.04054378197997788,3.9392633333333333,0.22469751739220936,3.5849,4.525,0.01381403781979963
compressor-0149,failure,110,139,FAILURE,69.29186666666666,3.3443495035989024,63.0621,76.5599,0.22588182424916436,5.583433333333334,0.28501339773577117,5.0577,6.105,0.007271724137930926,4.17862,0.3449857942969053,3.5869,4.9927,0.030288008898776298
compressor-0149,failure,120,149,FAILURE,71.19706333333332,2.8215475949064217,63.1283,76.5599,0.20714226918798528,5.526653333333333,0.3338233721928742,4.7892,6.105,-0.020352213570634176,4.3297566666666665,0.32533665505476356,3.6125,4.9927,0.01676033370411562
compressor-0150,failure,0,29,DEGRADATION,53.72538,1.2178494987476909,51.827,56.2663,-0.05772311457174784,7.8613800000000005,0.24697753393105767,7.3,8.2918,-0.024934949944382875,1.4870533333333333,0.192630680722349,1.0659,1.9145,0.008999243604004434
compressor-0150,failure,10,39,DEGRADATION,54.781969999999994,2.42381468188061,51.827,61.0725,0.19077991101223465,7.653026666666667,0.23696906821120953,7.1675,8.0671,-0.023184916573971343,1.6966966666666667,0.3724649777570444,1.0659,2.3065,0.04070226918798664
compressor-0150,failure,20,49,DEGRADATION,56.81966333333334,3.096604396806642,51.827,62.0837,0.3205524582869841,7.3301766666666675,0.34391288304194456,6.3324,7.8404,-0.0341036484983317,2.057183333333333,0.33138593621670526,1.4499,2.696,0.03369519466073414
compressor-0150,failure,30,59,FAILURE,58.42257333333335,1.7040535441378852,54.789,62.0837,0.011730901001110206,6.944419999999999,0.4965881763930081,6.0771,7.655,-0.04880418242491677,2.282416666666667,0.19880723508520062,1.8943,2.696,0.011184404894326988
compressor-0150,failure,40,69,FAILURE,60.22588666666666,2.5868553941975363,55.3785,65.675,0.13031274749721736,6.7248566666666685,0.36735182743825057,6.0771,7.3956,-0.001799710789766638,2.480366666666667,0.3014976509950874,1.8987,3.3924,0.022267586206896523
compressor-0150,failure,50,79,FAILURE,60.779593333333324,2.9201340340166273,55.3785,66.5239,0.17761899888765115,6.61049,0.3131210685448468,6.0771,7.3956,0.013763759733036536,2.7977700000000003,0.44597162103284854,2.0998,3.5353,0.04690404894327026
compressor-0150,failure,60,89,FAILURE,62.256316666666656,2.020979878191655,58.083,66.5239,-0.005587830923249597,6.563843333333333,0.42356238004441443,5.2635,7.3956,-0.027557664071190372,3.1537,0.37570164758755054,2.2929,3.6862,0.036038887652947695
compressor-0150,failure,70,99,FAILURE,62.53715333333333,2.0042503532465425,58.083,66.5239,0.13292071190211296,6.189919999999999,0.49557812529072226,5.2635,7.0354,-0.045953904338153724,3.494586666666667,0.2762122694997857,3.0117,4.2468,0.02504151279199105
compressor-0150,failure,80,109,FAILURE,65.72331333333332,4.183467069926039,60.5451,73.3897,0.4133479866518343,5.869883333333334,0.43651542552608874,5.2406,7.0354,-0.03324371523915477,3.759066666666667,0.3354926987117437,3.1495,4.2993,0.0341959065628475
compressor-0150,failure,90,119,FAILURE,68.99513,4.031029578916531,61.7284,73.3897,0.37669363737485867,5.6444399999999995,0.17140148501884891,5.2406,6.027,-0.0035647608453839765,4.0240366666666665,0.2972340945936197,3.4178,4.5384,0.026674416017797464
compressor-0150,failure,100,129,FAILURE,72.11869333333334,1.9250074804934014,65.0999,74.8019,0.12416177975528249,5.472193333333334,0.277935458854909,4.7765,5.886,-0.020555728587319393,4.308396666666667,0.2896058027541729,3.7228,4.848,0.02674996662958832
compressor-0150,failure,110,139,FAILURE,73.26702666666665,1.348061562623244,70.1505,76.0123,0.10333988876529379,5.255216666666667,0.3149205022259144,4.6871,5.7599,-0.024428008898776506,4.50268,0.30180036823480955,3.7228,5.1617,0.02487897664071181
compressor-0151,failure,0,29,DEGRADATION,53.37473666666666,0.7529846224562325,51.9412,54.7288,0.019784271412678533,7.955830000000001,0.30205993461563235,7.3984,8.3038,-0.03218120133481677,1.99812,0.21357355079690934,1.6535,2.3496,0.021722313681868707
compressor-0151,failure,10,39,FAILURE,55.36512333333334,3.1773484172271,51.9412,63.8465,0.2975581535038926,7.67332,0.3090440825081971,7.0679,8.1961,-0.03247857619577325,2.3156899999999996,0.35562691625728593,1.6535,3.0616,0.03679632925472746
compressor-0151,failure,20,49,FAILURE,59.142309999999995,4.993676705084142,52.183,69.7013,0.4672286763070068,7.346923333333334,0.3039939656016584,6.3541,7.777,-0.027686162402669766,2.581466666666667,0.28221032621472625,2.0193,3.0616,0.023992080088987698
compressor-0151,failure,30,59,FAILURE,61.37873999999999,3.406063687954177,55.8131,69.7013,0.049314393770854316,6.787840000000001,0.6947582848732357,5.6042,7.665,-0.0706123248053396,2.9065233333333333,0.28864511391826625,2.4978,3.7677,0.023162558398220203
compressor-0151,failure,40,69,FAILURE,63.48121666666667,3.460009845947777,57.4402,72.1466,0.044783070077862745,6.384179999999999,0.5791938175314604,5.6042,7.4968,-0.037937174638487406,3.2969133333333334,0.510445612991455,2.5875,4.2208,0.05430144605116792
compressor-0151,failure,50,79,FAILURE,67.03910666666667,6.487324929374888,57.4402,77.8527,0.7040711902113449,5.895183333333333,0.3914718577227345,5.1507,6.7233,-0.012540889877641908,3.829236666666667,0.5108942803120383,2.7766,4.6563,0.05508522803114564
compressor-0151,failure,60,89,FAILURE,70.18204666666666,4.4629963469798595,63.1908,77.8527,0.2031500778642925,5.746593333333334,0.45399573047429526,5.0856,6.7233,-0.03726505005561761,4.453743333333334,0.5150162325489254,3.6094,5.5688,0.05603962180200214
