session_id,scenario,window_start,window_end,state,temperature_mean,temperature_std,temperature_min,temperature_max,temperature_trend,vibration_mean,vibration_std,vibration_min,vibration_max,vibration_trend,rpm_mean,rpm_std,rpm_min,rpm_max,rpm_trend
motor-0000,failure,0,29,DEGRADATION,55.90486666666666,1.3129980292783718,52.9055,58.2154,-0.04108048943270452,1.6828433333333335,0.17557665312399087,1.389,2.0513,0.007160778642936514,1812.9218466666669,13.97097652403566,1792.9093,1858.0397,-0.8729420689655614
motor-0000,failure,10,39,DEGRADATION,57.06494333333334,2.577724873822306,52.9055,63.0242,0.20202173526140083,1.8883800000000004,0.3563649247611218,1.389,2.6242,0.035729966629588425,1791.6092033333334,23.042354550298377,1732.7102,1826.391,-1.9014613793103996
motor-0000,failure,20,49,DEGRADATION,58.41238333333334,2.7328552033948346,52.9055,63.0242,0.251611145717462,2.1793766666666667,0.3532435313711428,1.389,2.6792,0.03490333704115682,1762.0043133333334,40.19476021503078,1692.9917,1826.391,-4.351880578420473
motor-0000,failure,30,59,DEGRADATION,60.061173333333336,1.3607041221204397,57.459,63.6756,0.028195061179086336,2.4797033333333336,0.2479603119900889,1.9194,3.0475,0.02194289210233591,1743.7381400000002,24.202698174674637,1692.9917,1782.3946,-0.6084513459399613
motor-0000,failure,40,69,FAILURE,61.30969333333334,2.0994553763509454,58.4823,66.8827,0.18296484983314704,2.618136666666666,0.2144022131156507,2.2622,3.129,0.012632413793103368,1723.13286,27.271182016561003,1663.2336,1765.6822,-0.9684960177975984
motor-0000,failure,50,79,FAILURE,62.28097,2.246452297609129,58.4823,66.8827,0.15051828698553804,2.774553333333333,0.22388595420188573,2.2622,3.2454,0.014385317018909846,1715.8532733333332,33.1212330716006,1662.376,1765.6822,-3.1174702558398546
motor-0000,failure,60,89,FAILURE,63.86990666666667,1.856401711902776,59.6278,67.3964,0.06648395995550485,2.918903333333333,0.3528244176011002,2.2622,3.8856,0.025480511679644012,1688.6583433333333,23.55534415590487,1644.8713,1734.3452,-1.5661682536151451
motor-0000,failure,70,99,FAILURE,65.12240333333332,2.440209263769993,59.6278,68.6178,0.21169181312569416,3.2699100000000003,0.47773851240331605,2.5246,4.2922,0.04473239154616235,1663.14778,41.28935150758528,1561.564,1722.9361,-3.6123582202447615
motor-0000,failure,80,109,FAILURE,66.62320666666668,1.817981945259328,61.6652,69.4471,0.11457899888765165,3.5215366666666656,0.44726200336665706,2.5246,4.2922,0.03412002224694099,1624.4498666666664,50.398991753892155,1547.9501,1701.9462,-4.545563559510568
motor-0000,failure,90,119,FAILURE,68.42821333333335,1.8184450818823825,65.4734,73.0706,0.11899185761957594,3.9408200000000004,0.4103154830127667,3.2115,4.863,0.03135145717463842,1596.9734799999999,37.26589955324124,1547.9501,1684.1417,-1.7759238709677752
motor-0000,failure,100,129,FAILURE,69.84573000000002,2.481417345947003,65.4734,75.7272,0.2175570411568392,4.088253333333332,0.369878432040703,3.2115,4.863,0.024348965517241326,1578.6779200000003,27.172690037234076,1515.3044,1634.4411,-0.36749873192438115
motor-0000,failure,110,139,FAILURE,71.09720999999999,1.9658692741125994,67.5299,75.7272,0.0808946162402653,4.334463333333334,0.24123912270239717,3.8964,4.863,0.003921223581757453,1568.102053333333,29.438433630304147,1507.5515,1617.5616,-2.0629909677419764
motor-0000,failure,120,149,FAILURE,72.81689,2.54897161581555,68.3821,77.9655,0.19206413793103208,4.562029999999999,0.4396544318363381,3.8964,5.5463,0.04363922135706329,1543.6818133333334,34.92351129033975,1476.712,1617.5616,-2.82896311457178
motor-0001,degrading,0,29,NORMAL,54.661546666666666,0.9780222770923411,52.6052,56.6381,-0.02301219132369363,1.5259399999999999,0.23420896880065603,1.1552,1.982,-0.0156426696329255,1813.5029233333332,19.096144786189743,1773.9821,1842.7339,0.2817470745271961
motor-0001,degrading,10,39,NORMAL,54.89980333333333,0.97845926451857,52.6052,56.4051,0.04966106785316991,1.4818466666666668,0.16988673625552866,1.1552,1.7543,0.012268965517241345,1811.4734533333333,18.324032534074533,1773.9821,1842.7339,1.0858119688542436
motor-0001,degrading,20,49,NORMAL,55.040749999999996,1.1216154530408355,52.6052,56.4051,0.06259499443826345,1.48422,0.17020600146097473,1.1369,1.7543,-0.002184738598442738,1811.9549399999999,19.435055288363163,1776.6102,1842.7339,-1.0859887875417735
motor-0001,degrading,30,59,DEGRADATION,54.826743333333326,1.565856852691913,51.1454,56.4378,-0.09359348164627401,1.45056,0.18769880766802968,1.0526,1.7411,-0.01557428253615132,1814.00701,19.974776725433006,1776.6102,1859.6697,0.7503112569521398
motor-0001,degrading,40,69,DEGRADATION,55.86184666666667,2.552033933255765,51.1454,59.6354,0.16494901001112258,1.4727999999999999,0.24244335695855504,1.0526,2.0458,0.016066874304783058,1809.5439633333333,21.59337251722518,1776.6102,1859.6697,0.36346725250274337
motor-0001,degrading,50,79,DEGRADATION,56.521960000000014,2.547581913972542,51.1454,59.6354,0.1843740600667392,1.6230399999999998,0.2769199831479604,1.0526,2.1112,0.02399034482758616,1797.9222300000001,32.389281882397974,1743.4427,1859.6697,-3.2955609121246168
motor-0001,degrading,60,89,DEGRADATION,57.900690000000004,1.2045740199616903,55.5151,60.1307,-0.04954489432703114,1.8910799999999999,0.25014926797147874,1.3737,2.3914,0.021719999999999944,1792.469466666667,26.793399192989472,1743.4427,1827.3288,0.4056533481645818
motor-0001,degrading,70,99,DEGRADATION,57.73116,1.1018964526669464,55.5151,60.1307,0.05225793103448198,1.9781633333333333,0.20314628470363144,1.6177,2.3914,0.00655935483870962,1782.9185133333337,27.45496022166404,1743.4427,1827.3288,0.4590055617352188
motor-0001,degrading,80,109,DEGRADATION,56.95321666666666,1.8210792779893523,53.5842,60.1307,-0.1150127474972208,1.9161533333333334,0.26350671431462397,1.427,2.3914,-0.01989365962180203,1782.7635166666666,26.785041234155084,1744.7184,1827.3288,-2.681939911012249
motor-0001,degrading,90,119,DEGRADATION,56.30892333333333,1.6650431755529809,53.5842,59.3255,-0.13330480533926753,1.9032533333333335,0.2606878487557272,1.427,2.4502,0.005776863181312546,1770.38729,15.696915268789803,1744.7184,1806.862,-0.11585644048947295
motor-0001,degrading,100,129,DEGRADATION,56.36195999999999,1.7338333533147487,53.5842,59.4132,0.14545054505005564,1.9282066666666668,0.2664707100018478,1.427,2.4502,0.019979399332591716,1763.551783333333,14.679353443779062,1735.6758,1792.8119,-0.3230337041157449
motor-0001,degrading,110,139,DEGRADATION,57.422586666666675,1.4607357170807993,54.542,59.4132,0.11610496106785136,2.1009933333333337,0.16787144671510465,1.7442,2.4502,0.0028801779755283485,1758.0959866666665,18.406441913792616,1729.3761,1792.8119,-1.5339074082314295
motor-0001,degrading,120,149,DEGRADATION,59.109680000000004,1.4537389152113933,56.9884,62.3886,0.11270874304782988,2.189786666666666,0.19858181980119818,1.853,2.657,0.012180689655172355,1751.270713333333,14.88629040047101,1729.1797,1782.8591,0.3581314794215478
motor-0001,degrading,130,159,DEGRADATION,59.27452999999999,1.5695316537426054,56.9884,62.3886,0.03452909899888604,2.244686666666667,0.16283176744385258,1.9088,2.657,0.0022464516129031653,1747.8172233333332,16.063754145003664,1715.8027,1782.8591,0.16147690767513853
motor-0001,degrading,140,169,DEGRADATION,59.46180000000001,1.4616954365849721,57.0914,62.3886,-0.085930678531703,2.273563333333334,0.17084551790693508,1.891,2.657,-0.003524471635150234,1747.4358466666667,18.65814106981603,1710.5658,1782.8591,-0.347771479421618
motor-0001,degrading,150,179,DEGRADATION,59.307336666666664,1.2502951258225217,57.0914,61.5317,0.05030600667408118,2.3185233333333333,0.17881076344063354,1.891,2.5917,0.012153704115684063,1749.6472433333333,19.232595037343664,1710.5658,1776.112,1.1721951279198686
motor-0001,degrading,160,189,DEGRADATION,59.887750000000004,1.1835881997130597,57.6917,61.6319,0.09810992213570474,2.399286666666667,0.16848634708947646,1.891,2.5917,0.010411434927697435,1746.53063,19.64044994158993,1710.5658,1776.112,-0.09642840934374161
motor-0001,degrading,170,199,DEGRADATION,60.01208666666666,1.2713348794956514,56.9524,61.6319,-0.030307319243606117,2.499153333333333,0.12396961652849549,2.2978,2.7968,0.003192925472747444,1741.7330866666666,20.027410307754607,1706.1445,1776.112,-1.3673033592881143
motor-0001,degrading,180,209,DEGRADATION,60.764709999999994,1.762671646554362,56.9524,63.6737,0.09516829810900831,2.5840766666666672,0.16535537423648766,2.3227,2.9954,0.01319672969966623,1727.85648,16.82494827543113,1681.9711,1751.4385,-0.6802612680756989
motor-0001,degrading,190,219,DEGRADATION,60.60635666666666,2.0272469753639344,56.9397,63.6737,0.05776002224694002,2.5809599999999997,0.18619005451419796,2.2295,2.9954,-0.0043468743047831646,1718.4868400000003,17.950839588100962,1681.9711,1751.4385,-1.1178689210233845
motor-0002,healthy,0,29,NORMAL,53.39958666666666,1.2734681340688847,50.654,56.1988,-0.06737477196885622,1.6945633333333336,0.1616067067158896,1.209,1.9564,-0.0065133926585095306,1789.3929266666669,20.836450321698813,1752.1072,1831.104,0.9007918576195721
motor-0002,healthy,10,39,NORMAL,53.37404333333333,1.2676259931287122,50.654,56.1988,-0.04563931034482905,1.7271866666666669,0.17719959693959678,1.209,1.9764,0.010450989988876499,1800.6587966666668,21.159246938623696,1752.1072,1831.1694,1.208761979977717
motor-0002,healthy,20,49,NORMAL,52.84728,1.1250734759413112,50.654,54.6294,0.024480088987763906,1.6689900000000002,0.22895198383067134,1.209,1.9764,-0.0045410678531702265,1804.1342100000002,16.152821370570763,1765.7826,1831.1694,0.004283893214628795
motor-0002,healthy,30,59,NORMAL,53.22312333333334,1.0366947730434233,51.021,55.366,-0.01504647385984625,1.60396,0.25938606567559996,1.094,1.9764,-0.02186331479421586,1798.9101066666663,16.497059823191403,1769.0445,1831.1694,-1.2016297664071651
motor-0002,healthy,40,69,NORMAL,53.31207000000001,1.0752378413324808,51.021,55.366,0.030908542825359712,1.5302966666666662,0.19370677235335773,1.094,1.8589,0.007003848720800868,1793.1487766666664,14.175373325940635,1769.0445,1816.8766,-0.35050017797556293
motor-0002,healthy,50,79,NORMAL,53.53175333333333,0.7562685223002628,52.047,55.366,0.012908342602890832,1.5526566666666666,0.16309403766607233,1.094,1.8589,0.008448476084538336,1785.9132500000003,15.699524614326187,1761.6515,1816.8766,-0.34467886540601583
motor-0002,healthy,60,89,NORMAL,53.58099333333333,0.6904961418831794,52.1588,55.0553,-0.01813548387096958,1.6640633333333334,0.13665609263971937,1.4189,2.0169,0.004676462736373704,1791.7488366666666,17.30957996181083,1761.6515,1821.2117,0.36052758620687814
motor-0002,healthy,70,99,NORMAL,53.58573333333334,0.6594563333197699,52.1588,55.0553,0.015408898776417615,1.6761200000000003,0.15000931393305775,1.4189,2.0169,0.005168275862068937,1792.26741,16.07808264811346,1761.6515,1821.2117,1.1466742380422346
motor-0002,healthy,80,109,NORMAL,53.07212666666667,0.9702087311272537,51.1009,54.8628,-0.051024649610679595,1.6764433333333335,0.14576749908291936,1.4518,2.0169,-0.007637308120133532,1794.576666666667,15.197955242890037,1762.4518,1821.2117,-0.7074288320356382
motor-0002,healthy,90,119,NORMAL,53.25269,1.1154780330572776,51.1009,55.4263,0.020212747497217794,1.657293333333333,0.12883946324356096,1.4518,1.9469,-0.0015237374860957074,1800.54145,20.139837518075943,1762.4518,1840.0342,1.2722011345939372
motor-0002,healthy,100,129,NORMAL,53.52764333333334,1.8509320001345868,51.1009,58.7761,0.0998695661846494,1.6506133333333335,0.11054884209655427,1.4518,1.9078,0.005241023359288094,1795.2851933333336,24.646153307280134,1762.4357,1840.0342,-0.13110002224701572
motor-0002,healthy,110,139,NORMAL,53.44076,1.9200337088360366,50.84,58.7761,-0.1122925917686333,1.63478,0.12509237759885025,1.3883,1.9078,-0.006962135706340412,1796.0950699999999,25.453126155060662,1744.7236,1840.0342,-1.4850895884316375
motor-0002,healthy,120,149,NORMAL,53.08648666666667,1.8576338883524803,50.84,58.7761,-0.09475919911012218,1.6213233333333334,0.1215253737108245,1.3883,1.8205,-0.003653325917686353,1788.2059133333335,20.46525181681921,1744.7236,1823.8877,0.5271619577307469
motor-0002,healthy,130,159,NORMAL,52.585176666666676,0.9859029609731146,50.84,54.3232,0.0629135261401545,1.6677133333333338,0.17281232736378757,1.3883,2.1552,0.01282002224694103,1786.4870766666668,18.710239532809883,1744.7236,1823.8877,-0.2872524360400711
motor-0002,healthy,140,169,NORMAL,52.27408666666667,1.4227206598001672,49.4858,54.3232,-0.08658157953281445,1.6746766666666668,0.17122577236567577,1.4104,2.1552,-0.004586629588431656,1790.88623,16.666205987509585,1763.3633,1823.8877,0.08881243604000644
motor-0002,healthy,150,179,NORMAL,52.786809999999996,1.7945352297739936,49.4858,56.0066,0.06452972191323593,1.80359,0.23536231410317157,1.4104,2.2007,0.011332969966629563,1797.1544566666669,19.172261467628758,1763.3633,1828.6507,1.9471886763069315
motor-0002,healthy,160,189,NORMAL,52.53861,1.906619485258311,49.4858,56.0066,0.0704925250278086,1.7084933333333336,0.26301008083764055,1.325,2.2007,0.0001268965517241252,1801.1154266666667,16.718042437377512,1768.1858,1828.6507,-0.46470060066744184
motor-0003,degrading,0,29,NORMAL,55.91759000000001,1.4348880233546677,52.6024,58.0435,-0.057793125695218446,1.4635599999999998,0.15319685070740413,1.2118,1.7408,-0.011070389321468335,1802.14713,16.662910412492952,1758.0204,1831.5698,-0.5278765072302948
motor-0003,degrading,10,39,NORMAL,55.973426666666676,1.4737706130723176,52.6024,58.7841,0.07070642936596078,1.4466933333333334,0.13319738719492796,1.2118,1.6611,0.00884849833147937,1804.7573033333335,18.805230014820914,1758.0204,1845.8675,1.0326810456061823
motor-0003,degrading,20,49,NORMAL,55.74173,1.3936269180690597,53.4561,58.7841,-0.04109933259176975,1.4755966666666667,0.1361581861496236,1.2454,1.7104,0.004631301446051148,1811.8988366666667,14.112258031713251,1781.2071,1845.8675,0.45965025583979374
motor-0003,degrading,30,59,DEGRADATION,56.36832666666667,1.6242427710440601,53.7354,58.8758,0.01762104560622706,1.5390733333333333,0.16498506383575723,1.1934,1.9672,2.3492769744134783e-05,1812.8779566666667,16.21895272339707,1774.4307,1845.8675,-0.485616129032278
motor-0003,degrading,40,69,DEGRADATION,56.95559999999999,2.052625148762757,53.7354,59.7885,0.20168204671857495,1.6777766666666667,0.279500886919682,1.1934,2.1705,0.023463470522803096,1809.147083333333,15.540920583051783,1774.4307,1834.8699,0.1010958175750413
motor-0003,degrading,50,79,DEGRADATION,57.72356333333333,1.3096149712754848,54.8267,59.7885,-0.009915572858733766,1.8153033333333335,0.23696800977253354,1.1934,2.1705,0.016789966629588416,1798.0797966666667,20.408098405853224,1758.4414,1834.8699,-0.9550874972191724
motor-0003,degrading,60,89,DEGRADATION,57.677553333333336,1.1825323211180696,55.9939,59.7885,-0.06359403781980154,1.9208133333333335,0.0931993481140769,1.7679,2.1705,-0.0048073859844271925,1789.50838,20.36138889896594,1758.4414,1834.8699,-1.4506299888765575
motor-0003,degrading,70,99,DEGRADATION,57.569096666666674,1.2047119668156743,55.9939,60.8849,0.08244874304783013,1.8058533333333335,0.1929845412346687,1.3222,2.1061,-0.011586340378198029,1774.8156900000001,14.97544135345934,1744.3185,1814.1386,-0.8577463181313063
motor-0003,degrading,80,109,DEGRADATION,57.23402333333333,1.4724501088737176,54.3648,60.8849,-0.05070533926585231,1.8313066666666666,0.2065296135881944,1.3222,2.1061,0.0030727919911011734,1760.3413800000003,22.316315715135424,1714.426,1814.1386,-2.0560711012236217
motor-0003,degrading,90,119,DEGRADATION,57.97549333333335,1.9535622051239858,54.3648,61.6937,0.06549041156840778,1.8966333333333332,0.25672788880230546,1.3222,2.4054,0.01812338153503892,1752.6412366666664,18.67522178137801,1714.426,1787.4693,-0.23392393770860637
motor-0003,degrading,100,129,DEGRADATION,58.952273333333345,2.541509596012224,54.3648,62.9375,0.25223061179087686,2.1202133333333335,0.19722860126146907,1.804,2.5967,0.016214104560622875,1745.820523333333,16.256526866865574,1714.426,1787.4693,0.5384486540600525
motor-0003,degrading,110,139,DEGRADATION,60.667666666666676,1.435537281376636,57.2634,63.5641,0.06947372636262306,2.2167033333333332,0.18346720048977572,1.8412,2.5967,0.010205984427141216,1748.2281399999997,18.519473471953788,1714.5141,1787.4693,-0.20925058954395764
motor-0003,degrading,120,149,DEGRADATION,61.77461333333334,1.258220413582436,59.4748,64.2777,0.05063737486095544,2.3774066666666664,0.1687507924590446,2.1046,2.6368,0.011492013348164585,1744.959153333333,22.6200031597365,1694.6195,1787.7934,0.006676084538333552
motor-0003,degrading,130,159,DEGRADATION,62.21676,1.4997762752268526,59.4748,64.2777,0.0580411123470515,2.371273333333334,0.19230276464182433,1.9611,2.6381,0.0026264293659621495,1732.6651866666662,28.62383339642839,1694.6195,1787.7934,-1.5580812013348633
motor-0003,degrading,140,169,DEGRADATION,61.46855999999999,2.1890606366811007,57.7777,64.2777,-0.18400605116796606,2.4148266666666673,0.17815944531670377,1.9611,2.6693,-0.006778865406006724,1723.1187433333334,26.095619947322998,1694.6195,1787.7934,-1.517538264738627
motor-0003,degrading,150,179,DEGRADATION,61.265183333333326,2.1678338165218185,57.7777,64.3014,-0.016065161290324613,2.5125433333333334,0.2829510589994123,1.9611,2.9876,0.024970611790878724,1717.7706666666668,17.245942563249148,1695.4979,1761.5658,1.0644531701890612
motor-0003,degrading,160,189,DEGRADATION,61.18503666666667,2.00174193466313,57.7777,64.4139,0.18285933259176723,2.6010533333333337,0.24697239755801773,2.0923,2.9876,0.007796084538375887,1723.2226633333332,15.704275800865668,1696.5659,1761.5658,0.45653639599552404
motor-0003,degrading,170,199,DEGRADATION,62.131256666666665,1.1282042813495952,59.9409,64.4139,-0.01339352614015647,2.71385,0.18418318010430085,2.2793,2.9876,-0.006201579532814297,1729.398803333333,16.073018730789876,1696.5659,1761.5658,0.1373477864293067
motor-0004,failure,0,29,DEGRADATION,54.579486666666654,1.0267752950324078,51.9796,56.0738,-0.02949886540600787,1.451543333333333,0.17661806378611322,1.0931,1.7626,-0.005709744160178036,1798.6796166666668,13.982199861564071,1773.4842,1830.0441,-0.46853457174639984
motor-0004,failure,10,39,DEGRADATION,55.50363333333333,1.9336092853061664,51.9796,58.8129,0.14850580645161202,1.5502766666666667,0.2724727945848702,1.0931,2.0623,0.021644916573971044,1782.6860733333335,25.301897187087675,1709.1622,1820.9328,-1.9156775973304212
motor-0004,failure,20,49,DEGRADATION,56.719033333333336,2.253620601954897,51.9796,59.6341,0.22464845383759618,1.6887933333333334,0.2697565889628813,1.0931,2.0623,0.022129254727474942,1754.3766633333332,40.9450541729237,1684.2017,1811.3675,-4.082734927697479
motor-0004,failure,30,59,DEGRADATION,58.26547000000001,1.033067961349429,55.4802,59.9875,0.05029323692991963,2.045593333333333,0.32298732372786537,1.6568,2.7375,0.028521646273637347,1733.6263533333336,27.427224715365483,1684.2017,1790.0072,-1.2058816017797842
motor-0004,failure,40,69,FAILURE,60.21476999999998,2.558792402957561,56.9058,65.7207,0.22990560622914097,2.3417466666666664,0.4128042956279511,1.6568,2.9162,0.04397601779755278,1719.5985533333337,20.622845971021768,1662.5426,1758.1304,0.1589156840934169
motor-0004,failure,50,79,FAILURE,61.23508,2.3051082806670924,57.3864,65.7207,0.12337708565072168,2.63421,0.2640756524811277,2.086,3.2889,0.015229165739710735,1694.6206399999999,49.18735708726108,1600.225,1758.1304,-5.0822614460512225
motor-0004,failure,60,89,FAILURE,62.89046333333333,2.180761614892579,59.1326,67.8036,0.028329988876529197,2.88414,0.33464576853741923,2.1781,3.5722,0.02123541713014453,1674.13709,40.841836618475334,1600.225,1733.3266,-2.184463426028998
motor-0004,failure,70,99,FAILURE,63.515756666666675,2.7544013010311734,59.1326,69.8577,0.16887036707452516,3.154853333333333,0.4514176777910034,2.1781,4.0443,0.03978189098998883,1646.8437833333337,30.788125469625285,1593.9239,1706.2181,-0.39670631813129115
motor-0004,failure,80,109,FAILURE,64.55561,2.485405716491106,59.1326,69.8577,0.062647541713013,3.3914400000000002,0.2612875409709898,2.8504,4.0443,0.008058464961067732,1636.5693733333333,35.07772610577767,1572.4273,1706.2181,-3.118858687430534
motor-0004,failure,90,119,FAILURE,66.55648666666666,2.9645159203185636,61.9712,72.6541,0.19240075639599372,3.6882,0.3873410994631648,3.1605,4.5881,0.027253170189098917,1605.2361866666663,34.66315690376681,1507.4041,1671.4275,-2.8499831368187394
motor-0004,failure,100,129,FAILURE,68.72969000000002,3.5438670005470954,61.9712,75.147,0.3491860511679621,3.8588199999999997,0.41911742698198556,3.1605,4.5881,0.03149708565072296,1564.343916666667,47.57909361057705,1476.7163,1643.0227,-4.307374749721935
motor-0004,failure,110,139,FAILURE,69.20680333333333,3.020615176580574,61.9762,75.147,-0.12598471635150343,4.0663599999999995,0.28278350093313437,3.5523,4.5881,-0.0002430700778643761,1537.5929933333332,42.26555047596826,1476.7163,1643.0227,-2.7427730812013857
motor-0004,failure,120,149,FAILURE,69.55365333333334,2.9635200610910153,61.9762,75.147,-0.04455532814238266,4.222899999999999,0.36911026988331463,3.5523,5.0209,0.024009699666295847,1529.5756066666665,30.03849451689097,1476.7163,1595.6475,2.132908654060049
motor-0004,failure,130,159,FAILURE,69.61560333333334,2.898912034365461,61.9762,73.3497,0.29516629588431453,4.596593333333334,0.5380921153689414,3.7035,5.5914,0.058401957730811915,1519.7043466666664,38.10913119975084,1425.9747,1595.6475,-1.9365242269188483
motor-0005,failure,0,29,DEGRADATION,54.25750333333334,1.5009614271044924,51.7147,57.1881,-0.09243797552836613,1.5127266666666668,0.30414720003460316,1.0787,2.293,0.015293036707452702,1778.9826566666666,17.12804974741108,1738.1238,1805.9591,-1.0235785761958125
motor-0005,failure,10,39,DEGRADATION,55.41114,2.8583121058414878,51.7147,60.9819,0.24101170189098872,1.665036666666667,0.3740171444228489,1.0787,2.293,0.03293804226918797,1768.813963333333,24.431544651051457,1707.6519,1805.9591,-1.2859732369299695
motor-0005,failure,20,49,DEGRADATION,56.77113000000001,2.879306381885517,51.7147,60.9819,0.24171739710789636,1.9593333333333336,0.3267520010990327,1.0787,2.3692,0.025786473859844235,1743.2500000000002,34.12171932656187,1686.9709,1803.5211,-2.8860755506118085
motor-0005,failure,30,59,FAILURE,58.21505333333333,1.2948674536372011,55.9732,60.9819,-0.05632636262513998,2.258643333333333,0.30582848644660654,1.6886,2.8617,0.030760823136818667,1719.67039,35.27659062002589,1657.4356,1803.5211,-3.3569334149054946
motor-0005,failure,40,69,FAILURE,59.16182333333334,2.306407936985321,56.4118,64.1672,0.17435010011123264,2.64443,0.4020530588118936,2.072,3.3474,0.04216073414905446,1698.97183,19.457655513415958,1657.4356,1728.2895,-0.6477767074527715
motor-0005,failure,50,79,FAILURE,59.89556999999999,2.3756760788106894,56.5259,64.1672,0.16346253615127923,2.9966566666666674,0.34153746469295115,2.3769,3.574,0.031116373748609535,1680.2744733333334,29.240504850451693,1626.6369,1728.2895,-2.103535083426067
motor-0005,failure,60,89,FAILURE,61.15800666666666,1.9075781630002882,56.732,64.1672,0.007893659621801254,3.2988166666666667,0.3149740286471604,2.7777,3.9536,0.01787979977753053,1664.70381,33.49431788474328,1588.2457,1728.2895,-1.9275101001112926
motor-0005,failure,70,99,FAILURE,63.21874999999999,3.817145374644076,56.732,70.1841,0.35406240266963224,3.3936566666666668,0.2835999972770725,2.8932,3.9536,0.004220578420467078,1622.4075666666663,48.65530844952297,1510.5795,1690.6698,-3.8626852502781475
motor-0005,failure,80,109,FAILURE,65.66643,3.518490159064443,58.6415,70.7358,0.29361443826473793,3.576536666666667,0.31551632021532927,3.081,4.3317,0.01181844271412676,1580.7396766666666,61.637253716756284,1467.5189,1690.6698,-5.349772391546192
motor-0005,failure,90,119,FAILURE,68.51937333333333,1.800169152595264,64.2305,73.1854,0.09902384872079856,3.7985466666666663,0.397913727444642,3.1039,4.4434,0.040239065628476,1549.7154466666666,37.79656423469142,1467.5189,1638.1344,-0.8728255394883433
motor-0005,failure,100,129,FAILURE,69.63208666666668,2.185663467803057,64.2305,74.0722,0.20260591768631517,4.157120000000001,0.3592118793507067,3.328,4.8452,0.03593833147942153,1519.2632966666665,46.742976692850036,1409.8328,1591.6483,-2.4073688320356164
motor-0005,failure,110,139,FAILURE,70.91013,1.6211234676709023,68.2866,74.0722,0.11035161290322394,4.560356666666666,0.388453624588001,3.8781,5.3189,0.04008998887652936,1497.1776066666669,53.66208005900712,1401.5794,1591.6483,-4.571680578420506
motor-0006,failure,0,29,DEGRADATION,56.05196333333333,1.0110084946835132,53.9002,58.1124,0.015764471635149428,1.6766133333333333,0.17839045888786267,1.3038,1.9886,-0.011896284760845446,1782.1620799999996,16.887494977791505,1746.7097,1814.0532,-1.2733461179088224
motor-0006,failure,10,39,DEGRADATION,57.24012333333334,1.9483961800556782,53.9002,60.2405,0.17299383759732864,1.7803333333333329,0.28971020156164484,1.3038,2.2754,0.022285917686318126,1774.5553933333333,18.933017052351225,1729.0332,1814.189,-0.15022264738601782
motor-0006,failure,20,49,DEGRADATION,58.563269999999996,1.96748034452698,53.9002,61.0227,0.18530889877641715,1.9930633333333334,0.34503057978806584,1.3038,2.4128,0.035215995550611764,1750.3565533333335,40.190041910277024,1681.4316,1814.189,-3.630620823136872
motor-0006,failure,30,59,DEGRADATION,59.51656666666667,1.1698083835492985,56.0962,61.4684,-0.018172680756397438,2.232163333333333,0.11923639680157322,1.9286,2.46,0.005790856507230208,1732.2607700000003,37.94978017790661,1681.4316,1814.189,-3.008390411568458
motor-0006,failure,40,69,FAILURE,60.48325000000001,1.9346340483839994,56.0962,64.0482,0.13770338153503664,2.5221700000000005,0.3829583973488504,2.0745,3.4279,0.030126162402669594,1700.2021566666667,21.51392389992558,1647.3215,1737.2221,-1.0044688097887
motor-0006,failure,50,79,FAILURE,61.49311333333333,2.182671580690864,56.0962,65.0044,0.19550060066740682,2.6940600000000003,0.358319745106704,2.0745,3.4279,0.021847208008898774,1691.6846266666664,29.56440222197335,1632.3731,1737.2221,-2.1644970411568876
motor-0006,failure,60,89,FAILURE,64.15455333333334,2.497642329709271,61.5549,70.7623,0.21417308120133371,2.8909266666666666,0.26760024032541946,2.4606,3.6475,-0.0062509899888765685,1657.0821166666667,41.03187723093743,1550.0148,1725.4547,-3.042147030033404
motor-0006,failure,70,99,FAILURE,65.53295999999999,2.766016385658865,62.0414,70.7623,0.1659552391546149,3.0287,0.4059439821781654,2.4606,4.0797,0.028235862068965445,1633.0682000000002,41.90845675190946,1550.0148,1725.4547,-2.6725172413793636
motor-0006,failure,80,109,FAILURE,66.69422333333333,2.1164322505391526,62.539,70.7623,-0.01659285873192503,3.2945633333333335,0.49851722770855394,2.4606,4.2523,0.04019490545050051,1600.2755366666668,34.829949308581,1536.7162,1655.0644,-1.8542112347052535
motor-0006,failure,90,119,FAILURE,67.76868333333333,2.4667150359784618,62.539,72.6541,0.14835223581757395,3.7030900000000004,0.45471352325759273,2.785,4.772,0.03425301446051162,1581.0858233333336,32.23465523877145,1536.1344,1654.3007,-2.261187474972234
motor-0006,failure,100,129,FAILURE,69.97985333333332,3.095646115081993,64.5683,74.9055,0.3368012458286976,4.04481,0.4919415326709736,2.8072,4.9958,0.0438768631813125,1556.5864333333332,26.433324951221874,1510.9186,1618.673,-2.123443915461677
motor-0006,failure,110,139,FAILURE,72.46057333333334,2.1581424690279896,67.9134,76.6037,0.2053884315906539,4.446596666666667,0.4241910854660773,3.68,5.3089,0.03656901001112343,1538.0812733333335,30.359670051576995,1463.0069,1586.6921,-2.1887866518353887
motor-0006,failure,120,149,FAILURE,74.56383666666667,1.8309204691417442,71.2443,78.5069,0.15919886540600459,4.809666666666667,0.41782291889693596,3.952,5.6084,0.03440689655172401,1514.4825600000001,34.10067500200544,1439.6155,1576.4957,-2.8356947274749924
motor-0007,failure,0,29,DEGRADATION,54.89838333333332,1.5653666571729727,51.4637,57.143,-0.07739219132369468,1.5201833333333332,0.26034426577557307,1.1109,2.1127,0.01626137931034483,1796.2590266666668,17.719749440307798,1762.7307,1823.9123,-1.5287022914349762
motor-0007,failure,10,39,DEGRADATION,55.606803333333346,2.010639679883549,51.4637,58.9543,0.09643753058954246,1.8047066666666665,0.4212865287294253,1.1109,2.5383,0.04103350389321467,1788.7246633333334,19.37682368923387,1746.3193,1823.9123,-0.9367721245829143
motor-0007,failure,20,49,DEGRADATION,56.50355999999999,2.2419852501150253,51.4637,59.353,0.22560062291434801,2.06923,0.3179747800795948,1.2366,2.5383,0.023666095661846437,1761.1476266666664,35.955540430110176,1688.6699,1817.5298,-2.9393852725250555
motor-0007,failure,30,59,FAILURE,58.72465666666667,1.3415994856099533,56.9096,62.4528,0.13081110122358092,2.3665733333333336,0.263332466580852,1.9365,3.0692,0.018501979977753005,1741.1681933333334,39.640596031273546,1671.3396,1817.5298,-3.762619488320406
motor-0007,failure,40,69,FAILURE,61.206936666666664,3.223234174601998,57.3579,68.7115,0.3449731034482742,2.4469833333333333,0.2637209422645249,1.9365,3.0692,0.015312458286985534,1703.1003500000002,29.797205728543855,1639.2375,1754.9103,-2.5157962402670075
motor-0007,failure,50,79,FAILURE,63.376903333333324,2.8448476524509276,58.6958,69.2036,0.22475597330366917,2.6069766666666667,0.21569680523570323,2.2145,3.0692,0.006348898776418155,1687.1213033333333,28.23795392537597,1639.2375,1754.1216,-2.4430716573971307
motor-0007,failure,60,89,FAILURE,66.04681666666667,2.323098108859996,61.8182,69.2036,0.15692901001112228,2.8198033333333337,0.3985708723956408,2.2145,3.8485,0.03744068965517236,1680.2402233333337,23.679000035371494,1639.2375,1729.6962,0.8995831590656173
motor-0007,failure,70,99,FAILURE,67.45360333333333,2.4121572946891794,61.8182,70.9159,0.19610013348164415,3.2031266666666665,0.47617818999007316,2.3595,4.0256,0.045747363737486016,1658.9743533333335,43.277449334718845,1571.7173,1725.9757,-2.875582736373766
motor-0007,failure,80,109,FAILURE,68.26388000000001,1.675106982334761,63.8762,71.3041,-0.05452969966629756,3.61808,0.49940588863168206,2.8246,4.5529,0.034357241379310226,1636.9075166666667,52.31656494049844,1521.5425,1725.9757,-4.496148008898789
motor-0007,failure,90,119,FAILURE,67.78685999999999,2.600822281202621,62.6909,74.581,-0.08749802002224723,3.9680699999999995,0.48573562572658807,2.8246,4.6047,0.03180745272525023,1588.2373599999999,40.58843651500266,1521.5425,1666.4181,-3.3882203337041403
motor-0007,failure,100,129,FAILURE,69.03521333333333,3.715989561945633,62.6909,74.8553,0.27300934371523744,4.193443333333334,0.43130540894926056,2.8246,4.6047,0.024924560622914253,1559.188386666667,44.579465092078244,1486.6825,1666.4181,-4.360281334816487
motor-0007,failure,110,139,FAILURE,71.48940333333333,3.9996382140124735,62.6909,76.7515,0.36733007786429184,4.470436666666668,0.2735734227872941,3.8728,4.998,0.022187741935483746,1523.1717766666666,30.00089848095313,1474.5047,1580.7287,-2.5174849165740003
motor-0008,failure,0,29,DEGRADATION,55.89448333333334,1.250731106215703,52.6748,58.6323,-0.04928834260289328,1.467806666666667,0.20263045498860452,1.1204,1.8719,-0.008536017797552866,1820.3860533333334,18.85091686225957,1780.6592,1853.3858,-0.9073971523915991
motor-0008,failure,10,39,DEGRADATION,56.92745,2.4149504182280843,52.6748,62.3325,0.16614395995550527,1.6077233333333332,0.3771504064988161,1.1204,2.3451,0.035933637374860924,1814.3096366666666,17.154739825511445,1780.6592,1845.5892,0.5384180422691097
motor-0008,failure,20,49,DEGRADATION,58.20845333333333,2.5553563349343063,52.6748,62.3325,0.23575492769743955,1.8945333333333332,0.38655973435191376,1.1204,2.4083,0.03760364849833148,1801.2922999999998,38.33038583539174,1714.118,1847.4481,-2.952236351501724
motor-0008,failure,30,59,DEGRADATION,60.39512666666667,1.8655366511066525,56.4047,63.9304,0.1384084538375966,2.1875533333333337,0.21677488589676516,1.7845,2.7664,0.013763114571746374,1775.8195266666667,41.60186962696057,1714.118,1847.4481,-3.597799688542901
motor-0008,failure,40,69,FAILURE,62.212346666666676,2.379244302817365,58.0978,66.0178,0.2292086763070055,2.4579866666666663,0.35823595923481627,1.922,3.1004,0.03376587319243597,1741.8823533333334,39.21551714882545,1666.9805,1847.4481,-3.020669365962227
motor-0008,failure,50,79,FAILURE,63.08092333333334,1.7877843120621557,58.0978,66.0178,0.04052340378197792,2.7413766666666666,0.3655312578365297,2.0191,3.2827,0.03493777530589539,1717.5651400000002,31.630076380143834,1662.9013,1774.3776,-2.472831145717511
motor-0008,failure,60,89,FAILURE,63.77266333333333,1.8446609084026488,60.4339,67.1514,-0.029883270300335184,3.0323133333333336,0.19982079260065896,2.6566,3.4299,0.013511368186874245,1710.310073333333,26.499115338389874,1662.9013,1774.3776,0.2534516129031812
motor-0008,failure,70,99,FAILURE,64.32106666666665,2.3608105206098644,60.4339,69.3491,0.21084533926584914,3.271276666666667,0.31248130790319106,2.6799,3.9817,0.028802736373748545,1697.3294666666668,28.665459165115234,1637.0511,1745.2479,-0.9639430478309243
motor-0008,failure,80,109,FAILURE,66.88245333333333,3.2837814442837425,60.4339,73.2746,0.3414441824249162,3.55901,0.40410551126325095,2.6799,4.2663,0.03241230255839821,1685.4220033333334,37.428776570766004,1608.8016,1745.2479,-3.4239608676307434
motor-0008,failure,90,119,FAILURE,69.75933,3.0469993727326785,64.4105,75.5823,0.31227842046718407,3.822663333333333,0.2988143899740366,3.2126,4.2663,0.014924115684093303,1641.8064933333335,44.36346856043408,1548.3396,1718.7384,-4.303833103448339
motor-0008,failure,100,129,FAILURE,71.52146666666667,1.9578888302341264,66.3271,75.5823,0.11585183537263478,3.9899266666666664,0.26086052075561167,3.324,4.3975,0.00492387096774183,1600.7865933333337,47.74190822564549,1515.2139,1705.9332,-4.748775394883239
motor-0008,failure,110,139,FAILURE,72.27742000000002,2.2022528875979095,68.3067,77.6725,0.055385005561733196,4.125956666666667,0.30103666297571724,3.5679,4.9283,0.018975194660734076,1557.6992400000001,34.805355108465704,1488.5021,1620.963,-3.2421411345940356
motor-0008,failure,120,149,FAILURE,73.93749000000001,3.2090984043653124,68.3067,79.3486,0.2928499888765284,4.43455,0.42995202038522085,3.5679,5.2432,0.03911748609566176,1535.3219166666668,25.144905064778467,1488.5021,1574.6468,-1.4870866518354002
motor-0009,healthy,0,29,NORMAL,57.09404333333334,0.9048903099946548,55.1575,58.6194,-0.013127007786430018,1.68869,0.13927196978095294,1.4268,1.9556,-0.0009202447163515395,1805.2795066666663,21.268692353095478,1765.6161,1849.9132,-2.103769076751974
motor-0009,healthy,10,39,NORMAL,56.994690000000006,0.8196635949583225,55.1575,58.4856,-0.028091368186874993,1.6866766666666666,0.12508178306834114,1.4268,1.9232,0.005879577308120122,1794.1686000000004,16.805417080810596,1765.4044,1834.1398,-1.180914393770912
motor-0009,healthy,20,49,NORMAL,56.18218,0.9281566948886741,53.7143,57.8098,-0.051750700778644826,1.63486,0.1626895358241171,1.3288,1.9232,-0.01144872080088994,1784.8824033333333,12.210394364023996,1752.1744,1803.6714,-0.16526000000003707
motor-0009,healthy,30,59,NORMAL,55.90543,1.0131046340005236,53.7143,57.8098,-0.04851472747497456,1.5873866666666665,0.14280940849802426,1.3288,1.9232,-0.008715328142380447,1793.6866233333333,16.137208228411822,1752.1744,1826.9428,0.7193191768631491
motor-0009,healthy,40,69,NORMAL,56.38284333333333,1.6521112738318269,53.7143,60.7172,0.14722395995550458,1.5847466666666667,0.16721577623604245,1.3288,1.9881,0.011228520578420416,1801.18209,19.476116928165283,1752.1744,1834.0606,1.1453703893214198
motor-0009,healthy,50,79,NORMAL,56.36427666666666,1.9515867002148675,53.1024,60.7172,-0.019333859844272515,1.5924566666666669,0.167209054147462,1.327,1.9881,-0.005357931034482799,1801.1093266666664,19.029288614132582,1765.5418,1834.0606,-1.1182986429366482
motor-0009,healthy,60,89,NORMAL,56.618626666666664,1.9722775269441386,53.1024,60.7172,-0.08373935483871049,1.6153499999999998,0.17200002470930054,1.327,1.9881,-0.005112280311457208,1805.4975900000002,21.317632975518183,1765.5418,1845.1093,0.20487686318127404
motor-0009,healthy,70,99,NORMAL,56.322076666666675,1.6320252485145228,53.1024,58.3115,0.08629390433815234,1.5890066666666665,0.13718501359680493,1.327,1.8116,0.008351368186874259,1796.1383600000001,24.612983185893313,1755.5115,1845.1093,-0.17268738598446173
motor-0009,healthy,80,109,NORMAL,56.05072666666667,1.644245561533381,53.0316,58.103,-0.08606972191323818,1.5770866666666667,0.15551786978422197,1.2671,1.8116,-0.010195150166852122,1791.6151633333334,28.805139655062515,1742.7007,1845.1093,-2.4063458286986013
motor-0009,healthy,90,119,NORMAL,55.96356666666668,1.6391962382690966,53.0316,58.2972,-0.05520364849833281,1.563413333333333,0.15997173236405096,1.2671,1.8713,-0.0038399555061179595,1790.45025,28.052420560214873,1742.7007,1837.0075,1.3751993993325649
motor-0009,healthy,100,129,NORMAL,55.97941333333333,1.6808572546438587,53.0316,58.7877,0.13229939933259083,1.53052,0.15916514987060867,1.2511,1.8713,0.004007119021134571,1793.3013033333334,24.219244725197107,1742.7007,1837.0075,1.2027845828698205
motor-0009,healthy,110,139,NORMAL,56.32721333333333,1.348506357106097,53.7086,58.7877,-0.02968858731924469,1.526953333333333,0.14877050947311057,1.2511,1.8713,-0.008464649610678571,1802.8544,16.99561376206615,1776.4736,1837.0075,-0.7732668743048181
motor-0010,failure,0,29,NORMAL,53.47140333333333,1.4164491235676469,50.8459,55.749,-0.10541007786429517,1.391716666666667,0.1456924776903583,1.1569,1.6897,-0.006390144605116843,1787.7572866666667,9.091915062762597,1771.2008,1808.159,-0.19687256952174165
motor-0010,failure,10,39,DEGRADATION,53.81794,1.8005245546043889,50.8459,57.6467,0.05426180200222371,1.3987033333333336,0.1623843085262722,1.1569,1.8021,0.009888387096774148,1793.7046033333334,18.921213316830116,1757.1482,1839.9891,0.888806874304735
motor-0010,failure,20,49,DEGRADATION,54.85398,2.4509511056458604,50.8459,59.0252,0.24448885428253395,1.5281500000000001,0.21785032591208117,1.1596,1.9747,0.020465561735261394,1776.2616966666662,36.929577109145484,1702.5877,1839.9891,-2.6751280756396283
motor-0010,failure,30,59,DEGRADATION,56.23287666666667,1.588410146379776,53.378,59.0252,0.057944716351500475,1.7430033333333335,0.21892248321165086,1.237,2.2003,0.021265116796440456,1769.3135733333331,36.533696299041836,1702.5877,1839.9891,-2.1356512124583027
motor-0010,failure,40,69,DEGRADATION,57.529999999999994,1.8476660960970919,53.9759,60.799,0.10364698553948755,1.9976833333333333,0.25519443317247775,1.5426,2.4636,0.026532703003337012,1743.6960066666666,23.73697011590336,1695.278,1785.2317,-0.2250751056730135
motor-0010,failure,50,79,DEGRADATION,58.088296666666665,1.9122396705579445,53.9759,60.799,0.1500227141268066,2.155456666666667,0.17087811578887319,1.7966,2.4636,0.011740355951056679,1739.5111566666665,25.37121198405369,1692.1623,1785.2317,-2.185994905450562
motor-0010,failure,60,89,DEGRADATION,59.24845666666667,1.2331794448182405,57.1364,61.8462,0.039275661846495925,2.289733333333333,0.14823501460706093,1.9706,2.6486,0.00416258064516127,1723.2699266666666,19.6919953522903,1680.5778,1760.7295,-1.0198504560623198
motor-0010,failure,70,99,FAILURE,60.30902333333334,2.0385655472551174,57.8263,65.327,0.15624740823136726,2.3814533333333334,0.2461378106310004,1.9706,2.8884,0.014823181312569452,1710.1517966666665,23.334536986271132,1648.9724,1750.1641,-1.2898268520579002
motor-0010,failure,80,109,FAILURE,60.87833,2.0427459018275704,57.9021,65.327,0.07766093437152234,2.6029500000000003,0.32262228456819286,1.9706,3.1452,0.02443348164627361,1698.64684,27.4997623260105,1648.9724,1750.1641,-1.5852680311457394
motor-0010,failure,90,119,FAILURE,62.08596,1.9409434584929743,58.221,65.327,0.051576418242491574,2.897406666666667,0.3625114995264135,2.0649,3.5291,0.029679510567296962,1692.4349733333331,27.699471532082008,1647.3205,1750.1641,0.21087666295882046
motor-0010,failure,100,129,FAILURE,62.07879333333334,1.8065676283924597,58.2595,64.9972,0.10708631813125574,2.99145,0.2879947369310766,2.37,3.5291,0.0002802002224692837,1669.3427133333337,40.901148728356716,1595.5219,1748.1935,-2.8282112124583256
motor-0010,failure,110,139,FAILURE,62.21834333333334,1.3912820350749253,60.1172,64.9972,-0.08274080088987854,3.1291233333333333,0.2695434988807723,2.5378,3.575,7.650723025576357e-05,1654.8229266666665,39.559482287663414,1595.5219,1748.1935,-2.563397552836511
motor-0010,failure,120,149,FAILURE,63.212186666666675,2.577820860951272,60.1172,69.6363,0.20200226918798553,3.248136666666667,0.34706895038626284,2.5378,3.8021,0.031428498331479364,1633.76988,21.94737969303548,1595.5219,1666.9633,0.3477195550611824
motor-0010,failure,130,159,FAILURE,64.03779666666667,2.6877645111980253,60.1172,69.6363,0.17610778642936514,3.528773333333333,0.23164164987228777,3.1192,3.9354,0.018553503893214567,1615.5677299999998,40.55251145662169,1532.3048,1666.9633,-3.3635073414906076
motor-0010,failure,140,169,FAILURE,65.94401666666667,1.8965768210266505,62.5137,69.6363,0.036002246941044216,3.6143866666666664,0.2014575980751836,3.1785,3.9845,6.229143492760626e-05,1587.98255,41.662349099586706,1526.1702,1665.585,-3.7066883870967815
motor-0010,failure,150,179,FAILURE,66.43123,1.870918225390944,62.5137,69.491,0.1099222469410439,3.8438966666666667,0.4107430514594523,3.1785,4.8078,0.029932258064516104,1553.4322566666665,27.020076065938856,1507.1603,1610.0892,-1.7674450055617772
motor-0010,failure,160,189,FAILURE,67.89227333333334,1.63531553141554,65.2128,71.1173,0.10171056729699447,3.905713333333333,0.41610537586316065,3.1785,4.8078,0.018709810901001,1538.6991833333334,24.126648488190867,1497.6366,1602.5641,-1.7840830478309646
motor-0010,failure,170,199,FAILURE,67.92836333333334,1.5299011067131836,65.7597,71.1173,-0.03991098998887835,4.095616666666667,0.37895076380565446,3.3502,4.8555,-0.002168965517241456,1529.04451,19.18558705079329,1497.6366,1572.7824,-0.2574347719689075
motor-0010,failure,180,209,FAILURE,68.71945666666666,1.831559099907933,65.7597,72.1846,0.03851147942157803,4.239653333333333,0.489275231836733,3.3502,5.1444,0.043430700778642924,1525.1514399999999,22.09902576996855,1477.9132,1572.7824,0.021486273637353333
motor-0010,failure,190,219,FAILURE,68.63655666666666,1.8128362159304108,65.7597,72.1846,0.10398600667408062,4.476296666666667,0.4508233035113523,3.6353,5.1444,0.02226609566184639,1520.6862099999996,23.34533722791128,1477.9132,1572.7824,-0.5165356395996076
motor-0010,failure,200,229,FAILURE,70.59390666666667,2.0668360950872606,66.8821,74.1794,0.12022011123470357,4.795800000000001,0.42921615222791104,4.046,5.5566,0.01708938820912118,1495.1977866666664,36.38549028687794,1426.3603,1556.6521,-2.8279486540601053
motor-0011,failure,0,29,NORMAL,55.34931666666667,1.4006365024714853,53.3083,58.3534,-0.13124416017797638,1.608696666666667,0.30429203241111796,1.155,2.1933,-0.02068095661846498,1807.0423199999998,14.844320420178677,1775.7763,1835.9791,0.4359434482758346
motor-0011,failure,10,39,DEGRADATION,55.09340333333333,1.2574221747907721,53.3083,58.5453,0.04899299221356913,1.5929466666666667,0.2759350995352993,1.155,2.0435,0.01000044493882089,1808.3439833333334,14.913795590528114,1775.7763,1835.9791,0.7793028476083905
motor-0011,failure,20,49,DEGRADATION,55.80784000000001,1.7372774521455498,53.3083,58.9332,0.15728511679643864,1.6669566666666669,0.25553892943259265,1.155,2.0435,0.021308765294771916,1802.6676766666667,21.260466455163268,1761.2801,1835.9791,-1.8562706340378794
motor-0011,failure,30,59,DEGRADATION,57.06241,1.5624372864961122,54.0254,60.4001,0.09978253615127819,1.8688066666666665,0.1922952139001096,1.5662,2.3105,0.010061134593993333,1789.0341733333332,19.541852415519774,1753.8038,1824.1937,-1.5698848053393109
motor-0011,failure,40,69,DEGRADATION,58.369176666666675,1.75312050521032,54.938,61.8747,0.13616295884315788,2.058456666666667,0.2979268351831071,1.5662,2.5694,0.028128120133481593,1766.1076699999999,20.52582914767228,1723.1313,1793.3019,-1.4928629810901228
motor-0011,failure,50,79,DEGRADATION,59.07977666666667,1.7086073695036617,55.2233,61.8747,0.09386880978865297,2.223263333333333,0.2488801177050688,1.6794,2.5694,0.019449944382647383,1752.3639133333334,23.362041321179298,1714.3419,1793.3019,-1.7117321023359817
motor-0011,failure,60,89,DEGRADATION,59.755320000000005,1.248481782112445,57.7262,61.8747,-4.725250278241024e-05,2.4086000000000003,0.17493172191839115,2.069,2.7208,0.010545050055617296,1740.4965100000002,14.318453506794425,1714.3419,1780.7202,-0.022034771968889623
motor-0011,failure,70,99,FAILURE,60.405139999999996,1.5454970625659574,57.7262,63.484,0.10836471635150033,2.632993333333333,0.3892948907390843,2.069,3.6274,0.039255172413793046,1733.8147566666664,16.410561716095803,1697.3762,1766.656,-0.5291148164627617
motor-0011,failure,80,109,FAILURE,61.53853000000001,1.7650977516179283,58.3317,65.2271,0.1699324360400435,2.897203333333333,0.34608343260292346,2.2611,3.6274,0.02798978865406006,1724.70786,25.225628175866433,1660.6419,1761.4807,-1.8508214015573383
motor-0011,failure,90,119,FAILURE,63.50325666666666,1.9552781470817788,60.2761,67.1938,0.182901023359288,3.1519666666666666,0.2907209100762371,2.5841,3.6931,0.01389414905450496,1708.336303333333,27.628138407542455,1636.3571,1757.6432,-1.75759196885434
motor-0011,failure,100,129,FAILURE,64.13829333333334,1.9014291582795184,60.2761,67.1938,0.02973588431590539,3.14858,0.33174069733252004,2.4206,3.9236,-0.0053914571746385654,1675.64507,42.86249959504735,1611.0239,1757.6432,-3.962230456062333
motor-0011,failure,110,139,FAILURE,65.16951666666667,1.7501844908624793,61.0459,68.548,0.002309833147940395,3.2671166666666673,0.36574695358342435,2.4206,3.9236,0.007033526140155711,1663.9844766666668,33.7395121170978,1611.0239,1732.7163,-0.8617392436039951
motor-0011,failure,120,149,FAILURE,65.74420333333333,2.1794879283115,61.0459,70.2081,0.16299757508342474,3.24006,0.36206927753308943,2.4206,3.9236,0.008896818687430412,1650.3081566666667,25.839866682804747,1611.0239,1703.7498,1.1567541045605856
motor-0011,failure,130,159,FAILURE,67.15295333333334,1.878352110003755,64.3851,72.1758,0.10200338153503756,3.3937833333333334,0.26386014993216045,2.7743,3.8122,0.00727566184649609,1643.0076166666668,38.3068742295695,1554.8296,1703.7498,-3.5341937486096047
motor-0011,failure,140,169,FAILURE,67.56941666666667,1.874748234845297,64.213,72.1758,0.010578665183536043,3.488523333333333,0.3625858203546054,2.7743,4.2744,0.03007828698553944,1616.8395033333336,36.868094693085546,1554.8296,1683.523,-2.7728341045606504
motor-0011,failure,150,179,FAILURE,69.10024000000001,2.8333876848041806,64.213,74.9592,0.19580382647385752,3.882883333333333,0.4819138519717214,3.1402,4.9483,0.04673132369299217,1593.9895199999999,40.08343942461691,1485.2047,1660.443,-1.5245808231368758
motor-0011,failure,160,189,FAILURE,69.46014666666666,2.8569646182307227,64.213,74.9592,0.09399670745272394,4.12963,0.40814995377516167,3.1402,4.9483,0.028909699666295755,1564.7072966666667,49.32992172336841,1485.2047,1651.6343,-3.661269299221363
motor-0011,failure,170,199,FAILURE,70.26795666666666,2.7494441188093917,64.8136,74.9592,-0.0726925695216916,4.450223333333333,0.31972909437348485,3.9571,5.1972,0.017206473859844182,1552.1820166666666,44.12575802272472,1485.2047,1651.6343,-1.3911090767519771
motor-0011,failure,180,209,FAILURE,70.39476333333333,2.709679143180773,64.8136,75.1477,0.1657775083426,4.624353333333333,0.3678295408957191,3.9571,5.2683,0.03348929922135693,1536.1888700000002,26.09548091236168,1490.0649,1583.7306,0.9317805339265494
motor-0011,failure,190,219,FAILURE,72.02807666666668,2.795961280929255,64.8136,77.093,0.21575704115683947,4.87117,0.3027734820510761,4.2622,5.5191,0.020264004449388164,1528.1929066666667,36.3353369510447,1452.5959,1583.7306,-2.9107997775306194
motor-0011,failure,200,229,FAILURE,74.03627666666667,2.1194906084062333,70.5758,78.1544,0.14652785317018774,5.1656933333333335,0.40603654509853604,4.5618,6.0341,0.03097993325917676,1526.1820599999999,34.569367257545615,1452.5959,1585.9128,0.7491024249165572
motor-0012,degrading,0,29,NORMAL,55.17797666666667,1.934060831804993,52.2945,59.1416,-0.19897070077864484,1.5832000000000004,0.15464143256794624,1.2891,1.9265,-0.005913192436040059,1805.5222,11.700604722235516,1785.0502,1832.6747,0.047664694104517916
motor-0012,degrading,10,39,NORMAL,54.406783333333344,1.3672080127235784,52.2945,56.8145,-0.03059837597330508,1.558123333333333,0.13250239415027773,1.2891,1.8818,-0.0010903003337041483,1805.7515300000002,11.71242431961748,1785.0502,1832.6747,0.47316171301443205
motor-0012,degrading,20,49,NORMAL,54.057356666666664,1.2286658913046926,52.2945,57.0622,0.05450591768631674,1.4791999999999998,0.1536138492020386,1.0677,1.7519,-0.008269054505005594,1806.8077100000003,13.296341753914884,1764.6959,1832.6747,-0.5347281646274118
motor-0012,degrading,30,59,DEGRADATION,54.22837333333334,1.4088128422974509,52.0131,57.0622,-0.04890215795328295,1.4508366666666666,0.19224792583767683,1.0677,1.7519,-0.0029563737486096157,1804.4375533333332,16.142273615257018,1764.6959,1831.7959,-0.2445143047831275
motor-0012,degrading,40,69,DEGRADATION,55.23225000000001,2.2985229645361382,52.0131,58.8242,0.1670386429365952,1.5033599999999996,0.23380223494797187,1.0677,1.8779,0.02040934371523914,1804.4812033333335,18.21623165674839,1764.6959,1834.2421,0.28363802002223093
motor-0012,degrading,50,79,DEGRADATION,56.052186666666664,2.2997326255796686,52.0131,59.0882,0.16159466073414777,1.61396,0.18584497051754365,1.0994,1.8779,0.011898153503893191,1796.7242266666667,22.63391243740143,1751.6874,1834.2421,-1.0442109010011844
motor-0012,degrading,60,89,DEGRADATION,56.77805333333333,1.4801938280133753,53.9798,59.0882,-0.0912438709677427,1.7626266666666666,0.1549844313328134,1.5478,2.2571,0.00763279199110117,1789.10884,23.42176808106224,1740.0705,1834.2421,-1.4297478086763378
motor-0012,degrading,70,99,DEGRADATION,57.13446666666667,1.7411281818279651,53.9798,59.6459,0.09924614015572683,1.7746233333333332,0.15972789713203583,1.5478,2.2571,0.005355439377085621,1775.2185966666666,19.043099761444353,1736.4173,1805.9525,-0.5191119688542967
motor-0012,degrading,80,109,DEGRADATION,57.34519,1.5671434170383602,53.9798,59.6459,0.09573256952169029,1.8397866666666667,0.18980946715646776,1.5851,2.2621,0.0017487430478308715,1774.54559,16.9359656847068,1736.4173,1802.4707,-0.004347430478338758
motor-0012,degrading,90,119,DEGRADATION,57.88746999999999,1.0217324519820892,55.6766,59.6459,-0.060496529477198344,1.9238600000000003,0.22290676616020433,1.5851,2.2828,0.01882865406006672,1776.8693033333334,15.69511350880657,1736.4173,1810.0315,0.864108498331426
motor-0012,degrading,100,129,DEGRADATION,57.81199333333333,1.057626274866925,55.6766,60.1412,0.055010367074524835,2.1077066666666666,0.24903215713816737,1.6082,2.5682,0.023742958843159048,1770.3600766666668,21.353688701481765,1717.1399,1810.0315,-1.264564827586241
motor-0012,degrading,110,139,DEGRADATION,57.73013666666667,1.1073562306934273,55.6766,60.1412,-0.0008718798665197512,2.141666666666667,0.19186057321804176,1.7349,2.5682,-0.009163781979977801,1761.5251933333332,28.350312159856202,1712.1204,1810.0315,-1.3307859399333086
motor-0012,degrading,120,149,DEGRADATION,58.60778333333334,1.369629420216368,56.4337,61.133,0.04837172413792968,2.25692,0.3144935658059372,1.7349,2.9159,0.010112569521690698,1749.8799466666667,24.60521663958998,1712.1204,1806.3269,0.10589899888762432
motor-0012,degrading,130,159,DEGRADATION,58.96984333333334,1.4781631203813597,56.4337,61.5307,0.12731219132369134,2.2531600000000003,0.32129275601336965,1.7349,2.9159,0.01655764182424914,1739.7565233333332,28.59603887342537,1693.6979,1806.3269,-1.341710233592897
motor-0012,degrading,140,169,DEGRADATION,59.673,0.8079146799012885,58.2262,61.5307,-0.01933441601779749,2.3500599999999996,0.24790047949395608,1.8707,2.9159,-0.007755061179087956,1732.7340066666663,21.907309316571826,1693.6979,1791.619,-1.1522586429366397
motor-0012,degrading,150,179,DEGRADATION,59.94538,1.142476556841905,58.2262,62.5484,0.05612952169076651,2.3669300000000004,0.17800042911933292,2.016,2.6645,0.009115928809788603,1723.19968,12.97402650340031,1693.6979,1746.0813,0.14030562847606026
motor-0012,degrading,160,189,DEGRADATION,60.22033000000001,1.2359773061967332,58.2262,62.5484,0.05854809788653854,2.4345433333333326,0.17523454888298204,2.0864,2.6893,0.011261023359288032,1715.9304033333333,17.467673506213,1686.8297,1746.0813,-1.408308097886566
motor-0012,degrading,170,199,DEGRADATION,60.93573666666668,1.2096712113857866,58.6094,63.2764,0.04035699666295771,2.5625533333333332,0.14970079432729214,2.2284,2.8617,0.002839421579532789,1713.084786666667,20.67051984137044,1686.8297,1766.3393,0.16440436040041498
motor-0012,degrading,180,209,DEGRADATION,61.34111333333333,1.110791272542036,58.6094,63.693,0.06010282536151059,2.5672966666666666,0.1780673439710069,2.2243,2.8617,-0.0009181090100111841,1709.5957566666664,22.124935609076672,1686.823,1766.3393,0.8576724137930722
motor-0012,degrading,190,219,DEGRADATION,61.14459999999998,1.1766297452186623,59.0819,63.693,-0.05645245828698616,2.5542466666666668,0.1803279729332702,2.2219,2.8617,-0.007595372636262552,1705.47706,26.549337512608503,1648.3216,1766.3393,-1.5600512569522225
motor-0013,healthy,0,29,NORMAL,55.34171666666666,1.6783262819613542,52.6025,58.5049,-0.09001372636262628,1.4425666666666666,0.1337333923230179,1.206,1.7614,-0.00649459399332594,1795.2353699999999,14.965059492790738,1767.4535,1832.3678,0.028620756395962222
motor-0013,healthy,10,39,NORMAL,55.539036666666675,1.8590943871472,52.6025,59.4213,0.14185546162402585,1.4303333333333332,0.11246000276641568,1.206,1.7021,0.00802905450500552,1797.3544299999999,15.780766350933844,1767.4535,1835.9104,1.4228517241378908
motor-0013,healthy,20,49,NORMAL,55.73078,1.790284230208526,52.6025,59.4213,0.014900778642935219,1.4122133333333335,0.13875649109941568,1.0794,1.7021,-0.004001201334816509,1802.9007566666667,14.940015920510998,1768.2681,1835.9104,0.00813283648497317
motor-0013,healthy,30,59,NORMAL,55.794026666666674,1.5972284403372683,53.3013,59.4213,-0.1319826028921032,1.3895366666666666,0.14550530685243832,1.0794,1.7021,-0.009504538375973325,1806.882556666667,14.882353692940802,1768.2681,1835.9104,0.029876907675149823
motor-0013,healthy,40,69,NORMAL,55.21242666666667,1.220598392574542,53.3013,57.8472,0.010560845383758346,1.3787433333333332,0.1480507428402693,1.0794,1.6914,0.007568253615127897,1800.5799233333335,16.87286183407511,1768.2681,1831.8835,-0.7088365072302921
motor-0013,healthy,50,79,NORMAL,55.181113333333336,1.0772875356602294,53.3709,57.5946,-0.0038423136818705587,1.3829799999999999,0.1554550190033546,1.0577,1.6914,-3.1590656284990297e-06,1790.0326566666668,20.91159836810953,1758.2599,1831.8835,-2.0225619354838753
motor-0013,healthy,60,89,NORMAL,55.45450333333333,1.07725565442419,53.3709,57.5946,0.0013426251390425115,1.4519900000000001,0.21786230873344442,1.0577,1.869,0.003999488320355933,1786.023916666666,17.223886225744426,1758.2599,1814.9087,0.3878457619576724
motor-0013,healthy,70,99,NORMAL,55.88882333333333,1.157689231381011,53.3709,57.8167,0.10925755283648385,1.4502566666666667,0.2102657282001885,1.0577,1.869,0.010620756395995521,1784.5715900000002,23.885596098113886,1744.8521,1834.9576,0.5121313681868254
motor-0013,healthy,80,109,NORMAL,56.16187666666667,0.9284190202285936,54.539,57.8167,0.0023284315906561947,1.4428199999999998,0.19663556206003702,1.0962,1.869,-0.007443604004449417,1790.4729699999998,21.20412733787379,1744.8521,1834.9576,-0.8935585539488827
motor-0013,healthy,90,119,NORMAL,56.15069666666667,0.854761020201293,54.539,57.8167,-0.0626384204671871,1.4299799999999998,0.12261772411306068,1.1689,1.6673,0.0006680756395995339,1795.2524500000002,24.553050567546595,1744.8521,1834.9576,0.9234234260289009
motor-0013,healthy,100,129,NORMAL,55.890526666666666,0.6565989125452125,54.539,57.6482,0.027777486095660373,1.4658799999999996,0.16869415797037352,1.1689,1.8765,0.012828520578420426,1798.2784999999997,19.221728714209522,1763.1856,1832.6693,0.41863363737479536
motor-0013,healthy,110,139,NORMAL,55.56795333333333,0.8857202759085718,53.6476,57.6482,-0.05067608453837617,1.5023866666666668,0.1379140595523974,1.2194,1.8765,-0.0039396218020022605,1807.1821799999998,19.529624122895964,1763.1856,1835.3419,0.0927277419354549
motor-0013,healthy,120,149,NORMAL,55.776876666666666,1.1700407826747847,53.6476,58.153,-0.0008531924360412026,1.5128266666666668,0.13765360616013259,1.2194,1.8765,-0.005195461624026713,1812.421893333333,23.58521611129782,1763.1856,1853.1665,1.5663965739710197
motor-0013,healthy,130,159,NORMAL,55.943843333333334,1.35254908590738,53.6476,58.3295,0.0863522358175743,1.4639566666666668,0.09797901708472528,1.2194,1.6522,0.0019367964404893813,1813.3371100000002,23.337303577068056,1756.7449,1853.1665,-0.8448952391546892
motor-0013,healthy,140,169,NORMAL,56.14688666666666,1.1322960321792566,54.0858,58.3295,-0.042286095661847836,1.4480800000000005,0.1236732911073904,1.1991,1.6522,-0.008585228031145725,1807.7052133333336,24.588775471594534,1756.7449,1853.1665,-1.787306963292595
motor-0013,healthy,150,179,NORMAL,55.78283333333333,1.0089969829268843,54.5276,58.3295,-0.07781850945495253,1.4550366666666668,0.14056507504434457,1.1991,1.7279,0.0022485205784204382,1799.7140033333335,17.792732292867658,1756.7449,1836.7024,0.1166390433814765
motor-0013,healthy,160,189,NORMAL,54.87468666666666,0.7690977158260769,52.8707,56.1946,-0.05488324805339421,1.4459866666666668,0.136092338097664,1.1991,1.7279,0.0015182202447162972,1794.1338166666671,15.733025963856687,1762.7771,1830.7554,-0.7090193770856638
motor-0013,healthy,170,199,NORMAL,54.901529999999994,0.9811545947335041,52.8707,57.0084,0.023031434927696753,1.5447000000000002,0.13872738254096292,1.2886,1.767,0.004983359288097859,1793.5676166666665,14.464783536624001,1766.6528,1830.7554,-0.5631644716351873
motor-0013,healthy,180,209,NORMAL,55.55058,1.5357069417481104,52.8707,58.4991,0.15086264738598254,1.539646666666667,0.13834371623685054,1.2886,1.7884,0.0048702113459399106,1791.3699633333335,14.290663066013492,1766.6528,1818.9129,0.6983090767518914
motor-0014,degrading,0,29,NORMAL,56.701049999999995,1.1189709962729149,55.0655,58.7739,-0.03813332591768744,1.5901400000000003,0.17048301107930566,1.3039,1.8867,-0.006511857619577321,1809.5542566666666,23.373406845012045,1765.2245,1842.086,-1.3950697886541024
motor-0014,degrading,10,39,NORMAL,56.69462,1.159545051992375,55.032,58.7739,-0.0652434705228044,1.6015433333333333,0.17769422928790404,1.3039,1.8867,0.012366918798665147,1800.6087133333328,18.180868786845387,1765.2245,1840.767,-0.09563862068969466
motor-0014,degrading,20,49,NORMAL,56.18481,0.8706817150371308,55.0253,57.8921,0.026886028921022716,1.6559866666666667,0.15486149453265938,1.3102,1.8867,0.008145272525027773,1789.0666666666668,23.115964101392958,1727.2254,1823.7092,-1.2686133036707958
motor-0014,degrading,30,59,DEGRADATION,55.93855999999999,1.0677771542164898,54.0737,57.8921,-0.06473428253615202,1.6693633333333333,0.10608212693736656,1.3904,1.8705,-0.007704983314794239,1792.1636033333334,23.13172335102426,1727.2254,1825.3131,0.16643784204667658
motor-0014,degrading,40,69,DEGRADATION,56.543303333333334,1.9139147265022596,54.0737,61.8,0.09724549499443655,1.71087,0.18063522017222075,1.3904,2.1147,0.010344048943270255,1787.1801533333332,25.237023224497396,1727.2254,1825.3131,0.6279018020021784
motor-0014,degrading,50,79,DEGRADATION,57.27475999999999,2.1239966618931705,54.0737,61.8,0.18076533926585053,1.79074,0.1968069690500483,1.3904,2.1147,0.015126496106785273,1788.53087,25.003975366557874,1745.2288,1825.3131,-1.4235759955506448
motor-0014,degrading,60,89,DEGRADATION,57.95625333333332,1.549575662933422,55.6865,61.8,-0.05000925472747601,1.9331333333333336,0.1446893576674602,1.5257,2.1555,0.008241913236929877,1784.439266666667,22.745966871577224,1745.2288,1824.0122,0.4974449388208708
motor-0014,degrading,70,99,DEGRADATION,58.52460666666666,1.6260597163969375,55.6865,62.1025,0.06186869855394853,2.008106666666667,0.11851546153233437,1.7811,2.2248,0.008558264738598399,1792.0668699999999,24.310356140338627,1745.2288,1830.0916,2.026899154616183
motor-0014,degrading,80,109,DEGRADATION,58.88833,1.8624989786395412,55.6865,62.1025,0.11504060066740793,2.0204,0.16256633722883715,1.5924,2.256,-0.00016627363737486533,1789.1744900000006,24.181282664495566,1739.9146,1830.0916,-1.3562885205784638
motor-0014,degrading,90,119,DEGRADATION,59.603456666666645,1.5162592825070809,57.0452,62.1025,-0.02138307007786449,2.0597133333333333,0.16616242401805398,1.5924,2.256,0.0033233815350388694,1786.9772666666663,23.708270466292742,1739.9146,1830.0916,-1.0659232925473392
motor-0014,degrading,100,129,DEGRADATION,59.93223999999999,1.6269811483439711,57.0452,62.3982,0.04531555061178945,2.0476633333333334,0.17048713437936858,1.5924,2.256,0.007445272525027762,1766.8389733333331,19.734298827522483,1734.7815,1810.0438,-0.5988774193548595
motor-0014,degrading,110,139,DEGRADATION,59.66094666666666,1.5935176410974834,57.2423,62.3982,0.002369788654059001,2.11756,0.11320159480619815,1.897,2.3281,0.0010716796440489082,1765.3619266666667,21.12022529418872,1734.7815,1810.0438,-1.095472391546179
motor-0014,degrading,120,149,DEGRADATION,60.45152,1.606341606134884,57.2771,63.1633,0.027853837597328113,2.1596,0.14816771803151543,1.897,2.4328,0.009752703003337007,1759.12323,14.924973717880826,1734.7815,1795.3003,1.0451056062290622
motor-0014,degrading,130,159,DEGRADATION,60.51091,1.5824975710039284,57.2771,63.1633,0.11308513904337966,2.2457166666666666,0.16323986458242634,1.9831,2.579,0.007743025583982175,1757.1777599999998,16.68205282450973,1726.7298,1795.3003,-0.5827397997775875
motor-0014,degrading,140,169,DEGRADATION,60.518343333333334,1.502935954874843,57.7436,63.1633,-0.10547232480534043,2.2743400000000005,0.15117805749071742,2.0575,2.579,0.00021032258064514583,1752.5862866666669,18.33848500192483,1715.7799,1785.8471,-1.1106951724138139
motor-0014,degrading,150,179,DEGRADATION,60.12511333333332,1.4379715731388976,57.3127,62.8534,-0.023700289210234576,2.4200033333333333,0.24748246467623158,2.0702,2.9833,0.016749210233592843,1739.901106666667,16.483060373727803,1711.8896,1781.997,-0.6599251167964534
motor-0014,degrading,160,189,DEGRADATION,59.34917666666667,1.3860809768752893,57.1356,62.3283,-0.002445806451615464,2.4508433333333333,0.24553842561920025,2.072,2.9833,0.0075750611790878,1731.3551766666667,18.618729887198423,1706.5269,1781.997,-1.2404777530589828
motor-0014,degrading,170,199,DEGRADATION,59.81863,1.4024190351317973,57.1356,62.3283,0.0068868743047817435,2.541710000000001,0.20622957490783583,2.1483,2.9833,-0.00864109010011126,1730.21074,17.381989350830924,1706.5269,1772.3418,0.37067096774190134
motor-0014,degrading,180,209,DEGRADATION,60.609356666666685,1.8917624936697413,57.1356,63.944,0.1710747719688523,2.555,0.2356780176427153,2.1483,3.064,0.01326892102335923,1728.4434199999998,19.599251542348913,1691.1393,1772.3418,0.09692974416011362
motor-0014,degrading,190,219,DEGRADATION,61.80202666666667,1.2759506615156488,58.9906,63.944,0.09864707452725174,2.66213,0.22465891502453228,2.2438,3.064,0.008453103448275807,1725.4709733333336,23.38784368619637,1680.3454,1772.3418,-1.4018764849833703
motor-0015,failure,0,29,DEGRADATION,56.116009999999996,0.6902598686243714,54.6584,57.6773,-0.006637352614017449,1.5585166666666668,0.1418775906273511,1.3495,1.8459,-0.002574082313681913,1811.40115,15.105985557073058,1781.0537,1842.042,-1.1972647608454372
motor-0015,failure,10,39,DEGRADATION,56.56204666666667,1.1862031283984302,54.6584,59.5278,0.09439750834260105,1.5615566666666667,0.14834136461404002,1.3495,1.8693,0.008091813125695199,1794.8463366666665,19.87224315002348,1738.3722,1823.2345,-1.7100370856507918
motor-0015,failure,20,49,DEGRADATION,57.56943000000001,1.816914239977588,54.6584,62.1803,0.14635526140155639,1.6921899999999999,0.2306314872258339,1.3903,2.2689,0.020478776418242455,1769.3716166666666,32.843002577536296,1698.8722,1822.6402,-3.4757784872080717
motor-0015,failure,30,59,DEGRADATION,58.595046666666676,1.4658902307092747,56.1554,62.1803,0.07075159065628386,1.9800733333333336,0.376291534082581,1.4235,2.8187,0.039698464961067804,1746.3894333333335,24.9182969595347,1698.8722,1794.8389,-2.1175365517241502
motor-0015,failure,40,69,DEGRADATION,60.45838333333334,2.3324554065166803,56.3333,64.1772,0.18602560622914194,2.3632666666666666,0.4201059821309645,1.6433,2.9997,0.04201081201334816,1726.4150433333332,16.32521380690379,1683.2942,1758.9227,-1.07579815350392
motor-0015,failure,50,79,FAILURE,61.38625000000001,2.381306556178772,56.1008,64.1772,0.11990364849833068,2.4955066666666665,0.29090444586190534,1.9866,2.9997,-0.004568409343715298,1719.1374533333333,17.785778231848298,1680.8344,1755.4175,-0.9869171968854538
motor-0015,failure,60,89,FAILURE,62.82697666666668,1.8081169303418654,56.1008,66.8019,-0.017406963292549787,2.6475500000000003,0.29517858746867126,2.051,3.0668,0.0008159955506117541,1709.1861199999998,22.594716089333787,1646.0431,1760.8591,-0.3998193548387599
motor-0015,failure,70,99,FAILURE,63.56154333333333,2.372827120080367,56.1008,68.062,0.13766427141267965,2.69833,0.3374456984958222,2.051,3.3648,0.029676373748609524,1689.6135700000004,36.01313380763696,1609.0857,1760.8591,-2.409898576195846
motor-0015,failure,80,109,FAILURE,64.11155666666667,1.917456589110226,60.2682,68.062,-0.01851957730812191,3.1463300000000003,0.3998151340724027,2.532,3.8429,0.037861735261401505,1653.9626666666668,49.03386994294408,1563.3482,1760.8591,-4.515922358175813
motor-0015,failure,90,119,FAILURE,65.53440666666667,2.38235450229856,60.2682,69.6539,0.08123403781979695,3.495266666666666,0.4576721623850659,2.532,4.3475,0.04443937708565065,1632.5801333333334,31.763407677958945,1563.3482,1711.5074,-1.0491145272525528
motor-0015,failure,100,129,FAILURE,66.55961333333332,2.7784745167967424,60.2682,70.8549,0.21384818687430326,3.80838,0.22114860373362824,3.3182,4.3475,0.012596662958843104,1616.0524333333333,24.301747856870065,1563.3482,1673.1368,-0.00038602892106725617
motor-0015,failure,110,139,FAILURE,68.17957,1.6505724780915663,64.5257,70.8549,0.04592816462736243,4.025673333333334,0.2834891214060172,3.6168,4.7094,0.019068609566184523,1606.2711166666668,31.742159283126714,1547.1745,1673.1368,-3.050151790878785
motor-0015,failure,120,149,FAILURE,70.08583333333333,2.864960086671754,64.8608,75.7564,0.22177063403781785,4.291096666666666,0.3859614458149357,3.6254,4.9701,0.03847156840934358,1588.9710699999998,22.17346984427034,1547.1745,1627.7976,-0.9497225139043745
motor-0015,failure,130,159,FAILURE,71.50611666666666,2.8105697767633457,64.8608,76.1469,0.2024492324805316,4.472466666666667,0.24727359790770675,3.9181,4.9701,0.0051447385984425865,1556.507656666667,40.606286233362795,1462.7649,1615.5516,-2.685414126807605
motor-0015,failure,140,169,FAILURE,73.30376000000001,1.8563805444286836,69.2254,77.3047,0.040913503893212175,4.5955466666666664,0.20947147575637975,4.1003,4.9701,-0.0010652725250279377,1530.8826999999999,45.22618842339764,1462.7649,1615.5516,-3.9813651612903405
motor-0016,healthy,0,29,NORMAL,54.57072333333333,1.1288388310363688,52.5661,57.208,-0.07109310344827731,1.5216466666666666,0.16141853617915825,1.2361,1.7896,-0.007429988876529516,1811.8288366666668,18.220867740633416,1770.4745,1845.6394,-1.4529252725250785
motor-0016,healthy,10,39,NORMAL,55.31278666666667,1.8305606102563834,52.5661,58.5884,0.12827808676306954,1.4816900000000002,0.15224163983614997,1.2361,1.7529,-0.004352102335928879,1807.0040766666668,14.40200193416835,1770.4745,1829.2688,0.03181265850941049
motor-0016,healthy,20,49,NORMAL,55.23892666666667,1.9776906947132955,52.5661,58.5884,0.026473815350387828,1.4358966666666666,0.11592985661836885,1.2361,1.7229,-0.0029214460511679807,1797.7849666666666,16.129750470199117,1770.4745,1828.4315,-0.43787537263631265
motor-0016,healthy,30,59,NORMAL,55.496419999999986,1.887550749587059,52.6435,58.5884,-0.14770171301446083,1.443803333333333,0.09475436131856352,1.2684,1.6397,-0.0015025361512792232,1805.72788,21.66358929742716,1771.3804,1846.9898,0.43500791991098325
motor-0016,healthy,40,69,NORMAL,55.374253333333336,1.931973015638561,52.6435,59.9079,0.10463959955505993,1.5118033333333334,0.1675017322961832,1.2684,1.8774,0.011451056729699632,1809.998046666667,25.884122259211782,1771.3804,1851.5633,1.84627279199106
motor-0016,healthy,50,79,NORMAL,55.187180000000005,1.9605998414430892,52.6435,59.9079,-0.030135172413794466,1.4964666666666666,0.18590335362464253,1.2021,1.8774,-0.007114260289210268,1812.0037366666668,23.891815096115856,1769.7251,1851.5633,-1.2273030700779057
motor-0016,healthy,60,89,NORMAL,55.141103333333334,1.9246412111496405,52.632,59.9079,-0.15138173526140386,1.5473533333333331,0.21816402351340047,1.2021,1.9094,-0.0037023804226919256,1812.3554499999998,20.530079580504147,1769.7251,1851.5633,-0.44192852057846266
motor-0016,healthy,70,99,NORMAL,54.77085,1.3302953368206125,52.632,57.0141,0.10573256952168966,1.5332266666666667,0.195525152573496,1.2021,1.9094,0.014292413793103403,1807.33071,15.854114577933162,1769.7251,1835.5217,0.854710545050012
motor-0016,healthy,80,109,NORMAL,54.88352000000001,1.2165450435283247,52.632,57.0141,0.014911323692990511,1.6080933333333336,0.1395045947471106,1.2716,1.9094,-0.0005186206896551871,1805.6993966666666,18.108822375175464,1770.5991,1835.5217,-1.5744301001112682
motor-0016,healthy,90,119,NORMAL,55.17216666666666,1.371157935307073,52.5564,57.7148,-0.027574727474972967,1.6372966666666668,0.1049291363518997,1.4774,1.87,0.003346718576195727,1797.9658933333335,17.387406281097693,1770.5991,1829.6955,-0.5691862068965777
motor-0016,healthy,100,129,NORMAL,55.05822666666667,1.3953916558761879,52.5564,57.7148,0.07402171301445962,1.6176699999999997,0.11710124437141281,1.2993,1.87,0.00015508342602889866,1796.7449366666667,16.412159320363333,1770.5991,1829.6955,1.1646535038931864
motor-0016,healthy,110,139,NORMAL,54.85556999999999,1.5448340273634573,52.4928,57.7148,-0.05882413793103506,1.5353066666666668,0.19239577253382908,1.1135,1.87,-0.01576031145717469,1800.9049900000002,14.40024083239234,1775.5395,1829.6955,0.28331432703000786
motor-0016,healthy,120,149,NORMAL,54.902179999999994,1.3665505497175479,52.4928,57.6257,-0.02900654060066929,1.472333333333333,0.16200949011983495,1.1135,1.724,-0.0010669632925472932,1807.7350933333337,14.15057758785682,1776.804,1843.7969,0.3375242269187614
motor-0016,healthy,130,159,NORMAL,54.87753666666666,1.332835318780564,52.4928,57.3858,0.09365225806451556,1.4353333333333333,0.1424771100524182,1.1135,1.724,0.008533748609566138,1801.7361866666668,15.913870194073557,1775.2104,1843.7969,-0.5019599110123056
motor-0016,healthy,140,169,NORMAL,54.90156333333332,1.3421583305714053,52.4799,57.3858,-0.07418418242491928,1.4903,0.1115090310243973,1.2625,1.724,-0.00022634037819805813,1803.9880500000002,16.738718505344643,1775.2104,1843.7969,-0.48593679644053156
motor-0016,healthy,150,179,NORMAL,55.30607,1.5569012390322,52.4799,57.8371,0.027587964404893837,1.5365233333333335,0.1275905317368373,1.3359,1.793,0.0077819132369298825,1797.3528533333335,15.207286765817958,1772.9767,1828.0033,0.3051931924359763
motor-0016,healthy,160,189,NORMAL,55.42628333333334,1.8474072187949127,52.4111,59.251,0.08868051167964218,1.4501266666666672,0.22972037340113208,0.9769,1.793,-0.01319826473859851,1798.6107299999996,15.790061514555058,1767.1385,1828.0033,-0.4714497219132722
motor-0017,failure,0,29,DEGRADATION,53.95552666666666,1.0275649478040574,52.2521,56.3731,-0.07490896551724238,1.6003533333333333,0.16896052346299384,1.3261,1.9048,-0.00933010011123473,1788.9506166666665,21.175692577482693,1748.4191,1840.6646,-0.9865254505006041
motor-0017,failure,10,39,DEGRADATION,54.7318,1.8116856276223343,52.2521,58.5086,0.1352067630700765,1.6673833333333332,0.24231904325129347,1.3261,2.213,0.015440778642936559,1775.6947666666665,20.436624415989606,1723.5961,1809.4791,-0.4335640044494056
motor-0017,failure,20,49,DEGRADATION,55.92258666666667,2.0383376465040217,52.2521,58.8577,0.19740569521690796,1.7435566666666666,0.2317079637292503,1.3261,2.213,0.014518998887652913,1765.1819233333333,25.261357506115722,1722.94,1809.4791,-2.0561714571746967
motor-0017,failure,30,59,DEGRADATION,57.573363333333326,0.9744470850977778,55.8297,59.5827,0.06493323692992144,1.9554599999999998,0.22215124667667296,1.5793,2.3914,0.012360222469410417,1747.0435633333332,24.46612483841667,1715.009,1809.4791,-2.2226257842046993
motor-0017,failure,40,69,DEGRADATION,58.57800666666667,1.3339583224207403,56.0189,61.1323,0.1266502335928795,2.2094066666666667,0.3939212306484072,1.5793,2.98,0.039366407119021084,1730.8051666666663,14.98268407917027,1693.2137,1755.2649,-1.2394455617352893
motor-0017,failure,50,79,FAILURE,59.29171999999999,1.0567966223135532,56.9867,61.1323,0.06269677419354698,2.3990666666666676,0.27576332888104527,1.819,2.98,0.012770989988876488,1713.9525099999998,25.112806214935446,1629.5318,1750.7611,-2.045666585094589
motor-0017,failure,60,89,FAILURE,60.12999,0.8888875640747065,58.0744,62.5044,0.03503334816462584,2.6509999999999994,0.2784640587221267,2.237,3.2605,0.012259666295884273,1702.968503333333,26.582550542094125,1629.5318,1745.5524,-1.115051946607371
motor-0017,failure,70,99,FAILURE,60.74986666666667,1.4888693874510572,58.0744,64.5359,0.11326327030033212,2.6620433333333335,0.31138983678912124,2.1434,3.2605,0.019261779755283606,1685.3185366666664,28.311498812808487,1613.4959,1736.9266,-1.2040978642936948
motor-0017,failure,80,109,FAILURE,61.64081999999999,1.6418944428921123,59.2524,66.18,0.10247403781979839,2.931783333333334,0.2992037166472963,2.1434,3.396,0.017600912124582792,1667.8622899999998,32.88774960202609,1601.1955,1736.1452,-2.6149672302558793
motor-0017,failure,90,119,FAILURE,62.72271666666666,1.8059647519785345,59.718,66.18,0.12790035595105667,3.1953,0.46709815956249134,2.1434,4.0986,0.048380600667408194,1650.1745266666665,24.454738858701585,1601.1955,1702.3776,-1.583473859844287
motor-0017,failure,100,129,FAILURE,63.39414,1.7647255037918321,60.0729,66.6764,0.07788903225806355,3.4535833333333334,0.27827094480420017,2.9027,4.0986,0.01574315906562842,1629.3089700000003,27.209696052806258,1572.8749,1677.2617,-1.7935370189099347
motor-0017,failure,110,139,FAILURE,63.88898333333334,1.3428738138989664,60.993,66.6764,-0.01721368186874538,3.6017266666666665,0.21720052168957202,3.2527,4.0986,-0.0012607786429366954,1612.7559733333335,30.828147316642674,1558.2674,1665.6241,-2.5226742602892465
motor-0017,failure,120,149,FAILURE,64.08647,1.5302582884707183,60.7811,66.6764,0.03598186874304672,3.641223333333333,0.2949272019593235,3.2032,4.4031,0.018900489432702918,1593.7041533333334,28.601264326561232,1524.596,1640.8945,-1.2642245606229556
motor-0017,failure,130,159,FAILURE,65.17281666666666,2.187653259710556,60.7811,71.2851,0.1955822246941024,4.094386666666667,0.5958762028773725,3.2032,5.1989,0.05896311457174633,1573.7275600000003,32.14802769251018,1514.7942,1628.9508,-2.3981341490545662
motor-0017,failure,140,169,FAILURE,67.89774666666668,3.459925349747046,60.7811,74.0631,0.3678013793103435,4.601893333333333,0.6284306272683478,3.2032,5.3517,0.06328769744160173,1555.1374199999998,35.482014836687824,1488.8405,1628.7849,-2.9527531924360617
motor-0017,failure,150,179,FAILURE,70.21612999999999,2.6750330703438676,64.3775,74.0631,0.2173459176863162,4.94469,0.2279234701239285,4.4808,5.3517,-0.003629744160178154,1528.3149499999997,27.010019777257366,1468.734,1579.3012,-2.157375728587363
motor-0017,failure,160,189,FAILURE,71.95375666666668,1.4426154511126275,69.3358,75.3185,0.004141601779752658,4.980923333333334,0.27304899887911854,4.331,5.452,-0.01443223581757528,1494.44205,43.80010468130377,1414.9486,1579.3012,-4.4163799555061765
motor-0018,failure,0,29,NORMAL,53.71107333333334,1.4389642253911512,50.9494,56.4428,-0.032490411568410545,1.5398299999999998,0.1330747112214288,1.2645,1.7857,-0.001918064516129058,1800.7787033333334,21.035360902228174,1739.7747,1835.2565,0.5708366852057705
motor-0018,failure,10,39,DEGRADATION,53.98292,1.2610009694418691,50.9494,56.4428,-0.008588209121246226,1.520766666666667,0.11525694290969586,1.2645,1.7748,0.003931657397107878,1801.4100733333332,21.802526716781156,1739.7747,1835.2565,1.2800795550611157
motor-0018,failure,20,49,DEGRADATION,53.828199999999995,1.099189806781947,50.9494,55.7443,0.04537788654059883,1.5779766666666666,0.15820427234714265,1.2645,1.864,0.010256084538375934,1792.2421733333333,32.793486401529314,1721.7968,1835.2565,-3.1456470745272975
motor-0018,failure,30,59,DEGRADATION,54.50711666666666,0.9468768191915053,52.4062,57.088,0.026471301446050553,1.6883066666666668,0.1935821133840165,1.3317,2.2283,0.014269632925472734,1771.3483966666665,31.61928838971009,1709.7354,1822.9388,-2.4251307897664507
motor-0018,failure,40,69,DEGRADATION,55.560723333333335,1.902866440519554,52.4062,59.2747,0.1779633147942145,1.9471166666666668,0.32367621793322343,1.3317,2.4819,0.03214471635150165,1744.9867166666666,22.1043513878766,1705.0985,1780.974,-1.1157526362625738
motor-0018,failure,50,79,DEGRADATION,56.940873333333336,1.715809849008787,53.7274,59.2747,0.1585513236929916,2.1326333333333336,0.26849258504141643,1.501,2.4819,0.021086852057842005,1736.9079366666665,20.725147826854904,1705.0985,1777.3206,-1.1474540378198361
motor-0018,failure,60,89,DEGRADATION,58.762906666666666,1.7804730665253616,55.2983,62.4101,0.141826473859843,2.293733333333333,0.1810876497414688,1.8761,2.7175,0.001797063403781952,1722.5013566666669,17.031504313940935,1680.3072,1748.7584,-1.063108765294805
motor-0018,failure,70,99,DEGRADATION,60.01079333333334,1.794531312614956,56.6524,62.4101,0.1591052280311442,2.421446666666667,0.2755421283377351,1.8761,2.9095,0.02260912124582866,1713.6042666666667,19.786994929032435,1657.8631,1748.7584,-1.4123597330367221
motor-0018,failure,80,109,FAILURE,60.41795333333334,1.826176431186818,56.3247,62.4101,-0.04734327030033479,2.52151,0.2685134253006108,1.8761,2.9095,0.013243982202447093,1709.0182533333332,20.460796661742076,1657.8631,1747.9398,-0.21621107897666966
motor-0018,failure,90,119,FAILURE,61.34817333333332,2.1071361525276173,56.3247,64.8788,0.05789610678531494,2.7558599999999998,0.31504062552841233,2.1621,3.5351,0.01641170189098995,1706.8761733333333,20.49968214278671,1657.8631,1747.9398,-0.12566113459402026
motor-0018,failure,100,129,FAILURE,62.09471666666666,2.577607488490485,56.3247,66.1893,0.18412042269187814,2.895226666666666,0.37614096819617454,2.1621,3.5351,0.02766473859844268,1692.924483333333,29.236458347561896,1628.106,1747.9398,-2.493980355951111
motor-0018,failure,110,139,FAILURE,63.525909999999996,1.5276966636846898,59.7085,66.1893,0.01709328142380318,3.0182266666666675,0.3044766175295276,2.5031,3.5351,-0.001181268075639666,1675.91446,27.96746691442993,1628.106,1740.754,-2.0779231145718136
motor-0018,failure,120,149,FAILURE,64.49790666666667,1.9177426794599481,59.7085,68.0925,0.11797686318131122,3.14234,0.3192639353262438,2.5031,3.8135,0.007804760845383709,1670.1101266666667,26.289039634822895,1627.5644,1715.4424,1.0839519021134256
motor-0018,failure,130,159,FAILURE,65.01987666666668,2.090662604165377,61.0879,69.8161,0.044324026696327186,3.147,0.3073447402076914,2.5031,3.8135,0.011004137931034432,1648.4271366666665,46.0720093706181,1558.1185,1715.4424,-3.1535832035595788
motor-0018,failure,140,169,FAILURE,65.41150999999999,2.0006424605361146,61.3517,69.8161,-0.06355548387096913,3.4119533333333334,0.4034876195815127,2.8615,4.2149,0.01851110122358166,1625.5658999999998,50.009064691873604,1558.1185,1715.4424,-4.3912676307008045
motor-0018,failure,150,179,FAILURE,66.24126,2.5633746851367625,61.3517,70.3573,0.1387822469410434,3.63727,0.5216570585803154,2.8615,4.6212,0.04561434927697437,1592.190393333333,18.575988892114346,1546.7628,1625.1015,-0.3851364182425517
motor-0018,failure,160,189,FAILURE,66.64959333333334,2.4280357020896997,62.3248,70.3573,0.052955595105671056,3.8664899999999998,0.3917164734430589,2.981,4.6212,0.008906540600667381,1570.2373699999996,35.85160835004153,1484.8207,1625.1015,-2.7344867853170687
motor-0018,failure,170,199,FAILURE,67.12563333333331,2.631694803776117,62.2381,70.9485,-0.09897428253615238,4.0399199999999995,0.33595745107577735,3.4059,4.694,0.004775483870967575,1559.177063333333,32.16371179040632,1484.8207,1610.4247,-1.2508245383760193
motor-0018,failure,180,209,FAILURE,67.52835666666667,2.8823178131130653,62.2381,71.755,0.156643448275859,4.13199,0.3239395266095201,3.4059,4.694,0.021089632925472647,1537.9317333333336,35.37687499782245,1458.3712,1586.5073,-0.5366238487208278
motor-0018,failure,190,219,FAILURE,68.96394000000001,2.793664443653413,62.2381,71.755,0.23306496106785154,4.46384,0.3662158057757747,3.8119,5.2374,0.028809076751946473,1529.79249,38.088077357543696,1458.3712,1586.5073,-2.768491056729732
motor-0018,failure,200,229,FAILURE,70.32619999999999,1.2809852169326559,67.1754,73.3812,0.033637686318129294,4.638016666666667,0.3142545869019081,3.9322,5.2374,0.019742180200222385,1512.5900599999998,30.93023330655191,1458.3712,1586.5073,-1.1147820689655399
motor-0018,failure,210,239,FAILURE,72.23011333333334,2.7657024457610935,67.1754,77.7774,0.2090740823136805,4.911536666666667,0.2918710188688756,4.3536,5.4324,0.014264226918798587,1485.679456666667,37.710745300967666,1403.1672,1552.0743,-3.139555795328174
motor-0018,failure,220,249,FAILURE,73.11664333333333,2.735318922622289,67.1754,77.7774,0.15185652947719586,4.985746666666667,0.2980539154060703,4.3536,5.4591,0.010717285873192338,1463.2004133333335,40.63338770208339,1386.9179,1528.3976,-3.164783181312593
motor-0019,failure,0,29,DEGRADATION,54.88180666666666,1.2519612166339473,52.7457,57.4208,-0.04644667408231475,1.5349933333333334,0.17985761393082275,1.1401,1.9284,-0.005779354838709731,1788.9291933333334,23.460104788014526,1752.0227,1843.2259,-2.0348458286985607
motor-0019,failure,10,39,DEGRADATION,55.77298,2.108740490814362,52.7457,59.5945,0.16093339265850812,1.6992533333333335,0.33538726743207703,1.1401,2.2622,0.026801913236929892,1782.4350599999998,17.507928420891673,1752.0227,1825.8458,0.04395145717458837
motor-0019,failure,20,49,DEGRADATION,56.868469999999995,2.1115713087887884,52.7457,59.6855,0.19159895439376856,1.9025299999999998,0.36713419994147467,1.1401,2.4497,0.033386852057842024,1769.5639033333334,21.918262133655936,1724.2551,1810.7227,-1.1510060289210111
motor-0019,failure,30,59,DEGRADATION,58.90759,1.3978649785416815,56.1982,61.7959,0.1145870300333696,2.2213766666666666,0.1843063729831994,1.8788,2.6428,0.013879621802002192,1760.5253466666663,26.390560025909934,1711.1393,1810.7227,-2.475100289210278
motor-0019,failure,40,69,FAILURE,60.68979666666667,2.4762370511838236,57.3336,66.8729,0.26414587319243604,2.3350566666666666,0.21106097805031498,1.8926,2.8155,0.012203848720800867,1732.1172633333335,23.535194447089708,1695.4926,1778.721,-2.1524639599555284
motor-0019,failure,50,79,FAILURE,61.95812333333334,1.8214329901999926,58.1821,66.8729,0.0918745939933256,2.5389199999999996,0.29972442721050724,2.0663,3.223,0.014991012235817523,1713.5881466666665,24.82978326841555,1669.0363,1767.3031,-2.5459266740823496
motor-0019,failure,60,89,FAILURE,62.85907333333333,1.46912364465653,59.9211,66.8729,-0.003507942157953935,2.7254133333333335,0.4030507500992344,2.0663,3.4911,0.025342736373748596,1693.5443300000002,18.05333856899512,1644.885,1716.0964,-1.1613375528365437
motor-0019,failure,70,99,FAILURE,63.01354666666667,1.4591629883220338,59.9211,65.64,0.08715483870967654,3.0292733333333333,0.43500166584610783,2.136,3.7834,0.031743270300333644,1678.60003,30.515967769504435,1583.1458,1716.0964,-1.6676714349277386
motor-0019,failure,80,109,FAILURE,63.99221333333333,1.2616948095672296,62.1206,66.2068,0.052018909899887444,3.364056666666667,0.4477889076215364,2.136,3.9498,0.041011234705228,1633.6367400000001,62.404806218883486,1528.6258,1716.0964,-5.854620956618496
motor-0019,failure,90,119,FAILURE,64.15844333333332,1.2378531161338255,62.0802,66.3908,-0.026583737486096673,3.7018433333333336,0.3767491673809276,2.9888,4.4895,0.030167897664071117,1610.7693133333335,51.89213169135075,1528.6258,1708.8668,-1.973674571746451
motor-0019,failure,100,129,FAILURE,66.20266333333333,3.172979888945966,62.0802,73.0385,0.24887984427141172,4.00379,0.3405223187496917,3.4037,4.6975,0.02193563959955503,1579.2282999999995,33.20742277881056,1506.421,1653.3481,0.8399855394882676
motor-0019,failure,110,139,FAILURE,67.36995,3.1782777621168767,62.0802,73.0385,0.2157105005561722,4.185076666666666,0.3333703022999432,3.4037,4.884,0.0181043159065628,1565.76547,48.55076492769982,1475.6802,1653.3481,-4.439240333704157
motor-0019,failure,120,149,FAILURE,70.31039333333334,2.516645411645343,66.3798,76.1953,0.11632547274749477,4.331306666666666,0.28847085229225883,3.9313,4.9851,0.008978998887652884,1540.1111166666667,34.50523812870622,1475.6802,1580.7043,-1.3223326140156126
motor-0019,failure,130,159,FAILURE,71.51595,2.876001049460866,66.3798,76.1953,0.2314103448275845,4.438703333333333,0.32675782008834753,3.9313,5.0369,0.015348142380422564,1518.5291766666664,33.92690779427328,1456.1273,1575.5074,-1.0792328587319804
motor-0020,failure,0,29,DEGRADATION,55.20279333333334,0.9916911703191112,53.2746,56.8505,-0.05791684093437348,1.5137433333333334,0.15728692398147903,1.1766,1.8281,-0.0077302558398220445,1796.4315133333334,24.088240798208748,1745.3114,1842.2557,-1.1211227141268447
motor-0020,failure,10,39,DEGRADATION,56.053490000000004,2.2888386980227917,53.2746,61.2901,0.20366858731924298,1.5713000000000001,0.21692560322224144,1.1766,1.9545,0.020906829810900987,1784.8278866666667,22.125856609823934,1744.3019,1821.9508,0.21544698553940725
motor-0020,failure,20,49,DEGRADATION,57.65623333333334,2.5216736310544943,53.2746,61.2901,0.24116329254727412,1.7868833333333334,0.2570036771245804,1.355,2.2866,0.02793848720800887,1771.78246,33.5009909500958,1709.0767,1821.9508,-3.1900244271412936
motor-0020,failure,30,59,DEGRADATION,59.442643333333336,1.4047389296433541,55.1363,61.2901,0.07640989988876476,2.1011366666666667,0.31417287436837843,1.7133,2.9737,0.0317220689655172,1753.77106,32.233372824011674,1696.769,1821.9508,-2.676477330367124
motor-0020,failure,40,69,FAILURE,60.41029,1.6064556290894987,57.5918,64.6906,0.06804901001112298,2.3526033333333336,0.33329535998703747,1.7654,2.9737,0.027597753058954375,1709.771356666667,44.59338734992506,1612.2198,1775.2324,-4.140428854282598
motor-0020,failure,50,79,FAILURE,60.88976999999999,2.165827753254324,56.8956,64.6906,0.05804224694104437,2.637186666666667,0.3667533546616248,2.1241,3.3465,0.026397330367074503,1679.3718666666662,49.45515173547535,1607.3434,1775.2324,-5.072894505005625
motor-0020,failure,60,89,FAILURE,61.993543333333335,2.4849200662775637,56.8956,65.4754,0.10695325917686177,2.825153333333333,0.32879418459307064,2.1299,3.3465,0.01834220244716347,1655.0175000000002,28.703647374262385,1607.3434,1729.0673,0.5832410233592548
motor-0020,failure,70,99,FAILURE,63.88357666666668,3.329944507113528,56.8956,69.523,0.3199909010011114,2.9955133333333337,0.3072336220026852,2.2086,3.6445,0.013733437152391472,1648.1040833333334,32.43373231619703,1573.7203,1729.0673,-0.4159932591768748
motor-0020,failure,80,109,FAILURE,64.59931999999999,2.396764486886436,60.2921,69.523,-0.0012634927697453716,3.2809699999999995,0.42552725580546935,2.5657,4.2545,0.03287753058954385,1635.3174433333331,40.939066953833446,1573.7203,1729.0673,-2.673313481646342
motor-0020,failure,90,119,FAILURE,66.16328333333333,2.4944053084296915,60.8869,69.819,0.03997261401557126,3.5792866666666665,0.42182506779733014,2.7449,4.2545,0.034101979977752946,1612.7732600000002,32.37579836479303,1553.4641,1677.2578,-1.8213981757508864
motor-0020,failure,100,129,FAILURE,66.64234333333333,2.863154099669725,60.8869,71.761,0.2677659844271392,3.93106,0.28906282661963534,3.2901,4.3898,0.016620244716351474,1588.370126666667,36.87806291427585,1514.2725,1654.2391,-1.5723191991101546
motor-0020,failure,110,139,FAILURE,68.50762666666668,1.7009749073072438,65.6076,73.5438,0.06435150166851797,4.17592,0.3499445674198511,3.6806,4.954,0.029177441601779614,1567.9980466666664,48.854999812920774,1465.8817,1654.2391,-3.134612102335963
motor-0020,failure,120,149,FAILURE,70.20100333333333,2.9243665768257507,65.6076,76.336,0.2496057174638478,4.357219999999999,0.3122780133150587,3.7479,4.9893,0.01646073414905439,1544.952506666667,40.886099600809196,1465.8817,1648.2803,-1.3400060066741042
motor-0020,failure,130,159,FAILURE,72.63013,3.5555225243884108,66.7857,78.9497,0.34909822024471493,4.541166666666666,0.32578028314937796,4.0324,5.1165,0.01329793103448265,1521.1258533333332,44.16812727900618,1448.4027,1606.6175,-3.2037031368187185
motor-0021,failure,0,29,NORMAL,55.04412333333333,1.7605257524734543,52.4975,57.7259,-0.14129283648498378,1.5095466666666661,0.12309456184395616,1.3087,1.821,0.006830700778642913,1788.4488133333332,16.47408861126534,1769.2164,1822.3201,1.1044266963292302
motor-0021,failure,10,39,DEGRADATION,54.99730666666666,1.7694463145163677,52.4975,58.0556,0.035842936596216735,1.58959,0.1531053305190036,1.3087,1.9235,0.014245672969966592,1789.5360166666665,20.747558861772696,1762.586,1832.5985,0.17429822024466243
motor-0021,failure,20,49,DEGRADATION,55.47284333333333,1.5877785308796128,52.5657,58.0556,0.15151058954393606,1.7185599999999999,0.182142306269942,1.3858,2.1996,0.011804182424916543,1782.0060033333332,27.31460748019252,1733.4338,1832.5985,-1.9681049388209702
motor-0021,failure,30,59,DEGRADATION,56.99379333333333,1.1585124789813679,54.869,59.838,0.08973695216907525,1.8541866666666669,0.22669211533609981,1.5054,2.4237,0.014425895439377024,1764.6125666666665,23.6810782666293,1733.003,1832.5985,-1.8986685205784795
motor-0021,failure,40,69,DEGRADATION,58.19033666666666,1.4724487589235677,55.695,60.9073,0.14281363737485936,2.1135633333333335,0.3483626285767302,1.5054,2.7019,0.029993303670745226,1745.1256433333335,20.044827139167893,1709.8041,1787.6883,-1.6562195550612147
motor-0021,failure,50,79,DEGRADATION,59.651486666666656,1.4027149514978285,56.7349,62.113,0.14062028921023206,2.330753333333333,0.30555550585050106,1.5976,2.7288,0.02608293659621799,1720.9472600000001,28.2046076920019,1670.9473,1760.1189,-2.7552833370412064
motor-0021,failure,60,89,FAILURE,60.82420666666666,1.1506650439154258,58.8063,63.6002,0.10011804226918748,2.442936666666667,0.17917139928633205,2.0197,2.7548,-0.005603092324805408,1692.6847800000003,32.188255009971165,1621.6169,1751.4591,-3.082303181312603
motor-0021,failure,70,99,FAILURE,61.54796333333333,1.510225114672938,57.8018,64.5795,0.041364961067852056,2.4594666666666667,0.18374343948983743,2.0197,2.7619,0.004370767519465973,1653.8011400000003,38.15018412981863,1583.1074,1720.2725,-3.8212303893215123
motor-0021,failure,80,109,FAILURE,62.07929666666668,2.0115764059535226,57.8018,65.8768,0.05358382647385766,2.56464,0.3055349457372539,2.0197,3.3816,0.025388609566184613,1642.5896766666665,35.22477693139381,1583.1074,1712.5298,-0.46531094549501806
motor-0021,failure,90,119,FAILURE,62.67523666666668,2.0924378020996364,57.8018,67.0209,0.06966493882091167,2.9540466666666663,0.47985428255762075,2.2806,3.9204,0.0428179310344827,1637.2060466666665,30.387704774285847,1583.1074,1712.5298,1.9601903893214192
motor-0021,failure,100,129,FAILURE,63.500626666666655,2.143175774239922,58.7223,67.7273,0.08681299221356907,3.19191,0.38713489410453994,2.2977,3.9204,0.02034253615127915,1640.01971,32.46809398260957,1572.07,1712.5298,-1.6656090989989167
motor-0021,failure,110,139,FAILURE,64.12427333333333,1.6946522252728498,61.6233,67.7273,0.041842892102334446,3.4154066666666667,0.27236795447009227,3.02,4.0654,-0.00037054505005568476,1609.08824,44.31881825306718,1518.2688,1674.909,-4.2053573748609905
motor-0021,failure,120,149,FAILURE,66.47606999999998,3.388842349156026,61.7566,73.5457,0.26188464961067665,3.533810000000001,0.34365087162215474,3.02,4.4591,0.03023735261401555,1587.3638700000001,41.91692304420058,1516.427,1671.1129,-2.354654260289257
motor-0021,failure,130,159,FAILURE,69.06726,3.9877262953216834,62.3699,75.7466,0.33225557285873114,3.83849,0.4134668365177551,3.0975,4.6475,0.03340340378197986,1564.1371933333335,34.66279338531863,1516.427,1641.5978,-1.2027530589543967
motor-0021,failure,140,169,FAILURE,70.87982333333333,2.437767483946918,65.582,75.7466,-0.029084872080089825,3.95355,0.37653292883889977,3.1069,4.6475,0.002498620689655015,1562.1456599999997,38.3154845502146,1492.2041,1641.5978,-1.7116258509455269
motor-0021,failure,150,179,FAILURE,71.64554,2.5617308642920826,66.9268,77.41,0.0200825361512793,4.191713333333333,0.4394148986499611,3.1069,4.7417,0.021260155728587186,1551.0257000000008,32.143934011826644,1492.2041,1621.0888,-0.2891143492769879
motor-0021,failure,160,189,FAILURE,71.38524666666666,2.206527552321872,68.1207,77.41,0.09509806451612686,4.3209,0.4351707764391661,3.1069,4.7417,0.03937499443826466,1539.9625000000003,36.763903842229084,1488.533,1621.0888,-2.062208498331555
motor-0021,failure,170,199,FAILURE,72.10834666666666,2.118312348031381,68.2817,77.41,0.009009432703001948,4.588146666666668,0.15280444961525894,4.2964,5.0141,0.005312347052280233,1519.3802600000001,33.769220563057104,1472.655,1606.6857,-2.960446763070128
motor-0021,failure,180,209,FAILURE,73.01638,2.4345981596422304,68.2817,78.4414,0.1919445161290313,4.727896666666666,0.2572580669073157,4.2964,5.3722,0.019280244716351445,1501.8115166666664,24.495839984782226,1448.2613,1557.302,-1.129269121245837
motor-0022,failure,0,29,DEGRADATION,54.98871333333332,1.8553954347134618,51.1932,57.8099,-0.12854051167964492,1.3699566666666665,0.15675386371279304,1.1028,1.6744,-0.001738442714126848,1793.3420633333335,16.483347014314855,1763.2112,1820.7106,-0.4071651835373019
motor-0022,failure,10,39,DEGRADATION,55.62416666666666,2.535972964147861,51.1932,60.2364,0.17001446051167846,1.53302,0.3061431858896531,1.1028,2.0493,0.032447786429365945,1784.5677966666667,18.716168410752672,1737.0311,1820.3407,-0.6593555728587662
motor-0022,failure,20,49,DEGRADATION,57.04584666666667,2.4541460168095592,52.7918,60.2364,0.23150789766407026,1.76343,0.2780260744966199,1.2386,2.0754,0.026174660734149025,1771.9442600000002,27.04522140803684,1712.1697,1820.3407,-2.367202536151297
motor-0022,failure,30,59,DEGRADATION,58.96078333333333,1.1201404992479982,56.9498,61.5971,0.06844451612903192,2.048853333333333,0.1976573832558641,1.7122,2.4701,0.01703350389321467,1751.6465699999999,22.219951351104136,1712.1697,1797.7941,-1.5325621579533077
motor-0022,failure,40,69,DEGRADATION,60.13696333333334,1.6837872374468474,57.4465,63.0624,0.16134035595105503,2.2552033333333337,0.2761416128044128,1.7122,2.712,0.027307074527252437,1737.802516666667,15.942478458468209,1701.3101,1770.7439,-0.7718380200222609
motor-0022,failure,50,79,FAILURE,60.88954000000001,1.458134102566244,57.61,63.0624,0.07633837597330233,2.3801566666666663,0.2241466360567465,1.9946,2.8188,0.006715172413793067,1712.1118099999997,34.28301574604498,1641.0876,1765.4117,-2.8517092547275253
motor-0022,failure,60,89,FAILURE,61.72656666666667,1.7753655614799133,58.0549,67.0391,0.041342691879864904,2.58739,0.3487197426300954,2.0077,3.4985,0.019436507230255785,1695.0137399999999,33.879552842450586,1641.0876,1751.0304,-1.7706844493882468
motor-0022,failure,70,99,FAILURE,62.478736666666684,2.5519659486342863,58.0549,67.8636,0.14717034482758448,2.7573633333333327,0.42050475739150556,2.0077,3.4985,0.03855406006674077,1662.5422233333336,35.47476209388567,1566.913,1737.1267,-1.520994193548439
motor-0022,failure,80,109,FAILURE,63.54306666666666,2.4831182747147236,58.0549,67.8636,0.09665205784204521,3.001376666666667,0.2660631550131576,2.3022,3.4985,0.011740711902113407,1636.4026966666668,48.35439905368473,1564.3879,1737.1267,-4.484019243604014
motor-0022,failure,90,119,FAILURE,65.35854,2.5087154048237514,60.6591,69.8029,0.14013303670745095,3.20781,0.3320699598478208,2.8437,4.1521,0.024836373748609496,1611.0985700000003,31.738631730748878,1564.3879,1681.2503,-1.4612584427141804
motor-0022,failure,100,129,FAILURE,66.91664666666667,2.4722840441898164,60.6591,70.6593,0.2324180645161278,3.5571966666666675,0.4981058913412778,2.8529,4.288,0.05113635150166845,1595.9967966666668,29.88279011507552,1528.3177,1651.5134,-0.8374335261402213
motor-0022,failure,110,139,FAILURE,68.72899000000001,1.422604059310482,65.2831,70.7012,0.1099924582869843,3.93169,0.41241508164307794,3.0032,4.5988,0.03729167964404887,1573.692003333333,46.15126050954248,1487.7986,1651.5134,-4.19477047830927
motor-0022,failure,120,149,FAILURE,70.75,2.6213990928509907,67.3006,76.5962,0.24292413793103224,4.3092500000000005,0.2989829813997222,3.739,4.9548,0.026427119021134503,1560.7327833333331,38.6769671810246,1487.7986,1645.2449,-1.1558719243604338
motor-0022,failure,130,159,FAILURE,72.64988333333334,2.6760548027626205,68.4037,76.5962,0.2499570411568392,4.51194,0.38260605118058444,3.739,5.5902,0.03197793103448264,1535.5887833333331,33.63256821806389,1480.7372,1604.6979,-0.6177291879866924
motor-0022,failure,140,169,FAILURE,74.47553666666667,1.7361327857210558,69.4754,76.6973,0.09137808676306843,4.844733333333334,0.37817271656685597,4.1201,5.5902,0.03103381535038923,1526.5755099999997,36.874378150032115,1474.4915,1604.6979,-3.371665828698588
motor-0023,failure,0,29,NORMAL,55.776599999999995,1.4099172048977442,53.0782,58.8268,-0.080266562847609,1.4756266666666669,0.22521251583535246,1.0616,1.8675,-0.009260556173526184,1785.921416666667,21.766076065398728,1745.7583,1829.0112,-1.2909006229143505
motor-0023,failure,10,39,DEGRADATION,55.57819000000001,1.253979214965969,53.0782,58.8268,-0.006756551724139678,1.53162,0.25434110874964744,1.0616,1.8933,0.007279955506117854,1772.73136,15.730045063330254,1742.1075,1802.9466,-0.2026935261401965
motor-0023,failure,20,49,DEGRADATION,56.050560000000004,1.3931341487451956,53.0782,58.5349,0.10349726362625027,1.525696666666667,0.20927112156774572,1.0616,1.8933,0.011209010011123455,1765.56901,18.895705207521832,1735.1671,1802.9466,-1.3695896996663441
motor-0023,failure,30,59,DEGRADATION,56.87892,1.2660115645601342,54.7808,59.2042,0.07760978865405897,1.7093366666666667,0.21326130526239923,1.3973,2.2309,0.010341779755283647,1750.4973666666667,19.394847308625277,1714.4374,1785.0957,-1.7025857174638939
motor-0023,failure,40,69,DEGRADATION,58.344500000000004,1.9031120746468573,55.5237,62.8865,0.16407875417129994,1.8452400000000004,0.29519165932209757,1.3973,2.311,0.0288216240266963,1740.791903333333,16.826370550329287,1709.7855,1768.2996,-0.6339497441602254
motor-0023,failure,50,79,DEGRADATION,59.09103333333335,1.9343843133037328,55.5237,62.8865,0.1136313236929912,2.171193333333333,0.30340412316835036,1.5134,2.7269,0.030369343715239114,1721.4383033333336,26.50156918630146,1674.0844,1768.2996,-2.0346010456062453
motor-0023,failure,60,89,DEGRADATION,60.14709,1.4798399824192705,57.367,62.9838,0.01958480533926377,2.4536766666666665,0.28250968087640627,1.8813,2.8993,0.028875928809788613,1719.0459966666663,25.715714793247656,1674.0844,1768.2996,-0.8352333036707946
motor-0023,failure,70,99,FAILURE,61.09646333333333,2.2038422895000647,57.367,66.7183,0.18003632925472662,2.6030566666666664,0.21257899658453772,1.9434,2.8993,0.0015225583982201873,1696.82511,27.58267670318153,1636.0454,1744.931,-1.0092546162403135
motor-0023,failure,80,109,FAILURE,61.414653333333334,2.1517909975542593,57.2212,66.7183,0.027876573971077026,2.6947033333333335,0.22491280752524717,1.9434,3.1481,0.0007036040044493307,1678.3711233333333,40.8931818293032,1618.1378,1744.931,-4.228710945495045
motor-0023,failure,90,119,FAILURE,62.07217666666666,2.3138665008571446,57.2212,66.7183,0.001100044493880509,2.815946666666666,0.2992182856860337,1.9434,3.2871,0.02137370411568399,1661.5323400000002,25.380063328074378,1618.1378,1706.495,-0.1751285428253987
motor-0023,failure,100,129,FAILURE,62.52327999999999,2.8970497613261665,57.2212,69.3395,0.1656488097886521,3.02053,0.2321087261751843,2.5837,3.3712,0.01973372636262505,1652.7934999999998,22.12972459503281,1615.8782,1705.259,0.4784796440489231
motor-0023,failure,110,139,FAILURE,63.01422,2.5180014255224985,59.4885,69.3395,-0.0493661401557298,3.177926666666666,0.16883095674536575,2.8018,3.4639,0.007420867630700686,1656.2048499999996,23.207809653013346,1608.1609,1705.259,-1.4200265850945857
motor-0023,failure,120,149,FAILURE,63.57736,2.6869946251776047,59.7993,69.3395,-0.02787301446051378,3.3367766666666667,0.2758918334943767,2.9007,4.0062,0.02002596218020016,1640.9183166666671,22.889882864198363,1600.4388,1680.1979,-0.9257499666295933
motor-0023,failure,130,159,FAILURE,64.43497333333333,2.8799885433722747,59.7993,69.8894,0.24063670745272359,3.498069999999999,0.2784174649095611,2.9015,4.0062,0.021397708565072247,1624.33562,30.71445353732127,1544.8209,1680.1979,-2.4718633592881494
motor-0023,failure,140,169,FAILURE,66.77370666666667,2.7694320137209045,60.0689,71.1333,0.24613236929922,3.84505,0.3893164469083388,3.206,4.5998,0.037543648498331396,1600.5490033333333,37.017311751904074,1521.0483,1678.299,-2.433200422691906
motor-0023,failure,150,179,FAILURE,68.44597333333334,1.55289842765785,65.5445,71.1333,0.09921010011123343,4.009493333333334,0.30964210731459346,3.502,4.5998,0.0218159733036707,1578.43359,30.609639613726802,1521.0483,1635.3722,-1.3993061401557874
motor-0023,failure,160,189,FAILURE,68.99230000000001,1.2291472103318903,65.741,71.1333,0.015242803114569896,4.21803,0.2684455700882396,3.7379,4.8026,0.006555172413793057,1566.7631633333333,26.789143426600802,1521.0483,1635.3722,-0.21500794215796817
motor-0023,failure,170,199,FAILURE,69.81645333333333,1.8960839028083356,66.9699,75.9982,0.1303426028921011,4.3557966666666665,0.3661184111580417,3.7379,5.0453,0.03524803114571732,1549.70187,26.130228977503577,1489.245,1600.7556,-1.7120460734149257
motor-0023,failure,180,209,FAILURE,71.59731000000001,2.810920613766957,66.9699,76.7968,0.28510898776418137,4.652273333333333,0.37458104324105296,3.7379,5.325,0.03398576195773076,1541.9006833333335,32.43685301373611,1489.245,1619.2966,-0.46112678531704426
motor-0023,failure,190,219,FAILURE,72.86207666666668,2.2982479828024553,68.783,76.7968,0.0469915684093434,4.74099,0.27872804589180955,4.226,5.325,-0.004639087875417235,1532.092666666667,30.18228950302184,1484.7493,1619.2966,0.6549721468297868
motor-0023,failure,200,229,FAILURE,73.56598333333334,2.0757881576376924,69.3088,76.7968,-0.048328431590657736,4.819906666666667,0.30604529613913195,4.226,5.325,-0.003823893214683176,1529.8954966666668,29.809778252831542,1484.7493,1619.2966,-0.9353719466073864
motor-0024,degrading,0,29,NORMAL,55.68296666666666,1.6284845162160908,52.1669,58.1696,-0.119515417130146,1.5666633333333335,0.1720008129502752,1.1818,1.8981,-0.01236264738598445,1786.2370366666664,22.205286148474993,1741.4156,1830.7505,-0.9304980867631208
motor-0024,degrading,10,39,NORMAL,55.43757666666667,1.3748232991147948,52.1669,57.8024,0.00986315906562779,1.5652266666666668,0.18830311899228389,1.1818,1.9285,0.005362758620689596,1785.76975,22.06484309979337,1741.4156,1822.5271,1.2929221579532222
motor-0024,degrading,20,49,NORMAL,54.984323333333336,1.2326133231697423,52.1669,56.725,0.03901835372636116,1.4962666666666666,0.19794067349138283,1.1818,1.9285,-0.00018731924360402847,1786.1099566666664,20.132300589561435,1747.3304,1822.5271,-0.20716460511682536
motor-0024,degrading,30,59,DEGRADATION,55.81876333333333,1.0102735736698039,53.5239,57.4392,0.02302200222469241,1.5381233333333333,0.28761971152123,1.1214,2.372,-0.003147519466073476,1790.4187200000003,17.210189208748794,1749.7965,1822.5271,-0.21013526140159847
motor-0024,degrading,40,69,DEGRADATION,56.703653333333335,1.8467269536007636,53.5239,59.8743,0.19862500556173507,1.6762466666666667,0.41527253921036267,1.1214,2.372,0.034605428253615116,1780.8956933333334,13.74901473841995,1749.7965,1809.6703,0.14124947719683367
motor-0024,degrading,50,79,DEGRADATION,57.62847999999999,1.3989637804222566,55.1587,59.8743,0.035865850945494125,1.79238,0.3684042249124368,1.1214,2.372,0.011578153503893187,1779.9958833333335,14.275404203012556,1752.2632,1809.6703,-1.093058042269215
motor-0024,degrading,60,89,DEGRADATION,57.57811666666666,1.6029453675621288,54.2393,59.8743,-0.10290725250278333,1.9688233333333334,0.25209907402095355,1.5332,2.4421,-0.005052436040044547,1771.0415466666666,8.947052721789934,1751.3996,1785.408,-0.19906967741939935
motor-0024,degrading,70,99,DEGRADATION,57.6865,1.6757366117621226,54.2393,60.2705,0.07672525027808484,1.99727,0.2711082663807948,1.5332,2.5502,0.019204160177975514,1762.5404633333333,13.975093431684888,1731.903,1785.408,-1.0613662068965954
motor-0024,degrading,80,109,DEGRADATION,57.95025,1.4817355559725671,54.2393,60.2705,0.09748723025583812,2.04021,0.2245839091149082,1.7217,2.5502,-0.011286295884315954,1755.8159733333337,16.227085187425264,1721.2593,1785.0949,-0.6767450500556308
motor-0024,degrading,90,119,DEGRADATION,59.07504333333335,1.0544879397708742,56.9229,61.5451,0.041867786429364014,2.0383666666666667,0.21402116925409248,1.7217,2.5502,-0.005162847608453852,1755.0566533333333,16.872961002715453,1721.2593,1799.7678,0.887483870967703
motor-0024,degrading,100,129,DEGRADATION,59.28518,1.0681649733382326,56.9229,61.5451,0.08386402669632799,1.9990033333333337,0.19294862439404836,1.7217,2.3949,0.009440689655172358,1751.4148466666668,20.41900259344606,1713.6798,1799.7678,-0.5356418242491923
motor-0024,degrading,110,139,DEGRADATION,59.51811666666666,0.8486887945858336,57.9566,61.5451,-0.022982580645162898,2.0829666666666666,0.2151603081941979,1.6935,2.489,0.004176863181312548,1737.64471,27.678759914518704,1694.7963,1799.7678,-2.7139726585094763
motor-0024,degrading,120,149,DEGRADATION,60.031316666666655,1.4419255323081774,58.2253,63.7604,0.09118898776418109,2.2277833333333334,0.28380670074698533,1.6935,2.6019,0.019389254727474943,1728.4703899999995,19.13271416776949,1694.7963,1765.6168,-0.05493163515019537
motor-0024,degrading,130,159,DEGRADATION,60.43634333333333,1.619180838095472,58.2253,63.7604,0.10529537263626243,2.2827766666666665,0.24113473783113226,1.6935,2.6019,0.009498442714126787,1728.71562,18.15027460448649,1694.7963,1757.2562,1.1554332369298994
motor-0024,degrading,140,169,DEGRADATION,60.84679666666667,1.2898326698925802,59.0949,63.7604,-0.0442331256952184,2.3801533333333333,0.182927066948066,2.0567,2.6956,-0.0015137708565072924,1736.8519333333331,14.561142794811436,1704.4693,1761.3923,-0.27933641824254113
motor-0024,degrading,150,179,DEGRADATION,61.27402666666667,1.334206904477546,59.412,63.9357,0.0694146384872066,2.4618599999999997,0.24783589812615928,2.0567,2.8641,0.02380093437152386,1730.8860800000002,16.224847544910862,1703.7722,1761.3923,-0.6718055172414246
motor-0024,degrading,160,189,DEGRADATION,61.65335,1.3444583682038402,59.6639,63.9357,0.0893371968854275,2.5343600000000004,0.22526396604872248,2.1461,2.8641,0.0023485650723024773,1717.9401533333332,20.022778170186292,1683.6595,1761.3923,-1.4494261624026872
motor-0024,degrading,170,199,DEGRADATION,61.825019999999995,1.2750540478479067,58.905,63.9357,-0.07658874304783246,2.6452066666666667,0.22638308378105956,2.1835,3.0102,-0.0002000000000000546,1711.8881833333332,14.014227736555991,1683.6595,1743.2183,-0.39243508342605693
motor-0024,degrading,180,209,DEGRADATION,62.062356666666666,1.3838981996961415,58.905,64.5008,0.051517130144603435,2.6859466666666663,0.2585479023744386,2.1835,3.0425,0.016866651835372566,1695.3436033333332,22.796446526896588,1636.2671,1729.4142,-1.6009067185762489
motor-0025,degrading,0,29,NORMAL,54.013160000000006,1.51850907199573,50.6171,56.5704,-0.08275773081201447,1.2259466666666665,0.22571520068932494,0.8104,1.7881,-0.012813748609566215,1796.21432,14.866713846720357,1769.8558,1838.8739,-0.7689631590656409
motor-0025,degrading,10,39,NORMAL,53.870053333333324,1.3130173567609669,50.6171,55.7219,0.05040102335928684,1.21892,0.2152047264041073,0.8104,1.679,0.00608258064516126,1791.2500433333335,12.032163323904902,1769.8558,1817.5887,0.11720736373743974
motor-0025,degrading,20,49,DEGRADATION,54.447516666666665,1.1851861699281208,50.6171,56.4431,0.10182182424916486,1.2932633333333334,0.21296565369926568,0.8104,1.6201,0.018602157953281403,1779.4726166666665,28.23171992843138,1699.1549,1817.5887,-2.3500232480534575
motor-0025,degrading,30,59,DEGRADATION,55.01608000000001,0.6259054126623288,53.736,56.4431,0.011626918798663762,1.4493966666666667,0.16357096621616224,1.2016,1.867,0.0098709899888765,1762.7587266666671,31.064662108757773,1699.1549,1817.5887,-2.589876262513946
motor-0025,degrading,40,69,DEGRADATION,55.66650333333334,1.2548036020252558,53.736,58.6796,0.08160028921023181,1.5585433333333332,0.1715953062359872,1.2565,1.9086,0.012595572858731901,1753.2669666666668,23.86152260372802,1699.1549,1804.9771,0.2610177085650664
motor-0025,degrading,50,79,DEGRADATION,56.05388000000001,1.2754559572691384,53.736,58.6796,0.07362358175750738,1.5920133333333333,0.15735617503683236,1.2749,1.9086,-0.0006653170189099352,1758.9854166666667,18.145613179261524,1700.5593,1794.0165,0.9738141268074875
motor-0025,degrading,60,89,DEGRADATION,56.717859999999995,1.556515682242446,53.7154,59.5072,0.04041842046718466,1.6697366666666669,0.16553778316612663,1.3548,1.9748,0.004092880978865386,1772.907073333333,15.117743662794245,1742.5631,1798.4171,0.6962382647385756
motor-0025,degrading,70,99,DEGRADATION,57.65133000000001,1.9265903486297582,53.7154,60.5212,0.15629412680756277,1.7917999999999998,0.2548713126265881,1.3548,2.2431,0.02333784204671856,1764.38553,25.714482083619053,1693.8004,1798.4171,-1.5226557730812342
motor-0025,degrading,80,109,DEGRADATION,57.667136666666664,2.015012021880322,53.7154,60.5212,-0.006953392658511502,1.9932166666666666,0.19923190856107587,1.5542,2.2644,0.016137997775305866,1743.3761100000004,37.44029358417076,1684.0613,1798.4171,-3.8161535261402184
motor-0025,degrading,90,119,DEGRADATION,58.31215999999999,1.9062028235211492,55.4903,60.8145,-0.016553948832036345,2.14697,0.1742360011593471,1.8405,2.5642,0.010102046718576134,1729.65454,27.966492942765136,1684.0613,1790.7495,0.10423715239152226
motor-0025,degrading,100,129,DEGRADATION,58.39951333333333,1.9718615757253914,55.4903,61.335,0.15335305895439325,2.2146800000000004,0.16830994306140482,1.9197,2.5642,0.005976062291434888,1722.8575999999998,24.920035126486738,1684.0613,1775.1884,0.6568454727474451
motor-0025,degrading,110,139,DEGRADATION,58.89811333333333,1.3874636436638224,56.2624,61.335,-0.025280889877643556,2.253053333333334,0.16092459255467728,1.9197,2.5642,0.0025838487208008206,1718.3027766666671,29.353582225589687,1662.8813,1775.1884,-2.1085898776418843
motor-0025,degrading,120,149,DEGRADATION,59.44143,1.3832395630427392,57.1093,62.8178,0.04020157953281244,2.3498166666666664,0.17265906305652062,2.0772,2.6779,0.012323181312569481,1714.6407299999996,23.17086918103778,1662.8813,1758.813,0.5278272080088645
motor-0025,degrading,130,159,DEGRADATION,59.53113666666666,1.4737537411845838,57.1093,62.8178,0.09540429365962118,2.3626966666666664,0.1611327433791434,1.9861,2.6779,0.002383870967741911,1708.922913333333,22.422206990566785,1662.8813,1743.3272,0.49265112347048473
motor-0026,failure,0,29,NORMAL,55.42252999999999,1.6870476504137832,52.6823,58.2191,-0.14968816462736592,1.5843033333333332,0.20243966423494072,1.3547,2.1908,-0.006288743047830944,1797.0133833333334,16.846221644888903,1769.2521,1835.2065,-1.1495244716351705
motor-0026,failure,10,39,DEGRADATION,55.530116666666665,1.8296114243345651,52.6823,58.4812,0.03692834260289071,1.5509166666666667,0.16938772895998758,1.3547,2.0347,0.009071167964404877,1805.76172,27.408692468465805,1769.2521,1863.3279,1.9281762402669036
motor-0026,failure,20,49,DEGRADATION,56.16175666666666,1.969442382788139,52.6823,59.1012,0.18999441601779554,1.6217866666666663,0.17525446210835513,1.3646,2.0347,0.008962981090100079,1792.5756033333337,37.679664980724745,1731.2697,1863.3279,-1.2032290322581107
motor-0026,failure,30,59,DEGRADATION,57.62151666666667,0.9694468079213471,55.3416,59.4399,0.060756373748608566,1.7698399999999999,0.2550937299634522,1.3646,2.3636,0.018844760845383748,1781.5854066666666,42.749090701884576,1731.2697,1863.3279,-3.9639746829811093
motor-0026,failure,40,69,DEGRADATION,58.86110666666666,1.643366674631346,56.5364,62.4377,0.14650518353726305,2.007836666666667,0.3214226682353868,1.4906,2.4842,0.03143058954393768,1746.6970466666667,19.845132338884046,1700.6837,1787.6214,-1.398200266963304
motor-0026,failure,50,79,DEGRADATION,59.66064333333333,1.5784042278375827,57.3914,62.4377,0.10724865406006551,2.2335233333333333,0.24524971312702665,1.6358,2.5328,0.020107385984427118,1728.601903333333,25.767709958000832,1687.8996,1768.8624,-2.609829966629644
motor-0026,failure,60,89,FAILURE,60.92280333333333,1.521830679474195,58.1224,64.5185,0.07583459399332447,2.4467666666666665,0.18080078785472392,2.1893,2.8417,0.013766362625138995,1720.6013833333332,25.34697599270418,1687.8996,1768.8624,-0.27071535038935746
motor-0026,failure,70,99,FAILURE,62.28215999999999,2.473325103661061,58.1224,67.2465,0.20584489432702863,2.56543,0.2149177690032477,2.194,2.9176,0.014704538375973245,1719.9941999999999,24.18547281492205,1687.8996,1767.6146,1.4524082758620365
motor-0026,failure,80,109,FAILURE,62.88150666666666,2.23569082700528,59.5073,67.2465,0.02883692992213478,2.6620600000000008,0.20092964539858227,2.2771,2.9965,0.003033147942157911,1703.32304,43.08741528862459,1615.7172,1767.6146,-3.2244780422692414
motor-0026,failure,90,119,FAILURE,63.92277,2.1712893286631947,59.5073,67.8279,0.024031345939931868,2.808083333333333,0.25635344361945983,2.2771,3.3701,0.015014660734149008,1686.1110033333332,40.40175178715633,1615.7172,1765.6172,-2.4648133704115978
motor-0026,failure,100,129,FAILURE,64.74702666666666,2.585773055127271,59.5073,69.0101,0.257406763070076,3.034993333333333,0.3609713681474228,2.2771,3.6901,0.03229931034482752,1657.8699700000004,28.15914947974756,1597.7778,1725.1766,-0.2026403337041539
motor-0026,failure,110,139,FAILURE,66.18491999999999,1.4775081212185155,63.1431,69.0101,0.06942496106785229,3.2169833333333333,0.3700951581087701,2.4738,4.2101,0.010866941045606182,1655.8837899999996,27.6555354024874,1597.7778,1725.1766,-1.3962220467186122
motor-0026,failure,120,149,FAILURE,67.22236666666667,1.5134594634662513,64.197,71.7161,0.04506122358175532,3.612966666666667,0.5813355407068184,2.4738,4.6042,0.04382505005561732,1640.042073333333,22.732722719740867,1597.2068,1700.0035,-0.9583472747497346
motor-0026,failure,130,159,FAILURE,68.54267,2.448588475993192,64.197,73.2269,0.23019063403781764,3.8482633333333336,0.5900857149507086,2.4738,4.6042,0.04366471635150164,1615.9119133333331,38.56870521515023,1514.9505,1662.8014,-3.2798869855395263
motor-0026,failure,140,169,FAILURE,69.20018666666665,2.21587778915916,65.313,73.2269,0.042400266963291196,4.149336666666667,0.24543952885022863,3.6015,4.6042,-0.006151256952169263,1591.3268266666666,36.18789962055395,1514.9505,1657.0139,-2.725493837597359
motor-0026,failure,150,179,FAILURE,70.19597999999999,2.3225518199314017,65.7475,74.7081,-0.010659354838711249,4.245793333333334,0.2922098731315483,3.6015,4.7969,0.018958932146829716,1562.4391466666666,30.33271426101675,1501.7482,1629.1876,-1.6343205784205048
motor-0026,failure,160,189,FAILURE,70.09220666666668,2.504141645878328,65.7475,76.0371,0.11105494994438206,4.287563333333333,0.24371095240514373,3.8377,4.7969,0.007050344827586123,1550.8876466666668,29.75032684068905,1482.5031,1602.8014,-1.585503670745301
motor-0026,failure,170,199,FAILURE,71.93001333333333,2.389450533314208,67.9988,76.0371,0.1087987541712998,4.397600000000001,0.2718838354886145,3.8008,5.0168,-0.0009786874304783756,1538.1390533333333,26.339845443974994,1482.5031,1602.8014,-0.6625749944383111
motor-0026,failure,180,209,FAILURE,72.51037000000001,2.221715905653406,68.4348,76.0371,0.08102413793103402,4.455316666666666,0.31011555059722856,3.8008,5.0168,0.02341007786429356,1530.5331266666665,31.5263071688702,1461.4402,1602.8014,-1.712777441601827
motor-0027,failure,0,29,NORMAL,55.75794666666668,1.1579770630236546,53.4022,58.8793,-0.04915492769744338,1.42769,0.1028043038982318,1.2354,1.6645,-0.0013514349276974773,1814.6505033333337,19.33264211692208,1774.6129,1845.392,-0.8843216240267447
motor-0027,failure,10,39,DEGRADATION,55.72619666666666,1.1257695011215905,53.4022,58.4449,0.004805806451610241,1.5426966666666666,0.22898370463613538,1.2354,2.1384,0.021421067853170137,1807.7696133333336,19.776901580846502,1774.6129,1841.2245,0.10707541713010378
motor-0027,failure,20,49,DEGRADATION,55.82580333333333,1.2745783521053364,53.4022,58.6214,0.05708460511679473,1.6628433333333337,0.2024721193701054,1.2917,2.1384,0.01598533926585093,1792.0240633333333,31.22070185563294,1737.1667,1841.2245,-2.6246353948832506
motor-0027,failure,30,59,DEGRADATION,56.521570000000004,1.4000215896311505,54.0934,59.3866,0.05878636262513774,1.85554,0.15974452854479868,1.6251,2.1438,0.010705005561735221,1773.6137700000002,30.011772627577898,1737.1667,1841.2245,-2.7742206674082697
motor-0027,failure,40,69,DEGRADATION,58.29071333333333,2.5665103099647895,54.6363,63.2385,0.23424609566184465,1.9646599999999996,0.19492366129675828,1.6251,2.2503,0.018245917686318103,1754.32152,13.8421987684616,1719.1282,1783.9373,-0.4011887875417407
motor-0027,failure,50,79,DEGRADATION,59.412819999999996,2.1976523746034093,54.6363,63.2385,0.13253446051167844,2.0762699999999996,0.11665456742022577,1.8022,2.2503,0.003738309232480476,1736.263946666667,28.999555106653304,1684.4643,1783.9373,-2.600629899888812
motor-0027,failure,60,89,FAILURE,60.39375333333334,1.2311086257877046,57.5207,63.2385,-0.07106687430478449,2.2892533333333334,0.30666105364428364,1.9085,3.0534,0.0243643159065628,1722.8779833333335,28.753331816180676,1678.0686,1783.9373,-2.063080467185803
motor-0027,failure,70,99,FAILURE,60.57033333333332,1.6165732397746655,57.5207,64.2326,0.09816929922135662,2.3545700000000003,0.3179301088289689,1.9091,3.0534,0.012104137931034445,1695.8740633333332,29.64341237230158,1630.1897,1741.1743,-1.268245139043412
motor-0027,failure,80,109,FAILURE,61.131553333333336,1.6192708094969444,58.2813,65.0316,0.0845582647385973,2.5621866666666664,0.27040542614542495,1.9706,3.0588,0.00046162402669626954,1698.75029,34.00107586373653,1630.1897,1776.3735,-0.17997056729702138
motor-0027,failure,90,119,FAILURE,62.817206666666685,2.2468394777158025,58.2813,67.9212,0.16484738598442555,2.694163333333334,0.33779886074737175,1.9706,3.2724,0.027277397107897585,1690.5234433333333,36.73910824590678,1630.1897,1776.3735,0.7241811123470273
motor-0027,failure,100,129,FAILURE,64.25308333333334,2.616008146277242,59.6257,70.5464,0.2186466073414887,3.0332433333333335,0.32760190239917036,2.5221,3.641,0.028248031145717428,1678.6532466666663,46.60072548598882,1583.1994,1776.3735,-3.9620060066741076
motor-0027,failure,110,139,FAILURE,65.19274666666666,1.8220607709831085,61.5779,70.5464,-0.024671368186874695,3.20856,0.2425991461925069,2.8001,3.641,0.006854104560622848,1651.0589333333335,44.46377487065423,1575.0465,1751.6505,-3.269478220244782
motor-0027,failure,120,149,FAILURE,66.08308333333333,2.3536639666816423,61.5779,70.7664,0.07938200222469266,3.477446666666667,0.35117638088130143,2.8001,4.1648,0.02254269187986648,1633.2946466666665,30.00270879293771,1575.0465,1692.9714,0.10681962180197928
motor-0027,failure,130,159,FAILURE,67.14286333333334,2.9414702770874452,61.5779,72.3467,0.2719799110122348,3.5803066666666665,0.38744841543387715,2.8001,4.1648,0.016826162402669546,1617.7836066666664,33.51920901624353,1559.5582,1669.0126,-1.3921157730812224
motor-0027,failure,140,169,FAILURE,68.78909999999999,2.213664298096409,64.2809,72.3467,0.08553739710789601,3.8687633333333338,0.32644082514633826,2.9772,4.439,0.009684872080088894,1619.8741566666665,35.74314552096838,1559.5582,1698.5576,-0.4750739265851564
motor-0027,failure,150,179,FAILURE,70.03410333333333,2.0836677059907824,65.588,73.4425,0.08507993325917507,4.03443,0.40869269804259206,2.9772,4.7796,0.02777617352614011,1593.5318366666665,44.60997271205535,1513.2433,1698.5576,-2.057395127919955
motor-0027,failure,160,189,FAILURE,71.20251999999999,2.288929166721127,66.4186,74.8087,0.1492661624026669,4.303733333333333,0.25751647239653536,3.7059,4.7796,0.01872431590656279,1575.65888,56.940901233058604,1456.0444,1698.5576,-5.333047074527305
motor-0027,failure,170,199,FAILURE,71.95776333333333,1.894074531177577,68.457,76.1957,-0.01547147942158016,4.513159999999999,0.27483212888355435,3.9524,5.2112,0.015609076751946428,1554.8211266666667,41.21287168468069,1456.0444,1631.4935,0.04414598442709713
motor-0027,failure,180,209,FAILURE,72.93589999999999,2.183059508885026,68.457,76.4713,0.07495363737485806,4.785849999999999,0.35965403445533595,4.3138,5.5453,0.031084427141268006,1540.7641566666668,49.15399407257891,1425.6004,1631.4935,-1.65496442714127
motor-0028,degrading,0,29,NORMAL,55.08519666666667,1.5165222100765812,52.8381,57.908,-0.11300122358175912,1.6841066666666673,0.12902832488342325,1.398,1.9735,-0.008821935483871024,1787.9825333333329,28.020641791440514,1738.0247,1845.2216,-1.5090496551724462
motor-0028,degrading,10,39,NORMAL,55.02602999999999,1.4493548622634378,52.8381,57.908,-0.022142402669635502,1.6629733333333336,0.10459368665884612,1.398,1.8333,0.0041212013348164225,1774.5597833333331,22.657241010577348,1738.0247,1815.7724,0.2112544827585924
motor-0028,degrading,20,49,DEGRADATION,54.78075666666666,1.1279401635084887,52.8381,56.8151,0.0837714571746377,1.6442333333333332,0.11419591450174077,1.3978,1.8333,0.001181401557285854,1766.0587833333334,30.025556161499978,1701.1281,1815.7724,-1.9389267853170777
motor-0028,degrading,30,59,DEGRADATION,55.75243333333333,0.8583342660189109,54.288,58.0578,0.047434527252501364,1.7696733333333337,0.19099405912808443,1.3978,2.3221,0.01251221357063402,1765.8864566666668,29.52673863641434,1701.1281,1815.7724,0.17662369299215527
motor-0028,degrading,40,69,DEGRADATION,56.958529999999996,2.0049339319372432,54.288,61.0448,0.19895552836484848,1.91021,0.2609930705976693,1.3978,2.4306,0.025575906562847573,1764.4550566666662,26.917478212017873,1701.1281,1803.7356,1.564598776418221
motor-0028,degrading,50,79,DEGRADATION,57.537310000000005,1.644938543401141,54.9834,61.0448,0.016557530589543613,2.066393333333333,0.1375441915248413,1.7924,2.4306,0.005270433815350361,1757.7135200000002,32.15226363569031,1695.0419,1803.7356,-3.0745896329254814
motor-0028,degrading,60,89,DEGRADATION,58.39460666666666,1.7386176366936528,54.9834,61.1563,-0.003674616240268693,2.142403333333333,0.11986552877657902,1.9291,2.4306,0.002890300333704078,1749.6198899999997,27.50191242763977,1695.0419,1799.1255,-0.8149423581758009
motor-0028,degrading,70,99,DEGRADATION,58.79999,2.048126881705982,54.9834,62.6473,0.15563948832035554,2.2580366666666665,0.21697596561729032,1.9291,2.6944,0.018633882091212396,1731.5550266666664,24.549163452304334,1682.3575,1772.9551,-0.14658033370417767
motor-0028,degrading,80,109,DEGRADATION,59.099759999999996,1.8162602344010803,55.4386,62.6473,-0.05872235817575261,2.31693,0.17943986207083415,1.9588,2.6944,0.00059468298108999,1728.6972033333334,25.708851358607763,1682.3575,1772.9551,-2.2397131701891624
motor-0028,degrading,90,119,DEGRADATION,59.356896666666664,1.8038827401808082,55.4386,62.6473,-0.04148718576195933,2.40686,0.1714004756897327,2.1499,2.6944,-0.0016995773081202085,1716.2647033333333,16.529981714982497,1682.3575,1757.4848,-0.18061221357068416
motor-0028,degrading,100,129,DEGRADATION,59.68467,1.9204193609990499,55.4386,62.3788,0.17131739710789629,2.320786666666667,0.17151562170510556,1.9875,2.6822,0.0020832480533926126,1717.4246133333336,15.481499120794354,1690.7721,1742.6759,0.42137646273635276
motor-0028,degrading,110,139,DEGRADATION,60.356706666666675,1.4677609130766343,56.8107,62.3788,0.001156040044492768,2.363103333333334,0.16138304017323363,1.9875,2.6822,-0.0019501001112347707,1713.1964366666664,22.31713280201982,1666.7307,1742.6759,-1.0256990211346493
motor-0028,degrading,120,149,DEGRADATION,60.784830000000014,1.4298688632528505,57.7389,62.8578,-0.02524375973303799,2.3918899999999996,0.1972388034000071,1.9875,2.7803,0.01749848720800883,1696.7391633333332,31.389217553330674,1630.3641,1742.6759,-2.4430330812013246
motor-0029,failure,0,29,NORMAL,54.46979666666666,1.3920760308458573,51.4257,57.6475,-0.08974418242491769,1.531893333333333,0.11955343556567312,1.2782,1.7429,0.001762046718576181,1793.80169,15.174063570389862,1763.3605,1826.1067,-0.4721278531702145
motor-0029,failure,10,39,DEGRADATION,54.82982333333333,1.6249423199369948,51.4257,57.7763,0.08775939933259023,1.6036499999999998,0.13395531033395677,1.3835,1.9298,0.004528431590656268,1787.5815199999997,15.503155587286079,1762.875,1826.1067,-0.3773669855395143
motor-0029,failure,20,49,DEGRADATION,55.49901666666667,1.5717360537705505,52.6454,57.7763,0.1316431368186856,1.736286666666667,0.2514710834712855,1.3835,2.3006,0.026716040044493867,1768.142096666667,30.56471116420028,1702.5038,1826.1067,-2.5688037597330893
motor-0029,failure,30,59,DEGRADATION,56.43738333333334,1.124061841739837,54.3453,58.776,0.002229388209120431,1.9855033333333332,0.2589858792589966,1.5065,2.4631,0.02747317018909899,1757.5383533333336,24.596562618812325,1702.5038,1808.2136,-1.3264459621802434
motor-0029,failure,40,69,DEGRADATION,57.94515333333334,2.5192529851437224,54.3453,62.0589,0.22994371523915288,2.2238666666666664,0.20237491335527621,1.8055,2.6433,0.017976062291434926,1732.1575533333332,27.13055708448481,1674.9722,1775.4851,-1.4497971523915756
motor-0029,failure,50,79,DEGRADATION,59.158696666666664,2.378759886367031,54.3453,62.0589,0.17741145717463755,2.4064066666666664,0.17371136200286064,2.1044,2.741,0.014177397107897588,1714.3104166666665,38.413383520739075,1644.0482,1775.4851,-4.141147208008966
motor-0029,failure,60,89,FAILURE,59.97616,1.388949761174488,55.6263,62.0589,-0.11884587319243786,2.5296566666666664,0.142597135743402,2.1855,2.741,0.007921890989988783,1689.1142399999997,27.27171386551273,1637.8451,1745.1204,-1.3538021357063834
motor-0029,failure,70,99,FAILURE,59.37631666666667,1.2744674995420195,55.6263,62.0952,-0.048496173526141426,2.8138833333333335,0.3572880295441697,2.3702,3.4796,0.030389521690767463,1677.4810833333333,22.509134741153183,1637.8451,1729.5764,-0.32959775305900524
motor-0029,failure,80,109,FAILURE,59.26792333333333,1.2255029826383756,55.6263,62.0952,0.03066934371523796,2.9712766666666672,0.39350370322978606,2.3702,3.7346,0.02401403781979973,1662.7443100000003,31.109017556600847,1591.4348,1729.5764,-2.308926785317034
motor-0029,failure,90,119,FAILURE,61.578129999999994,3.342772593137817,57.0661,69.0454,0.3030763737486079,3.330666666666666,0.4029137255321817,2.4594,4.0478,0.02455661846496102,1646.4853466666666,26.401070109899383,1591.4348,1702.6636,-2.0024932591768962
motor-0029,failure,100,129,FAILURE,63.06712666666667,3.0796768822863356,58.1528,69.0454,0.18433018909899776,3.5197866666666675,0.43959709108328826,2.4594,4.0478,0.03913601779755279,1618.753546666667,35.843527744012924,1531.7574,1671.0784,-2.6304195328142765
motor-0029,failure,110,139,FAILURE,65.19597666666667,2.358710446929752,60.2848,69.7906,0.04608300333703979,3.705673333333333,0.2563391736655862,3.1468,4.3153,-0.0012682091212459245,1593.8392600000002,42.01363993740288,1531.3996,1665.134,-3.4828475194660893
motor-0029,failure,120,149,FAILURE,66.61821333333334,3.1063171778096903,60.2848,71.6657,0.2867688987764174,3.8369666666666666,0.3148430120269818,3.1468,4.3227,0.011599644048943198,1575.8825866666664,31.403910852967925,1531.3996,1665.134,-0.6465373971079161
motor-0029,failure,130,159,FAILURE,67.75383666666667,2.3694940326974643,61.7802,71.6657,0.07080278086762988,3.8394666666666666,0.321782208264465,3.1468,4.3227,0.009265228031145645,1564.8667,21.677966108347587,1530.6049,1615.2534,-0.0003704560623296036
motor-0029,failure,140,169,FAILURE,68.63728666666667,1.949222943762177,65.5333,71.6657,-0.04153170189099144,4.004226666666666,0.23902692586587165,3.5796,4.4063,-0.002193503893214762,1555.99377,26.271262027129552,1504.5443,1615.2534,-2.405662669632969
motor-0029,failure,150,179,FAILURE,68.70569666666667,2.020118787181145,65.5333,71.9883,0.1279425361512776,4.149403333333334,0.39242659057317825,3.5796,5.2681,0.03390756395995539,1535.11844,24.237226566896332,1494.3597,1588.8604,-1.9197385539488434
motor-0029,failure,160,189,FAILURE,70.81465666666668,2.4449667730098543,65.8092,74.8826,0.22624407119020995,4.412073333333334,0.3646428654024221,3.7036,5.2681,0.026494060066740696,1520.75481,22.209646005378676,1492.7486,1572.7319,-1.207995172413823
motor-0029,failure,170,199,FAILURE,71.80613,1.7007785335251617,68.087,74.8826,0.06978783092324649,4.827486666666667,0.47579475598436577,3.8677,5.6619,0.040886006674082216,1508.0179266666669,24.89946624822753,1458.8013,1572.7319,-1.3688616685206223
motor-0030,failure,0,29,NORMAL,54.89751999999999,1.389321015076549,51.5581,57.2531,-0.08554020022247047,1.5176033333333332,0.13922977287762683,1.2874,1.8172,-0.006619555061179129,1788.0837099999997,15.740944807779714,1760.0572,1829.093,0.46745101223575797
motor-0030,failure,10,39,DEGRADATION,55.17002666666667,1.5302019687900308,51.5581,57.4859,0.034046184649608985,1.5691999999999997,0.1869159668585503,1.2874,1.9527,0.009970411568409318,1792.9582766666667,22.68484675687986,1760.0572,1841.5325,1.1285896106784854
motor-0030,failure,20,49,DEGRADATION,55.258053333333336,1.582380873817116,51.5581,57.4859,0.1056913014460498,1.64453,0.19346891248983647,1.333,2.0052,0.015095595105672951,1780.5335433333337,34.347564572311725,1716.803,1841.5325,-2.115097463848786
motor-0030,failure,30,59,DEGRADATION,55.96365333333333,1.7843229111221866,52.3196,60.5495,-0.004134638487208755,1.8426066666666665,0.2144380748737396,1.4743,2.3321,0.016432614015572826,1765.67823,34.345627390757734,1716.803,1841.5325,-2.691373770856501
motor-0030,failure,40,69,DEGRADATION,57.47167333333333,2.9794116533227752,52.3196,62.1264,0.23597058954393615,1.996803333333333,0.23907548247827967,1.573,2.4867,0.02045261401557282,1747.5143566666668,19.04871819893549,1716.803,1789.6637,0.20019530589537488
motor-0030,failure,50,79,DEGRADATION,58.82653,2.8160107639649863,52.3196,62.1264,0.21418275862068897,2.10297,0.1575336411691166,1.7836,2.4867,0.002489543937708487,1732.6335966666666,29.23580057668433,1665.589,1789.6637,-2.574530211345956
motor-0030,failure,60,89,DEGRADATION,60.31122,0.8940897160054275,58.7023,62.1264,-0.032705984427143425,2.2160900000000003,0.1860438323800783,1.8598,2.6752,0.008919710789766382,1717.2594166666668,28.812807833312426,1665.589,1789.6637,-2.4259485428254033
motor-0030,failure,70,99,FAILURE,60.42578,1.2863883523000872,58.2971,63.6833,0.04633245828698394,2.4139866666666663,0.3350272463878456,1.8598,3.0448,0.03395350389321461,1700.0102766666666,16.66822156239599,1646.9785,1730.7362,-0.23567717463851032
motor-0030,failure,80,109,FAILURE,60.76737666666666,1.4306622377261364,58.2971,63.6833,0.046350589543936685,2.6274699999999998,0.25371755969975746,2.0993,3.0448,0.01498983314794208,1692.8871966666666,19.880787895914047,1646.9785,1730.7362,-1.3424701446051264
motor-0030,failure,90,119,FAILURE,61.895733333333325,1.741597400536518,58.2971,64.479,0.1070693214682972,2.7503699999999998,0.18614910537881543,2.4034,3.1227,-0.003529321468298178,1682.33335,22.525221859488234,1646.0541,1730.7362,-1.7568770411568784
motor-0030,failure,100,129,FAILURE,63.014516666666665,2.452630563032726,59.2512,68.3615,0.14432166852057873,2.733156666666667,0.1724210305875965,2.4236,3.1227,0.0008412680756395541,1662.9592533333334,24.227321264896137,1602.1061,1699.9258,-1.933210901001166
motor-0030,failure,110,139,FAILURE,64.14737333333333,2.1173488204093553,59.5395,68.3615,-0.004427141268078286,2.77573,0.16068783432481748,2.484,3.1227,0.004935728587319179,1666.477773333333,29.9892680880448,1602.1061,1731.396,0.47069864293656827
motor-0030,failure,120,149,FAILURE,65.09159,2.826457819881038,59.5395,70.6695,0.05303134593993188,3.04174,0.3899635612036933,2.5516,3.8277,0.03715946607341491,1665.114743333333,29.535027701794853,1602.1061,1731.396,0.8562533259176337
motor-0030,failure,130,159,FAILURE,66.31537333333334,2.7668135952069894,60.7039,71.0672,0.18973819799777417,3.3336933333333336,0.413379468070467,2.5516,4.061,0.03323394883203556,1650.2530100000001,44.28972807685284,1559.7623,1731.396,-4.151256129032281
motor-0030,failure,140,169,FAILURE,67.87378666666665,2.467887946636872,60.7039,71.0672,0.1547894549499433,3.6092733333333333,0.23514399692292565,3.2167,4.061,0.00435332591768625,1626.75467,34.13041908540581,1559.7623,1690.0735,-2.1194349944383126
motor-0030,failure,150,179,FAILURE,68.51191,1.5727003487314426,65.0594,71.0672,0.009772880978864166,3.8574499999999996,0.38770666381514096,3.2167,4.6113,0.030150189098998824,1614.5997200000004,27.317546459365644,1559.7623,1689.2968,1.43495523915459
motor-0030,failure,160,189,FAILURE,68.21851666666667,1.739670526102252,63.6813,70.7944,-0.10143579532814279,3.9787066666666675,0.33290218676896005,3.3216,4.6113,0.017221579532814113,1591.42203,60.186765934138435,1451.452,1689.2968,-4.860198064516157
motor-0030,failure,170,199,FAILURE,67.54636333333335,1.6056125812252742,63.6813,70.0751,-0.06631988876529633,4.144073333333333,0.26068952406177653,3.7275,4.6113,-0.00381659621802011,1555.7639033333337,67.46295940809536,1433.6518,1689.2968,-5.931645717463868
motor-0030,failure,180,209,FAILURE,68.67798333333333,2.6558158749033955,63.6813,74.5694,0.20098329254727368,4.149826666666667,0.2894336042841067,3.7141,4.7321,0.012113548387096718,1512.8641566666665,41.184100012146146,1433.6518,1609.1067,-1.687189388209173
motor-0030,failure,190,219,FAILURE,70.19906,2.7947058213224034,64.5257,75.6509,0.23319724137930886,4.277933333333333,0.2419742704412094,3.7141,4.7321,0.007509098998887584,1499.3458000000005,27.11569254953054,1433.6518,1543.5644,-1.0290518353726752
motor-0030,failure,200,229,FAILURE,71.66972,1.7132852606226043,68.2727,75.6509,0.005874349276972931,4.541150000000001,0.34530907966631863,3.7141,5.0608,0.027379110122358087,1496.0125833333334,21.366510451031875,1450.7888,1535.8481,-0.1448313459399483
motor-0031,failure,0,29,NORMAL,54.32172666666666,1.3661646662422833,50.8422,56.5519,-0.07351786429366108,1.4284233333333332,0.20222410123974396,1.1065,1.8458,-0.015861112347052318,1816.6487300000001,13.569017893425466,1782.2468,1845.7325,-0.5862079421580245
motor-0031,failure,10,39,DEGRADATION,54.86868333333334,1.793293850820018,50.8422,58.442,0.06901955506117766,1.4414633333333333,0.22376670214508879,1.1065,1.9147,0.017176040044493843,1804.28082,19.874472788184036,1762.4123,1830.9445,-1.5504315906563315
motor-0031,failure,20,49,DEGRADATION,54.98407666666667,1.8652512421804084,50.8422,58.442,0.12651250278086615,1.5784866666666666,0.2391852500097408,1.1065,2.0666,0.018038487208008845,1780.4746266666664,29.6515860878631,1727.27,1826.9684,-2.9264053837597443
motor-0031,failure,30,59,DEGRADATION,56.1133,1.6988014781015472,53.2566,59.8494,0.024620289210232644,1.8159800000000001,0.24277421938912702,1.4412,2.4675,0.018013259176863142,1765.3677566666668,21.800608155151444,1727.27,1817.89,-1.2129187764182876
motor-0031,failure,40,69,DEGRADATION,57.63344666666667,2.913145103347164,53.2566,62.3526,0.2730837819799768,2.07388,0.3509898881734344,1.4971,2.6892,0.03521730812013345,1747.9620633333334,20.107421220244078,1702.8811,1782.5044,-0.7439052502781344
motor-0031,failure,50,79,DEGRADATION,58.885673333333344,2.5170004861518978,53.2566,62.3526,0.16342812013348013,2.2354466666666664,0.24712873262510146,1.7742,2.6892,0.010904516129032234,1734.3324300000002,28.538557543250715,1692.219,1782.5044,-2.673347385984467
motor-0031,failure,60,89,FAILURE,59.98612333333333,1.5406612190189286,56.3364,62.3526,-0.04004914349277264,2.4364866666666662,0.25150069281989845,1.966,2.9496,0.011195016685205738,1711.1518833333334,23.623933118345374,1671.6751,1765.8662,-2.1582273859844716
motor-0031,failure,70,99,FAILURE,60.12317333333333,1.7070901136013754,56.3364,63.7762,0.09615323692992096,2.527046666666666,0.30919594621462226,1.966,3.0697,0.024330856507230218,1694.4744400000002,14.300263933638918,1663.5657,1721.4443,-1.0441345050055915
motor-0031,failure,80,109,FAILURE,60.06980333333333,2.0200643378340426,56.3364,63.7762,0.008468364849832061,2.767536666666667,0.23718721225132602,2.126,3.1568,0.01498182424916571,1678.2199233333336,22.16228641214147,1631.4714,1721.4443,-1.6319780867631017
motor-0031,failure,90,119,FAILURE,61.43353666666666,2.5074810511059815,56.801,65.573,0.12424869855394693,3.040376666666667,0.3757397660467799,2.2741,3.875,0.035331145717463805,1673.2062566666666,20.696846741113074,1631.4714,1710.8126,-0.02225951056732516
motor-0031,failure,100,129,FAILURE,62.84564333333333,3.225107822454244,56.801,68.1922,0.33811187986651775,3.1303266666666674,0.30409114196605963,2.7505,3.875,0.0051028698553947805,1660.1958666666665,26.300732379223888,1607.7615,1710.8126,-0.16067697441605547
motor-0031,failure,110,139,FAILURE,65.66870666666667,2.105074655197661,60.4001,70.2986,0.20122558398220122,3.334643333333333,0.3258559944549466,2.7626,3.875,0.006961268075639539,1632.1258766666665,49.75756499400994,1549.9574,1710.8126,-4.5228767296997185
motor-0031,failure,120,149,FAILURE,67.67083666666666,2.071286975366335,63.67,71.87,0.18171717463848586,3.5731533333333325,0.5186259993054297,2.7626,4.5241,0.05259497219132362,1612.6001600000002,40.25791336742464,1549.9574,1685.4371,-1.176012235817613
motor-0031,failure,130,159,FAILURE,68.28798333333334,1.5737421822063342,66.0968,71.87,-0.02335770856507384,3.913163333333333,0.3240380311870129,2.9891,4.5241,0.021900222469410365,1596.1950399999996,29.568487328523698,1549.9574,1657.5397,0.996374638487189
motor-0031,failure,140,169,FAILURE,68.45558999999999,1.6141815563622324,66.0968,71.87,-0.08109973303670903,4.13938,0.18775785008000767,3.8288,4.5392,0.00265779755283639,1595.361286666667,33.11015912469296,1506.2809,1657.5397,-2.4003969744160587
motor-0031,failure,150,179,FAILURE,68.05362666666667,1.478372715056058,65.1402,70.2939,0.029771123470520817,4.242143333333334,0.2525438597990895,3.8288,4.7455,0.02112585094549484,1583.7263300000002,29.64529494841915,1506.2809,1639.4901,-0.6395401779755545
motor-0031,failure,160,189,FAILURE,68.63131666666666,1.8060732849810457,65.1402,73.5708,0.03251802002224572,4.390706666666667,0.24303270689810913,3.9445,4.9616,0.014413036707452687,1561.3130966666665,37.839924144096656,1496.7108,1639.4901,-1.7921762625139017
motor-0031,failure,170,199,FAILURE,69.28940333333331,1.908498491219967,65.1402,73.5708,0.051421868743046543,4.494446666666667,0.1919451618446153,4.0976,4.9616,0.004278398220244683,1546.9850966666668,37.77055625517919,1482.8804,1639.4901,-2.4986806006674573
motor-0032,failure,0,29,DEGRADATION,55.086116666666655,1.307376790646913,52.4122,57.0499,-0.04549697441601864,1.377253333333333,0.14253932260568972,1.067,1.6026,-0.0018056952169077114,1817.6348699999994,14.604708159885751,1790.2321,1838.9027,-0.8601132146830288
motor-0032,failure,10,39,DEGRADATION,56.33668333333333,2.4322695482591747,52.4122,60.2287,0.17177123470522623,1.5324300000000002,0.3121513192347583,1.067,2.0583,0.03142458286985538,1808.5875733333335,15.429118450685666,1761.6688,1838.0234,-0.71715292547278
motor-0032,failure,20,49,DEGRADATION,57.41234333333333,2.347334512829866,52.4122,60.4913,0.18694053392658444,1.8050633333333332,0.29537396689996603,1.2812,2.3182,0.03006840934371522,1782.7067433333332,34.006052686638824,1719.1712,1838.0234,-3.0355024471635748
motor-0032,failure,30,59,DEGRADATION,59.303833333333316,1.2765378347528744,56.8388,62.0858,0.05587684093437091,2.11462,0.21406627852139626,1.7457,2.5491,0.020814771968854257,1762.13603,31.754101024530684,1719.1712,1814.8459,-2.6374046051168385
motor-0032,failure,40,69,FAILURE,60.764536666666665,2.4602035061465055,56.8388,65.4543,0.24213466073414877,2.34679,0.27287309303044155,1.9333,2.8924,0.02732024471635146,1730.5658266666665,24.46462125768463,1680.7529,1783.0611,-1.6699194215795918
motor-0032,failure,50,79,FAILURE,63.171456666666664,2.9329766103946726,58.6352,68.6349,0.25502471635149876,2.5943333333333327,0.27548685187419664,2.0633,3.3268,0.020423270300333665,1694.0938133333336,53.82372104514721,1577.308,1766.8108,-5.243371879866548
motor-0032,failure,60,89,FAILURE,63.98540999999999,2.4044249605467,59.4528,68.6349,-0.03347864293659887,2.8968133333333337,0.3488685910514477,2.3098,3.648,0.029065005561735212,1668.8363866666664,40.83522490170086,1577.308,1741.892,-1.9564210901001207
motor-0032,failure,70,99,FAILURE,64.82325333333333,2.7633403386400954,59.4528,69.0973,-0.011666340378200902,3.033206666666667,0.32489143410615734,2.3098,3.648,0.01087826473859842,1646.8198533333334,29.98336326475882,1577.308,1699.9884,0.3085452280311381
motor-0032,failure,80,109,FAILURE,64.96745999999999,2.5227852853014134,59.6298,69.0973,0.15756760845383597,3.139736666666667,0.26187714483873714,2.5505,3.648,-0.004962513904338202,1637.3643699999998,34.818906784668485,1545.5082,1699.9884,-3.1635661624026996
motor-0032,failure,90,119,FAILURE,67.00010666666667,2.4891694570590315,61.0303,73.7515,0.13324627363737362,3.1839566666666665,0.3096967976191481,2.5505,3.8517,0.017367808676306926,1600.0981133333335,40.36245965559858,1520.0295,1661.4785,-3.815065406006713
motor-0032,failure,100,129,FAILURE,68.99430000000001,2.9752338686787847,64.5169,73.7515,0.2956122358175741,3.55379,0.5026302884824989,2.7192,4.4713,0.050085806451612806,1567.3084066666663,33.94870903694706,1518.8233,1637.9764,-2.8831760177975707
motor-0032,failure,110,139,FAILURE,70.94121333333334,2.46136903473566,66.1262,74.6042,0.17569971078976473,3.9246600000000003,0.46694336101929973,2.8804,4.6001,0.04024449388209113,1546.0965533333335,22.018063504476398,1498.4047,1584.588,-0.525868342602906
motor-0032,failure,120,149,FAILURE,73.70558,2.675418269654297,68.6859,78.144,0.2227102558398202,4.463219999999999,0.48208893951220244,3.664,5.4104,0.0416310567296996,1531.3935933333337,23.825942694339606,1485.7971,1584.588,-1.143137530589577
motor-0033,failure,0,29,DEGRADATION,57.059360000000005,1.388056184645756,54.9078,59.91,-0.011216062291436115,1.6523066666666666,0.19080194781209361,1.3731,2.105,0.003042091212458278,1802.2021533333332,28.734791070207713,1761.2722,1870.3458,-2.140315906562861
motor-0033,failure,10,39,DEGRADATION,58.12850666666667,2.205449405137697,54.9078,62.3632,0.16204943270300148,1.7706933333333332,0.2708911256493198,1.3731,2.2532,0.023937842046718564,1785.376893333333,15.82000607473404,1756.9362,1829.4742,-0.365709232480548
motor-0033,failure,20,49,DEGRADATION,59.15782,2.211057903719394,54.9078,62.3632,0.17250442714126762,2.0232699999999997,0.2897763622174866,1.3731,2.4805,0.028742046718576178,1769.2798566666668,27.74011525697856,1703.3583,1809.4959,-2.6372905228031573
motor-0033,failure,30,59,DEGRADATION,60.81180333333334,1.6124201444791684,57.5533,64.8554,0.07086765294771846,2.369223333333333,0.3283740719396436,1.8933,3.1412,0.03402391546162398,1747.7222,30.195183617811185,1696.7603,1792.5278,-2.724402936596258
motor-0033,failure,40,69,FAILURE,62.307996666666675,2.771671823224307,57.5533,67.8025,0.21302195773081053,2.6428066666666665,0.3007587936462633,2.0352,3.1471,0.029027630700778594,1727.5662799999998,17.364549305359656,1696.7603,1767.1731,-0.664606229143528
motor-0033,failure,50,79,FAILURE,63.35977666666667,2.2611824655377895,58.5023,67.8025,0.08114418242491546,2.765116666666667,0.225237887699995,2.4446,3.1976,0.0006870522803113641,1710.2198866666663,25.89218965333927,1650.1196,1755.6848,-1.4741445161290498
motor-0033,failure,60,89,FAILURE,64.27219333333333,2.1614857155720966,60.8454,68.9309,-0.02020413793103652,2.912963333333333,0.3229526822754208,2.4446,3.6538,0.019244026696329197,1687.3345466666665,32.63131989895325,1631.3309,1738.3818,-2.861569299221386
motor-0033,failure,70,99,FAILURE,65.39989333333332,2.858681968545799,60.8454,70.589,0.23683661846496046,3.1994666666666665,0.5229362104714325,2.4446,4.1388,0.055495839822024405,1647.06812,44.158731583930255,1542.2391,1729.4459,-3.878044983314831
motor-0033,failure,80,109,FAILURE,66.52192,2.5306730923346588,60.8454,70.589,0.11824342602891864,3.4933466666666675,0.3408191903178119,2.8232,4.1388,0.019563426028920975,1607.83335,45.93657324701638,1517.7103,1684.93,-4.388947964404948
motor-0033,failure,90,119,FAILURE,67.78274333333333,1.7692412893070548,63.7343,70.7377,-0.009421112347053168,3.855293333333334,0.42116069295328223,3.1458,4.8148,0.028351546162402576,1577.8801633333335,32.148232481662035,1517.7103,1660.1366,-2.032166295884365
motor-0033,failure,100,129,FAILURE,68.40337666666666,2.05977281573856,63.7343,72.5692,0.17166360400444772,4.061649999999999,0.43655447598209324,3.3585,4.8148,0.03874894327030022,1547.2756633333331,34.362667751310994,1459.9491,1593.3705,-2.78722685205787
motor-0033,failure,110,139,FAILURE,68.91419666666665,2.331306134835626,65.0507,73.5189,0.03655922135706262,4.349916666666667,0.24332119250534315,3.7554,4.8148,0.00799441601779744,1534.8802066666665,30.771478691670882,1459.9491,1588.2328,-1.7809811345939925
motor-0033,failure,120,149,FAILURE,71.51577333333334,4.019219219776676,65.577,79.2388,0.3075537708565062,4.70662,0.5108718445951,4.079,5.8238,0.04831617352614007,1524.3463266666668,25.06812488777907,1459.9491,1570.8343,0.7577895884315915
motor-0034,failure,0,29,NORMAL,54.365136666666665,1.169879854082841,52.2826,56.9268,-0.06624527252502888,1.4984533333333336,0.1220884043997991,1.3016,1.7445,0.0010020467185761894,1814.5460099999996,18.470842526196975,1769.3608,1847.0563,0.41688771968852445
motor-0034,failure,10,39,DEGRADATION,54.65909333333333,1.3611280091486206,52.2826,57.0511,0.05035697441601676,1.5810966666666664,0.16905651615822312,1.3092,2.0288,0.007856840934371471,1811.2471833333332,20.528437349541626,1769.3608,1847.0563,-0.28833670745277007
motor-0034,failure,20,49,DEGRADATION,55.074020000000004,1.341164081535141,52.2826,57.0511,0.12107399332591597,1.6309566666666664,0.18394678339732448,1.3423,2.0288,0.010838153503893205,1798.3725933333337,30.21154128268348,1744.2947,1847.0563,-2.9296616685206196
motor-0034,failure,30,59,DEGRADATION,55.852809999999984,0.5782453287604952,54.8503,57.0511,0.009165050055615978,1.8239400000000001,0.24320188129754805,1.3821,2.3118,0.018985317018909886,1786.6069499999999,24.07146978454991,1744.2947,1839.008,-0.8914725917686781
motor-0034,failure,40,69,DEGRADATION,56.96509333333334,1.9517153771205704,54.8503,62.1227,0.1722857842046695,2.0258933333333333,0.2989155119576247,1.3987,2.5373,0.028039599555061134,1769.8005533333335,24.749540420685687,1721.2298,1806.5037,-0.6697599110122913
motor-0034,failure,50,79,DEGRADATION,57.852513333333334,1.883428087775645,54.8503,62.1227,0.15092347052280183,2.141723333333333,0.19242777464689328,1.7342,2.5373,0.0013766184649610005,1757.8000733333333,29.51422618409562,1715.7716,1806.5037,-2.6498133481646926
motor-0034,failure,60,89,DEGRADATION,59.42178666666667,1.5786671453546572,56.4448,62.3408,0.09560627363737408,2.236566666666667,0.20290839202841157,1.8644,2.5373,0.003724894327030013,1742.4015966666668,17.22676343065219,1715.7716,1783.9718,-0.5350078086763618
motor-0034,failure,70,99,FAILURE,60.072783333333334,2.085120300299775,56.6376,65.2583,0.09812126807563873,2.3297133333333333,0.3017664259360577,1.8644,2.9791,0.029535884315906518,1726.1377399999997,20.86710385622307,1665.0644,1762.6399,-1.089956440489473
motor-0034,failure,80,109,FAILURE,59.615840000000006,2.593812098514463,53.7805,65.2583,-0.1588629588431597,2.535303333333333,0.3180468450646155,1.9482,3.3222,0.02238618464961065,1716.8060466666668,26.546727806237982,1662.837,1762.6399,-1.8233106117909335
motor-0034,failure,90,119,FAILURE,59.56223333333334,2.7175479407403693,53.7805,65.2583,-0.04232912124582937,2.84042,0.4061063172782878,2.2171,3.4107,0.03576565072302554,1695.4014633333334,22.305142652155105,1662.837,1739.7988,-1.0985411123470648
motor-0034,failure,100,129,FAILURE,60.20122333333333,2.9728230975155956,53.7805,65.6303,0.28817212458286956,3.077059999999999,0.39527547912816446,2.2171,3.5009,0.03431154616240261,1682.1834766666664,26.473567472086593,1636.3515,1739.7988,-1.7292572858732436
motor-0034,failure,110,139,FAILURE,62.148693333333334,2.0796386729322847,56.7817,65.6303,0.14703248053392562,3.2390666666666665,0.215538648248728,2.6874,3.5009,-0.005147052280311592,1660.3480333333334,27.848891538339934,1598.2447,1733.3073,-2.2205143047831415
motor-0034,failure,120,149,FAILURE,64.02960333333333,1.8818225870120928,59.7962,67.24,0.13819312569521516,3.34377,0.28413580456065957,2.6874,3.9441,0.013937864293659563,1656.3169366666664,27.150672530485405,1598.2447,1733.3073,-0.06871850945498316
motor-0034,failure,130,159,FAILURE,65.42202,1.9327214631877672,61.6273,68.7193,0.18663706340378072,3.402873333333333,0.26012587969844303,2.7757,3.9441,0.01397201334816455,1644.5113666666666,25.36829911418754,1598.2447,1690.5057,-0.3798020912125106
motor-0034,failure,140,169,FAILURE,65.99166333333334,1.7053481985571806,60.7909,68.7193,-0.046114860956620166,3.7391666666666667,0.39966860132976284,3.2702,4.6786,0.032117864293659495,1636.4826533333332,29.493025299718276,1585.0302,1690.5057,-2.481540689655197
motor-0034,failure,150,179,FAILURE,66.72282333333334,1.9445344415709267,60.7909,69.1765,0.04621546162402497,4.065743333333334,0.5214443400679395,3.2702,4.8206,0.05288567296996658,1615.1463266666667,19.47350265300575,1577.2416,1659.5907,-1.3069066518353905
motor-0034,failure,160,189,FAILURE,67.71646000000001,2.6886748268245455,60.7909,72.8263,0.23844694104560554,4.410500000000001,0.3266639618935643,3.5261,4.8206,0.021098731924360292,1588.4199666666666,33.76809065891775,1516.4947,1643.7974,-2.8340204226919044
motor-0034,failure,170,199,FAILURE,69.28351999999998,1.6475906197434682,66.157,73.5959,0.06426700778642869,4.53162,0.17421190047372387,4.1638,4.8206,-0.001768320355951219,1568.4209666666663,31.386258584231125,1516.4947,1621.4966,-2.308314171301486
motor-0034,failure,180,209,FAILURE,70.98904666666665,2.4503202036650005,66.157,77.0572,0.15986629588431417,4.63844,0.25472016226963007,4.2858,5.2207,0.017824427141267953,1551.447613333333,24.516144575302945,1507.381,1623.0341,-0.17294723025589126
motor-0034,failure,190,219,FAILURE,71.28332999999999,2.75965721798318,66.157,77.0572,0.07837870967741785,4.74172,0.2611370143558103,4.2858,5.2207,0.013130945494994366,1535.0545800000002,34.39540989434881,1461.5257,1623.0341,-2.735172235817637
motor-0035,degrading,0,29,NORMAL,55.62116666666667,1.6893832155224253,52.6432,58.4382,-0.12418767519466213,1.4279200000000003,0.08560833837892194,1.2312,1.5948,0.002316129032258048,1811.4811633333334,16.50529396097878,1773.0027,1836.578,-0.4308018020022717
motor-0035,degrading,10,39,NORMAL,55.601696666666676,1.6953413908872617,52.6432,58.4643,-0.013082291434928629,1.4921133333333334,0.1216396309687851,1.295,1.7742,0.011003604004449365,1813.1916566666669,18.819759937783182,1773.0027,1839.7273,1.4616764182424546
motor-0035,degrading,20,49,NORMAL,55.00575,1.3586037564965976,52.6432,58.4643,0.06352562847608363,1.4985533333333334,0.11714928007556097,1.2344,1.7742,-0.002554260289210247,1811.2270966666667,19.816564857352446,1778.0228,1839.7273,-0.9648062958843502
motor-0035,degrading,30,59,DEGRADATION,55.135266666666666,1.2657550685482384,53.2344,58.4643,-0.08952035595105869,1.5178066666666665,0.14219605464131402,1.2268,1.7742,-0.00314469410456069,1813.6082366666665,20.279230308791046,1778.0228,1839.7273,-0.28290952169081934
motor-0035,degrading,40,69,DEGRADATION,54.920390000000005,0.8785258768148683,53.2344,56.7408,0.04704260289210066,1.5421366666666665,0.166948112664451,1.2268,1.8036,0.01290538375973303,1806.6039933333336,17.79320970235432,1778.0228,1836.4009,0.8673015795327718
motor-0035,degrading,50,79,DEGRADATION,55.48191666666667,1.3130521012976684,53.2344,58.2543,0.10824020022246837,1.6751433333333337,0.18907589073056236,1.2268,2.0256,0.015459822024471614,1802.88143,22.44054182288758,1752.1222,1836.4009,-1.8510661846496599
motor-0035,degrading,60,89,DEGRADATION,56.20625,1.1710310610027956,54.1798,58.8664,0.030475839822022927,1.8238966666666665,0.21493969151575723,1.4322,2.4825,0.016112591768631793,1797.8250366666664,20.30533291629702,1752.1222,1832.7762,-0.1314519466073854
motor-0035,degrading,70,99,DEGRADATION,57.25887666666666,1.7052575560470487,54.1798,60.7621,0.10545350389321298,2.0087699999999997,0.28810220657491215,1.4322,2.6305,0.020959710789766377,1784.4079199999994,22.87427300582322,1731.6648,1827.543,-0.5575338820912612
motor-0035,degrading,80,109,DEGRADATION,57.138079999999995,1.6905553082542624,54.1798,60.7621,0.003000133481645272,2.0105200000000005,0.28032982288725544,1.6208,2.6305,-0.007843648498331537,1779.7147633333332,26.0313627661773,1731.6648,1827.543,-1.739990011123531
motor-0035,degrading,90,119,DEGRADATION,57.798046666666664,1.6797246513904855,54.9808,60.7621,-0.026485250278088755,2.051663333333333,0.2517786825545183,1.6208,2.6305,-0.010063959955506165,1772.21715,18.381266719548115,1731.6648,1800.4837,0.6744377085650486
motor-0035,degrading,100,129,DEGRADATION,58.50239333333334,2.3425466479785535,54.9808,62.5523,0.22469130144605054,2.0287766666666665,0.2041747040866936,1.6208,2.5131,0.014476818687430431,1769.683926666667,19.329384530535094,1723.6027,1800.4837,-0.2393763737486494
motor-0035,degrading,110,139,DEGRADATION,59.08787666666667,2.051147641798502,55.1386,62.5523,-0.011174393770857048,2.051493333333333,0.20626662831286002,1.4567,2.5131,-0.010685561735261494,1761.1560399999996,23.888747629188643,1709.623,1800.4837,-1.9720990878754354
motor-0035,degrading,120,149,DEGRADATION,59.725433333333335,1.7685098820444538,55.4988,62.5523,-0.05054438264738753,2.1572566666666666,0.26999022659265937,1.4567,2.6097,0.007936707452725227,1756.4141000000002,20.53543293229208,1709.623,1789.5048,0.2605714794215437
motor-0035,degrading,130,159,DEGRADATION,59.003209999999996,1.6497656769674898,55.4988,61.4322,0.01592180200222345,2.1246300000000002,0.2642795970810712,1.4567,2.6097,0.007916062291434893,1742.46219,24.616309871483566,1704.1493,1789.5048,-0.8918782424917066
motor-0035,degrading,140,169,DEGRADATION,59.02613999999999,1.5101735438021686,56.1271,61.4322,-0.09096493882091394,2.1895933333333333,0.18005265328663045,1.9337,2.6097,-0.014793859844271446,1743.3175999999999,26.174281907067986,1704.0825,1789.5048,-1.2078484983315243
motor-0035,degrading,150,179,DEGRADATION,59.87762,2.352475545377678,56.1271,63.7027,0.16318914349276933,2.164843333333333,0.1610835697877209,1.9337,2.6268,0.010211056729699608,1737.4400266666664,20.705351519159386,1704.0825,1776.4765,1.5473030923247855
motor-0035,degrading,160,189,DEGRADATION,60.50103666666667,2.1450239348289077,56.6178,63.7027,0.11921995550611698,2.2457533333333335,0.16990871026001642,1.968,2.6268,0.01104805339265845,1741.4571700000004,17.617426175658192,1704.0825,1776.4765,-0.37284958843164345
motor-0035,degrading,170,199,DEGRADATION,60.72853,1.946775909232151,55.955,63.7027,-0.19550075639599696,2.35214,0.140370283179881,2.0181,2.6268,0.0030723915461623565,1746.5229633333333,15.486332516695327,1717.2396,1777.6595,0.2311811123470051
motor-0035,degrading,180,209,DEGRADATION,60.29002333333334,1.6210036879833298,55.955,62.9694,0.019322602892100228,2.35368,0.13266081410876387,2.0181,2.6114,0.0018775083426028438,1733.4568833333335,25.735638259789123,1672.8259,1777.6595,-1.0972898998887917
motor-0035,degrading,190,219,DEGRADATION,60.426939999999995,1.6318913351486777,55.955,62.9694,0.10394638487207784,2.33666,0.12013867154251373,2.1506,2.6114,-0.005327652947719767,1723.2641466666666,31.358946527540663,1672.8259,1777.6595,-2.6566351501668946
motor-0035,degrading,200,229,DEGRADATION,61.307693333333326,0.9059224326373394,59.9721,63.2146,0.0037777975528355007,2.4195800000000003,0.195038622499921,2.1506,2.7892,0.014050011123470482,1715.42407,24.927082694212327,1672.8259,1757.3931,0.6409262068965078
motor-0036,failure,0,29,DEGRADATION,55.10718666666666,0.9456447369328967,52.8141,57.4552,0.0005588876529467198,1.59473,0.24961829146385353,1.1214,2.0562,-0.009533281423804269,1814.328656666667,21.260745500157228,1771.7382,1844.9503,-1.1979728364850268
motor-0036,failure,10,39,DEGRADATION,56.24390333333333,2.0547107644764884,52.8141,60.5427,0.1813836929922119,1.77824,0.4265014307127234,1.1214,2.477,0.03319946607341485,1799.8221099999998,28.791273351305026,1734.7898,1842.4287,-1.4372045161290659
motor-0036,failure,20,49,DEGRADATION,57.80253333333333,2.353539651720833,52.8141,60.7115,0.23829045606228982,2.0110633333333334,0.4034205824226402,1.1811,2.477,0.0346822024471635,1771.0308033333333,42.37579126556799,1705.9635,1842.4287,-3.3894718353726576
motor-0036,failure,30,59,DEGRADATION,59.70694666666666,1.1396746613934274,56.8663,61.3399,0.09583590656284706,2.3102933333333335,0.1455989032315224,2.0355,2.7532,0.0061374416017797116,1752.4107733333333,36.31740931375229,1705.9635,1839.5764,-2.3199127030033835
motor-0036,failure,40,69,FAILURE,61.08795,1.6398866425762484,58.4396,65.8057,0.14872829810900814,2.49661,0.3088420776060153,2.1124,3.2905,0.03217826473859839,1726.41113,24.435442066339483,1665.5605,1762.1059,-0.707072324805359
motor-0036,failure,50,79,FAILURE,62.08483,1.682123610628343,59.7182,65.8057,0.11725875417130042,2.762666666666666,0.3215134090861876,2.1905,3.2905,0.03284387096774184,1719.227486666667,26.54989589188293,1665.5605,1762.1059,-1.950499532814287
motor-0036,failure,60,89,FAILURE,63.26109666666667,1.6222885825243574,59.7182,65.8057,0.08406449388209017,3.1000699999999997,0.37875311497068903,2.4447,3.8762,0.03230805339265849,1694.7470133333334,25.098975031392975,1646.8855,1753.3663,-1.616732324805392
motor-0036,failure,70,99,FAILURE,64.65105666666668,2.444321455085007,59.7182,72.1433,0.18304175750834198,3.3543900000000004,0.39086868754096943,2.4447,3.9927,0.030283181312569504,1674.6659933333335,31.229158484157427,1593.5351,1730.5797,-2.6241715239155092
motor-0036,failure,80,109,FAILURE,65.10328666666666,2.051623483769757,61.4962,72.1433,-0.014406763070079551,3.541200000000001,0.34649114659204017,2.4447,4.1081,0.01486384872080076,1641.975256666667,37.80799195660165,1557.0304,1701.456,-3.394762424916593
motor-0036,failure,90,119,FAILURE,65.98713333333333,2.443848149583402,62.9006,72.1433,0.011222647385982838,3.743386666666667,0.33065713333031577,3.1355,4.4463,0.020954393770856405,1610.8348333333336,39.29532784652932,1547.6852,1692.2543,-3.713118309232545
motor-0036,failure,100,129,FAILURE,67.48775333333334,3.5849445843911667,62.9006,74.8473,0.3470477864293653,3.947823333333334,0.37413195237628244,3.1355,4.5266,0.03312505005561729,1589.1964099999998,23.176757526228002,1547.6852,1657.2938,-1.141539911012249
motor-0036,failure,110,139,FAILURE,69.30190333333333,2.6396604208980277,63.2597,74.8473,0.13361265850945278,4.275810000000001,0.33862602907435607,3.5747,4.8756,0.027150856507230224,1566.108203333333,28.743044609893406,1499.3066,1611.942,-2.133636907675216
motor-0036,failure,120,149,FAILURE,72.13862,2.7301660100196607,68.0709,77.1709,0.16734304783092266,4.574776666666667,0.3634504273243082,3.7346,5.1723,0.03476309232480531,1547.5748100000003,34.51783876370158,1483.9496,1611.942,-2.9320153281424313
motor-0037,failure,0,29,DEGRADATION,57.75892,1.5323508578651306,54.062,60.8162,0.05035568409343575,1.5327733333333335,0.1319422447723077,1.3793,1.9295,0.00609161290322576,1787.8679466666663,22.24445167261165,1753.0315,1834.8236,-1.8444353281424273
motor-0037,failure,10,39,DEGRADATION,58.49948666666668,1.4223784544987397,55.4481,60.8604,0.11099902113459328,1.7851033333333333,0.40036659657813056,1.3793,2.5451,0.03925835372636262,1775.2583800000002,18.416966000536917,1714.4472,1813.1249,-0.46126407119022655
motor-0037,failure,20,49,DEGRADATION,58.99500333333334,1.2134544651485235,55.4481,60.8604,0.06290124582869731,2.06972,0.39960307422908214,1.3969,2.5451,0.03881713014460506,1751.9981833333334,36.48938552803252,1679.8686,1813.1249,-3.2061584649611397
motor-0037,failure,30,59,DEGRADATION,60.137190000000004,1.4717358040422879,58.4468,64.7283,0.09311695216907481,2.3981066666666666,0.26441832000743737,1.6705,3.203,0.018333971078976562,1728.8764166666665,39.07296472537914,1679.8686,1813.1249,-3.503456262513941
motor-0037,failure,40,69,FAILURE,62.43588666666666,3.5010957135096374,58.4468,69.5082,0.3602451612903212,2.634173333333334,0.326035925355201,2.2238,3.36,0.0315545272525027,1710.1690366666667,21.62647285372696,1675.6885,1755.1826,0.17545021134591493
motor-0037,failure,50,79,FAILURE,63.761586666666666,2.679402919648747,58.8163,69.5082,0.08217050055617123,2.9330833333333333,0.36846474465755275,2.2238,3.5676,0.035434816462736336,1699.1880700000002,27.854494974721156,1642.8141,1755.1826,-1.1873319466074004
motor-0037,failure,60,89,FAILURE,64.57829333333333,2.53401678749153,60.6518,69.5082,-0.10363982202447267,3.2123733333333337,0.27732013862842503,2.6573,3.7795,0.023514660734148995,1687.9855533333332,32.015383396004424,1637.3803,1755.1826,-2.582935127919961
motor-0037,failure,70,99,FAILURE,65.76536,3.7230404350566313,60.6518,72.9334,0.3482516129032246,3.5500499999999997,0.39815315625187925,2.9337,4.4175,0.03376874304783086,1659.64491,33.8617832657934,1579.4661,1715.8159,-2.3316968409344017
motor-0037,failure,80,109,FAILURE,67.19686333333333,3.3436039404095435,60.6518,72.9334,0.15841221357063248,3.753346666666666,0.3707464989570217,3.1165,4.4583,0.022550656284760807,1633.0271866666665,42.53676280335817,1546.4766,1710.5078,-4.104618197997808
motor-0037,failure,90,119,FAILURE,68.32351,2.4599220157490085,62.7721,72.9334,-0.12621839822024677,4.102633333333333,0.37201361743295847,3.4853,4.8531,0.022387319243603876,1602.6979233333334,38.02649100291958,1544.4671,1700.0378,-3.380958020022308
motor-0037,failure,100,129,FAILURE,68.40038000000001,2.5839003161112846,62.7721,72.5603,0.15739030033370274,4.2265933333333345,0.34543648227841955,3.4853,4.8531,0.02558429365962172,1566.3407633333336,37.39192234089679,1499.4036,1625.4448,-3.54662173526145
motor-0037,failure,110,139,FAILURE,69.52062333333333,2.6114092306241257,62.7721,73.3908,0.1994701890989975,4.5102166666666665,0.21899121608462338,4.0708,4.9588,0.013638109010011062,1543.8216266666666,32.243320978583384,1475.6558,1618.0981,-2.3301366852058103
motor-0037,failure,120,149,FAILURE,72.13040666666667,3.0634783750864334,67.6212,79.8918,0.2589599999999987,4.73341,0.36686364437848923,4.0708,5.6023,0.03743744160177961,1520.4573300000002,24.800447338279337,1454.9735,1557.4813,-0.9052181757508632
motor-0038,failure,0,29,DEGRADATION,54.99736333333333,1.260190525141162,52.6472,56.7765,-0.04602907675194751,1.6059166666666669,0.21238043708297516,1.2441,2.0971,0.0038837597330366883,1801.5695966666667,16.50395073143568,1767.3879,1822.8152,-0.6639888097887111
motor-0038,failure,10,39,DEGRADATION,55.77191666666668,1.841738365436911,52.6472,59.1143,0.10032020022246842,1.8424266666666667,0.4196413579342352,1.2441,2.5976,0.039596885428253584,1787.6634999999999,19.903789070141077,1751.083,1819.8073,-1.009557641824322
motor-0038,failure,20,49,DEGRADATION,56.43005666666667,1.9698900024592467,52.6472,59.1143,0.17393581757508197,2.0925866666666666,0.3520274844699235,1.3517,2.5976,0.030335261401557265,1773.3230733333332,28.336839316185024,1724.097,1819.8073,-3.0095506562848087
motor-0038,failure,30,59,DEGRADATION,58.082840000000004,1.0248833402230055,56.0474,59.99,0.07311808676306858,2.3685600000000004,0.19842006719751576,1.9093,2.7698,0.012193637374860905,1758.7947366666665,18.08723785524816,1724.097,1797.3445,-0.6380167074527713
motor-0038,failure,40,69,FAILURE,59.46764666666666,1.8921628512953699,56.7693,63.2169,0.19876827586206722,2.5012266666666667,0.26818615292781656,1.9856,3.0603,0.020491879866518296,1735.0445666666665,36.69137749766589,1643.364,1781.5887,-2.3841992436040647
motor-0038,failure,50,79,FAILURE,60.528153333333336,1.455723566188154,57.6632,63.2169,0.07522634037819691,2.6150366666666667,0.19785584227467792,2.3228,3.0603,0.003318420467185683,1708.3009766666664,48.546198311784636,1637.073,1781.5887,-4.815388542825388
motor-0038,failure,60,89,FAILURE,61.434353333333334,1.2702038134969613,58.6418,63.6402,-0.003372591768632984,2.8971500000000003,0.427349255878608,2.3228,4.0421,0.030833615127919854,1682.1729299999997,34.220354612950736,1625.6788,1760.7764,-1.3322185761958232
motor-0038,failure,70,99,FAILURE,62.27762333333333,1.9536093532541816,58.6418,65.953,0.1685966852057829,3.2422433333333336,0.5495609421367408,2.4385,4.0421,0.053487052280311385,1643.4065300000002,48.741432165015084,1534.2767,1719.6697,-3.7632962625139443
motor-0038,failure,80,109,FAILURE,64.09724333333334,2.2845040810765824,58.6418,68.1648,0.22541461624026612,3.4507199999999996,0.44227623751075146,2.5794,4.0893,0.00013610678531700643,1616.5431800000001,53.26467256761213,1534.2767,1719.6697,-4.516521824249202
motor-0038,failure,90,119,FAILURE,65.35370666666667,2.1817307132845003,59.6641,70.0227,0.029390656284759942,3.7339733333333327,0.5228044739245787,2.5794,4.4112,0.02398682981090089,1585.1948133333333,24.065832658324727,1534.2767,1632.6364,-0.13607839822027704
motor-0038,failure,100,129,FAILURE,66.38949333333333,2.513354437524128,59.6641,70.4745,0.05879626251390375,3.9235166666666665,0.5918366272789214,2.5794,4.6782,0.054139733036707396,1570.481033333333,31.070499214617634,1518.9308,1625.3463,-2.1475868298109533
motor-0038,failure,110,139,FAILURE,67.61316666666667,2.9142010058028296,59.6641,71.6186,0.1908084093437138,4.3884099999999995,0.3160294610211734,3.9025,5.236,0.018479888765294723,1556.03673,32.52424944997347,1494.8375,1625.3463,-2.2889637597330634
motor-0038,failure,120,149,FAILURE,69.40914000000001,2.0806660750186063,63.5716,72.097,0.1846047163514998,4.471083333333334,0.29755543582480376,3.9959,5.236,0.00382013348164616,1534.1879433333336,30.147714649933082,1476.6351,1598.1059,-1.170970611790936
motor-0038,failure,130,159,FAILURE,71.28616666666667,1.7408693656395415,68.3679,74.7334,0.16451145717463705,4.663473333333333,0.3297259740383756,4.0003,5.236,0.012268787541712949,1514.7198599999997,36.43540574977952,1446.9736,1598.1059,-2.8228428921023614
motor-0039,failure,0,29,DEGRADATION,54.336913333333335,0.9717223371359165,52.1105,55.7846,-0.0620717686318145,1.6134899999999996,0.13062759369035828,1.3904,1.8207,-0.0003719911012236109,1788.0045900000002,14.433766626799128,1762.4998,1818.621,-0.38599303670749024
motor-0039,failure,10,39,DEGRADATION,54.96823,1.6026377519888884,52.1105,58.8092,0.09824816462736337,1.735363333333333,0.20662015468540867,1.3904,2.1228,0.014737775305895422,1783.3189,16.874806168743582,1746.6222,1824.7618,-0.17621761957734966
motor-0039,failure,20,49,DEGRADATION,55.79333,1.8891178865897515,52.1105,59.2452,0.1532433147942145,1.83029,0.2396163466182277,1.3904,2.2139,0.019992591768631787,1760.6864866666667,40.92434796770527,1677.1161,1824.7618,-4.1165050055617565
motor-0039,failure,30,59,DEGRADATION,57.45308666666668,1.3402548814145594,55.4558,60.5706,0.0899915906562827,2.07441,0.2137038595034415,1.7849,2.641,0.01578329254727468,1732.6736766666668,38.97883359155909,1677.1161,1824.7618,-3.7325230478309326
motor-0039,failure,40,69,DEGRADATION,58.77873999999999,1.832317550826457,55.5835,61.6802,0.1697913681868732,2.303933333333333,0.315836891800534,1.788,2.7712,0.031328186874304755,1707.792506666667,19.379448009956896,1674.8046,1736.822,-0.7229639154616486
motor-0039,failure,50,79,FAILURE,60.06435333333333,1.5339320512402828,56.5828,63.582,0.11556160177975461,2.4601500000000005,0.33886976234732624,1.7647,3.2229,0.004722246941045533,1690.5771300000006,29.926142874830486,1620.9656,1735.7915,-2.4927010678532096
motor-0039,failure,60,89,FAILURE,61.49757,1.5154220851300806,58.8645,64.208,0.08594137931034332,2.6463200000000007,0.38584976212683275,1.7647,3.3597,0.007959777530589499,1676.1597166666668,32.240845654977115,1620.9656,1732.0486,-2.287856440489503
motor-0039,failure,70,99,FAILURE,62.99098333333332,2.2154865534961434,58.8645,67.1777,0.16673181312569416,2.9449599999999996,0.5949233192045285,1.7647,4.0418,0.05114803114571742,1654.7042699999997,28.669051019861715,1590.7147,1708.5314,-1.2615881868743508
motor-0039,failure,80,109,FAILURE,63.58388,1.783042526208129,60.1907,67.1777,-0.024949588431593173,3.2174899999999997,0.4126185973753485,2.1613,4.0418,0.023191657397107823,1640.2980599999999,32.02359235202073,1590.7147,1708.5314,-2.7318850723026085
motor-0039,failure,90,119,FAILURE,63.79724333333333,2.0594204253759245,60.6822,68.5176,-0.06765105672970084,3.526576666666666,0.3762252177294281,2.8197,4.3775,0.014749699666295815,1626.0192533333336,23.505826866286206,1590.7147,1691.548,-1.2685802447163759
motor-0039,failure,100,129,FAILURE,64.90168666666666,3.2961622673176882,60.6822,71.2498,0.2584384427141254,3.659816666666666,0.410785141798267,2.8197,4.3775,0.0328147942157953,1613.7611600000002,17.440927819291417,1575.3001,1646.395,-0.6884632703003637
motor-0039,failure,110,139,FAILURE,66.11869,3.0915250188593535,60.8932,71.2498,0.1569148164627349,3.910163333333334,0.291880424698578,3.2087,4.3887,0.015673748609566076,1607.741913333333,32.94539405297533,1527.9982,1674.3994,-0.7414375083426409
motor-0039,failure,120,149,FAILURE,68.63625333333334,2.7510565978345274,63.0204,73.4552,0.11835261401557132,4.12769,0.30168828543161347,3.73,4.8429,0.024202691879866452,1577.9792166666666,59.683830217846456,1444.527,1674.3994,-3.6728391768631963
motor-0039,failure,130,159,FAILURE,70.38726,3.5554792387337417,63.0204,76.5082,0.3372664293659605,4.49056,0.5266223369107441,3.802,5.5088,0.04583261401557273,1545.0015799999999,65.18313598924392,1444.527,1674.3994,-4.12701174638492
motor-0039,failure,140,169,FAILURE,72.30392333333334,1.8903208351464817,68.8613,76.5082,0.02776464961067744,4.700913333333332,0.41382302798284304,3.9916,5.5088,0.007906028921023362,1518.82986,48.68426700657752,1444.527,1639.5496,-0.9884537041156972
motor-0040,degrading,0,29,NORMAL,56.35629666666667,1.472286076024478,54.0349,58.8917,0.029829165739709344,1.6329733333333336,0.12440168255382329,1.4723,1.9953,-0.0020781312569522043,1805.2601900000004,18.438242944441132,1776.909,1853.2208,-0.04419721913240781
motor-0040,degrading,10,39,NORMAL,57.006763333333325,1.4544731684206331,54.0349,59.1667,0.05837394883203448,1.7181133333333334,0.18582180484419897,1.4723,2.0776,0.010840934371523855,1812.6676333333337,22.513637876900795,1776.909,1853.2208,1.8442197552836048
motor-0040,degrading,20,49,DEGRADATION,57.02989,1.5315392205991112,54.0349,59.1667,0.06131330367074341,1.6799066666666673,0.19268068910909458,1.4114,2.0776,-0.002580244716351538,1808.0871366666663,26.549631547443163,1767.1596,1853.2208,-0.9221188654060486
motor-0040,degrading,30,59,DEGRADATION,56.86513999999999,1.5072428816882832,53.3787,59.1667,-0.10149303670745362,1.7053666666666663,0.1955266500733056,1.4114,2.0776,-0.009269098998887683,1800.032276666667,27.56403244307918,1752.4824,1852.2813,-2.0671725250278334
motor-0040,degrading,40,69,DEGRADATION,57.22756000000001,1.7911203413134102,53.3787,59.4461,0.08492333704115579,1.6804533333333334,0.17072672458900187,1.4114,2.1122,0.013067942157953243,1793.46118,19.29012650152748,1752.4824,1826.9608,1.5123471857618958
motor-0040,degrading,50,79,DEGRADATION,57.12902666666667,1.6790005669908377,53.3787,59.4461,0.07801076751946509,1.7300733333333331,0.16151544597619416,1.4336,2.1122,0.0008810678531701463,1784.3144033333333,29.468099117118523,1727.467,1826.9608,-1.322244872080142
motor-0040,degrading,60,89,DEGRADATION,57.259023333333325,1.5098657546690104,54.2626,59.4461,-0.12625443826474017,1.8646700000000003,0.23350800435959365,1.4336,2.4427,0.012100533926585031,1784.2210733333334,28.038723278482006,1727.467,1826.9608,-1.4853345939933595
motor-0040,degrading,70,99,DEGRADATION,57.011206666666666,1.2521519465659459,54.2626,59.2934,0.07331786429365886,1.9243500000000002,0.23854203927190695,1.4336,2.4427,0.014438687430478289,1774.967626666667,20.369489589415068,1727.467,1801.1023,1.283575973303629
motor-0040,degrading,80,109,DEGRADATION,57.502493333333334,1.4283651316413768,54.2626,59.3884,0.12803844271412626,1.9940633333333333,0.18811935304186247,1.7492,2.4427,-0.008138309232480594,1779.9085999999998,11.874150381620272,1755.307,1801.1023,-0.43831216907678694
motor-0040,degrading,90,119,DEGRADATION,58.71579666666666,0.9768845982623645,56.8508,61.428,0.06400763070077717,2.1041766666666666,0.26277495401113776,1.7492,2.5612,0.01599045606229141,1769.4685566666667,19.324526623071232,1723.8551,1801.1023,-1.53216571746392
motor-0040,degrading,100,129,DEGRADATION,59.50374999999999,1.3191105717490101,56.8508,62.337,0.10131156840934273,2.3165,0.34239647389150096,1.7492,2.9448,0.03140654060066736,1750.12477,25.731888528181674,1696.6743,1791.8652,-2.1768875862069472
motor-0040,degrading,110,139,DEGRADATION,60.01273666666666,1.0618394993228604,58.3305,62.337,0.017362513904335283,2.501133333333333,0.16432963687526225,2.1456,2.9448,0.0014812458286984746,1736.2718266666666,22.7108871807471,1696.6743,1791.8652,-1.378818642936619
motor-0040,degrading,120,149,DEGRADATION,60.19699,0.9145522231671633,58.7298,62.337,-0.02648006674082446,2.522813333333333,0.1508805371440892,2.2628,2.9448,-0.00972760845383771,1738.3590033333337,24.888983931296252,1696.6743,1789.5138,1.3590618687430234
motor-0040,degrading,130,159,DEGRADATION,59.80408333333334,0.9435944973286398,57.8751,61.5402,-0.024611234705230054,2.5082333333333335,0.15584066506816793,2.2628,2.8601,0.004570901001112311,1741.4469166666668,23.142105091313308,1709.8543,1789.5138,0.41526605116791127
motor-0040,degrading,140,169,DEGRADATION,59.27397333333333,1.210407983266615,56.4082,61.4083,-0.08281352614015608,2.518813333333334,0.1924649712429655,2.1737,2.8683,0.0022048498331479014,1736.4440366666665,26.440142468432146,1696.657,1789.5138,-2.1514113681869307
motor-0040,degrading,150,179,DEGRADATION,59.98665666666667,1.915021136294728,56.4082,63.4032,0.11921492769744164,2.679983333333334,0.2690365812590465,2.1737,3.0833,0.018555706340378175,1721.8790699999997,22.06859316020772,1684.6629,1776.5426,-1.5541023136818963
motor-0040,degrading,160,189,DEGRADATION,60.56501,1.9192587696556183,56.4082,63.4032,0.1469530812013329,2.738576666666666,0.25809635756610144,2.1737,3.0833,0.014885984427141211,1713.2240166666666,15.26462837624036,1684.6629,1748.7361,-0.45004518353730466
motor-0041,failure,0,29,DEGRADATION,55.28513666666667,1.017121363615091,53.2543,57.0642,-0.07022743047830945,1.5401133333333334,0.2392228301999808,1.0959,2.0986,-0.014097797552836492,1796.7519433333332,15.114008843358612,1764.8221,1828.3166,-0.6745269632925922
motor-0041,failure,10,39,DEGRADATION,56.66968999999999,2.878567878575502,53.2543,62.4909,0.23853252502780709,1.6415,0.35765011021015125,1.0959,2.3752,0.031453971078976614,1789.26972,16.467649208440967,1749.9523,1817.6606,-0.23755630700782512
motor-0041,failure,20,49,DEGRADATION,58.27383333333333,3.02324402249563,53.2543,62.4909,0.27366451612903075,1.8566966666666664,0.32971195052988633,1.2093,2.3752,0.028984894327029997,1769.641,37.39186649069553,1695.5782,1817.6606,-3.751415350389318
motor-0041,failure,30,59,DEGRADATION,60.106239999999985,1.3219119430078037,56.0765,62.4909,0.0029758843159046135,2.2324333333333337,0.29381331298783736,1.7724,2.8328,0.025452769744160136,1744.4029466666664,36.83019763439356,1690.7466,1815.8986,-3.1322083203559834
motor-0041,failure,40,69,FAILURE,60.66923333333333,1.3264377503507492,58.3127,63.7676,0.08674371523915271,2.536753333333333,0.4323374174055362,1.8437,3.4006,0.04466629588431588,1715.5223799999999,26.07440843036713,1650.5767,1766.6522,-1.3863251167964947
motor-0041,failure,50,79,FAILURE,61.28614,1.4426005482230115,58.9759,63.9756,0.11005846496106722,2.6676799999999994,0.3596189357268793,1.9003,3.4006,-0.002493526140155799,1695.8025533333334,34.63898665535442,1632.7807,1766.6522,-2.8038096106785724
motor-0041,failure,60,89,FAILURE,62.46544000000001,1.9378612302570417,59.6283,68.4072,0.11530407119020955,2.9951933333333334,0.5413815130037433,1.9003,3.8819,0.029601067853170127,1693.230226666667,33.75062961229941,1632.7807,1748.284,0.30688743047824935
motor-0041,failure,70,99,FAILURE,63.20212666666668,3.0854236870521077,56.083,69.1139,0.08956160177975339,3.209296666666667,0.6167786547772944,1.9003,3.933,0.0587519243604004,1682.155133333333,44.80736315666828,1582.905,1748.284,-0.6755697886540949
motor-0041,failure,80,109,FAILURE,63.405609999999996,3.1817950681284723,56.083,69.1139,-0.030683270300334204,3.677293333333332,0.24952908171638477,3.2136,4.2156,0.017337886540600592,1663.4574133333335,56.764618838414535,1570.088,1748.284,-5.164237819799828
motor-0041,failure,90,119,FAILURE,65.38381666666666,4.008121455502011,56.083,70.9342,0.1996888765294749,3.8016199999999998,0.2588451459850078,3.2583,4.3677,0.0164964627363737,1626.2913999999998,46.33183923075648,1570.088,1742.2903,-3.6040748832035994
motor-0041,failure,100,129,FAILURE,67.44582666666666,3.762481161142944,59.1108,72.597,0.37562798665183544,3.95501,0.22888709785976727,3.524,4.3677,0.012275083426028871,1598.832593333333,22.98004023421098,1555.7524,1650.3579,-1.3529133259177208
motor-0041,failure,110,139,FAILURE,70.84212666666667,1.8164047234272682,68.4195,75.4988,0.14784040044493754,4.30371,0.4653318717861479,3.524,5.1644,0.044557085650722875,1578.0674433333334,29.170778288219445,1513.1031,1650.3579,-2.542014749721948
motor-0041,failure,120,149,FAILURE,72.93617,2.8818354786663307,68.9001,81.2768,0.2684583092324797,4.68876,0.48402040769647997,3.8296,5.4267,0.049327919911012055,1568.0674,26.544354583815615,1513.1031,1615.5143,-0.2583051835373106
motor-0042,healthy,0,29,NORMAL,56.51383333333333,1.0221104077131569,54.8168,58.6212,0.001130278086762456,1.44682,0.09024120788198704,1.2969,1.6092,0.0003566184649610387,1805.3136900000002,23.48041351314396,1759.5626,1853.7407,0.808975951056684
motor-0042,healthy,10,39,NORMAL,56.69134999999999,0.9621172768950785,54.9568,58.6212,-0.014414482758622223,1.4837566666666668,0.11111971827218108,1.2969,1.7028,0.010050433815350368,1813.2388966666665,30.663287998294024,1759.5626,1869.5764,2.7031379977752628
motor-0042,healthy,20,49,NORMAL,56.16366666666667,1.1656847290565129,53.1452,58.5199,-0.021455305895441576,1.4236233333333332,0.20330833018403902,0.9824,1.7028,-0.012621290322580683,1815.4684933333335,28.361739462580385,1765.9663,1869.5764,-1.944378020022296
motor-0042,healthy,30,59,NORMAL,55.56099000000001,1.5787680311664956,52.6881,58.5199,-0.11439512791991162,1.3945466666666666,0.19732728267750738,0.9824,1.7028,-0.01154264738598445,1815.232103333333,27.950817872309013,1765.9663,1869.5764,-1.0485446718576557
motor-0042,healthy,40,69,NORMAL,55.73534666666667,1.6919381522844017,52.6881,58.452,0.06303216907675122,1.3760066666666668,0.1865254172730593,0.9824,1.7008,0.013523070077864262,1808.8350166666667,21.338929219966072,1765.9663,1845.6317,1.229324071190136
motor-0042,healthy,50,79,NORMAL,55.11361000000001,2.1102377201554017,50.7987,58.452,-0.030867964404896395,1.4079599999999999,0.13730219614655356,1.1789,1.7008,-0.0031304115684093877,1811.13204,18.78573650494082,1769.7054,1845.6317,-1.5237435817575453
motor-0042,healthy,60,89,NORMAL,55.17825333333333,2.1055490306542115,50.7987,58.452,-0.13692622914349475,1.4009899999999997,0.1375646353537129,1.1789,1.7008,-0.007112013348164653,1810.7394133333335,17.56361351007119,1769.7054,1836.0381,0.22441899888761316
motor-0042,healthy,70,99,NORMAL,55.02144,1.930716051382665,50.7987,57.7689,0.12162709677419273,1.3675633333333335,0.10402633475337975,1.1789,1.6147,0.0055688765294771864,1804.7039733333334,16.97440590327946,1769.7054,1831.5273,0.468597374860938
motor-0042,healthy,80,109,NORMAL,55.508750000000006,1.300453652064028,52.1984,57.7689,0.05124407119021068,1.43044,0.09653047739790098,1.2362,1.6326,0.006168142380422668,1810.2985666666666,17.585584225918936,1778.6735,1838.2887,-0.3405606229143558
motor-0042,healthy,90,119,NORMAL,56.178556666666665,1.0685107894271457,54.4787,58.0004,-0.009149966629590948,1.4918333333333333,0.09953943048974224,1.3209,1.7068,0.00605619577308115,1808.1481566666666,16.570044948796074,1778.6735,1838.2887,0.8773056507229913
motor-0042,healthy,100,129,NORMAL,56.145403333333334,1.2043086551996907,54.4787,58.7286,0.05989577308120006,1.5085833333333334,0.10050063377356824,1.3199,1.7068,-0.0003590878754171696,1804.7981000000002,19.641258380579053,1766.3141,1838.2887,-0.5531773526140886
motor-0042,healthy,110,139,NORMAL,56.24067333333333,1.1411082685802523,54.5833,58.7286,-0.043410723025585345,1.4540866666666665,0.1273823973536201,1.2448,1.7068,-0.0109486095661847,1806.68067,16.26476850168588,1766.3141,1833.1449,-0.0864956840934865
motor-0042,healthy,120,149,NORMAL,56.17763333333334,1.090191443228614,54.561,58.7286,-0.027582869855396597,1.4217733333333333,0.1278989625533461,1.1817,1.6544,-0.0021550166852058166,1806.0404999999996,16.246379391913752,1766.3141,1833.1449,1.1042855172413695
motor-0042,healthy,130,159,NORMAL,56.282206666666674,1.0067272818174526,54.561,58.0324,0.06467626251390388,1.2953100000000002,0.1911117462812442,0.7737,1.6544,-0.008053459399332611,1807.59678,14.38424474375582,1768.2012,1833.1449,-1.0059241824249507
motor-0042,healthy,140,169,NORMAL,56.33886,0.9374228752631695,54.561,58.0324,-0.014721779755285196,1.2816133333333333,0.19770308669540007,0.7737,1.6544,-0.004561957730812038,1801.6624466666667,13.881360982116362,1768.2012,1830.2696,-0.9074309232480804
motor-0042,healthy,150,179,NORMAL,56.47894666666666,1.00517143305121,54.3288,58.0324,-0.010718264738600845,1.2978800000000001,0.20903943870316274,0.7737,1.7409,0.018945761957730792,1800.5595133333336,15.336225261620134,1768.2012,1844.7238,0.45157472747494265
motor-0042,healthy,160,189,NORMAL,56.06181666666668,1.0604072145747698,54.2524,57.9537,0.002374838709676893,1.4125500000000002,0.15702688039525803,1.1749,1.7409,0.006987608453837584,1795.2006,19.225078226750256,1762.6403,1844.7238,-0.7258967741935729
motor-0042,healthy,170,199,NORMAL,55.75903666666667,1.4191459637127615,52.3952,57.9537,-0.06224518353726572,1.4601666666666668,0.19170188719873252,1.1508,1.9551,-0.0015081646273637772,1806.3107366666663,26.581527904962915,1762.6403,1867.0863,0.9720264961067604
motor-0043,failure,0,29,NORMAL,55.06878,0.8248790567511497,53.2346,56.5484,-0.052770545050056766,1.5297699999999999,0.13436421435784157,1.2552,1.7929,-0.007373548387096841,1797.9305800000002,12.188305180196313,1770.9731,1820.1958,0.8530487652947237
motor-0043,failure,10,39,DEGRADATION,55.44862666666666,1.205821401627215,53.2346,57.3761,0.06845334816462693,1.5907300000000002,0.17535017374765652,1.2552,1.9035,0.0084659176863181,1803.6161566666667,14.409018489073274,1782.0263,1836.5454,0.5008169299220864
motor-0043,failure,20,49,DEGRADATION,55.96162333333333,1.2820844906332112,53.2346,57.7467,0.11703081201334621,1.71841,0.24548570949582108,1.2552,2.1366,0.02312496106785313,1795.2855266666666,24.212621171225734,1745.0754,1836.5454,-2.1968084538376234
motor-0043,failure,30,59,DEGRADATION,57.092776666666666,1.1321070619817222,54.8554,60.5188,0.07724091212458058,1.9747366666666666,0.24995993476733203,1.6391,2.518,0.021215862068965485,1780.651376666667,25.995825951328953,1740.1473,1836.5454,-1.9932086540600977
motor-0043,failure,40,69,DEGRADATION,58.23055666666666,1.8108488747331244,55.6587,62.4191,0.16106467185761797,2.1732733333333334,0.2523903047970653,1.6898,2.518,0.019389632925472675,1761.03554,23.00851276964824,1713.6606,1796.6869,-1.0859110567297503
motor-0043,failure,50,79,DEGRADATION,58.78851000000001,1.464921417994836,56.1154,62.4191,0.027693414905450103,2.3119166666666664,0.203282139047078,1.6898,2.6719,0.011051145717463809,1738.3028533333331,34.850164015699484,1692.1483,1796.6869,-3.1463268965517703
motor-0043,failure,60,89,FAILURE,59.83630333333334,1.7448144060774937,57.622,65.0943,0.04165617352613848,2.469536666666666,0.21125700222451535,2.0934,2.9514,0.012068320355951002,1719.8535599999998,31.129623997082497,1681.4244,1790.988,-1.8512804894327803
motor-0043,failure,70,99,FAILURE,60.89106000000001,2.500865194900891,57.622,65.7568,0.23672373748609493,2.6029633333333333,0.24572513164554866,2.1914,3.0037,0.018394593993325867,1698.9159599999998,21.827122257573667,1644.6535,1756.1908,-0.6251473192436781
motor-0043,failure,80,109,FAILURE,62.04482666666667,2.0372379299651997,58.3129,65.7568,0.08082981090100014,2.720966666666667,0.2319869124661034,2.2482,3.1186,0.000459354838709655,1684.21053,32.59343285643242,1608.5574,1756.1908,-2.497933503893268
motor-0043,failure,90,119,FAILURE,62.98265666666667,1.845479522632412,58.3129,66.1553,0.06400367074527084,2.964150000000001,0.3910051779282042,2.2577,3.8015,0.02935975528364845,1682.3957533333337,27.934968614584548,1608.5574,1720.5676,0.6186430255839429
motor-0043,failure,100,129,FAILURE,64.04673999999999,2.38805300382271,58.3129,67.8938,0.2429260511679638,3.0091400000000004,0.42492510838185743,2.2577,3.9692,0.004826829810900963,1674.5915800000005,30.719006834644468,1608.5574,1720.5676,-0.05063924360406215
motor-0043,failure,110,139,FAILURE,65.58409,1.7907778496787365,61.2522,68.6345,0.13997652947719494,3.2800999999999996,0.445099913877023,2.563,4.0293,0.00950469410456057,1666.5083033333335,35.02709616720064,1609.1736,1720.5676,-3.589054037819856
motor-0043,failure,120,149,FAILURE,66.71642666666666,2.121877175668333,63.2374,71.9704,0.0715004226918789,3.495506666666666,0.5707199762483252,2.563,4.2635,0.05225979977753051,1638.4794299999999,26.103473685050044,1599.8319,1714.0125,-2.2124195995550884
motor-0043,failure,130,159,FAILURE,68.15383666666668,3.1146075553198593,63.2374,74.1014,0.20900856507230045,3.9599866666666674,0.4008346281891767,2.9262,4.6081,0.03860711902113455,1614.2082699999999,29.503984908868947,1515.0715,1655.6786,-2.2779315906563093
motor-0043,failure,140,169,FAILURE,68.70853666666667,2.897848830596393,63.2374,74.1014,0.05045461624026628,4.267430000000001,0.2480548462874021,3.8566,5.0281,0.020932791991101155,1588.8866,40.52188753808654,1515.0715,1655.6786,-3.049124093437179
motor-0043,failure,150,179,FAILURE,70.52017000000001,2.4850122610227365,66.1187,74.3524,0.05855882091212296,4.61132,0.39733205626192974,4.0961,5.4296,0.03352462736373741,1572.4511633333334,33.725236165236694,1515.0715,1650.2261,-0.8616475862069439
motor-0043,failure,160,189,FAILURE,71.37311333333334,2.8099818841329838,66.8083,76.3616,0.21610593993325689,4.760326666666667,0.33303876944817634,4.2044,5.4296,0.01174727474972193,1544.9657999999997,47.506132260975875,1420.8014,1616.6988,-2.4532023136818877
motor-0043,failure,170,199,FAILURE,71.89653,2.3353795209273085,67.4377,76.3616,-0.123327452725252,4.923563333333335,0.2536629660045435,4.4748,5.4296,-0.005026362625139154,1518.6887966666666,52.59839929856219,1420.8014,1616.6988,-4.91590965517245
motor-0044,healthy,0,29,NORMAL,55.280863333333336,1.1321200082097698,53.0725,56.9472,-0.06722876529477305,1.56472,0.13127736387765662,1.2649,1.804,-0.00819239154616243,1789.9140499999999,17.10572204604354,1748.7209,1822.3532,0.06954565072297059
motor-0044,healthy,10,39,NORMAL,55.301803333333346,1.1915815304273376,53.0725,57.5368,0.00817239154616058,1.5130000000000003,0.12270542503627674,1.2601,1.6763,-0.0019489210233593205,1790.0581633333336,18.936327315497472,1748.7209,1833.0884,0.9501442714126336
motor-0044,healthy,20,49,NORMAL,54.897686666666665,1.1074845271254234,53.0725,57.5368,0.03991319243603911,1.4249366666666667,0.14938471917241808,1.1645,1.6763,-0.004791167964404926,1786.9508800000003,23.93423674228198,1723.6985,1833.0884,-1.6085638264739082
motor-0044,healthy,30,59,NORMAL,55.30963666666666,1.1473026800524595,53.1673,57.5729,-0.018042246941046287,1.44397,0.17202085561543595,1.1645,1.7154,0.0017765739710789445,1777.619983333333,25.074265414472055,1723.6985,1833.0884,-0.9246617797553413
motor-0044,healthy,40,69,NORMAL,55.31138333333334,1.1150477484793597,53.1673,57.5729,0.056793882091212916,1.5221399999999996,0.22574724450145564,1.1645,1.9237,0.020435016685205764,1778.4744166666667,24.247020292358727,1723.6985,1817.4078,2.1474574193548186
motor-0044,healthy,50,79,NORMAL,55.21047333333333,1.157828005342571,53.1083,57.5729,-0.046383403781981025,1.5525766666666665,0.2016919080897617,1.1874,1.9237,-0.004099243604004469,1787.7081166666662,18.37380020179247,1748.957,1817.4078,1.0680507897663514
motor-0044,healthy,60,89,NORMAL,54.935869999999994,1.2602278707043426,52.3833,57.5268,-0.04142805339265934,1.5661366666666663,0.1845680334968352,1.2582,1.9237,-0.0096197330367075,1791.9010533333335,10.009620181929446,1774.9575,1812.7605,-0.8023629810901446
motor-0044,healthy,70,99,NORMAL,55.06808666666667,1.3906753035206396,52.3833,57.9196,0.0909838042269179,1.4547633333333334,0.13471624619506323,1.2132,1.7317,-0.0005771523915461797,1783.8547699999997,10.884672584852227,1760.6997,1802.7257,-0.7688624026696805
motor-0044,healthy,80,109,NORMAL,55.259746666666665,1.320394708848667,52.3833,57.9196,0.031665094549498354,1.397506666666667,0.18203619774344026,1.0416,1.7317,-0.01244427141268079,1770.2409933333333,18.625532435591964,1736.2073,1802.059,-1.6166881423804844
motor-0044,healthy,90,119,NORMAL,55.52991666666667,0.9341126053045687,54.0839,57.9196,-0.04715503893214724,1.4438900000000001,0.21735274609107963,1.0416,1.84,0.012776529477196858,1769.6597266666665,19.759891309399663,1736.2073,1813.025,0.4252029810900397
motor-0044,healthy,100,129,NORMAL,55.35107,0.6974580891351108,54.0839,56.511,0.039593303670744665,1.4757666666666671,0.22294619729631832,1.0416,1.84,0.012758620689655161,1774.6805933333333,23.48267524312243,1736.2073,1820.103,2.0166474304782644
motor-0044,healthy,110,139,NORMAL,55.392896666666665,0.7412512365288544,53.4701,56.5687,-0.020552858731925337,1.620666666666667,0.12345593905879491,1.3207,1.84,-0.000990255839822085,1793.326636666667,16.510654226599314,1765.4,1820.103,1.0371055617352436
motor-0044,healthy,120,149,NORMAL,55.574533333333335,0.7842431618375061,53.4701,56.7106,0.0033548832035588012,1.5981400000000003,0.11164667960430645,1.3207,1.7622,0.005005027808676285,1797.3096133333333,13.987385940475875,1770.0211,1820.103,-0.03029979977758334
motor-0044,healthy,130,159,NORMAL,55.423426666666664,0.7909760666136209,53.4701,56.7106,-0.0013263626251407666,1.56251,0.13927802734099876,1.2623,1.7622,-0.01208812013348166,1786.0259033333336,23.652808351856557,1731.2001,1818.3513,-2.1577451167965007
motor-0044,healthy,140,169,NORMAL,55.13594,0.9311800708778082,53.216,56.7106,-0.07394091212458477,1.5133400000000001,0.12497353213114099,1.2623,1.7221,-0.0041930144605117165,1780.805503333333,20.82040067072812,1731.2001,1811.0953,-0.21943454949948124
motor-0045,degrading,0,29,NORMAL,55.679686666666655,1.2611717236319913,53.1073,58.6656,-0.05821352614015633,1.42265,0.2678260452233875,1.0466,2.0017,-0.020821423804226958,1795.0240866666666,19.113981473949604,1759.5038,1841.0682,-0.3285586651835524
motor-0045,degrading,10,39,NORMAL,55.965509999999995,1.3647279414716078,53.1073,58.6656,-0.015911968854283084,1.3421333333333332,0.16602189882328441,1.0466,1.7125,0.005168097886540569,1796.4109033333332,22.031878697885073,1759.5038,1846.4871,1.3234043826473787
motor-0045,degrading,20,49,DEGRADATION,55.130963333333334,1.2523309076766505,53.0894,57.337,-0.00801176863181468,1.3222166666666666,0.13862334359294937,1.1071,1.6081,0.00042400444938818103,1796.1243833333333,23.059853666362578,1753.3187,1846.4871,-0.8612441156841235
motor-0045,degrading,30,59,DEGRADATION,55.669410000000006,1.3504175579797537,53.0894,57.8168,-0.006697864293660558,1.4497100000000003,0.23699294412844166,1.1071,1.9942,0.010536129032258033,1790.23883,26.152872766181936,1732.6787,1846.4871,-1.5926003781980438
motor-0045,degrading,40,69,DEGRADATION,56.241986666666676,1.9952155834618195,53.0894,60.3976,0.18321107897663996,1.5469933333333332,0.27409813562947766,1.1071,1.9942,0.025059310344827557,1781.9050666666665,25.174852398724312,1732.6787,1822.1298,-0.014031857619618612
motor-0045,degrading,50,79,DEGRADATION,57.17434000000001,1.4966826211324828,53.4356,60.3976,0.0656614460511665,1.65189,0.19201528992938727,1.223,1.9942,-0.0018868298109010403,1766.2645100000002,33.5354599249446,1712.8646,1822.1298,-2.0979106340378673
motor-0045,degrading,60,89,DEGRADATION,57.679880000000004,1.15028069600424,55.8183,60.3976,-0.019119377085652877,1.7551166666666662,0.19789953525856382,1.4323,2.1611,0.008775016685205736,1760.7278966666668,29.066932738520137,1712.8646,1819.6036,-1.185468097886572
motor-0045,degrading,70,99,DEGRADATION,57.89193333333334,1.112968426126975,55.8183,60.3598,0.07680022246940915,1.8377433333333333,0.23046956658574733,1.4323,2.1611,0.0190020244716351,1739.1730066666669,22.805076212968203,1700.9113,1784.9828,-0.5443233370411937
motor-0045,degrading,80,109,DEGRADATION,57.86467666666667,1.1807901285956321,55.4404,60.3598,-0.018550634037820982,2.01369,0.13133122591371785,1.6748,2.2579,0.0064088765294771565,1733.50944,26.104932368419057,1690.2082,1784.9828,-2.0634745717464202
motor-0045,degrading,90,119,DEGRADATION,58.20879,1.2211449584577039,55.4404,60.3679,-0.010434238042270986,2.1052000000000004,0.14727947130087976,1.8514,2.4301,0.009631323692992182,1730.36641,23.34056068017433,1690.2082,1784.7402,1.253570522803092
motor-0045,degrading,100,129,DEGRADATION,58.77770666666666,1.7409300571693163,55.4404,62.8943,0.1506671412680748,2.161706666666667,0.18716489509402012,1.8627,2.6541,0.00028840934371520484,1731.1772533333335,21.762134405257417,1690.2082,1784.7402,0.47868854282530243
motor-0045,degrading,110,139,DEGRADATION,59.14995000000001,1.476713081305912,57.0739,62.8943,-0.021651501668521252,2.1690833333333335,0.20331278051864377,1.7922,2.6541,-0.004837486095661928,1738.0763566666667,19.298867190808256,1700.6093,1784.7402,-0.63338195773087
motor-0045,degrading,120,149,DEGRADATION,59.82195,1.5191727555372583,57.0739,62.8943,-0.0006255617352631266,2.2098166666666663,0.21548207053539792,1.7922,2.6541,0.007269922135706297,1734.55466,15.698150684557287,1700.6093,1761.5011,0.9468286095661315
motor-0045,degrading,130,159,DEGRADATION,59.86259333333334,1.581899404710117,57.0739,62.8159,0.10237944382647184,2.206093333333334,0.18786601064470268,1.7922,2.4879,0.003187541713014454,1723.7598366666668,28.61302295032203,1671.6318,1761.5011,-2.1099561512792504
motor-0045,degrading,140,169,DEGRADATION,60.31354666666667,1.250368734342882,57.895,62.8159,-0.03179572858732061,2.2874399999999997,0.18067711827087196,1.8721,2.6195,0.0011358843159064913,1709.9050266666668,30.067356275069404,1657.5429,1761.5011,-2.2153838932147383
motor-0045,degrading,150,179,DEGRADATION,60.91114333333334,1.6948068076103018,57.895,63.8958,0.09110133481646106,2.3506266666666664,0.21528904591011797,1.8721,2.6507,0.017519510567296944,1697.7552733333334,20.75266377252059,1657.5429,1734.779,0.4201724582869508
motor-0046,failure,0,29,DEGRADATION,56.055236666666666,1.2580578223286163,54.1009,59.3548,-0.05522631813125796,1.452903333333333,0.20853001459955084,0.9823,1.785,-0.010668231368186917,1815.2856266666665,17.128608812178015,1784.6447,1846.9759,1.2514532591768055
motor-0046,failure,10,39,DEGRADATION,56.54250333333334,1.612254469262081,54.1009,59.9084,0.06851098998887556,1.5085033333333333,0.2651491033152646,0.9823,2.0714,0.017639043381535015,1804.0941700000003,30.671662287363887,1745.8125,1846.9759,-1.3192133259177203
motor-0046,failure,20,49,DEGRADATION,57.66372333333333,2.1746801385772168,54.1009,60.8871,0.23245434927697453,1.6755033333333336,0.30485924892572236,0.9823,2.0734,0.026901868743047824,1791.15126,35.85381917995719,1745.8125,1846.9759,-3.1177278754171915
motor-0046,failure,30,59,DEGRADATION,59.56118,1.4688930681298753,55.5435,61.9762,0.13733401557285807,1.9809733333333337,0.24768505261498705,1.5684,2.618,0.0220238487208008,1768.3033866666667,20.36466591994959,1745.8125,1842.8791,-0.8135694771969287
motor-0046,failure,40,69,DEGRADATION,61.035709999999995,1.2563308495641852,58.9973,64.3405,0.10408763070077748,2.2610766666666664,0.32120479623166004,1.7352,2.8218,0.0333963737486095,1751.7102466666668,26.7117571375694,1686.5246,1785.7378,-2.085786785317041
motor-0046,failure,50,79,FAILURE,61.22848333333334,1.3754441256271455,58.2376,64.3405,-0.003990411568411412,2.5755866666666667,0.2946293680013737,2.0262,3.1348,0.0314762625139043,1730.6078966666662,33.0722490975791,1673.4304,1779.6812,-3.182599710789793
motor-0046,failure,60,89,FAILURE,62.12747999999999,1.933630200495086,58.2376,65.8026,0.07890803114571607,2.740253333333333,0.20845190289901938,2.2924,3.1912,0.009804983314794152,1705.7297233333336,26.394199649477088,1658.3552,1773.0839,-1.9955906340378804
motor-0046,failure,70,99,FAILURE,62.82065,2.4647609432086246,58.2376,67.5449,0.18026992213570553,2.964383333333333,0.33694397564316564,2.4296,3.6271,0.021056218020022197,1678.0305033333336,34.25273171523194,1581.9777,1726.1637,-2.913831390433881
motor-0046,failure,80,109,FAILURE,64.53342666666666,2.1016316454814072,60.9482,68.1181,0.11628071190211166,2.9795533333333335,0.3302679636631779,2.4296,3.6271,0.00705886540600662,1653.42309,47.76137253310705,1538.7778,1709.9867,-3.6817118798665276
motor-0046,failure,90,119,FAILURE,64.88007666666667,2.11736555900382,60.6926,68.1181,0.02092242491657261,3.200040000000001,0.35417136398453597,2.6751,3.9595,0.008274215795328062,1631.3237366666665,40.486216274352635,1538.7778,1706.7892,-1.824053414905499
motor-0046,failure,100,129,FAILURE,66.78817666666667,3.249579357156177,60.6926,74.7935,0.2629445828698543,3.346126666666667,0.45143732302748546,2.6751,4.2457,0.03595911012235815,1611.2489366666666,43.208960877187515,1534.8993,1706.7892,-2.566104493882121
motor-0046,failure,110,139,FAILURE,67.83935333333334,3.1391734171841406,60.6926,74.7935,0.24247212458286826,3.6255966666666666,0.3504971217031921,2.9355,4.2457,0.014541067853170149,1579.6097966666664,41.69926716103041,1515.7396,1638.2111,-3.8680482981090343
motor-0046,failure,120,149,FAILURE,70.23718,2.097419132394222,66.4315,74.7935,0.11653361512791849,3.856143333333334,0.342853618602588,3.1947,4.4615,0.013390144605116694,1568.9568566666667,34.72677497690299,1515.7396,1649.3416,0.47189652947719885
motor-0046,failure,130,159,FAILURE,71.13393333333333,2.2244057915667184,67.3886,75.6055,0.18909045606228925,4.085946666666667,0.42794820460217164,3.1947,4.9632,0.035640311457174556,1559.9170566666667,34.37948590286252,1487.3613,1649.3416,0.8126477641824056
motor-0046,failure,140,169,FAILURE,72.51103666666667,1.8253451816909103,69.4586,77.0439,0.0828607119021122,4.445066666666666,0.44542011055731295,3.6007,5.331,0.03735506117908772,1559.7398366666664,36.82864535435683,1487.3613,1649.3416,-2.690298843159115
motor-0046,failure,150,179,FAILURE,73.88106,2.2329557942482126,70.1349,77.7336,0.14921864293659345,4.846236666666667,0.5067679281376131,3.6007,5.8727,0.04853034482758607,1542.1368966666666,30.102918654879986,1487.3613,1597.6421,-0.9497554393771386
motor-0047,failure,0,29,DEGRADATION,52.85155666666666,1.0219847646233389,51.4709,54.7789,-0.05112549499443943,1.4051533333333333,0.19533363378816482,1.0094,1.7686,0.0017006006674082103,1806.8820966666667,20.65185703106757,1771.1006,1856.7772,-1.3166192436040491
motor-0047,failure,10,39,DEGRADATION,53.626203333333336,1.8024287779703125,51.4709,57.1868,0.11670498331479265,1.54958,0.3009653339949082,1.0094,2.0461,0.025265895439377066,1794.80189,14.62313772862148,1771.1006,1826.4872,-0.5849110344827946
motor-0047,failure,20,49,DEGRADATION,54.59218333333333,1.9311571230885272,51.4709,57.1868,0.18709906562847597,1.69757,0.21129325300791474,1.1658,2.0461,0.01348865406006672,1765.6962766666666,41.99597463890784,1693.2927,1826.4872,-4.031682825361545
motor-0047,failure,30,59,DEGRADATION,56.17597,1.3194946285478644,52.8211,59.5234,0.08884407119021036,1.8744866666666664,0.18069019846749354,1.6372,2.288,0.007523604004449382,1745.788533333333,37.55398061189905,1693.2927,1823.0655,-2.705011790878801
motor-0047,failure,40,69,DEGRADATION,57.52724333333334,1.9456837222740557,54.3221,61.1176,0.19334307007786253,1.9788100000000002,0.2341955583837291,1.6372,2.3123,0.023024093437152362,1725.0845233333332,23.768550820438943,1682.7623,1762.1792,0.42053968854279994
motor-0047,failure,50,79,FAILURE,59.10600999999999,1.9619941504075225,54.7184,61.6142,0.19831139043381465,2.1727933333333334,0.2338208615348273,1.6625,2.6152,0.01508373748609561,1717.4561799999997,29.010577920377024,1670.4846,1762.1792,-2.1828991323693336
motor-0047,failure,60,89,FAILURE,60.085463333333344,1.211884134858701,56.0005,61.682,0.020892525027807272,2.3415266666666668,0.27569192701677403,1.9513,3.0428,0.016272836484983268,1703.1905633333338,29.792681459618947,1657.2693,1762.1792,-1.6412474972191324
motor-0047,failure,70,99,FAILURE,60.96672,1.9657549878524196,56.0005,64.702,0.05744863181312462,2.6062299999999996,0.4597732594442613,1.9513,3.6688,0.029754193548387108,1680.9096133333333,30.439478252687287,1606.3689,1747.3874,-1.2660778197998381
motor-0047,failure,80,109,FAILURE,61.09260666666667,2.0255013153839774,56.0005,64.702,0.033030522803113305,2.8290500000000005,0.42942500063068834,1.9964,3.6688,0.02451868743047826,1663.594523333333,38.16518861324356,1579.5536,1747.3874,-2.537599443826518
motor-0047,failure,90,119,FAILURE,61.245940000000004,2.178962874947621,56.8254,64.702,-0.08814731924360658,3.094773333333333,0.36095933836868044,2.0997,3.6688,0.014682091212458196,1641.9412933333335,32.97627651257728,1578.1591,1726.0287,-1.7351307230256277
motor-0047,failure,100,129,FAILURE,62.058153333333316,2.6117518092566834,56.8254,66.9314,0.19609383759732926,3.3305833333333323,0.36504609579552494,2.2949,4.1279,0.03459535038932142,1629.39214,39.43779132206907,1539.0846,1697.1536,-1.0278463626251724
motor-0047,failure,110,139,FAILURE,63.39403333333333,2.8742000014303493,56.8254,67.5312,0.26399234705227925,3.51968,0.27063462133782273,3.0313,4.1279,0.013751768631813094,1606.5246100000002,51.71425388188026,1506.7648,1697.1536,-2.814394771968917
motor-0047,failure,120,149,FAILURE,66.26212666666666,2.390509135997786,62.5396,70.6488,0.21113868743047667,3.843043333333333,0.4146365257132511,3.1923,4.7289,0.03206302558398215,1587.9955433333332,51.05063035366417,1506.7648,1697.1536,-2.657604649610728
motor-0047,failure,130,159,FAILURE,67.5644,2.2625789144248634,63.1803,71.199,0.17963697441601523,4.043966666666667,0.43121272579654807,3.1923,4.7289,0.03895888765294768,1551.8138933333332,42.48306517969198,1480.0808,1620.0542,-2.261586740823177
motor-0047,failure,140,169,FAILURE,68.87763,1.3202683964886321,65.8824,71.199,0.019197842046717633,4.330416666666666,0.31723834056151257,3.5975,4.8669,0.013503025583982142,1550.6011133333332,35.948387811747864,1480.0808,1617.899,-0.5944189543938044
motor-0047,failure,150,179,FAILURE,70.42315333333333,2.5847157337875446,65.8824,75.2646,0.23664711902113236,4.466716666666667,0.3082512017639005,3.5975,4.9336,0.021647141268075577,1538.7764866666666,36.488748795884405,1470.1809,1594.5572,0.4735726362625058
motor-0047,failure,160,189,FAILURE,71.96188000000001,2.4986612701471427,66.7702,76.1501,0.19190242491657275,4.7212499999999995,0.36660259387152916,3.5975,5.2427,0.03372456062291428,1519.4131566666665,52.02711389133351,1439.2849,1594.5572,-4.943125895439401
motor-0048,failure,0,29,NORMAL,55.895693333333334,0.9917208306552578,54.3174,57.471,-0.054124849833149316,1.54438,0.21378382289905223,1.1961,1.9928,-0.011546874304783128,1797.870706666667,17.039709091999043,1763.1267,1833.5637,0.13909236929916557
motor-0048,failure,10,39,DEGRADATION,56.46513333333333,1.5243584467644817,54.3174,58.9819,0.07567652947719532,1.5849199999999999,0.22582981261708265,1.1961,2.1046,0.008841779755283606,1795.8475099999998,22.720636556096583,1761.5269,1847.8415,0.6798411790878272
motor-0048,failure,20,49,DEGRADATION,57.66391333333334,2.302379142066359,54.3174,60.9005,0.2439950611790865,1.7012466666666664,0.268601830141858,1.1961,2.1121,0.026919911012235807,1792.589266666667,25.563797527875646,1746.2687,1847.8415,-1.788913414905473
motor-0048,failure,30,59,DEGRADATION,58.92323333333333,1.35137196738064,54.9578,61.0456,0.05001788654059941,1.972053333333333,0.21252090678853747,1.5878,2.4075,0.020369121245828688,1776.9068533333336,30.077487155675456,1710.702,1847.8415,-1.753937174638549
motor-0048,failure,40,69,DEGRADATION,60.233246666666666,1.6432163991662478,57.1734,63.4657,0.08764026696329116,2.15802,0.20716190029378792,1.7906,2.5667,0.02040925472747493,1754.2102966666666,25.800798286377173,1710.702,1803.809,-1.5678835372636748
motor-0048,failure,50,79,DEGRADATION,60.45354,1.708010724127145,57.1734,63.4657,0.11175127919911045,2.269293333333333,0.1259456441838656,1.9714,2.5667,0.0053135038932146435,1735.662836666667,27.33447383114692,1679.506,1803.809,-1.7958454949944938
motor-0048,failure,60,89,FAILURE,60.92379333333333,1.2373139733399208,58.7903,63.4657,-0.07359991101223733,2.392973333333333,0.15419507543656794,2.1755,2.7015,0.011018820912124591,1703.5494133333332,33.51575702116577,1631.9451,1762.4374,-3.2455023804227032
motor-0048,failure,70,99,FAILURE,61.68461333333333,2.0313636010872647,58.7903,66.6327,0.16020387096774097,2.6548,0.3975446415184086,2.1755,3.6086,0.04076925472747491,1687.4576133333333,31.095394086871185,1631.9451,1735.5335,-1.8695768631813454
motor-0048,failure,80,109,FAILURE,62.45388333333333,2.3266091774774345,58.7903,66.6327,0.12307877641824157,2.8610966666666666,0.3467712459084358,2.3361,3.6086,0.02141701890989981,1667.9091833333334,25.583390935488918,1631.9451,1735.5335,-0.728624538376022
motor-0048,failure,90,119,FAILURE,64.90624666666666,2.4385946508502725,59.8925,69.4111,0.13673085650722805,3.1025133333333335,0.3170896673743178,2.4891,3.6402,0.013052680756395893,1663.3910299999998,26.458974855136912,1609.0962,1735.5335,-1.9907465406007157
motor-0048,failure,100,129,FAILURE,65.15326999999999,2.467893514335658,59.8925,69.4111,0.06715107897663888,3.2656533333333333,0.40843701736688304,2.4891,4.122,0.03986291434927695,1637.6982600000001,34.426703759026005,1533.1442,1685.1494,-2.8936448943270685
motor-0048,failure,110,139,FAILURE,65.95965,1.8866912666976905,61.6468,69.4111,-0.09219276974416242,3.4739500000000003,0.2637943349783438,3.013,4.122,0.014748142380422631,1619.4501799999998,35.43707019209688,1533.1442,1676.9563,-2.477471056729728
motor-0048,failure,120,149,FAILURE,65.92300666666667,2.2226970310763345,61.6468,71.0196,0.11832226918798405,3.676956666666667,0.29838655877159675,3.1094,4.1856,0.01994338153503884,1610.9049833333333,28.338323358308546,1533.1442,1668.8223,0.5937626028920752
motor-0048,failure,130,159,FAILURE,67.40108333333333,2.5081731617631355,62.2161,72.0392,0.20143254727474832,3.8211666666666675,0.3091639180470809,3.1094,4.5135,0.02659799777530582,1605.3406266666666,24.937701230465397,1555.0654,1649.2249,-0.400692102335991
motor-0048,failure,140,169,FAILURE,68.65862999999999,2.0109398913857826,63.6948,72.0392,0.1273978865405994,3.9310333333333327,0.248917391026733,3.3165,4.5135,0.00169997775305882,1583.3453866666662,40.38876475756374,1513.5076,1649.2249,-3.918447030033393
motor-0048,failure,150,179,FAILURE,69.89549666666667,1.7638642743482915,66.9623,73.8919,0.08023735261401443,3.9577533333333323,0.20165056034856152,3.4649,4.5135,-0.0023373526140156027,1554.3278366666666,34.951611824973895,1486.717,1638.496,-2.6630392658509914
motor-0048,failure,160,189,FAILURE,70.64558000000001,2.111544202773569,67.3593,74.0132,0.08200823136818507,4.16479,0.417032651279649,3.4649,4.9751,0.04160972191323688,1532.2112666666667,23.336413929898388,1486.717,1582.4301,-0.9382905005561957
motor-0048,failure,170,199,FAILURE,71.94391,2.101327177658602,67.6137,75.1053,0.081775328142378,4.622863333333333,0.5491613779108003,3.863,5.6108,0.05995624026696319,1531.8298466666665,25.46947615593658,1483.4468,1582.4301,-0.36638193548393416
motor-0048,failure,180,209,FAILURE,73.44886333333335,2.544672048219355,68.0079,78.1414,0.18225563959955254,5.12804,0.4353029386530719,4.2292,5.8414,0.04241103448275854,1516.2767366666665,31.563669060281757,1434.0226,1573.6435,-1.6008967519466524
motor-0049,failure,0,29,NORMAL,53.92888333333334,0.9739815980750819,52.493,56.5321,-0.03143067853170269,1.3671866666666668,0.15060916911736225,1.1426,1.7371,-0.013859755283648524,1765.3622133333338,17.82652718287614,1734.1946,1793.6966,-0.5281119466073693
motor-0049,failure,10,39,DEGRADATION,54.567370000000004,1.739856325323062,52.3561,58.7467,0.07302840934371432,1.3529066666666665,0.12017830345874507,1.1426,1.6044,0.004416017797552816,1757.8573066666665,19.162547845157626,1695.4779,1793.6966,0.017681512791960036
motor-0049,failure,20,49,DEGRADATION,54.99900333333333,1.6929235305595536,52.3561,58.7467,0.12085497219132213,1.4666433333333335,0.1990397392203097,1.1426,1.841,0.020280956618464935,1746.8427600000002,28.16236980043405,1691.3767,1793.6966,-2.0675838932147057
motor-0049,failure,30,59,DEGRADATION,56.00692666666667,1.4113035147062527,52.3561,58.7467,0.0504402669632918,1.7108166666666667,0.2802201290454029,1.2476,2.3096,0.02739566184649608,1731.9467899999997,24.90447822758457,1691.3767,1781.2406,-1.5628444716351968
motor-0049,failure,40,69,DEGRADATION,57.96087,2.8991638223402743,54.5583,63.4501,0.28718213570633955,2.01437,0.3351780314499545,1.4172,2.5446,0.03462467185761953,1714.3389866666666,17.551404646898085,1674.8538,1749.5992,-0.6108987764182853
motor-0049,failure,50,79,DEGRADATION,58.983876666666674,2.5046544807196245,54.8604,63.4501,0.1045002669632908,2.26124,0.2754156151467572,1.4172,2.6092,0.024769254727474946,1695.425733333333,30.075022779003103,1625.5018,1744.415,-2.724932458286993
motor-0049,failure,60,89,FAILURE,60.172483333333325,1.9006505875766744,56.8873,63.4501,-0.058844026696330244,2.4673533333333335,0.1688392840017459,2.1296,2.9654,0.012552480533926526,1676.5960633333334,24.906137668527734,1625.5018,1729.7671,-1.7303884983315556
motor-0049,failure,70,99,FAILURE,60.34866666666667,2.060297872854527,56.8873,64.2508,0.14919728587319064,2.613156666666667,0.2031319369003527,2.2846,3.0568,0.017698932146829747,1655.94259,23.308200175951672,1597.62,1692.581,-1.2359365739711188
motor-0049,failure,80,109,FAILURE,60.65316666666666,1.8797249714312525,56.912,64.2508,-0.006721156840935457,2.699653333333333,0.21017470785568423,2.215,3.0568,0.007355061179087804,1636.9777966666663,32.57163481782354,1560.002,1692.581,-2.7692173748609985
motor-0049,failure,90,119,FAILURE,62.04732333333334,2.3752029803342896,56.912,66.8069,0.09740424916573787,2.8852566666666672,0.3197608081919289,2.215,3.7009,0.02167308120133477,1621.4626566666668,25.880753362407923,1560.002,1673.9626,-1.1903938820912445
motor-0049,failure,100,129,FAILURE,62.45658333333334,2.4935477067935876,56.912,66.8069,0.17411125695216811,3.1005933333333333,0.40986489150558975,2.215,3.7914,0.0384523248053392,1606.6416733333333,20.179962022658906,1560.002,1645.16,-0.3816850278087246
motor-0049,failure,110,139,FAILURE,63.21097,1.7096605094092028,60.3467,66.8069,-0.08472598442714321,3.3645033333333334,0.311385051539444,2.8376,3.8746,0.01963868743047823,1606.2849199999998,18.669351884276377,1571.1668,1645.16,-0.6256970411568861
motor-0049,failure,120,149,FAILURE,64.16575666666667,3.0505332898454913,60.3467,70.3327,0.19408157953281302,3.6515600000000004,0.33987568962784026,2.9422,4.2373,0.027847296996662895,1602.2236333333333,18.87017934004751,1571.1668,1638.5714,0.7587212458286505
motor-0049,failure,130,159,FAILURE,65.74502999999999,3.488528354874971,60.3467,70.3327,0.30453786429365864,3.779913333333333,0.30287525565633266,2.9422,4.2373,0.019375439377085562,1581.67479,42.81820242902429,1478.3317,1638.5714,-3.095232680756435
motor-0049,failure,140,169,FAILURE,67.45963666666667,2.2480999435795157,61.6563,70.3327,0.024252258064513935,3.9187899999999996,0.2704521761174546,3.4146,4.7819,-0.000533770856507276,1559.5151433333333,43.48274174369019,1478.3317,1638.5714,-3.4351340823137244
motor-0049,failure,150,179,FAILURE,68.34267,1.9376511999755452,65.2147,71.7,0.08170177975528245,4.17466,0.5137230807870456,3.4146,5.1691,0.044360266963292413,1519.56759,38.306118798153285,1452.462,1604.2417,-2.8482479421579607
motor-0049,failure,160,189,FAILURE,69.24855666666666,2.3135277088872086,65.2147,72.7514,0.18613692992213363,4.511363333333333,0.5356399732925922,3.4146,5.5998,0.04581884315906553,1490.6641000000002,43.57171208251211,1422.4636,1564.3352,-4.220595150166893
motor-0049,failure,170,199,FAILURE,70.62034666666666,1.8737207697935034,66.6822,73.3593,0.0837772636262503,4.92797,0.28654550906734977,4.4749,5.5998,0.015117619577308042,1474.3692666666664,28.341202620570325,1422.4636,1560.7471,0.11037321468293756
motor-0050,failure,0,29,NORMAL,54.67010333333334,1.1060993567437274,53.0453,56.9163,0.04577822024471518,1.59855,0.13741248305739914,1.3225,1.8741,-0.004444605116796475,1813.8224599999999,29.70968900566054,1769.3168,1860.4832,-2.758548921023378
motor-0050,failure,10,39,DEGRADATION,55.791316666666674,1.6633384057537886,53.1932,58.6813,0.13002863181312466,1.5883933333333333,0.12924647495730354,1.3225,1.8289,0.007518709677419328,1803.1614,22.04040610121936,1769.3168,1852.6799,-0.1432748387097324
motor-0050,failure,20,49,DEGRADATION,56.02616,1.4878728488684771,53.462,58.6813,0.0007160400444933854,1.7296399999999998,0.19416985622559096,1.4198,2.2996,0.015286585094549478,1791.24991,25.06044986891165,1747.4089,1839.383,-0.5383973081201917
motor-0050,failure,30,59,DEGRADATION,55.949626666666674,1.4580229152139164,53.7799,58.6813,-0.1373685428253635,1.8950133333333332,0.2276487670855161,1.5093,2.333,0.021046896551724127,1788.4516933333337,26.60184290166046,1747.4089,1839.383,-1.675296907675255
motor-0050,failure,40,69,DEGRADATION,55.93514666666667,1.5662334697682274,53.7799,59.329,0.10210500556173335,2.1245933333333333,0.24560721750162162,1.7254,2.5937,0.023936151279199073,1779.41527,20.26051633435748,1747.4089,1839.383,0.16093252502775837
motor-0050,failure,50,79,DEGRADATION,56.64849,1.558448259509011,54.2295,59.329,0.1338727252502771,2.2499233333333333,0.20140173564848496,1.9562,2.6806,0.012031167964404814,1768.2214166666668,22.49163565174222,1720.341,1796.5318,-1.2491466740823574
motor-0050,failure,60,89,DEGRADATION,58.09262999999999,1.2448286075199269,54.9214,60.4533,0.09630969966629528,2.443696666666667,0.24710058745827013,2.0207,2.9396,0.017665116796440415,1757.542946666667,23.87402712885188,1714.476,1796.5318,-1.8313148832035941
motor-0050,failure,70,99,DEGRADATION,59.58671666666667,1.9721185823175595,56.1703,62.461,0.208582402669632,2.5217133333333335,0.239377472809972,2.0207,2.9396,0.015240622914349211,1735.2305833333335,20.000631322603862,1679.6158,1771.8773,-1.2663908120133924
motor-0050,failure,80,109,FAILURE,61.01893333333333,1.4634046864152865,57.5295,63.4828,0.11611661846496017,2.5717966666666667,0.2054557705579368,1.8991,2.9396,-0.009674816462736407,1716.2897399999997,30.239797679962525,1647.1373,1761.2979,-2.7319896329255147
motor-0050,failure,90,119,FAILURE,61.67030666666667,0.8452442368662181,59.655,63.4828,-0.04036614015573018,2.6584399999999997,0.2677147481929227,1.8991,3.0548,0.01648925472747495,1713.4612466666667,27.578268782935268,1647.1373,1764.9016,0.8714654505005288
motor-0050,failure,100,129,FAILURE,61.40189999999999,1.3028813775628232,57.5173,63.9383,-0.04253063403782068,2.7698000000000005,0.2933508513708457,1.8991,3.1302,0.024648854282536083,1699.6807600000002,38.30842117573802,1609.294,1764.9016,-0.5985865183537563
motor-0050,failure,110,139,FAILURE,61.20769666666667,1.6805500429885705,57.5173,64.814,0.014540800889876391,2.8637000000000006,0.18329074535647819,2.5171,3.1302,-0.006918932146829867,1691.1746566666666,44.24598037331514,1600.2212,1764.9016,-3.6885420467186254
motor-0050,failure,120,149,FAILURE,62.79888333333334,3.203214234388466,57.5173,68.6231,0.24862631813125513,3.0182733333333336,0.3577795540397591,2.5171,3.8854,0.02695065628476079,1647.9438166666669,43.701806586113285,1564.1609,1742.274,-3.5715888542825858
motor-0050,failure,130,159,FAILURE,65.12766,3.9952281174421067,57.9851,72.0285,0.33382304783092104,3.31682,0.5194675359763431,2.5171,4.408,0.05541081201334813,1620.0319333333332,38.30500744929947,1546.929,1709.7533,-2.9161006006674532
motor-0050,failure,140,169,FAILURE,65.92699666666667,3.1991259849614484,59.9574,72.0285,-0.11095357063403999,3.5211133333333335,0.3237143367573056,2.9397,4.408,0.0007636929922134565,1612.4511166666668,29.543676457217057,1546.929,1696.4372,1.6132470522802815
motor-0050,failure,150,179,FAILURE,65.82228333333333,2.988050108692215,61.1278,72.0285,-0.1350822914349285,3.7416266666666664,0.4021791523963198,3.0871,4.5401,0.014639510567296898,1610.7429233333335,40.012881893257685,1525.7164,1696.4372,0.08432251390428501
motor-0050,failure,160,189,FAILURE,65.68462,2.4906137378030606,61.1278,70.3133,0.18969272525027756,3.778583333333333,0.3841253858514892,3.0871,4.5401,0.029418576195773042,1590.7651033333336,56.12489948548971,1504.2898,1696.4372,-5.042750634037871
motor-0050,failure,170,199,FAILURE,67.14267,2.089356232933963,62.6864,71.4596,0.12654961067853104,4.110196666666666,0.28741551626328193,3.3714,4.6526,0.016728164627363595,1573.2058933333333,46.67967139359441,1504.2898,1663.7628,-1.183328231368215
motor-0050,failure,180,209,FAILURE,68.60537333333332,1.759191446646884,64.1887,71.7087,0.10815021134593894,4.262833333333333,0.3115501910696823,3.8171,4.9689,0.02963221357063392,1556.8279366666668,40.449334777014435,1481.7429,1632.16,0.4578062958843005
motor-0050,failure,190,219,FAILURE,68.89460333333335,1.6525939687822764,65.1403,71.7087,0.05632505005561641,4.424423333333333,0.22416413433513893,3.9576,4.9689,0.008571546162402563,1545.893553333333,47.57212237314858,1477.457,1632.16,-4.200838531701919
motor-0050,failure,200,229,FAILURE,69.63125666666669,1.528996173242068,65.1403,72.6051,0.03428246941045443,4.740856666666667,0.453393497735564,4.1812,5.7384,0.037938175750834136,1537.8096266666664,40.27976425105568,1477.457,1632.16,-0.07955853170192943
motor-0050,failure,210,239,FAILURE,70.67286666666665,2.4713612963079448,65.1403,76.0868,0.2200148164627342,4.7892166666666665,0.42947623844502614,4.1812,5.7384,0.015374215795328045,1524.58037,29.83957282993117,1477.457,1587.291,0.5500610233592403
motor-0050,failure,220,249,FAILURE,72.11254,2.0780819158701775,68.8669,76.0868,0.15045908787541504,4.89801,0.38073635965936686,4.0356,5.7384,-0.018281446051168052,1518.8817800000002,34.89180646749223,1472.4763,1587.291,-3.3418805784204593
motor-0051,failure,0,29,DEGRADATION,54.808993333333326,1.050498989348501,53.0323,56.9115,-0.059571924360402664,1.5128133333333333,0.18024043522164745,1.1376,1.877,-0.013592258064516177,1799.1172766666664,24.666718976570863,1755.5679,1845.5363,-0.19960371523921366
motor-0051,failure,10,39,DEGRADATION,55.81937000000001,2.2413357859618745,53.0323,60.5932,0.1767659844271398,1.5605999999999998,0.26010416887598453,1.1376,2.1098,0.02104929922135703,1791.40326,27.88255372104689,1753.254,1845.5363,0.7099688542824836
motor-0051,failure,20,49,DEGRADATION,57.184059999999995,2.2745051837854025,53.0323,60.5932,0.2080481423804213,1.6971566666666669,0.2701953178515292,1.1788,2.1511,0.022324961067853144,1776.1578533333334,41.73036591869069,1715.5264,1845.5363,-3.5776445828699215
motor-0051,failure,30,59,DEGRADATION,58.31780666666666,1.1517211459183843,55.9634,60.5932,-0.029573882091213696,2.01268,0.31529642391459717,1.5493,2.6984,0.026749365962180163,1747.2764333333337,38.23731435337593,1710.2185,1841.3274,-3.538215973303693
motor-0051,failure,40,69,FAILURE,58.93673666666667,1.505539582892311,55.9634,61.7703,0.08929159065628359,2.3311599999999997,0.4407936604202319,1.5501,3.0539,0.04621005561735258,1713.3667666666665,21.951228181043117,1653.6563,1744.7722,-1.8500488097886931
motor-0051,failure,50,79,FAILURE,59.25278666666667,1.831875831260283,55.9634,62.0017,0.08879239154616149,2.587123333333334,0.305620196413057,1.9964,3.1666,0.01598854282536146,1696.378916666666,24.82254051381638,1650.9595,1738.254,-2.22328878754177
motor-0051,failure,60,89,FAILURE,60.764786666666666,1.7847829118660035,56.0976,65.6307,0.07226335928809609,2.8390133333333334,0.33507918639562734,2.0868,3.485,0.01831862068965512,1682.5762199999997,20.040050465628415,1642.9608,1719.0367,-0.7237977308120678
motor-0051,failure,70,99,FAILURE,62.11918333333334,2.5177153049386316,56.0976,66.2201,0.2285741713014441,2.9071466666666668,0.37016710076516646,2.0868,3.485,0.026517241379310316,1666.018393333333,32.393616266428516,1573.655,1707.2974,-1.9748207786429803
motor-0051,failure,80,109,FAILURE,64.15953666666668,1.9664019388184322,60.8754,68.0642,0.17863032258064349,3.1582900000000005,0.32831036977226286,2.5174,3.8602,0.015594949944382585,1643.3276899999996,43.81701732941475,1546.286,1707.2974,-3.1241076529477727
motor-0051,failure,90,119,FAILURE,66.18411666666665,1.969615232997439,61.9169,69.8622,0.17827121245828584,3.408936666666666,0.43964754101691755,2.5174,4.1775,0.04089951056729688,1626.8217433333332,38.334384080732576,1546.286,1699.2779,-0.49535201334821644
motor-0051,failure,100,129,FAILURE,66.67326999999999,1.6753361959419772,63.4678,69.8622,0.017144760845381843,3.7295966666666667,0.36071450713210246,2.952,4.1775,0.028718375973303536,1622.4169133333337,29.899727495154355,1546.286,1664.3614,1.4304960177975272
motor-0051,failure,110,139,FAILURE,66.77474000000001,2.005760703507109,62.0852,69.9873,-0.06757890989988935,4.0421233333333335,0.287218692153248,3.4156,4.6523,0.02366622914349267,1613.0911466666666,31.9780399660948,1539.4745,1659.2462,-2.126622914349319
motor-0051,failure,120,149,FAILURE,67.27682999999999,2.5252170957695235,62.0852,72.5019,0.18557270300333545,4.3119733333333325,0.36444134775784637,3.6543,5.1282,0.03463675194660726,1592.4091033333332,33.10172305449253,1520.1751,1655.2948,-2.9470291657397523
motor-0051,failure,130,159,FAILURE,68.78132333333333,2.749671811651145,62.0852,72.5019,0.23178489432702928,4.566743333333334,0.3242806898180785,3.8142,5.1654,0.025724071190211233,1554.2345933333331,36.96832804168936,1466.3253,1613.337,-3.362194749721909
motor-0051,failure,140,169,FAILURE,70.44312,1.8068077041013528,66.0611,74.1528,0.0562730144605106,4.810456666666667,0.2793360015982345,4.247,5.27,0.020825472747497083,1529.99283,36.215009763864046,1466.3253,1601.6397,-2.6331102335929106
motor-0052,failure,0,29,NORMAL,54.33564666666666,1.4072953498900727,50.5709,56.0731,-0.1020360845383767,1.6983433333333333,0.14723850873856184,1.4588,1.96,-0.005130967741935511,1794.6484633333337,16.7822987509555,1768.6267,1832.0741,-0.5229440934371856
motor-0052,failure,10,39,DEGRADATION,54.947196666666656,2.0535643782593125,50.5709,59.6009,0.10888798665183419,1.8069400000000002,0.24151458975943185,1.4588,2.2863,0.015005294771968799,1794.9039866666667,16.367596195526772,1768.6267,1842.2895,0.988309321468249
motor-0052,failure,20,49,DEGRADATION,55.475906666666674,2.1572113668551087,50.5709,59.6009,0.1874366184649602,1.9557399999999998,0.2810851728569118,1.4629,2.356,0.02494647385984425,1789.3543933333335,27.550246457892595,1726.8424,1842.2895,-1.4053858509455246
motor-0052,failure,30,59,DEGRADATION,56.74208333333333,1.1280608724956094,54.829,59.6009,0.009930389321467534,2.2052566666666666,0.2129178193315179,1.88,2.6543,0.014423648498331436,1778.4306133333332,29.81308957713858,1726.8424,1842.2895,-2.50804876529481
motor-0052,failure,40,69,DEGRADATION,57.80674333333334,2.0263343826860245,54.829,62.057,0.18743672969966463,2.336063333333333,0.20828372873452108,1.9222,2.6742,0.014869477196885363,1749.3732733333334,32.2185239965969,1684.2195,1813.2336,-2.7882723470523127
motor-0052,failure,50,79,DEGRADATION,59.02861333333333,2.007129826183536,54.829,62.057,0.17183706340378063,2.483503333333333,0.18744681287115966,2.006,2.7375,0.015203537263626221,1719.5396533333333,36.9968268266774,1663.584,1782.0078,-3.832067363737528
motor-0052,failure,60,89,FAILURE,60.72683666666667,1.5241244851790234,58.0507,64.1423,0.0905266518353723,2.6404099999999997,0.2457158743345655,2.2747,3.2023,0.018396195773081134,1702.2301866666667,27.696095353409582,1652.475,1753.6162,-0.4825979977753294
motor-0052,failure,70,99,FAILURE,61.90931666666666,2.057320241168648,58.5334,66.18,0.16620580645161107,2.7947566666666668,0.2276562506402044,2.3519,3.2023,0.015070545050055527,1687.2716400000004,32.758305281679846,1609.9221,1753.6162,-0.4774844048943442
motor-0052,failure,80,109,FAILURE,61.910039999999995,2.031721090537118,58.5334,66.18,-0.059730678531704405,2.991813333333333,0.28624379904006464,2.3519,3.7239,0.01955870967741932,1672.5511499999998,42.737629779214096,1608.1452,1753.6162,-3.4127738598443065
motor-0052,failure,90,119,FAILURE,62.527640000000005,2.3483289649734624,58.236,66.8302,0.010025583982201035,3.318423333333333,0.45441608663084193,2.8023,4.1446,0.046498442714126786,1648.4987766666668,35.878420941272225,1584.1203,1735.8488,-2.1471943715239483
motor-0052,failure,100,129,FAILURE,63.92043666666667,3.5743013341988323,58.236,70.6355,0.3730648498331465,3.5631133333333334,0.40466811152954574,2.907,4.1446,0.023193503893214718,1611.1796500000003,47.52792572733597,1497.9363,1686.4873,-3.735379733036732
motor-0052,failure,110,139,FAILURE,65.41281333333333,2.8719212385594575,58.236,70.6355,0.09303350389321335,3.686153333333333,0.3419287593766994,3.0304,4.1446,-0.006971345939933323,1583.2086600000002,49.31561675607164,1497.9363,1686.4873,-4.330907808676335
motor-0052,failure,120,149,FAILURE,67.14733333333334,2.8744361796513918,60.3418,72.3006,0.0854357730812006,3.858470000000001,0.46553212860839865,3.0304,4.6878,0.03403913236929917,1555.3839366666666,30.053458436764338,1497.9363,1642.2712,-0.5261340823137391
motor-0052,failure,130,159,FAILURE,67.02069,2.84879365186389,60.3418,72.3006,0.1713129032258048,4.087226666666667,0.46374073211463995,3.0304,4.7819,0.04177236929922128,1545.3214833333336,26.66848614841223,1486.1315,1598.3384,-0.7158859844271772
motor-0052,failure,140,169,FAILURE,67.71682,2.029282017430467,63.9911,72.3006,-0.058008720800891374,4.308896666666667,0.2785463127062037,3.7166,4.8003,-0.0015989988876530903,1533.6796500000003,29.431564782534057,1486.1315,1598.3384,-1.5637950389321857
motor-0052,failure,150,179,FAILURE,67.86398333333332,1.6699131754043053,63.9911,70.9955,0.088213370411568,4.379366666666668,0.26719647619100245,3.7972,4.8452,0.007646763070077714,1525.4805233333332,25.148171555518456,1485.5232,1584.4007,-0.4046018909900231
motor-0052,failure,160,189,FAILURE,69.51213666666668,2.6432878931970745,63.9911,73.884,0.276192191323692,4.379706666666666,0.25935873474569715,3.7972,4.8452,0.004666785317018806,1515.2468533333335,21.100396359795923,1481.264,1555.3941,-0.4992130812013932
motor-0052,failure,170,199,FAILURE,72.03399333333333,2.4756507172772895,67.1674,77.2276,0.2498334149054487,4.672416666666666,0.4137162748255809,4.1318,5.5176,0.03059873192436027,1515.34933,24.38888666201816,1467.8953,1555.3941,-0.15998382647391476
motor-0053,failure,0,29,NORMAL,56.234366666666666,1.2816153919522382,53.9686,58.8968,0.0002719021134587355,1.4751733333333332,0.16359609598710542,1.2273,1.9154,-0.010338598442714151,1796.26319,14.48383408324259,1766.5585,1825.0485,-0.05701145717469067
motor-0053,failure,10,39,DEGRADATION,57.08368,2.0320164668624123,53.9686,60.9579,0.15364053392658453,1.5385466666666667,0.24116926384226955,1.2273,2.1152,0.013253081201334796,1788.795276666667,20.304005904511936,1736.6225,1825.0485,-1.03754538375977
motor-0053,failure,20,49,DEGRADATION,58.29018333333334,1.8662521130299865,53.9686,60.9579,0.1668701001112339,1.6849699999999999,0.28351928464685905,1.2273,2.1216,0.027727586206896533,1777.8547833333332,23.885013628676383,1736.6225,1825.0485,-2.128378487208033
motor-0053,failure,30,59,DEGRADATION,59.86665666666668,1.4939477953135518,56.0503,62.5993,0.11801310344827497,1.9310533333333333,0.22131773047413583,1.5331,2.3299,0.018120533926585053,1764.87872,18.092653565216295,1736.0777,1797.9826,-0.8681523025584521
motor-0053,failure,40,69,DEGRADATION,60.73077333333333,1.1588234541790898,58.1855,62.5993,0.09169268075639425,2.0844766666666668,0.18439424373396862,1.7676,2.4448,0.014151746384872006,1751.7218233333333,19.168189195464493,1717.8514,1787.6361,-1.1919846273637766
motor-0053,failure,50,79,DEGRADATION,61.10540666666667,0.9328141861890592,59.3201,62.5993,-0.01804071190211384,2.230456666666667,0.1775439995857052,1.7683,2.5275,0.01389853170189093,1726.0260533333335,36.1055330205841,1665.5223,1787.6361,-3.5328597107898205
motor-0053,failure,60,89,FAILURE,60.90632,1.259531712290988,58.7448,63.7583,-0.03330874304783298,2.3069800000000003,0.13468728324035148,2.033,2.5444,0.0036481868743047114,1704.0348666666662,27.081037148459103,1665.5223,1768.7584,-2.014043826473869
motor-0053,failure,70,99,FAILURE,61.97550666666667,2.414482091316663,58.7448,67.3012,0.19883697441601683,2.3925699999999996,0.1912629257505664,2.0394,2.8552,0.0040178197997775,1692.4182533333333,27.16463656276584,1638.173,1773.322,0.39797566184645783
motor-0053,failure,80,109,FAILURE,63.39741666666666,2.763921379740909,58.7448,69.0701,0.18153301446050918,2.44826,0.2243617341110853,2.0394,2.8946,0.011166229143492745,1673.415246666667,43.810782633447154,1585.6672,1773.322,-3.4058609121246133
motor-0053,failure,90,119,FAILURE,65.22932333333333,2.1490505848991908,61.354,69.0701,0.04721897664071046,2.6610033333333334,0.3078413092090721,2.0394,3.2226,0.024981201334816388,1652.8502499999997,43.79261356928242,1585.6672,1773.322,-3.416189966629616
motor-0053,failure,100,129,FAILURE,66.28262000000001,2.3474298598538224,61.354,69.0701,0.13837441601779588,2.9128699999999994,0.3592043811444027,2.2486,3.624,0.03604536151279192,1626.9349633333336,16.523414126636247,1585.6672,1655.0892,-0.0544630700779028
motor-0053,failure,110,139,FAILURE,67.75912333333333,2.06057295198582,61.354,71.7162,0.17384927697441493,3.2753200000000002,0.34753648384018615,2.6776,3.9667,0.03201828698553946,1620.723613333333,19.135337914074636,1586.2871,1655.0892,-1.1042117908788012
motor-0053,failure,120,149,FAILURE,69.47941,1.5989804350168466,66.0721,72.3913,0.1520033147942146,3.5704833333333337,0.3174857876959044,2.8172,3.9667,0.028783159065628377,1613.5966399999998,25.879162340212368,1544.9552,1655.0892,-0.9296512124583246
motor-0053,failure,130,159,FAILURE,69.98267333333334,1.8022518051839733,65.7641,73.4812,-0.01208898776418376,3.802613333333334,0.24933084677904493,3.3021,4.5236,0.010230033370411494,1584.3007600000003,42.752111589094625,1508.3323,1649.3693,-3.3287077196885737
motor-0053,failure,140,169,FAILURE,69.68683333333334,1.942887580266948,65.7641,73.4812,-0.13757437152391566,3.9433866666666666,0.2688767099537548,3.4791,4.6515,0.00922006674082304,1566.7288366666664,42.08490656066995,1508.3323,1645.5552,-2.646799532814302
motor-0053,failure,150,179,FAILURE,69.46315333333334,2.2053579249535793,65.7641,74.6149,0.054408720800888315,4.210523333333333,0.4253000608851225,3.4791,5.0352,0.030033214682981015,1552.7077199999997,26.924680885319088,1508.3323,1603.3829,2.012820645161244
motor-0053,failure,160,189,FAILURE,71.04669666666668,3.110240500934864,65.9346,77.5047,0.26666765294771766,4.414773333333333,0.43573735968151994,3.5661,5.338,0.028934282536151226,1539.19395,45.422321535369605,1419.292,1603.3829,-2.7051812458287423
motor-0053,failure,170,199,FAILURE,72.28678,2.573522960379409,67.0555,77.5047,0.09085499443826335,4.690336666666667,0.3871249216840591,3.9188,5.5979,0.01564740823136806,1513.1416699999997,51.85174842591876,1419.292,1603.3829,-4.14382275862073
motor-0054,failure,0,29,NORMAL,54.73520666666666,1.877062404740154,51.3189,58.1436,-0.13157628476084657,1.3501033333333334,0.11558033997565886,1.1307,1.6152,0.0001477419354838557,1780.2436466666666,14.38101434843252,1753.8874,1804.8798,-0.7912001334816832
motor-0054,failure,10,39,DEGRADATION,54.880869999999994,2.0658279288056236,51.3189,59.4451,0.05387263626251276,1.4084966666666667,0.17140628048262666,1.1307,1.7673,0.01267873192436039,1786.378406666667,19.88247972651521,1753.8874,1828.773,1.061824783092278
motor-0054,failure,20,49,DEGRADATION,55.407086666666665,2.1702432196620007,51.3189,59.4451,0.19601908787541533,1.4768733333333333,0.15352259754041275,1.1307,1.7673,0.006534949944382613,1773.6895100000002,28.518236910993764,1728.2216,1828.773,-1.1716880311457358
motor-0054,failure,30,59,DEGRADATION,56.30162666666667,1.1838202478792497,54.1147,59.4451,-0.02433392658509616,1.6416899999999999,0.20228486407374463,1.3136,2.0074,0.013494482758620672,1766.32695,30.677449540694116,1728.2216,1828.773,-2.730900622914375
motor-0054,failure,40,69,DEGRADATION,56.95484666666666,1.599611513614755,54.2717,60.3634,0.07201254727474858,1.7509000000000001,0.21458201384707593,1.3145,2.1464,0.019301090100111207,1741.8834899999997,20.35539546171724,1667.5033,1763.4622,-0.8577177975529003
motor-0054,failure,50,79,DEGRADATION,57.55402000000001,1.801370992586849,54.2717,60.6131,0.15369713014460423,1.9432333333333331,0.15824551038040718,1.5391,2.3263,0.011503225806451594,1716.4875633333336,40.491408470213194,1638.9964,1763.4622,-3.656858309232504
motor-0054,failure,60,89,DEGRADATION,59.02099999999999,1.5022746979164627,55.5437,62.0187,0.10332324805339053,2.1625799999999997,0.3127214558250414,1.7648,2.9097,0.0319501668520578,1707.2378,35.41268452073821,1638.9964,1759.3305,-0.7007535483871467
motor-0054,failure,70,99,FAILURE,60.44330333333333,1.9685059587554103,56.8594,64.7565,0.17276865406006553,2.37518,0.276427748727704,1.7788,2.9097,0.02329223581757503,1692.0651133333336,26.81614530788908,1638.9964,1742.9479,0.7777659621801876
motor-0054,failure,80,109,FAILURE,61.104240000000004,1.905897157351361,57.546,65.6013,0.015523248053390724,2.443773333333333,0.2965056603544395,1.8524,2.969,-0.00590967741935488,1702.3308566666667,29.968759694473878,1609.2349,1755.4532,-0.9681553503893414
motor-0054,failure,90,119,FAILURE,61.35274333333334,1.8447189371614914,57.546,65.6013,-0.09379250278086951,2.570533333333333,0.37405947150449514,1.8524,3.2425,0.021344427141268003,1689.92819,29.640566630620153,1609.2349,1755.4532,-0.2022451835372798
motor-0054,failure,100,129,FAILURE,61.963096666666665,2.378051030498621,57.546,66.6293,0.16110978865405837,2.527263333333333,0.407437287185266,1.8524,3.2425,0.008390634037819773,1673.8297166666669,39.99777847312758,1604.9988,1755.4532,-2.5599675417130316
motor-0054,failure,110,139,FAILURE,63.205209999999994,2.1594102331192184,58.5773,66.7041,0.16954124582869826,2.6506200000000004,0.3104658203409838,1.9087,3.2425,-0.011609788654060154,1651.6062000000004,31.35013053446507,1604.9988,1721.6432,-2.175479332591806
motor-0054,failure,120,149,FAILURE,65.32777999999999,2.1480566908099368,61.8989,71.153,0.10262869855394813,2.8552166666666663,0.5376170248317002,1.9087,3.8335,0.049130878754171305,1637.95896,23.144028071601245,1604.9988,1684.6408,0.06447826473856301
motor-0054,failure,130,159,FAILURE,66.08664666666667,2.2658993570961816,61.8989,71.153,0.08404631813125633,3.0866,0.413244628115922,2.2246,3.8335,0.021086540600667343,1633.0954966666663,26.60787805602547,1577.3512,1682.8279,-0.7645661624026896
motor-0054,failure,140,169,FAILURE,65.95606333333333,2.292194024144165,62.4405,71.153,-0.1495948609566203,3.304203333333333,0.270838465366761,2.8748,3.8335,-0.008179644048943377,1612.5654266666666,40.45476981403579,1538.2386,1682.8279,-3.523736640711949
motor-0054,failure,150,179,FAILURE,66.09089333333333,2.50550015817645,62.2545,70.9288,0.0729272969966618,3.2875033333333343,0.29952741942748556,2.8748,3.9959,0.01901119021134591,1585.8222233333336,37.18540194541118,1538.2386,1682.8279,-3.0982561735262046
motor-0054,failure,160,189,FAILURE,66.96037333333332,2.851472812534291,62.2545,71.5201,0.2500604671857604,3.5096866666666675,0.35781402872938833,2.9365,4.3285,0.02743519466073405,1565.6800666666666,18.20391489578244,1538.2386,1610.0504,-0.34514687430481805
motor-0054,failure,170,199,FAILURE,68.59179666666667,2.048553318886824,62.2545,71.5201,0.0710600444938808,3.5557533333333335,0.32928939322257084,2.9365,4.3285,0.003726629588431486,1563.0584733333335,20.12752300305784,1525.954,1599.697,-0.022106785317041244
motor-0054,failure,180,209,FAILURE,70.46494000000001,2.6790998764012763,66.7859,76.7668,0.18496489432702878,3.71908,0.33533186785630736,3.2162,4.4109,0.014048854282536043,1559.6939033333333,20.0269383712619,1525.954,1599.697,-0.6019676751947163
motor-0054,failure,190,219,FAILURE,71.01958999999998,3.0863521591408416,66.7859,76.7668,0.0813365739710761,3.91983,0.4372275998836304,3.2162,4.7666,0.042371768631813043,1538.1789099999999,38.53194972579985,1451.8264,1599.697,-3.1918320578420825
motor-0054,failure,200,229,FAILURE,72.56478333333332,3.1056631943470983,67.3373,77.9447,0.04542961067852974,4.340836666666665,0.39308589602726224,3.4321,5.3513,0.03688389321468286,1515.7616533333335,36.42433454782423,1451.8264,1571.2809,-2.6853578197998345
motor-0054,failure,210,239,FAILURE,73.13414666666667,3.058684643953272,67.3373,77.9447,0.18480111234704957,4.784743333333333,0.4508780734547004,4.0963,5.6333,0.042591034482758555,1494.54451,27.032572214957636,1451.8264,1553.1353,-0.621845984427173
motor-0055,failure,0,29,NORMAL,53.85198666666667,1.470633565901294,51.6969,56.2611,-0.147491523915463,1.7087666666666665,0.17538298726564736,1.3333,2.113,-0.013631991101223642,1799.5129833333335,21.464699280214838,1760.7795,1853.68,-0.4764676529477476
motor-0055,failure,10,39,DEGRADATION,53.453863333333324,1.3831501348933728,51.6969,56.59,0.03472046718576092,1.7113,0.19932110609098405,1.3333,2.1688,0.0014903225806451284,1796.8665866666668,17.657065292600446,1760.7795,1829.6241,1.0713178642936372
motor-0055,failure,20,49,DEGRADATION,54.35488666666666,1.9617216135720061,51.6969,57.2364,0.2024732369299202,1.7663066666666667,0.2333275250705659,1.3333,2.1688,0.019870656284760813,1796.9024,17.765565945389962,1754.8004,1829.6241,-0.8222253170189342
motor-0055,failure,30,59,DEGRADATION,56.07332,1.6695504553421963,52.1749,58.811,0.16189379310344715,1.9499133333333334,0.20894497159672337,1.5403,2.4503,0.01651715239154613,1792.1273566666669,16.982279179891847,1754.8004,1824.5067,-0.9702968854282934
motor-0055,failure,40,69,DEGRADATION,57.997406666666656,1.6386828657864894,55.7662,60.7249,0.16307288097886372,2.18826,0.28848947017178983,1.7364,2.7001,0.027941268075639552,1774.049876666667,24.7248420120289,1710.1128,1801.4232,-1.6606589321468643
motor-0055,failure,50,79,DEGRADATION,59.04358666666667,1.3856527758264527,56.3218,60.9657,0.099077018909898,2.3011566666666665,0.23478806710639183,1.7364,2.7001,0.010411012235817559,1749.9344933333332,36.738755049483615,1693.3002,1800.7602,-3.69280040044495
motor-0055,failure,60,89,DEGRADATION,60.05670999999999,0.8392931261285692,57.5795,61.1819,0.017663737486094195,2.4553766666666665,0.20343678245478508,2.1801,2.8928,0.002413859844271312,1722.9913233333334,27.96886950075843,1693.3002,1787.9993,-2.442635216907687
motor-0055,failure,70,99,FAILURE,60.38189000000001,1.2680590260578042,57.5795,63.4697,0.06194213570633886,2.510936666666667,0.2634430393631399,2.1801,3.0865,0.01799379310344819,1698.8993799999998,18.707154788322732,1649.4917,1739.0917,-1.4900812458287298
motor-0055,failure,80,109,FAILURE,60.28636333333332,1.4974135350626727,56.8884,63.4697,-0.045268898776419896,2.58728,0.25437012979776796,2.0936,3.0865,-0.00038033370411572905,1680.2628699999998,26.317249165064716,1621.1964,1719.1653,-2.3411522358176327
motor-0055,failure,90,119,FAILURE,60.00654666666666,1.6651004255466268,56.8884,63.4697,-0.04985094549499636,2.7909866666666665,0.3670813295291507,2.0936,3.6046,0.019779933259176805,1664.3716166666673,21.55747580155714,1621.1964,1699.9837,-0.9298006006674472
motor-0055,failure,100,129,FAILURE,61.64088333333333,3.551510165463262,56.8884,70.5723,0.31617857619577233,3.0497466666666666,0.5046784380397306,2.0936,4.1837,0.039806763070077814,1646.6734999999999,22.358983422985336,1613.4044,1695.1384,-1.254950967741973
motor-0055,failure,110,139,FAILURE,62.85846333333333,3.0975144716889096,58.0035,70.5723,0.16753764182424763,3.426023333333333,0.38271539528596027,2.7019,4.2181,0.02195543937708556,1648.6183133333332,21.97638326905701,1613.4044,1695.1384,-0.11121032258069011
motor-0055,failure,120,149,FAILURE,63.81178,2.7037731085034973,59.1699,70.5723,-0.11536026696329327,3.6649933333333333,0.3881258936078459,2.9422,4.2617,0.019110255839821937,1630.61537,28.517603141020906,1566.5179,1688.345,-1.4107293659622184
motor-0055,failure,130,159,FAILURE,64.94983666666666,3.7576456826478752,59.1699,71.9708,0.324958464961066,3.6869433333333324,0.3562900500840417,3.0904,4.2617,-0.0006382869855395983,1605.8656933333336,47.762518726507224,1523.2561,1688.345,-5.252433459399357
motor-0055,failure,140,169,FAILURE,66.99081,3.796780679149991,59.1699,71.9708,0.3303069410456052,3.6352200000000012,0.3909402651727414,3.0507,4.2617,-0.013024916573971153,1568.2243633333333,32.08087680488677,1508.8768,1626.8878,-2.7528228921023827
motor-0055,failure,150,179,FAILURE,68.76098999999999,1.6331151868642542,65.4883,71.9708,-0.05310444938821144,3.8603400000000003,0.5783027872432688,3.0507,4.9596,0.047918175750834194,1564.7031266666663,30.982439221155936,1508.8768,1635.6823,1.9656367964404695
motor-0055,failure,160,189,FAILURE,69.19104333333334,1.793872318511611,65.4883,72.7425,0.09176384872079958,4.195119999999999,0.5768011248255329,3.0507,4.9596,0.048960578420467124,1568.5416899999998,31.662792563779014,1508.8768,1635.6823,0.7031361735260953
motor-0055,failure,170,199,FAILURE,69.75152666666666,2.098932108467436,65.4883,74.9044,0.16332258064515912,4.44116,0.2767363734676019,3.8622,4.9596,-0.014231546162402766,1567.3097466666666,34.22164660055321,1504.8185,1635.6823,-2.429575216907711
motor-0055,failure,180,209,FAILURE,72.06721999999999,2.4516190733744367,67.7185,76.166,0.20643692992213358,4.619200000000001,0.41616033929244145,3.8622,5.3111,0.022622869855394783,1539.907733333334,33.27119604317756,1470.0759,1605.5861,-2.8318193103448546
motor-0055,failure,190,219,FAILURE,72.89679333333333,2.227908077537212,68.2199,76.166,0.12727132369298974,4.7937466666666655,0.47881120756399265,3.8622,5.7376,0.04306238042269181,1502.43493,44.96343937785563,1424.476,1589.8635,-4.436326829810945
motor-0055,failure,200,229,FAILURE,73.83924333333334,1.5464243746318658,70.2264,76.166,-0.03656211345940064,5.2005333333333335,0.33549603508172127,4.5892,6.08,0.02327261401557276,1468.9316699999997,38.41641514268042,1410.8456,1549.2162,-2.9955212235817714
motor-0056,healthy,0,29,NORMAL,55.166783333333335,0.8866179741329159,53.7237,56.9926,-0.06392838709677509,1.6771266666666667,0.15263863192375496,1.2675,1.9383,-0.006679466073414957,1786.3321466666664,18.746034134055012,1752.7292,1823.8123,-0.2977928809789085
motor-0056,healthy,10,39,NORMAL,55.288689999999995,1.0332555825641596,53.7237,57.2563,0.03166974416017722,1.7240966666666668,0.2134646535663978,1.2675,2.2634,0.007133770856507211,1793.0263166666666,21.595670282321002,1756.6421,1826.6875,2.0014877641823747
motor-0056,healthy,20,49,NORMAL,55.01765666666665,1.2044166803016674,51.8903,57.2563,-0.007847586206897895,1.7343599999999997,0.17827878280939657,1.4628,2.2634,0.0027523025583981856,1792.458846666667,22.80600891668294,1756.6421,1826.6875,-0.20832889877647331
motor-0056,healthy,30,59,NORMAL,54.82969333333333,1.3367739230284563,51.8903,57.2563,-0.0973218687430489,1.7363666666666668,0.17672431889496387,1.4812,2.2634,-0.012739621802002266,1796.611443333333,19.354338287210645,1757.2696,1826.6875,-0.6780387319244208
motor-0056,healthy,40,69,NORMAL,55.08648000000001,1.641903176276441,51.8903,58.1442,0.1012471635150153,1.7230100000000002,0.1352571657990807,1.4812,1.9612,0.00630827586206893,1793.7954533333334,16.90309240006558,1757.2696,1828.6551,1.463316929922106
motor-0056,healthy,50,79,NORMAL,55.15162333333334,1.6433977107775486,52.1781,58.1442,0.03426640711901952,1.6634900000000001,0.170751681982931,1.3592,1.9612,-0.004703025583982223,1795.4214633333333,14.218245413235376,1770.4533,1828.6551,-0.8404744605117244
motor-0056,healthy,60,89,NORMAL,55.295806666666664,1.6527452215295881,52.1781,58.1442,-0.10234358175750963,1.66984,0.18329189580193303,1.3592,1.9612,-0.008840400444938872,1800.012786666667,17.07586716468076,1770.4533,1834.816,0.1270122358175167
motor-0056,healthy,70,99,NORMAL,55.29443000000001,1.5705817746194133,52.1781,57.8206,0.09042035595105499,1.5978933333333336,0.12832312323020958,1.3592,1.8932,0.0055018464961067515,1795.9284133333335,16.433248612183256,1770.4533,1834.816,0.5556089877641254
motor-0056,healthy,80,109,NORMAL,55.01269,1.6538096831961449,52.1513,57.8206,-0.018889499443827774,1.5912533333333332,0.12314711184414986,1.4038,1.8932,-0.005685205784204706,1798.3244566666667,19.459821808051647,1758.9074,1834.816,-0.9573396885428471
motor-0056,healthy,90,119,NORMAL,55.149029999999996,1.6471999340598174,52.1513,57.8206,-0.0869807563959969,1.6420266666666667,0.15815928876364557,1.4274,1.9793,0.008058109010011095,1795.7834533333332,19.39488402876273,1758.9074,1841.6925,0.4456287430477882
motor-0056,healthy,100,129,NORMAL,54.5731,1.2338845710465252,52.1513,56.8704,0.0561026028921017,1.6033033333333335,0.17625189262971208,1.3855,1.9793,0.0009210901001111894,1786.06038,24.634002548583133,1750.0877,1841.6925,-1.0200963292547953
motor-0056,healthy,110,139,NORMAL,54.522886666666665,1.320578454499727,52.0608,56.8704,-0.0459513236929926,1.5756533333333331,0.1972950375002428,1.3099,1.9793,-0.016487964404894386,1787.7993066666668,25.024850942971785,1750.0877,1841.6925,-0.5833578642937016
motor-0056,healthy,120,149,NORMAL,54.545863333333344,1.3078496324076736,52.0608,56.7298,-0.011853058954395819,1.5323033333333334,0.13445375532956383,1.3099,1.8592,0.005686696329254675,1784.0807066666666,25.333497024597467,1750.0877,1833.4334,1.105914082313657
motor-0056,healthy,130,159,NORMAL,54.58313,1.381644995201975,52.0608,56.7298,0.05280077864293531,1.5295599999999998,0.1412715272091301,1.3099,1.8592,0.003015394883203543,1784.48886,24.599596955622392,1747.9738,1833.4334,-1.261444449388245
motor-0056,healthy,140,169,NORMAL,54.53247666666667,1.312674354053163,51.5723,56.4656,-0.04171535038932206,1.5881500000000002,0.13081322754217173,1.3216,1.8592,-0.0029453392658509814,1784.0764100000001,28.455135942817655,1745.1939,1835.7763,-0.07697973303677616
motor-0057,degrading,0,29,NORMAL,54.74185666666666,1.4756517034140844,52.0718,57.2963,-0.08769523915461762,1.4670033333333332,0.16283053457164873,1.2345,1.824,-0.007236418242491674,1803.2543666666668,13.428692882836962,1778.757,1826.738,-0.7043870077864621
motor-0057,degrading,10,39,NORMAL,55.207359999999994,1.6991294911610861,52.0718,57.7664,0.05099119021134419,1.4673300000000002,0.145852137797154,1.2345,1.824,0.002765494994438228,1795.982703333333,12.987872356869028,1775.9563,1827.3683,-0.21804144605120776
motor-0057,degrading,20,49,NORMAL,54.79747333333333,1.7820713603245202,51.9102,57.7664,0.04684222469410306,1.4390900000000002,0.12244619593927775,1.2345,1.6205,-0.0009416017797553014,1784.8200599999998,21.963266415336946,1742.6088,1827.3683,-1.3004497886541146
motor-0057,degrading,30,59,NORMAL,54.765000000000015,1.7778831217677569,51.9102,57.7664,-0.16840315906562894,1.4724199999999998,0.12902722813421977,1.2553,1.7341,-0.0009187096774194108,1792.6078833333336,27.353567570880475,1742.6088,1838.1004,1.2888812235817468
motor-0057,degrading,40,69,DEGRADATION,54.350433333333335,1.3873695639190327,51.9102,56.8876,0.04648832035594989,1.5137399999999999,0.17120471683533328,1.2553,1.8921,0.0157187541713014,1796.5799766666669,28.186081659969297,1742.6088,1839.553,2.1042542602891854
motor-0057,degrading,50,79,DEGRADATION,54.95117666666666,1.729409026167288,52.3593,58.7226,0.13020731924360285,1.6249166666666668,0.15164512319520496,1.2553,1.8921,0.011404338153503848,1797.9943933333338,25.495919013271326,1743.0249,1839.553,-2.171379577308173
motor-0057,degrading,60,89,DEGRADATION,56.097476666666665,1.2613121806762282,53.8617,58.7226,0.046811991101222895,1.7642966666666666,0.1611270895563154,1.4595,2.1334,0.012002246941045605,1782.0932099999998,22.079490791159593,1743.0249,1839.553,-1.4196818464961587
motor-0057,degrading,70,99,DEGRADATION,56.95708666666666,1.5222990815940933,53.8617,60.33,0.07528952169076675,1.8716433333333335,0.18258570897587306,1.551,2.2047,0.016246562847608444,1771.655533333333,13.770142061633049,1743.0249,1804.3984,0.29116720800886314
motor-0057,degrading,80,109,DEGRADATION,56.975666666666676,1.3149957029925567,54.7634,60.33,-0.014927208008899748,1.958136666666667,0.1764473207189298,1.5362,2.3145,0.004252213570633993,1771.071683333333,13.091306094149743,1750.6081,1804.3984,-0.361986184649673
motor-0057,degrading,90,119,DEGRADATION,57.32871666666667,1.3163880603336118,54.7634,60.33,-0.02352442714126871,2.005463333333333,0.16860392340894348,1.5362,2.3145,0.005013859844271402,1767.6500700000001,13.465494909784542,1741.6273,1804.3984,-0.6688059844271641
motor-0057,degrading,100,129,DEGRADATION,57.65265666666667,1.5247899808789698,54.7634,60.6291,0.11754387096774131,2.04062,0.159755073784841,1.5362,2.3145,0.00635581757508333,1755.8987633333331,18.025389471695807,1704.5332,1782.3708,-1.300485183537327
motor-0057,degrading,110,139,DEGRADATION,57.921696666666655,1.1855805288221553,56.0039,60.6291,-0.026696751946609136,2.02848,0.12297173225312125,1.7899,2.2597,-0.005115862068965553,1750.5341966666667,17.968554972052008,1704.5332,1782.3708,-0.48328723025585674
motor-0057,degrading,120,149,DEGRADATION,58.37750333333334,1.2310989127559526,56.0039,60.6291,-0.0022530144605133104,2.0957233333333334,0.16904058030215374,1.7899,2.4929,0.007000823136818642,1754.6737233333338,21.632836914340555,1704.5332,1799.6624,1.500398020022225
motor-0057,degrading,130,159,DEGRADATION,58.089150000000004,1.1795866447616297,56.0039,60.4302,0.0415182869855385,2.03417,0.21620726807086452,1.6827,2.4929,-0.0014451835372636997,1744.9965133333337,31.391571610712464,1681.2012,1799.6624,-1.8936887652948056
motor-0057,degrading,140,169,DEGRADATION,58.327420000000004,1.0053224598439376,56.7293,60.4302,-0.05799768631813219,2.1337400000000004,0.23674671500712882,1.6827,2.5752,-0.0011462513904338474,1739.7165666666665,31.717957702741334,1681.2012,1799.6624,-1.8750664738598917
motor-0057,degrading,150,179,DEGRADATION,59.05919333333334,1.7837289360463064,56.7293,62.8909,0.13180609566184556,2.2296199999999997,0.31779000550678116,1.6827,2.7579,0.026712302558398165,1730.5061966666665,23.601720170677986,1681.2012,1775.6034,1.5929237152391456
motor-0057,degrading,160,189,DEGRADATION,59.53948666666667,1.6676054061104773,56.9427,62.8909,0.08171937708565012,2.3583133333333333,0.24644111769120206,1.8134,2.7579,0.0016470745272524636,1725.526873333333,30.58131776158915,1654.4781,1775.6034,-1.8698761735261817
motor-0057,degrading,170,199,DEGRADATION,60.55544666666667,1.1831216659705326,58.0634,62.8909,-0.0137725027808694,2.347536666666667,0.26224794944649027,1.7867,2.7579,-0.01718213570634049,1724.8506799999998,30.957988521795137,1654.4781,1775.6034,-0.7913977308120451
motor-0057,degrading,180,209,DEGRADATION,60.54519333333334,1.036538121483667,58.0634,62.1857,0.06497926585094448,2.379183333333333,0.29006584894161924,1.7867,2.7937,0.013938487208008825,1713.4360599999998,29.306469361270146,1654.4781,1762.2959,0.27262860956612095
motor-0057,degrading,190,219,DEGRADATION,60.71203333333334,0.8284136540534697,58.2781,62.1857,-0.029107141268076696,2.3385000000000002,0.2747241477069923,1.7867,2.7937,0.0015377085650722423,1705.6262666666667,32.27418868456478,1650.5688,1762.2959,-2.7601757063404326
motor-0057,degrading,200,229,DEGRADATION,60.79781333333332,1.1661175425983246,58.2781,63.6781,0.00036022246940934304,2.4405733333333335,0.24638644704790252,2.0737,2.8604,-0.004907586206896643,1701.4557566666667,28.52656357554811,1650.5688,1748.9783,0.2300539933258629
motor-0058,failure,0,29,DEGRADATION,55.57603999999999,1.412054512073336,52.3285,57.7437,-0.08553196885428328,1.2653333333333334,0.2566705402305107,0.8869,1.6461,-0.007150478309232529,1779.7335933333334,14.645674824123189,1753.2722,1806.5217,-0.5318585984427527
motor-0058,failure,10,39,DEGRADATION,56.81726,2.6617532199160268,52.3285,62.1327,0.16892689655172285,1.3889699999999998,0.3879369821246744,0.8869,2.0309,0.03849167964404894,1775.870793333333,13.692682666444723,1748.8446,1802.1844,0.07493477196879295
motor-0058,failure,20,49,DEGRADATION,58.12515999999999,3.044944221010734,52.3285,62.1327,0.30406874304782966,1.7177266666666666,0.38026463849389003,0.8869,2.1484,0.03836502780867629,1758.21543,31.49033595820734,1693.5903,1802.1844,-2.82041497219135
motor-0058,failure,30,59,FAILURE,59.96261000000001,1.2892851441399606,57.0696,62.1327,0.018623692992212792,2.1994233333333337,0.4119545514441557,1.6653,3.1337,0.04167939933259174,1744.9153000000001,28.13217378659766,1693.5903,1802.1844,-1.9430971301446658
motor-0058,failure,40,69,FAILURE,61.19623333333333,2.2019288985392387,58.0661,66.5022,0.16346344827586104,2.438433333333334,0.3556332861561502,1.9109,3.1337,0.027219087875417113,1712.2836533333334,34.151909773546905,1626.5032,1762.9435,-2.1194741713014764
motor-0058,failure,50,79,FAILURE,62.07536,2.369307454454431,58.0661,66.5022,0.1501179532814229,2.614526666666667,0.2618627909590992,2.1078,3.1337,0.00013063403781975974,1672.1941166666666,64.66677319075121,1539.2131,1762.9435,-6.6063168186874694
motor-0058,failure,60,89,FAILURE,63.8628,1.9092994250946254,59.4812,67.6184,0.08284066740823003,2.7428733333333333,0.315191320664485,2.1078,3.3146,0.026772992213570577,1630.4940933333332,47.50636868959739,1539.2131,1762.9435,-3.5140246051168784
motor-0058,failure,70,99,FAILURE,65.40566333333332,2.6195755599566546,60.601,70.6922,0.23059032258064402,3.0059700000000005,0.4362011991042665,2.1078,4.2105,0.04202547274749715,1597.2341433333336,30.96111498162046,1520.9728,1659.8421,-1.2508095439377178
motor-0058,failure,80,109,FAILURE,67.92897666666667,2.8481196989924578,63.5026,74.2839,0.28744402669632774,3.4774000000000003,0.47795279195055795,2.7925,4.4486,0.0436918353726362,1569.8185066666667,51.39261258489675,1442.1619,1659.8421,-5.1727111457175035
motor-0058,failure,90,119,FAILURE,70.06430666666667,2.297916833849496,65.3211,74.2839,0.1809298331479414,3.798613333333334,0.45673840122717474,2.7925,4.4732,0.03529245828698542,1545.3011633333333,43.07616279840844,1442.1619,1611.3325,-2.364306318131321
motor-0058,failure,100,129,FAILURE,71.73819333333333,1.9561514687319643,67.176,74.2839,0.14277023359288044,4.157713333333334,0.3211493761822093,3.3491,4.606,0.021477775305895355,1523.5191033333338,34.13214254041178,1442.1619,1583.5028,-0.3955031590656729
motor-0058,failure,110,139,FAILURE,72.31012,1.57686623389557,68.3662,74.4445,0.04768560622914174,4.359556666666666,0.3093751139348836,3.5034,4.8176,0.02754395995550606,1514.2331100000001,31.049130814934237,1446.2986,1583.5028,-2.1659878309232647
motor-0059,failure,0,29,DEGRADATION,55.10085333333333,1.3094754295094235,53.0725,58.122,-0.07684262513904375,1.4803533333333334,0.25726295203330174,0.9452,1.8092,-0.014054060066740854,1792.4081466666664,23.176994777447366,1737.1061,1823.6704,-0.8139680088988227
motor-0059,failure,10,39,DEGRADATION,55.624153333333325,1.7114653570811442,53.0725,58.4948,0.1124599332591748,1.5510400000000002,0.34728467247106276,0.9452,2.2532,0.02634682981090099,1777.45139,25.93333497913896,1715.0639,1815.6867,-0.7542470522803102
motor-0059,failure,20,49,DEGRADATION,56.57894333333333,1.7811824060968289,53.1647,59.8111,0.1707043159065614,1.7935233333333334,0.3390696552660267,1.1221,2.2962,0.03491552836484979,1758.8415233333335,38.67460764907368,1686.3022,1815.6867,-3.9742719243604507
motor-0059,failure,30,59,DEGRADATION,58.25103666666666,1.2178843840812186,56.0944,60.907,0.09669577308119877,2.1187533333333333,0.32935208084291123,1.6385,2.8704,0.02889944382647379,1741.1113833333332,28.709318185414787,1686.3022,1815.2866,-1.2731880088988279
motor-0059,failure,40,69,DEGRADATION,60.27969666666667,2.709511329186295,56.4362,66.0423,0.2855260289210221,2.39488,0.3641198249660863,1.7697,2.8838,0.03639755283648495,1727.2097733333333,20.85821789274645,1686.3022,1760.8197,0.08071822024470182
motor-0059,failure,50,79,FAILURE,61.767513333333326,2.244447015894016,57.6826,66.0423,0.15948271412680687,2.4308699999999996,0.3400177408606792,1.7754,2.8838,-0.002427385984427218,1717.8749633333332,30.79159721420204,1654.4179,1760.8197,-2.269719399332619
motor-0059,failure,60,89,FAILURE,62.86401333333334,1.5748784991724143,58.5865,66.0423,-0.02236542825361747,2.5221266666666664,0.34752195511778666,1.8921,3.3373,0.002309054505005509,1703.7247233333335,33.5073955201304,1623.2474,1764.2709,-1.3466748609566526
motor-0059,failure,70,99,FAILURE,62.89719000000001,1.5588281285097902,58.5865,65.7276,0.07972874304782954,2.75893,0.5871446336011824,1.8921,3.8035,0.062173192436040005,1677.15793,41.54207160230978,1600.7434,1764.2709,-2.481608031145739
motor-0059,failure,80,109,FAILURE,63.92887666666666,1.633177813279647,58.5865,66.7459,0.1277418242491642,3.1885966666666667,0.4751350625407007,2.151,3.9296,0.04229608453837592,1661.6139833333334,41.753628454287906,1600.7434,1764.2709,-3.2162963070078336
motor-0059,failure,90,119,FAILURE,65.63790333333334,1.9849009321178286,62.8072,70.1135,0.18350605116796315,3.607666666666667,0.37331726751145894,3.0015,4.491,0.025400044493882043,1630.362393333333,27.47267009589632,1578.4674,1694.6573,-1.8055262736374047
motor-0059,failure,100,129,FAILURE,67.22944666666668,1.9572273832700755,64.0834,70.8454,0.14564137931034382,3.7922800000000003,0.4160379216690068,3.0867,4.5438,0.023537753058954346,1612.3274999999996,35.414523955029146,1520.9913,1671.1416,-2.6867978642936805
motor-0059,failure,110,139,FAILURE,67.44118999999999,2.021621612196507,62.6682,70.8454,-0.060670678531702195,3.8979,0.38216461374648486,2.9788,4.5438,-0.004910834260289306,1583.4570533333333,40.09831346436518,1511.2024,1643.9562,-2.3504988654060415
motor-0059,failure,120,149,FAILURE,68.56386,3.1800687798222222,62.6682,75.1552,0.1488553503893198,3.9728100000000004,0.3742762521186723,2.9788,4.5655,0.00719058954393759,1564.5244200000002,38.517403725765334,1504.704,1643.9562,-1.8580330589544412
motor-0059,failure,130,159,FAILURE,70.02773666666667,3.8004693528109863,62.6682,75.3522,0.355115216907674,4.162120000000001,0.44493346873437156,2.9788,5.0143,0.03990309232480523,1540.0266100000001,32.497435571486264,1471.3582,1619.3933,-1.412877130144638
motor-0059,failure,140,169,FAILURE,71.84052333333332,2.4761287794570683,66.4539,75.3522,0.03890569521690462,4.4740400000000005,0.3706082303457386,3.5998,5.0903,0.030320978865405936,1525.6590166666667,27.71181615319939,1461.8269,1568.7247,-1.6978143937709076
motor-0060,failure,0,29,NORMAL,54.89002666666667,2.3641119161231683,51.3143,59.2789,-0.20854513904338323,1.5792933333333332,0.13252295381890977,1.3214,1.7937,-0.0074081868743048,1790.6224366666668,24.136276328692254,1722.3109,1827.1282,-1.210587563959987
motor-0060,failure,10,39,DEGRADATION,54.50683000000001,2.132007295664503,51.3143,59.0297,0.022993259176862065,1.6560433333333335,0.2086052135547485,1.3214,2.0611,0.014747474972191307,1786.6504366666666,24.324836826605615,1722.3109,1825.8065,1.2486337486095138
motor-0060,failure,20,49,DEGRADATION,55.246089999999995,2.8216217157691426,51.3143,60.27,0.24495744160177882,1.7177666666666667,0.23410894377523375,1.3602,2.1951,0.008027230255839776,1778.0399433333332,30.67093347089044,1719.8383,1825.8065,-1.9676087430478704
motor-0060,failure,30,59,DEGRADATION,56.66940999999999,1.9852955441361033,52.7434,60.27,0.0422070077864275,1.8989666666666667,0.23016646777688732,1.3654,2.3718,0.0064204226918798575,1767.20502,30.832152420261966,1719.8383,1825.8065,-2.3434299443827067
motor-0060,failure,40,69,DEGRADATION,58.40522,2.4748853675002134,53.6316,62.0582,0.14430286985539237,2.0355600000000003,0.2969974293940381,1.3654,2.4549,0.02326847608453834,1739.023713333333,20.962099236474938,1691.0583,1777.0368,-1.310193503893263
motor-0060,failure,50,79,DEGRADATION,58.95600666666666,2.1606597321085883,54.4497,62.0582,0.14585014460511536,2.2541333333333338,0.17648310652549407,1.9133,2.5035,0.015820066740823095,1720.2693133333335,31.75299420356799,1664.4035,1777.0368,-3.311936863181349
motor-0060,failure,60,89,FAILURE,60.25113333333333,1.2345250250827464,57.8377,62.3506,-0.016196707452727516,2.557546666666667,0.3739714550009874,2.1632,3.6441,0.03410687430478304,1702.34113,22.973172273286522,1664.4035,1743.6717,-0.7545087208009412
motor-0060,failure,70,99,FAILURE,60.79113666666665,1.8633490464722084,57.8377,64.8533,0.141346718576195,2.9130366666666663,0.473375833408884,2.2884,3.6865,0.04744527252502775,1693.1029466666669,29.86007184268801,1594.637,1741.4378,-0.11994153503898088
motor-0060,failure,80,109,FAILURE,61.418986666666676,2.098613324512694,57.1822,64.8533,0.06960493882091102,3.112643333333333,0.3208036176888007,2.4449,3.6865,0.0047997997775305066,1684.5393133333334,36.245874673225316,1594.637,1741.4378,-1.8077992436040191
motor-0060,failure,90,119,FAILURE,62.72575333333332,2.3016774324730114,57.1822,67.406,0.08313401557285902,3.286506666666667,0.3009790656433692,2.755,4.0543,0.006675283648498271,1679.3436,34.03639923226311,1594.637,1728.1832,-0.5329836262514303
motor-0060,failure,100,129,FAILURE,63.58784,2.8562759972383613,57.1822,68.0466,0.17341775305895357,3.308653333333333,0.3338021547097754,2.755,4.0543,0.019911768631813053,1663.4196733333335,32.64076492941439,1579.2083,1716.7149,-0.9678213570634259
motor-0060,failure,110,139,FAILURE,64.45659333333334,2.1231459316987342,60.5211,68.0466,-0.06522602892102468,3.4235100000000007,0.27294699283926904,2.9753,4.0543,-0.007609098998887696,1651.4550266666663,36.19560992552304,1579.2083,1716.7149,-3.0362157953281663
motor-0060,failure,120,149,FAILURE,65.48063333333334,2.634701230162961,60.5211,69.7648,0.07780480533926437,3.568306666666667,0.35042949926562345,2.9753,4.1715,0.019945361512791877,1625.7291733333336,30.419223001241992,1567.6514,1685.7188,-2.082352880978916
motor-0060,failure,130,159,FAILURE,65.97504666666667,2.3613566165424666,60.5211,69.7648,0.13653615127919785,3.7670433333333326,0.36424307514198384,3.1019,4.3851,0.03291299221357061,1607.4188766666668,27.346602694395543,1559.0695,1666.3737,-2.1425376863181738
motor-0060,failure,140,169,FAILURE,67.95958333333333,2.0841581584392492,62.2567,71.3989,0.14000816462736185,4.119923333333334,0.2910985751520531,3.469,4.8835,0.022582091212458216,1579.5199833333338,37.10557372493681,1503.1744,1641.414,-3.1905434705228406
motor-0060,failure,150,179,FAILURE,69.35426333333334,2.3955677466915617,64.7535,74.9595,0.2223880978865397,4.342060000000001,0.3209980172316749,3.7551,4.8835,0.026348031145717352,1560.21687,33.55546510665737,1503.1744,1620.8421,-1.971515394883245
motor-0060,failure,160,189,FAILURE,70.92154666666667,1.7230968900467807,67.4536,74.9595,0.06989139043381412,4.514553333333334,0.23448237706820427,4.0883,4.8835,0.0074408898776417145,1516.9902433333332,53.01478799329913,1402.8376,1614.6112,-4.257969632925467
motor-0060,failure,170,199,FAILURE,71.55616666666666,1.5149358777042539,67.4536,74.9595,0.004801690767518704,4.690916666666666,0.26823862521187275,4.1439,5.3296,0.01840918798665167,1495.8063033333333,51.803465913369685,1402.8376,1614.6112,-3.5986789543938325
motor-0061,failure,0,29,DEGRADATION,55.58622333333334,0.748870414105286,54.5849,57.1042,-0.03347045606229304,1.5671966666666666,0.09394129898801462,1.4263,1.8062,0.0003162402669632536,1786.2824633333335,17.576909588102296,1751.4709,1819.6804,-0.1890789988876836
motor-0061,failure,10,39,DEGRADATION,56.648270000000004,1.8466975845456302,54.5849,60.3364,0.1405138820912119,1.7592533333333333,0.2970104854864368,1.4263,2.4523,0.025083692992213528,1781.6632133333328,16.010138768474867,1751.4709,1819.6804,0.23270932146823944
motor-0061,failure,20,49,DEGRADATION,57.72247,2.0711059852407363,54.5849,61.3304,0.1703317686318114,1.9032533333333335,0.2992676602790367,1.4263,2.4523,0.025046718576195736,1767.2586933333337,35.04533531096478,1692.8792,1819.6804,-3.572999733036708
motor-0061,failure,30,59,DEGRADATION,59.346819999999994,1.346855557808631,56.6447,62.3056,0.06147933259176689,2.1707966666666665,0.23364282496057,1.6383,2.66,0.0145539265850945,1736.3682799999995,38.058630991321806,1670.2607,1796.2663,-3.666855127919961
motor-0061,failure,40,69,FAILURE,60.31641,1.6724929955707832,56.6447,63.4436,0.12972918798665062,2.362753333333333,0.30982825966797944,1.8744,2.9979,0.030824338153503845,1711.5496166666665,27.227650069308613,1666.8394,1765.8065,-1.4559824916574098
motor-0061,failure,50,79,FAILURE,60.683069999999994,2.049878992225313,57.0492,64.8856,0.048712413793102725,2.6599133333333334,0.37921549962462714,1.9275,3.6625,0.03463497219132366,1688.4346733333334,32.765226295061986,1611.2919,1746.003,-1.9917638709677843
motor-0061,failure,60,89,FAILURE,61.93142,2.4162421951451805,57.0492,65.8148,0.121178242491657,3.052553333333334,0.45179799965126993,2.3812,3.9717,0.04306478309232475,1677.6506733333335,33.14453635654935,1611.2919,1744.5094,-1.4284837819800213
motor-0061,failure,70,99,FAILURE,64.09356,3.9222627400179784,57.0492,70.6855,0.41274505005561607,3.287703333333333,0.4021562088569841,2.3812,3.9717,0.025511434927697394,1667.7357066666668,27.53211711083299,1611.2919,1728.6088,0.9640714126807337
motor-0061,failure,80,109,FAILURE,66.24103000000001,2.395183991283343,60.9282,70.6855,0.15982315906562683,3.4717700000000007,0.23171760420822585,3.0513,3.9717,-0.0018515016685206386,1658.623726666667,32.57586360588601,1583.8255,1728.6088,-1.566476262513931
motor-0061,failure,90,119,FAILURE,68.10828666666667,1.9320925262062953,64.9935,72.3787,0.0815350834260267,3.5474833333333335,0.283920874051596,3.0513,4.1362,0.016905873192435934,1643.464426666667,36.195290372265575,1561.2061,1728.6088,-2.7157050945495373
motor-0061,failure,100,129,FAILURE,68.22398666666666,1.9561077843059216,64.9935,72.3787,0.10121156840934266,3.7618599999999995,0.357215337110078,3.1194,4.6678,0.024131968854282412,1611.6899133333332,40.21935097153056,1520.9315,1678.3663,-2.864400000000017
motor-0061,failure,110,139,FAILURE,69.03103,1.5734502096030873,65.9116,72.3787,0.002115350389319378,4.062993333333333,0.383222514068379,3.2152,4.6689,0.030188387096774093,1572.382143333333,57.725376198316134,1474.0398,1678.3663,-5.6013117463849325
motor-0061,failure,120,149,FAILURE,71.42575333333333,3.8887527618962294,65.9116,78.7708,0.34859822024471454,4.442366666666667,0.44142475941231746,3.5563,5.4339,0.03671163515016679,1555.2488233333331,43.421748935271935,1474.0398,1627.9722,-0.7405573526140583
motor-0061,failure,130,159,FAILURE,73.46976999999998,3.569245123659435,67.7425,78.7708,0.24668104560622797,4.678023333333333,0.31727022728617676,4.0334,5.4339,0.018436418242491613,1523.99478,43.1264672081882,1456.7382,1613.0173,-1.305088809788678
motor-0062,healthy,0,29,NORMAL,55.143576666666654,2.233345933300277,50.0899,58.1668,-0.19030551724138092,1.5204499999999999,0.18732094339217212,1.1688,2.0051,-0.011170077864293712,1790.39038,18.369308426873353,1752.3447,1812.3774,-0.5374982869855691
motor-0062,healthy,10,39,NORMAL,54.54385666666666,1.8376803952598015,50.0899,57.629,-0.004360689655174168,1.5691033333333335,0.23356529634249082,1.1688,1.9987,0.019375328142380396,1787.9849099999997,20.45711124783344,1752.3447,1824.4497,0.9548353948832011
motor-0062,healthy,20,49,NORMAL,54.77691333333333,1.895126383249647,50.0899,57.6349,0.18379012235817482,1.6624966666666665,0.21297938473528893,1.2286,1.9987,0.010491768631813086,1787.1009199999999,22.84543875753466,1738.6804,1824.4497,-1.0251535038932809
motor-0062,healthy,30,59,NORMAL,55.646159999999995,1.0466429157390151,53.8638,57.6349,0.01070318131256818,1.7209633333333336,0.14219956981494544,1.4697,1.9987,-0.011242335928809825,1793.6015166666668,25.7766547652727,1738.6804,1825.0999,0.6699709232480354
motor-0062,healthy,40,69,NORMAL,56.28912333333333,1.2372232373837082,53.8638,59.0795,0.04262017797552658,1.6055533333333334,0.13619188358913153,1.289,1.9807,-0.010680044493882122,1792.4636133333331,24.77405070501168,1738.6804,1825.0999,1.2819103893214443
motor-0062,healthy,50,79,NORMAL,56.20569,1.2332696383597552,53.8638,59.0795,0.04999005561735109,1.5126566666666668,0.12751077780154726,1.2158,1.7121,-0.009868498331479446,1799.089793333333,16.75525328926093,1770.7481,1825.0999,-1.3141976418242958
motor-0062,healthy,60,89,NORMAL,56.59104,0.8162000173976967,54.9635,59.0795,-0.04400222469410644,1.438733333333333,0.11156219590683739,1.2158,1.641,-0.005863670745272543,1801.4506166666665,22.65658555515497,1770.7481,1852.9128,1.1937690545049844
motor-0062,healthy,70,99,NORMAL,56.42803,0.6003425584058931,54.9635,57.2799,0.027618487208007858,1.42683,0.10592428789785027,1.2158,1.6089,0.0002716129032257745,1803.684553333333,24.545714120904215,1769.8566,1852.9128,0.5506704783091817
motor-0062,healthy,80,109,NORMAL,56.1215,0.8360849849148111,54.4084,57.2799,-0.06251310344827685,1.391573333333333,0.12413812181956393,1.137,1.5949,-0.0034142380422692168,1799.4726266666669,29.126151555717474,1749.6492,1852.9128,-1.8347915906563133
motor-0062,healthy,90,119,NORMAL,56.249903333333336,1.0996727223688971,54.4084,58.8134,0.008446206896550408,1.4532433333333332,0.14841534665331016,1.137,1.6525,0.006167185761957692,1789.8279633333332,22.520729873629506,1749.6492,1846.4725,-0.5604986651835726
motor-0062,healthy,100,129,NORMAL,56.170853333333326,1.1759057566356619,54.4084,58.8134,0.06061521690767351,1.4957233333333337,0.1684683445701958,1.137,1.7874,0.013954371523915432,1781.6159100000004,16.501285441955716,1749.6492,1808.482,0.20046640711898378
motor-0062,healthy,110,139,NORMAL,56.04351999999999,1.2735281584113747,53.8666,58.8134,-0.08571764182424976,1.5250899999999998,0.13620764870838445,1.1085,1.7874,-0.006959532814238075,1786.1583766666665,13.439548047923902,1760.4626,1807.1666,-0.09936082313685815
motor-0062,healthy,120,149,NORMAL,55.84601666666666,1.1850218985552783,53.8666,58.3608,-0.011927452725251603,1.5879466666666668,0.20078568297786795,1.1085,1.9718,0.011333748609566168,1794.6090333333334,22.03505562746678,1760.4626,1845.154,1.9695054505005085
motor-0062,healthy,130,159,NORMAL,55.55911999999999,1.0824204113621168,53.8666,58.3608,0.04036169076751913,1.55695,0.20930864570453522,1.1085,1.9718,0.005174705228031112,1794.487503333334,23.699736598529007,1750.9442,1845.154,-0.4601115239155037
motor-0062,healthy,140,169,NORMAL,55.60171666666666,1.1057350186138128,53.964,58.3608,-0.05115179087875561,1.65573,0.19196070804550946,1.2915,1.9855,-0.001176840934371559,1794.17849,24.911170317367663,1750.9442,1845.154,-1.0849578420467494
motor-0063,healthy,0,29,NORMAL,55.773579999999995,1.1110382316854206,53.5841,58.1155,-0.0021044716351518947,1.3325466666666668,0.2941545146498501,0.7148,1.9182,-0.028953325917686366,1791.25335,22.061506982642126,1750.4369,1831.6041,-0.3091600222469824
motor-0063,healthy,10,39,NORMAL,56.07268666666667,1.1850848660843756,53.5841,58.1155,0.06137446051167845,1.2739599999999995,0.23659453445363723,0.7148,1.605,0.002122313681868701,1792.5665566666669,22.917351692603056,1750.4369,1831.6041,1.387568565072231
motor-0063,healthy,20,49,NORMAL,55.92796,1.3264589277722345,53.5841,58.1155,0.0023767296996651905,1.2559433333333334,0.2211474329993957,0.7148,1.605,0.015117708565072281,1791.5836433333327,22.977892549197282,1750.4369,1831.6041,-0.6908921245829162
motor-0063,healthy,30,59,NORMAL,55.887433333333334,1.0632430184215753,53.869,58.0099,-0.06990082313681997,1.40071,0.11256343500444535,1.2232,1.6156,0.0011955728587318955,1789.7603799999997,20.81244108742654,1755.2578,1823.1573,-1.0642117463849217
motor-0063,healthy,40,69,NORMAL,55.763439999999996,0.9263334023989418,53.869,57.6891,0.05891328142380303,1.4113333333333329,0.14540773554235534,1.2232,1.8291,0.009023715239154576,1781.4136766666668,16.056084059937817,1755.2578,1821.4935,0.19436758620684338
motor-0063,healthy,50,79,NORMAL,55.59703333333333,1.099965407738908,53.3661,57.6891,-0.035301223581759654,1.40906,0.14591856770130388,1.2026,1.8291,-0.003549410456062314,1787.585093333333,15.962666127330438,1755.2578,1821.4935,0.11637272525024607
motor-0063,healthy,60,89,NORMAL,55.419446666666666,1.4550018145998609,53.0362,57.6891,-0.06118571746384979,1.4341133333333336,0.15621669508161481,1.2026,1.8291,0.0031294327030033085,1796.1694600000005,16.9343938915766,1770.5933,1829.4387,1.6787880756395603
motor-0063,healthy,70,99,NORMAL,56.02476666666665,2.1221240155927634,53.0362,60.9026,0.1680918353726358,1.3737666666666664,0.15301233791938335,1.0522,1.6835,-0.0024193548387097144,1798.4969066666663,18.85545717946457,1753.7089,1829.4387,-0.1844362180200695
motor-0063,healthy,80,109,NORMAL,55.781056666666665,2.302838605530623,52.1499,60.9026,-0.025775595105674166,1.3416433333333333,0.16958063113326224,1.0522,1.6835,-0.012946852057842075,1794.2945999999997,20.170753649644976,1753.7089,1829.4387,-1.6486532146830175
motor-0063,healthy,90,119,NORMAL,56.07601333333333,2.232213184223726,52.1499,60.9026,-0.10642304783092423,1.2896366666666665,0.117751448634637,1.0522,1.5417,0.0011695884315906255,1789.6551266666668,15.631777082040978,1753.7089,1824.8986,0.3129563515015998
motor-0063,healthy,100,129,NORMAL,55.54014666666667,1.7810302731346888,52.1499,58.8389,0.10871715239154581,1.2726400000000002,0.12802633999819463,0.9003,1.5137,-0.0007175528364850172,1788.9969733333332,13.507684078304786,1754.6911,1815.5188,0.27898985539485177
motor-0063,healthy,110,139,NORMAL,55.670030000000004,1.5716665660268614,53.2233,58.8389,-0.05704669632925532,1.30884,0.14501710611740487,0.9003,1.6832,-0.0011876751946607743,1786.452266666667,19.614573026066328,1736.9336,1815.5188,-1.0788892102336063
motor-0063,healthy,120,149,NORMAL,55.547173333333326,1.281844412018175,53.2233,58.2773,-0.07344516129032448,1.38996,0.2043187486910261,0.9003,1.7283,0.015689521690767497,1791.1554166666663,25.814721160674754,1736.9336,1838.3745,1.240075528364838
motor-0063,healthy,130,159,NORMAL,55.212340000000005,0.8518313305657013,53.2233,56.8945,0.05089486095661701,1.4181199999999998,0.18264511746371248,1.0925,1.7283,-1.4949944382668296e-05,1787.5130566666667,25.814109688019883,1736.9336,1838.3745,0.19532531701888098
motor-0063,healthy,140,169,NORMAL,55.071043333333336,1.0354661728527024,52.4883,56.8945,-0.07220954393770976,1.4108666666666667,0.1885550818431815,1.0925,1.7283,-0.01247150166852064,1797.0010200000002,22.384836588985852,1768.1166,1838.3745,-0.6316473859844395
motor-0063,healthy,150,179,NORMAL,54.984636666666674,1.2851342021966246,52.4883,57.249,-0.025250878754172323,1.3348066666666665,0.15339039938086813,1.0925,1.6551,0.002466918798665159,1786.9703499999996,16.10704367374202,1768.1166,1824.1351,0.5331891657396722
motor-0063,healthy,160,189,NORMAL,55.063066666666664,1.364375277635234,52.4883,57.8557,0.08664769744159981,1.3094933333333334,0.14541203969716154,1.0454,1.6551,-0.000462513904338169,1787.1946833333334,16.559479718136945,1760.2283,1824.1351,-0.9686787764182581
motor-0064,healthy,0,29,NORMAL,55.70421,1.2588169716973683,53.2424,57.9821,-0.017489810901002465,1.3899666666666664,0.16559078543875025,1.0444,1.8176,-0.00024427141268079655,1803.3949199999995,18.134219622478007,1773.0178,1854.0366,0.5875068743047265
motor-0064,healthy,10,39,NORMAL,56.34859333333333,1.4733750617620152,53.2424,58.0646,0.04972698553948786,1.4465166666666667,0.17439368697162047,1.0444,1.8176,0.001104894327030002,1807.689256666667,20.933109233439765,1773.0178,1854.0366,1.1502134593992561
motor-0064,healthy,20,49,NORMAL,55.87434333333333,1.5650015863002251,53.2424,58.0646,0.004654794215795832,1.3351400000000002,0.2275219851648041,0.8458,1.7299,-0.008143759733036757,1797.992386666667,30.66559818498826,1749.8043,1854.0366,-2.3671139933259484
motor-0064,healthy,30,59,NORMAL,55.752233333333336,1.571674693086609,53.2323,58.0646,-0.13362393770856604,1.31597,0.2264101030578509,0.8458,1.7299,-0.013581156840934408,1793.7253566666666,28.116829556805566,1749.8043,1844.7557,-0.914218576195829
motor-0064,healthy,40,69,NORMAL,56.022566666666656,1.9294536570980103,53.2323,59.6363,0.14242812013348113,1.3161866666666666,0.24554936602556227,0.8458,1.7456,0.011966407119021092,1791.5621133333334,24.85773835072603,1749.8043,1823.501,2.0802661179087427
motor-0064,healthy,50,79,NORMAL,56.454969999999996,1.921761398673969,53.2323,59.6363,0.06785563959955336,1.3447899999999997,0.1919006433027258,1.0769,1.7456,-0.0003550389321468656,1800.951606666666,14.963926507414048,1769.6968,1823.501,-0.5550155283648872
motor-0064,healthy,60,89,NORMAL,56.54807666666667,1.7787343145587784,53.9548,59.6363,-0.17357150166852206,1.3871733333333334,0.16638612709264225,1.1425,1.7456,-0.008299977753059004,1803.1299133333337,13.274783962529181,1783.5946,1833.2477,-0.1645355728587692
motor-0064,healthy,70,99,NORMAL,55.76768333333333,1.2598838414931572,53.9548,58.8555,-0.03904638487208223,1.34278,0.09700863672890163,1.1425,1.5185,0.005364716351501638,1800.2323900000001,11.538495946247343,1783.5946,1833.2477,0.45392558398214766
motor-0064,healthy,80,109,NORMAL,54.74349666666667,1.376973862129884,51.6819,57.234,-0.07844398220244776,1.3353166666666667,0.10360395128672566,1.0913,1.5185,-0.007116462736373778,1799.7360433333333,13.037533329140729,1767.5745,1833.2477,-0.8006498998887629
motor-0064,healthy,90,119,NORMAL,55.114639999999994,1.6228437666844786,51.6819,57.6637,0.012730011123469654,1.3539533333333331,0.11479362274195472,1.0913,1.5954,0.0014602002224693824,1805.207873333333,19.318783480642768,1767.5745,1846.4407,0.9017907897663854
motor-0064,healthy,100,129,NORMAL,55.35126333333333,1.7353502631041249,51.6819,57.6637,0.15725363737485978,1.3496400000000002,0.1219427915048692,1.0913,1.5954,0.004428876529477178,1801.1908766666663,20.79553338300775,1767.5745,1846.4407,-0.10047517241383237
motor-0064,healthy,110,139,NORMAL,56.06091666666666,0.9636934661614254,53.6847,57.6637,-0.026053681868744134,1.3564066666666668,0.1277401710069659,1.1035,1.5954,-0.008426518353726426,1802.087753333333,20.45914292872072,1773.8128,1846.4407,-1.516145228031194
motor-0064,healthy,120,149,NORMAL,56.45423666666667,0.9642482870033472,54.3335,58.3626,0.018212791991100683,1.3666933333333338,0.15504527926454978,1.1035,1.682,0.003036084538375955,1789.26076,9.933674600086317,1773.8128,1813.7813,-0.18506060066743782
motor-0065,failure,0,29,NORMAL,54.736596666666664,1.507345939830078,52.1132,57.7016,-0.0836630700778658,1.3821466666666669,0.2638864600964252,0.9162,1.9102,-0.012959510567297033,1801.5232766666668,14.961952575598414,1774.4214,1827.5365,-0.6722738375973888
motor-0065,failure,10,39,DEGRADATION,54.750953333333335,1.3607077067304185,52.1132,57.3967,-0.007118976640713803,1.4209966666666667,0.3006188178666724,0.9162,1.9102,0.00805786429365959,1804.1078733333336,17.08042889030081,1774.4214,1838.3482,0.8860011568408896
motor-0065,failure,20,49,DEGRADATION,54.26923333333333,1.145760898365022,52.1132,56.5763,0.022735083426028375,1.486313333333333,0.2715931647806246,0.9162,1.8617,0.01809076751946607,1794.57279,26.019306487918413,1744.2439,1838.3482,-1.329036240267001
motor-0065,failure,30,59,DEGRADATION,55.335523333333335,1.501646774640724,52.977,59.1449,0.07047076751946435,1.6681133333333333,0.220628051606217,1.3614,2.1644,0.007013570634037774,1788.7416033333332,26.266664731791167,1744.2439,1838.3482,-2.0288289877642223
motor-0065,failure,40,69,DEGRADATION,56.9282,2.886872995820911,52.977,62.356,0.27726073414905344,1.8680233333333334,0.33146366687097933,1.3789,2.3733,0.03126222469410453,1774.3385066666667,17.542006408008817,1744.2439,1808.4028,9.370411565553137e-05
motor-0065,failure,50,79,DEGRADATION,58.07812666666666,2.0498091559839313,54.6053,62.356,0.040225895439375686,2.0147299999999997,0.2770674648889689,1.3789,2.3733,0.015344449388209098,1758.7660666666666,29.638658669169835,1693.1284,1806.2873,-2.7676386206896924
motor-0065,failure,60,89,DEGRADATION,58.639649999999996,1.668108938638801,55.888,62.356,-0.08427681868743192,2.190926666666667,0.1746935658676517,1.8212,2.5905,0.0033571078976639755,1736.722183333333,34.20075610276362,1660.7742,1806.2873,-2.9267886318131597
motor-0065,failure,70,99,DEGRADATION,59.14869,2.0636935947228214,55.888,62.62,0.21383370411568312,2.3217100000000004,0.27943748179750927,1.8212,2.8391,0.027398687430478283,1706.59716,25.51037033389362,1659.718,1749.0275,-1.676675283648549
motor-0065,failure,80,109,FAILURE,59.615166666666674,1.8729166764404892,55.3059,62.62,0.018012858731922033,2.5704466666666668,0.24599650232382483,2.0414,2.9928,0.024827942157953205,1686.780583333333,31.95169404909108,1627.7526,1749.0275,-2.488842647386034
motor-0065,failure,90,119,FAILURE,60.82769666666666,1.94113799260182,55.3059,63.6173,0.010009988876527032,2.7910833333333334,0.20478187270578635,2.4146,3.2612,0.01563833147942153,1673.7786200000003,27.821747318472546,1627.7523,1726.2564,-0.6693033147942598
motor-0065,failure,100,129,FAILURE,61.445076666666665,2.406827477085875,55.3059,65.5609,0.21890489432702795,2.8206933333333333,0.21914998811062913,2.3694,3.2612,-0.0030430700778643427,1664.0606233333335,30.548249012261294,1621.4316,1741.4058,-0.4113921913237276
motor-0065,failure,110,139,FAILURE,62.35499000000001,1.5271019875022545,59.3031,65.5609,0.0023096106785294324,2.9638300000000006,0.3473238115937345,2.3694,3.7356,0.01590858731924352,1645.4854133333336,40.51108264870848,1580.0414,1741.4058,-2.9494636707452977
motor-0065,failure,120,149,FAILURE,62.9152,1.584972035084532,59.863,66.1563,0.03381913236929828,3.1058166666666667,0.3944039562710067,2.3694,3.7356,0.035555528364849764,1634.0824733333332,33.57406315626128,1580.0414,1741.4058,-1.0308759955506615
motor-0065,failure,130,159,FAILURE,63.33896666666667,2.088760183830485,59.863,68.9475,0.1796692324805337,3.3136066666666664,0.25687792682301236,2.5867,3.7356,0.00989895439377078,1612.4169,28.420561895723772,1561.5065,1668.2972,-0.7211339710790189
motor-0065,failure,140,169,FAILURE,63.68504666666666,1.7729364693888197,61.1681,68.9475,-0.02206927697441759,3.4644166666666663,0.3514117974526309,2.9081,4.3279,0.01889786429365958,1613.5846700000002,26.16990463065223,1561.5065,1668.2972,-1.2451469855395134
motor-0065,failure,150,179,FAILURE,64.49775000000001,2.334429950366185,61.1681,69.6678,0.08962333704115533,3.7036066666666665,0.4656919532146641,2.9081,4.5469,0.03673526140155718,1607.9424766666666,23.15533081434572,1561.5065,1662.5554,1.2832246718576186
motor-0065,failure,160,189,FAILURE,64.73710333333334,2.1952083288355326,61.1681,69.6678,0.1576470967741919,3.8513500000000005,0.4206597443302603,2.9081,4.5469,0.011887675194660706,1593.7641433333333,38.145457222336724,1531.4353,1662.5554,-2.646519354838779
motor-0065,failure,170,199,FAILURE,66.40915333333335,2.264534574363767,62.1129,71.7449,0.11312177975528215,4.061776666666666,0.3362897715595221,3.3267,4.5469,0.010145472747497048,1577.5394733333335,40.05570571196178,1527.9367,1662.5554,-2.8202284760845764
motor-0065,failure,180,209,FAILURE,68.62945666666666,3.5579523255831043,62.711,74.8085,0.3454989766407103,4.19666,0.3639846540721187,3.3267,4.6286,0.035019621802002125,1548.6032533333332,26.515206803351344,1470.0226,1608.1589,-0.9108521468298432
motor-0065,failure,190,219,FAILURE,70.66937333333333,2.9850848875627567,62.711,75.063,0.20745165739710716,4.338756666666667,0.22528408093387822,3.7367,4.6482,-0.007166206896551771,1537.1769966666668,30.888971109825846,1470.0226,1608.1589,-2.4391412013348606
motor-0065,failure,200,229,FAILURE,71.87749333333335,1.468382568890758,69.2531,75.063,-0.08247403781980094,4.448263333333333,0.28172536329237774,3.7367,4.9165,0.0057225583982202215,1520.5238600000002,23.084096789891227,1470.0226,1572.7607,-1.391470255839839
motor-0065,failure,210,239,FAILURE,72.10682000000001,2.1344478620008496,68.1261,77.5693,0.08537187986651655,4.559376666666667,0.36774642412341085,3.7367,5.3044,0.026294037819799776,1523.3790300000003,23.31694861990808,1481.3633,1572.9684,1.120346807563928
motor-0065,failure,220,249,FAILURE,73.06996666666667,2.3374998463220393,68.1261,77.6497,0.15863092324805267,4.832386666666666,0.2805406586496075,4.2957,5.4012,0.019664026696329197,1518.8273066666666,26.367044797055964,1469.1478,1572.9684,-0.6515048275862421
motor-0066,failure,0,29,NORMAL,55.618680000000005,1.484492031279835,52.6285,57.9514,-0.10021334816462846,1.5996899999999998,0.17067497834578252,1.3517,1.995,-0.011086073414905492,1808.9581466666668,12.363826321457111,1779.8574,1827.0066,-0.7335721468298597
motor-0066,failure,10,39,DEGRADATION,55.54507666666666,1.4913180216804485,52.6285,58.2848,0.041340667408230856,1.5759133333333333,0.14974158347707633,1.3517,1.9962,0.009330456062291397,1804.5285233333336,11.825819167220034,1779.8574,1827.0066,-0.13496149054508666
motor-0066,failure,20,49,DEGRADATION,55.860020000000006,1.3745876791241798,52.9135,58.2848,0.11061361512791867,1.6187399999999998,0.13841897172473624,1.3883,1.9962,0.009125739710789742,1787.1582266666667,27.919569243715447,1733.4616,1827.0066,-2.4777503003337613
motor-0066,failure,30,59,DEGRADATION,56.697466666666664,0.9691673606188402,54.4752,59.2661,0.032920889877641156,1.6670433333333334,0.16084766019090513,1.3042,1.9962,0.0013067185761957317,1773.2105566666664,27.028150873656198,1728.6085,1825.4827,-2.0360537263626894
motor-0066,failure,40,69,DEGRADATION,57.62242666666667,1.4631174858120213,55.4801,60.2821,0.12752778642936574,1.782426666666667,0.2415384771740427,1.3042,2.2606,0.019634482758620668,1747.8460999999998,24.999735244944766,1693.1305,1793.1482,-1.4589554616240799
motor-0066,failure,50,79,DEGRADATION,58.781060000000004,1.5747247096132924,55.4801,60.9032,0.14974989988876455,1.9857366666666667,0.2990904818315391,1.3042,2.3619,0.03033563959955504,1733.1878866666668,29.628411672466623,1690.2957,1793.1482,-2.62497152391551
motor-0066,failure,60,89,DEGRADATION,60.22165333333333,1.1077091145643285,58.0608,62.4622,0.09782705228030984,2.2699633333333327,0.22900433399586329,1.8185,2.8128,0.020974482758620662,1722.9439766666667,22.90786623637805,1688.4617,1781.8744,-0.16391054505009883
motor-0066,failure,70,99,FAILURE,61.895146666666655,2.146370050998247,59.2111,67.9078,0.20096921023359254,2.4959166666666666,0.24631577982112496,2.1493,3.0234,0.021231523915461587,1710.5297466666664,25.808774393679027,1636.1438,1762.4053,-1.00189717463854
motor-0066,failure,80,109,FAILURE,61.89079999999999,2.1685512034535863,59.1704,67.9078,-0.03169592880979071,2.7053600000000007,0.2791849537493022,2.2011,3.2407,0.0209882536151279,1696.5102399999998,35.48469087181682,1634.7717,1762.4053,-2.925131479421614
motor-0066,failure,90,119,FAILURE,62.15547666666666,2.4410997532100613,59.1704,67.9078,-0.06400229143492822,2.9090933333333338,0.253538352040782,2.358,3.2443,0.01870104560622909,1678.1821733333334,28.814061346686657,1634.7717,1740.7583,-1.0706319911012592
motor-0066,failure,100,129,FAILURE,63.20176333333334,3.481776721491806,59.1704,70.0451,0.34494662958843125,3.0141233333333326,0.2398424978791058,2.358,3.4395,0.006675884315906483,1663.6736799999999,26.512140541035166,1618.5659,1737.1275,-0.8805763737486417
motor-0066,failure,110,139,FAILURE,64.11545333333332,2.917761379406404,59.9876,70.0451,0.039293437152389914,2.948983333333333,0.26923286213899583,2.2429,3.4395,-0.021632947719688624,1670.6013033333334,26.298315293867304,1618.5659,1737.1275,0.2869533481645668
motor-0066,failure,120,149,FAILURE,65.18268333333334,2.574576186233808,61.0201,70.0451,-0.08944825361512942,2.985676666666668,0.39212106266928437,2.2429,3.802,0.009767808676306907,1662.3421733333337,24.614148302509967,1618.5659,1705.8577,0.1431583982202103
motor-0066,failure,130,159,FAILURE,65.27762333333334,2.94446234590554,61.0201,71.6303,0.20245488320355742,3.1832766666666665,0.48800634058950054,2.2429,3.802,0.044520600667408185,1646.5581100000002,43.90526155795263,1552.248,1705.8577,-4.199582803114609
motor-0066,failure,140,169,FAILURE,66.62769666666667,2.892130940268015,62.1998,72.4478,0.10547143492769571,3.5979433333333333,0.43488565139458085,2.3149,4.3192,0.03986600667408226,1625.0899533333334,35.91723415849957,1552.248,1683.817,-1.5146649610678509
motor-0066,failure,150,179,FAILURE,67.89054666666667,2.5603495953656195,62.2847,72.4478,0.06555150166851878,4.007046666666667,0.388740786586069,3.4441,4.8246,0.03647381535038926,1601.0247266666668,35.308602576000574,1528.6112,1665.0136,-1.4507521245829293
motor-0066,failure,160,189,FAILURE,68.73542333333333,2.7317193448672983,62.2847,74.705,0.16107432703003252,4.137396666666667,0.3412912582954461,3.469,4.8246,0.002269655172413691,1583.6277833333336,40.2548707169545,1499.3927,1664.2585,-3.653205717463892
motor-0066,failure,170,199,FAILURE,70.24804999999999,2.1644899497341163,66.4358,74.705,0.10115027808676193,4.298583333333332,0.29929594616180305,3.4796,4.8246,-0.0038027808676307875,1559.9498100000003,33.22125685357042,1499.3927,1618.9034,-1.1257117018910383
motor-0066,failure,180,209,FAILURE,72.51088333333333,3.2299252892374395,66.4358,79.29,0.2365845383759716,4.325740000000001,0.31682232833771884,3.4796,4.8562,0.01972053392658501,1554.4243466666667,30.984415265363467,1499.3927,1609.4657,0.571024738598417
motor-0066,failure,190,219,FAILURE,72.76989333333333,2.9227524108772704,67.8361,79.29,-0.0045427808676314334,4.570586666666667,0.2261020753750148,4.1277,5.0257,0.01563265850945487,1535.9573533333335,42.77068794416516,1459.6539,1609.4657,-2.471442313681904
motor-0066,failure,200,229,FAILURE,72.79709333333334,2.892232480389886,67.9951,79.29,-0.19072863181312885,4.7534833333333335,0.2740631521910395,4.2497,5.2985,0.02255477196885417,1520.1419633333337,38.098351636971415,1459.6539,1597.2859,-2.815767274749755
motor-0067,degrading,0,29,NORMAL,55.28758666666666,1.0323649876968044,53.3296,57.5985,-0.0577821579532834,1.1948200000000002,0.15496782547784985,0.8263,1.4749,-0.010012369299221387,1808.1024733333331,12.361137701331906,1781.3617,1828.4645,-0.5895022024471759
motor-0067,degrading,10,39,NORMAL,55.56893,1.1451511597892512,53.3296,57.5985,0.014700489432702801,1.25268,0.20156872508733426,0.8263,1.5915,0.009370812013348148,1812.48464,18.172898319706754,1781.3617,1864.79,1.3124583759732509
motor-0067,degrading,20,49,DEGRADATION,55.46489666666667,1.0237098763755719,53.3296,56.9047,0.041984805339264464,1.3019366666666667,0.20808269106829191,0.8263,1.5915,0.017554327030033356,1808.9306700000004,20.955032380825205,1774.3919,1864.79,-0.8567046273637757
motor-0067,degrading,30,59,DEGRADATION,55.81508666666666,0.9412643779276653,54.232,58.4484,-0.031151857619578758,1.4793266666666665,0.1319807256971849,1.2393,1.8443,0.008422558398220216,1802.9963000000002,24.17341114909794,1774.3919,1864.79,-1.9667902558398345
motor-0067,degrading,40,69,DEGRADATION,56.62728333333333,1.8355970520211917,54.232,60.0143,0.15075806451612803,1.5891133333333332,0.192471147159487,1.2393,1.9135,0.018883203559510536,1793.89816,15.952055079134235,1774.3919,1835.004,0.40585837597324276
motor-0067,degrading,50,79,DEGRADATION,57.40404,2.0149094390898394,54.232,60.3745,0.09300240266963315,1.6772,0.13862066224051886,1.3858,1.9135,0.004583270300333668,1790.8321299999998,17.458289494413986,1754.8266,1835.004,-0.3747293659622139
motor-0067,degrading,60,89,DEGRADATION,58.15567333333334,1.5714957062054677,55.057,60.3745,-0.056153548387098656,1.7981933333333335,0.1536833604815072,1.5204,2.1963,0.007915995550611754,1789.0848833333332,17.648509314841714,1754.8266,1835.004,-1.0038665406007115
motor-0067,degrading,70,99,DEGRADATION,58.70952666666667,1.9233112041361256,55.057,61.6477,0.11291604004449217,1.8607466666666668,0.20488061032925708,1.5204,2.2854,0.01223888765294768,1778.97443,12.142547391085879,1754.8266,1809.7491,-0.31435357063406344
motor-0067,degrading,80,109,DEGRADATION,59.090006666666675,1.5330668361019213,55.4149,61.6477,0.07219078976640476,1.9493433333333334,0.17559190885560633,1.5604,2.2854,-0.00043735261401561327,1772.7214633333338,17.601460623472573,1720.671,1809.7491,-1.3337955283648775
motor-0067,degrading,90,119,DEGRADATION,59.863850000000006,1.0340945333156601,57.7585,61.665,-0.012139021134594665,1.993603333333333,0.18523710838334265,1.5604,2.2854,0.004715750834260249,1764.08069,22.803192237277504,1704.9954,1799.1895,-0.7410733481646697
motor-0067,degrading,100,129,DEGRADATION,59.72068333333334,0.9745416444268669,57.7585,61.665,0.05508593993325678,2.0745099999999996,0.1927372985006621,1.5604,2.4629,0.01485666295884314,1750.1336366666662,26.987485249839825,1691.1814,1799.1895,-1.4703110344828128
motor-0067,degrading,110,139,DEGRADATION,59.892076666666654,0.8402868009131695,58.4368,61.665,-0.01823139043381621,2.0994066666666664,0.17187402350429676,1.7658,2.4629,-0.002440622914349352,1743.9927766666665,24.017349035779436,1691.1814,1799.1895,-0.42638249165741954
motor-0067,degrading,120,149,DEGRADATION,60.56475666666667,1.3452619726738066,58.4368,64.0608,0.096977152391545,2.20482,0.2166362225790815,1.7658,2.5354,0.009218286985539456,1741.4382699999999,20.478115344388986,1691.1814,1775.5367,0.5085126807563419
motor-0067,degrading,130,159,DEGRADATION,60.994633333333326,1.4253003211799107,58.4368,64.0608,0.06831025583982028,2.2623466666666663,0.22087697893221514,1.7658,2.5603,0.01817134593993321,1734.0015733333332,26.13141615324272,1672.4357,1775.5367,-1.4071287652948112
motor-0067,degrading,140,169,DEGRADATION,61.39877,1.2551720387128877,58.9995,64.0608,-0.0523012458287,2.4091599999999995,0.09697093585193452,2.2289,2.6401,0.0035193325917686107,1734.19425,25.559629078278228,1672.4357,1775.5367,-0.20653759733041344
motor-0068,failure,0,29,DEGRADATION,56.36883333333335,0.8731478829817746,54.8166,58.4115,-0.02157156840934508,1.5365799999999998,0.27613790805803295,1.0359,2.1455,0.0024006229143492454,1802.708033333333,19.72038057334481,1762.0078,1831.8216,-1.6769277419355202
motor-0068,failure,10,39,DEGRADATION,57.323303333333335,1.8891069471196058,54.8166,60.9911,0.1778988876529461,1.71943,0.41604649752161116,1.0359,2.3851,0.03640451612903224,1791.0103233333334,21.146034413614974,1746.336,1831.8216,-1.7974114126807943
motor-0068,failure,20,49,DEGRADATION,58.68598999999999,1.839947159811934,55.2105,61.1517,0.17416398220244506,1.9753200000000002,0.3470180489062012,1.2107,2.3851,0.030736195773081173,1753.8739766666665,44.13425380148383,1667.3283,1819.3934,-4.345057686318171
motor-0068,failure,30,59,FAILURE,60.09317333333334,0.9309325721853088,57.7749,62.1573,0.04915586206896385,2.3123299999999998,0.3592904564554978,1.8241,3.3,0.028573236929922075,1729.3948066666665,40.47689559122945,1667.3283,1804.0414,-3.5322836484983617
motor-0068,failure,40,69,FAILURE,61.24156,1.658336102362847,59.0053,65.2056,0.15201882091212346,2.6838533333333334,0.5404803072165432,1.8834,3.6846,0.05560720800889874,1697.5638433333334,23.878259244532934,1642.4102,1730.9235,-0.48867766407122754
motor-0068,failure,50,79,FAILURE,62.58999666666666,1.9881597963080215,59.0053,66.9207,0.15262369299221185,2.9816999999999996,0.40974720987457625,2.0292,3.6846,0.026302380422691833,1681.4075000000003,33.38436709936755,1614.277,1730.9235,-2.6032447608454277
motor-0068,failure,60,89,FAILURE,63.61549000000001,1.8174159489689379,59.9733,67.0105,0.028568387096772258,3.3069433333333325,0.31954170899725887,2.6869,4.0058,0.01838146829810894,1655.4782200000002,38.985929034994136,1553.0288,1722.7413,-1.6018177085650993
motor-0068,failure,70,99,FAILURE,65.8053,3.4371398842642416,59.9733,72.6086,0.27443292547274656,3.35636,0.3071035619027128,2.6869,4.0058,0.01765592880978859,1638.7969433333335,33.55849485818935,1553.0288,1700.6272,-0.46030404894333304
motor-0068,failure,80,109,FAILURE,66.57374666666666,3.1202514934679373,59.9733,72.6086,0.14820378197997566,3.533123333333333,0.27462365967912444,3.0163,4.0058,0.005025428253614995,1622.8457333333333,36.423299410993614,1553.0288,1700.6272,-1.375885917686336
motor-0068,failure,90,119,FAILURE,68.27820666666666,2.3883491631855014,63.122,72.6086,-0.02189548387096789,3.737083333333332,0.5114607714402173,3.0163,5.1681,0.046014660734149,1604.40866,34.84163241361882,1541.3913,1678.3091,-3.2199653837597446
motor-0068,failure,100,129,FAILURE,69.38841333333335,3.5504297485171503,63.122,78.1366,0.3403257397107889,4.084110000000001,0.5235897792165161,3.0163,5.1681,0.04649746384872069,1564.3559999999998,42.57683695208776,1484.1195,1635.7422,-4.254157241379351
motor-0068,failure,110,139,FAILURE,71.51485,3.026466988393123,63.122,78.1366,0.21150075639599417,4.474903333333334,0.4715950646358472,3.5479,5.4726,0.034820756395995495,1526.3183133333332,44.4666342961831,1449.8898,1627.3446,-4.341729877641839
motor-0069,degrading,0,29,NORMAL,55.511453333333336,1.0965708245049914,53.3169,57.362,-0.07502714126807743,1.52508,0.24516049083542532,1.126,2.0037,-0.01683087875417133,1786.9675766666667,23.359616914776723,1744.8752,1835.3784,-0.9084746384872663
motor-0069,degrading,10,39,NORMAL,55.75910333333333,1.2623480760031645,53.3169,57.4335,0.04213888765294646,1.5151833333333335,0.22489126273725168,1.126,1.9046,0.01737239154616237,1783.71437,19.789889637003203,1744.8752,1812.3108,1.4974604894326913
motor-0069,degrading,20,49,NORMAL,55.553113333333336,1.2050168634320257,53.3169,57.4335,0.04548569521690564,1.545716666666667,0.2096314910874689,1.237,1.9046,0.0006456729699666038,1792.132446666667,15.510967094795296,1745.3971,1812.3108,0.5596151724137473
motor-0069,degrading,30,59,DEGRADATION,56.407979999999995,1.1348931257758745,54.1285,58.6186,0.021753726362623016,1.6015566666666667,0.19737255750371063,1.237,1.9065,-0.008270367074527291,1793.7694066666668,15.659514363924439,1761.0199,1828.8861,-0.18397575083428305
motor-0069,degrading,40,69,DEGRADATION,56.561436666666665,1.3107928090748067,54.1285,59.3929,0.118449988876529,1.65897,0.2606518331030879,1.237,2.1105,0.019754949944382635,1789.4976966666666,16.49466227879964,1761.0199,1828.8861,-0.17144727474976526
motor-0069,degrading,50,79,DEGRADATION,56.83983333333333,1.1666846141476657,54.7292,59.3929,-0.03892774193548538,1.7780566666666668,0.19629934909610772,1.4067,2.1105,0.010497374860956567,1782.0652699999998,19.249366738556184,1744.9801,1828.8861,-0.659126874304821
motor-0069,degrading,60,89,DEGRADATION,56.852503333333324,1.066249220236786,54.7292,59.3929,-0.01120985539488542,1.9470600000000002,0.16009164583658533,1.5379,2.1941,0.006926896551724104,1777.0113833333332,15.267315221262349,1744.9801,1814.5497,-0.7335233592881328
motor-0069,degrading,70,99,DEGRADATION,57.640010000000004,1.8294502488179334,54.7292,61.7437,0.16467250278086565,1.9729766666666668,0.15813801289450372,1.5379,2.1941,0.009104716351501643,1765.9450299999996,16.716495908894913,1722.1224,1796.8433,-0.938130567297032
motor-0069,degrading,80,109,DEGRADATION,58.328416666666676,1.425157210294905,55.8946,61.7437,0.0588477196885405,2.0462599999999997,0.12126670496609253,1.7673,2.1941,-0.0037746829810901025,1758.095366666667,16.88909377970163,1722.1224,1796.8433,-1.385580689655231
motor-0069,degrading,90,119,DEGRADATION,59.011019999999995,1.1343246044526525,57.1231,61.7437,-0.015189054505006457,2.0937633333333334,0.18245350180860387,1.7673,2.4628,0.009303559510567294,1752.5277133333334,12.056956318538928,1722.1224,1779.7423,0.13353214682979475
motor-0069,degrading,100,129,DEGRADATION,58.86173,0.9503059841089785,57.1231,60.5052,0.050130166852056415,2.2205600000000003,0.2288517651231906,1.7673,2.6942,0.01416498331479415,1745.4156533333335,17.448663500695105,1706.9198,1780.1457,-0.9203329922136235
motor-0069,degrading,110,139,DEGRADATION,59.36776333333333,0.8006068525326416,57.8316,60.9253,0.0278222691879863,2.2949233333333328,0.17887181198339283,1.828,2.6942,-0.001185606229143496,1744.9641366666667,17.743633930858774,1706.9198,1780.1457,-0.7401351056729918
motor-0069,degrading,120,149,DEGRADATION,59.98857333333333,1.1496256399174285,57.8316,62.5154,0.07940133481646156,2.3078133333333337,0.15233732467418779,2.1017,2.6942,-0.007807697441601846,1738.4289466666667,22.241387878333686,1689.8403,1782.0038,-0.20067497219137134
motor-0069,degrading,130,159,DEGRADATION,60.53232666666667,1.262003712338263,58.1444,63.0701,0.049437285873190545,2.2324600000000006,0.143917257709653,1.8327,2.4828,-0.006427274749721931,1731.655283333333,24.22494424446399,1689.8403,1782.0038,-1.7441288765295122
motor-0069,degrading,140,169,DEGRADATION,60.72036000000001,1.074324329241408,58.8383,63.0701,-0.048223136818688436,2.246373333333333,0.1606110351819644,1.8327,2.5759,0.0007301446051167234,1719.8510033333332,23.652628336085378,1687.4622,1782.0038,-1.4359245606229736
motor-0069,degrading,150,179,DEGRADATION,61.13615,1.3593658454710906,58.9753,63.6174,0.05358907675194575,2.34414,0.22241605097953995,1.8327,2.661,0.01729637374860951,1716.2144399999997,13.440511106293556,1687.4622,1742.9601,0.8818362180200214
motor-0069,degrading,160,189,DEGRADATION,61.406606666666676,1.5358741300278773,59.16,64.1215,0.057267719688541135,2.4330166666666666,0.15851423718041507,1.9594,2.661,0.007389922135706319,1715.0753733333336,16.145362748044903,1683.5107,1742.9601,-0.1654872080089182
motor-0069,degrading,170,199,DEGRADATION,61.525589999999994,1.468742774246056,59.16,64.1215,-0.0792269410456077,2.522123333333333,0.11982084037799472,2.3027,2.7827,0.0008771301446050635,1720.4259200000001,19.89359477802507,1683.5107,1757.7249,0.07025152391540551
motor-0069,degrading,180,209,DEGRADATION,61.30263,1.2355079765424426,59.16,64.1215,-0.022778086763070693,2.4857166666666672,0.15718862571940614,2.2332,2.8264,0.0004062513904337925,1710.5537566666667,25.81723984987141,1649.5135,1757.7249,-0.648457196885483
motor-0070,failure,0,29,DEGRADATION,53.54544999999999,1.4085506699559422,50.5719,55.5167,-0.1117811568409353,1.6424566666666667,0.15269023038673935,1.3061,2.0938,-0.0042080311457175015,1812.415,19.76904701660317,1773.1416,1843.0692,-0.249435639599582
motor-0070,failure,10,39,DEGRADATION,53.905723333333334,1.8910341475293937,50.5719,57.6844,0.13766302558398083,1.69872,0.1607241060534065,1.4629,1.9955,0.01167261401557285,1801.102396666667,24.312244190811686,1743.5979,1836.0501,-0.2600517686318338
motor-0070,failure,20,49,DEGRADATION,54.888223333333336,1.9955597306158377,50.9168,57.6844,0.173077753058953,1.7421399999999998,0.15229587562811192,1.4629,1.9955,0.0076001334816462205,1783.9925899999996,38.20474547726021,1729.404,1836.0501,-3.6244233370412022
motor-0070,failure,30,59,DEGRADATION,56.65056,1.3345809930711086,54.1334,59.4256,0.08510367074527196,1.9366566666666665,0.23642136632621755,1.5493,2.574,0.014410923248053388,1766.8937433333333,29.72840157410289,1729.404,1829.0377,-1.4712084315906993
motor-0070,failure,40,69,DEGRADATION,57.324813333333324,1.3223524829467954,54.3831,59.4256,0.084478442714126,2.1051300000000004,0.31936569023613043,1.5493,2.7032,0.030712903225806398,1747.1851133333337,20.002824308510938,1690.493,1790.9603,-0.3334260734149197
motor-0070,failure,50,79,FAILURE,58.16625666666667,1.0264599569014967,55.6216,60.0029,0.03499717463848576,2.352513333333333,0.224691325649706,1.8531,2.7032,0.01852498331479414,1729.7791033333335,35.037508123071795,1669.3941,1790.9603,-3.442505072302608
motor-0070,failure,60,89,FAILURE,58.768660000000004,0.9445834502043751,56.7786,60.4003,0.04866611790878571,2.448666666666667,0.16538149701691407,2.0501,2.8001,0.0026341713014460147,1694.5371133333333,33.75935843773034,1647.4656,1758.3586,-3.4546859176863456
motor-0070,failure,70,99,FAILURE,59.962340000000005,1.8232361501096521,56.7786,65.3184,0.14529116796440347,2.4955299999999996,0.17095455565734421,2.0501,2.8001,0.002691501668520539,1663.7239233333332,24.35066497711694,1613.6499,1704.8905,-2.0824390878754495
motor-0070,failure,80,109,FAILURE,61.269339999999985,1.8708708659516466,58.7553,65.5882,0.14537846496106632,2.5730933333333335,0.2605696988438133,2.0501,3.0946,0.015503581757508269,1656.5928733333335,22.36707750370222,1613.6499,1700.531,0.17457459399329747
motor-0070,failure,90,119,FAILURE,62.894406666666654,1.952709122720421,59.5354,66.9742,0.13700044493881977,2.879363333333333,0.41632603048038636,2.2016,3.6497,0.04215833147942154,1650.5665366666667,24.68918510481167,1604.9082,1700.531,-0.21657795328143276
motor-0070,failure,100,129,FAILURE,63.77718000000001,1.507512407334237,60.7705,66.9742,0.08342055617352448,3.1799466666666665,0.3911661579885913,2.2016,3.7947,0.03290611790878747,1638.42498,37.23121584814189,1549.4884,1700.531,-3.438422291434933
motor-0070,failure,110,139,FAILURE,64.22616666666666,1.2769716980244927,61.9708,66.9742,-0.00211697441601984,3.509583333333333,0.30305598391863,3.0873,4.4419,0.018302981090100028,1605.1003266666664,41.969323583254905,1506.1929,1670.8014,-3.6022864071190326
motor-0070,failure,120,149,FAILURE,64.58561666666667,1.463052610146182,61.9708,67.4765,0.08526400444938634,3.8517500000000005,0.4852690853193379,3.0873,4.6412,0.04588255839822022,1591.0230699999997,35.77007282251605,1506.1929,1650.2387,-0.7042098109010296
motor-0070,failure,130,159,FAILURE,65.89371333333334,2.2568572921555217,61.9708,70.2034,0.22195403781979925,4.332056666666667,0.540880562714378,3.4223,5.2185,0.057621601779755206,1575.8582933333334,33.00687467739546,1506.1929,1645.5386,-0.4459747274750239
motor-0070,failure,140,169,FAILURE,67.73030999999999,2.039032095603205,62.7919,70.2034,0.19450907675194498,4.688946666666666,0.2994591532895411,4.1692,5.291,0.022176284760845218,1574.7730499999998,33.088052283261305,1517.4348,1645.5386,-2.2444102558398638
motor-0070,failure,150,179,FAILURE,69.50322,1.4915323760929007,66.7139,72.5874,0.11994553948831875,4.942763333333333,0.26956669488067125,4.4315,5.5151,0.015793882091212345,1545.9414399999998,34.51975209641188,1487.6694,1608.5836,-2.2918589988876805
motor-0070,failure,160,189,FAILURE,70.81787333333334,1.590998119197156,67.3314,74.4964,0.13295595105672692,4.914209999999999,0.2904570505829276,4.4315,5.5151,-0.0009417797552837701,1521.3730966666662,40.17556531408515,1468.5795,1608.5836,-3.7183400444939143
motor-0071,degrading,0,29,NORMAL,54.33681333333334,1.2210517285611708,51.8047,56.174,-0.09772703003337153,1.6223166666666666,0.16634142214800923,1.1828,1.9448,-0.010683448275862083,1816.7416333333333,23.736187500485862,1765.2668,1851.4452,-0.719001423804296
motor-0071,degrading,10,39,NORMAL,54.21325000000001,1.2578680884072606,51.8047,56.9742,0.004990278086762675,1.5680033333333334,0.13702083170898582,1.1828,1.8162,0.005633036707452715,1811.8524566666665,21.497440124251735,1765.2668,1848.002,1.0231891212457964
motor-0071,degrading,20,49,NORMAL,53.99403666666667,1.3251534649449308,51.9068,56.9742,0.03545221357063267,1.5862900000000002,0.10675664335300168,1.3646,1.8162,0.002333815350389273,1816.4703433333336,15.910332143834149,1789.1693,1848.002,-0.45444829810904963
motor-0071,degrading,30,59,NORMAL,54.04278666666667,1.359964457313336,51.9885,56.9742,-0.07138963292547416,1.58891,0.09505155565972256,1.3974,1.8162,-0.002279443826473888,1820.6875266666668,14.83724510922729,1794.432,1848.0036,0.34366500556170254
motor-0071,degrading,40,69,DEGRADATION,54.266996666666664,1.4466523488116363,51.9885,57.2897,0.05798048943270209,1.6056199999999996,0.12175330084505581,1.4001,1.9422,0.0031028698553948355,1813.2673566666665,25.3952740869331,1735.34,1848.4441,-0.871588097886578
motor-0071,degrading,50,79,DEGRADATION,54.316266666666664,1.2585761328669094,51.9885,57.2897,0.05778513904337988,1.6019100000000002,0.1391695928235283,1.3406,1.9422,-0.001551034482758659,1802.1679666666669,31.81916020582916,1735.34,1848.4441,-2.775531256952193
motor-0071,degrading,60,89,DEGRADATION,54.92393666666666,1.0019726208778805,52.8859,57.2897,-0.0005667408231389016,1.7093800000000001,0.1940823972784068,1.3406,2.0298,0.009350255839822007,1795.37776,29.757342867462704,1735.34,1848.4441,0.08148360400438441
motor-0071,degrading,70,99,DEGRADATION,55.09637,1.1478098359194056,52.8859,57.4971,0.08943005561735139,1.7818133333333335,0.20593856160407537,1.3406,2.157,0.016139577308120132,1787.2284800000002,25.64385885508652,1743.199,1844.5717,-0.3064795550612033
motor-0071,degrading,80,109,DEGRADATION,55.832269999999994,0.9308536437593188,53.777,57.4971,0.0646584427141244,1.8412499999999998,0.14267853085403798,1.5642,2.157,-0.004520867630700821,1779.14688,31.217834420123808,1726.1832,1844.5717,-2.9435854060067097
motor-0071,degrading,90,119,DEGRADATION,56.39901,0.8978443897654729,54.4916,58.2626,0.043917664071189556,1.9369766666666666,0.26383004590497694,1.5642,2.5309,0.015791746384872036,1770.9459966666664,21.549342657143594,1726.1832,1815.5129,0.630042113459324
motor-0071,degrading,100,129,DEGRADATION,57.12434,1.1520928500197662,54.9948,59.563,0.08651577308120098,2.00873,0.29023848487063186,1.5642,2.5309,0.016963715239154586,1768.4984700000002,19.79444670819151,1726.1832,1815.5129,0.9725193993325816
motor-0071,degrading,110,139,DEGRADATION,57.14923333333332,1.1891141182503149,54.9948,59.563,-0.011645383759733556,2.1204033333333334,0.23318851527370632,1.7554,2.5309,-0.0030733481646274233,1771.3822766666667,16.552024873363848,1744.5375,1815.5129,-0.9615778197998317
motor-0071,degrading,120,149,DEGRADATION,57.68751333333334,1.2713613558526766,55.626,59.9245,0.009348342602891272,2.189046666666667,0.22574735101189758,1.757,2.5119,0.011796885428253584,1759.264953333333,10.7373487370559,1736.9324,1776.1238,-0.6173077641824681
motor-0071,degrading,130,159,DEGRADATION,57.63860333333333,1.2075951328938392,55.626,59.9245,0.06584015572858722,2.226646666666667,0.19398482540881615,1.8034,2.5229,0.007572458286985546,1745.1071866666668,19.217780523024917,1701.0634,1769.8496,-1.702205072302594
motor-0071,degrading,140,169,DEGRADATION,57.98510999999999,0.9923747152999551,55.8745,59.9245,-0.031125850945496365,2.2837299999999994,0.14942041170246226,2.0531,2.5229,-0.006871879866518407,1745.8814966666662,20.759065078490146,1701.0634,1778.0413,0.4463271857619117
motor-0071,degrading,150,179,DEGRADATION,58.64019,1.4847812602871846,55.8745,61.2374,0.10086760845383659,2.360196666666667,0.22303323441934736,2.0531,2.783,0.016856573971078957,1741.4575433333337,22.294611037269124,1701.0634,1778.0413,0.35031503893210053
motor-0071,degrading,160,189,DEGRADATION,58.67686666666667,1.5421622010094211,55.8745,61.2374,0.021619755283647284,2.4162133333333333,0.1803222129658154,2.1194,2.783,0.00714531701890981,1741.40623,22.004852713165345,1699.1927,1778.0413,-1.7065991768632442
motor-0071,degrading,170,199,DEGRADATION,59.31611999999999,1.3433811919679883,56.5011,61.2374,-0.04346068965517321,2.4503266666666668,0.15405998168101787,2.2022,2.783,-0.009876218020022302,1736.1533200000001,18.067056550794355,1699.1927,1769.4806,0.21292551724133935
motor-0071,degrading,180,209,DEGRADATION,59.18405666666668,1.2849059349963672,56.5011,61.2305,0.07173848720800821,2.4674766666666668,0.18721604041558218,2.2022,2.959,0.010404694104560557,1732.8859400000001,19.877203585373895,1686.2923,1770.735,-0.05026509454954384
motor-0071,degrading,190,219,DEGRADATION,59.149980000000006,1.2195622959078392,56.7807,61.2305,-0.05851243604004724,2.5159633333333327,0.19302025538499554,2.2022,2.959,0.007792814238042226,1728.3721900000003,22.547730238161474,1685.3555,1770.735,-1.7772569299221765
motor-0071,degrading,200,229,DEGRADATION,59.15993666666667,1.2678383539140763,56.7807,61.239,-0.01433288097886625,2.666723333333333,0.18925714021463558,2.3573,2.959,0.005721134593993285,1725.7402333333332,20.193174088114258,1685.3555,1770.735,0.5080424471634543
motor-0071,degrading,210,239,DEGRADATION,59.44476000000001,1.4905133850679322,56.7807,62.3022,0.13048943270300153,2.701633333333333,0.21462542926896822,2.3573,3.1973,0.00915101223581752,1721.5433199999998,22.893913080458738,1670.3858,1754.5536,0.15481793103447242
motor-0072,failure,0,29,DEGRADATION,55.91699666666668,1.5394262042469657,52.1618,58.2797,-0.10359054505005631,1.61058,0.19955505906891963,1.2799,2.1709,-0.01142994438264742,1812.9343166666663,13.578004677420589,1784.5859,1836.632,-0.07066680756401299
motor-0072,failure,10,39,DEGRADATION,56.53511999999999,2.0575481914809837,52.1618,60.0563,0.09305361512791882,1.65451,0.21197085074761263,1.2799,2.1218,0.012577997775305855,1806.90528,21.104229087782368,1757.4706,1858.0402,-0.3593904338153802
motor-0072,failure,20,49,DEGRADATION,57.47339,2.4503976118649256,52.1618,61.1173,0.22659962180200102,1.8182866666666666,0.29878122178090255,1.2799,2.3846,0.025622958843159033,1789.6468233333335,34.171565078045845,1730.6384,1858.0402,-3.143503870967787
motor-0072,failure,30,59,DEGRADATION,59.48746333333334,1.0394969672821988,57.8581,61.4744,0.07529555061178944,2.127716666666667,0.31417729504568304,1.6761,2.868,0.026604916573971047,1769.8056533333333,31.43321584309326,1730.6384,1858.0402,-2.684752569521713
motor-0072,failure,40,69,DEGRADATION,60.86604333333333,1.6315643823609567,58.0639,63.7736,0.16114662958842985,2.415726666666666,0.35286067593629955,1.6761,2.9111,0.032184071190211286,1740.7394833333333,20.878994185881066,1699.2325,1772.9445,-1.8881424471635309
motor-0072,failure,50,79,FAILURE,61.84848000000001,1.42006484157121,59.6056,65.8103,0.07384929922135579,2.6011033333333335,0.24414872992137848,2.0153,2.9111,0.014246117908787529,1721.5614866666667,26.564510666698837,1667.7836,1764.8016,-2.75774527252509
motor-0072,failure,60,89,FAILURE,62.718636666666676,1.1758140645196515,60.3492,65.8103,0.0014155506117885428,2.7849066666666666,0.2117445315048826,2.2546,3.3374,0.010283648498331438,1706.83579,21.077655456720848,1666.7589,1762.8441,-0.6316673414905739
motor-0072,failure,70,99,FAILURE,62.56206666666667,1.3289631618504545,60.3492,65.8103,-0.005443203559512094,2.71434,0.2843920821682629,2.0096,3.3374,-0.004470166852057932,1684.0049,35.21123069721743,1614.7242,1762.8441,-2.597501846496146
motor-0072,failure,80,109,FAILURE,62.121653333333335,1.562913328527494,59.1099,65.0627,-0.08873321468298254,2.689646666666667,0.29088695138986365,2.0096,3.3374,-0.018097619577308214,1663.0518033333333,45.06127883591029,1588.2682,1762.8441,-4.177954549499444
motor-0072,failure,90,119,FAILURE,62.98090666666666,2.3552734388931484,59.1099,67.6242,0.1473217352613994,2.967493333333333,0.6317504728574057,2.0096,4.0641,0.05818820912124579,1656.6018733333333,38.39281803490452,1588.2682,1728.5886,1.4291272969966136
motor-0072,failure,100,129,FAILURE,64.45544333333333,2.964049705687961,59.1099,70.8385,0.27499179087875303,3.582156666666667,0.785178605449458,2.3597,4.5823,0.08517114571746381,1639.6741833333333,52.83162016075905,1550.2097,1728.5886,-2.372207452725276
motor-0072,failure,110,139,FAILURE,66.47416666666666,1.9334750244630066,62.9313,70.8385,0.10294162402669439,4.075066666666667,0.313698100444077,3.3043,4.5823,0.012124004449388052,1622.80751,56.59831156160845,1550.2097,1728.5886,-5.32316197997782
motor-0072,failure,120,149,FAILURE,68.35564666666667,2.988859252817964,63.8164,74.7433,0.2524189988876512,4.319786666666666,0.2663244308900122,3.7775,4.8111,0.006731479421579451,1601.4799699999999,36.364173853351396,1550.2097,1666.9441,0.6552036707452165
motor-0072,failure,130,159,FAILURE,70.31611666666667,3.2950244755877343,63.8164,76.703,0.2867690100111226,4.25214,0.32971854522708705,3.5942,4.8111,0.0018659844271411445,1579.6188399999996,48.798563980344056,1476.5894,1666.9441,-2.9303282758621334
motor-0072,failure,140,169,FAILURE,71.53289666666666,2.1425998869727305,67.4132,76.703,-0.006895417130147209,4.33394,0.3099976404211275,3.5942,4.8111,-0.013936774193548444,1555.3362366666668,60.012942932179115,1463.3721,1666.9441,-5.78045995550613
motor-0072,failure,150,179,FAILURE,72.14191333333333,1.852929306032898,69.2955,76.703,0.01383256952168901,4.445953333333333,0.4101659377482349,3.5942,5.1319,0.02850945494994427,1525.5154300000002,29.988504025733455,1463.3721,1601.7195,-0.11777167964406443
motor-0072,failure,160,189,FAILURE,72.40019,1.870762391709149,69.2955,77.4515,0.11304464961067737,4.657039999999999,0.3308411548361741,3.8526,5.1319,0.02562518353726354,1520.2701833333335,22.28226802981962,1463.3721,1563.4669,0.13845470522798495
motor-0073,failure,0,29,DEGRADATION,54.59606666666665,1.0393356747888958,52.7495,56.7249,-0.060243604004450536,1.4737500000000003,0.31387674943094035,0.9619,2.0239,-0.02497234705228035,1798.559076666667,17.66658084585475,1775.2088,1831.278,-0.7563387096774808
motor-0073,failure,10,39,DEGRADATION,55.329833333333326,1.7895471459437877,52.7495,58.5826,0.12782718576195717,1.5250099999999998,0.365548715722907,0.9619,2.1491,0.024003314794215767,1789.1119800000004,20.019575791682808,1739.1165,1827.4206,-0.4157779755284225
motor-0073,failure,20,49,DEGRADATION,56.32539,1.9865077914689053,52.7495,58.5826,0.1824997775305877,1.6605966666666665,0.35581034412856644,0.9619,2.1491,0.02866026696329253,1772.5615899999998,32.56904273268661,1693.6343,1827.4206,-2.5796076751946875
motor-0073,failure,30,59,DEGRADATION,57.01224333333332,1.1590192306956013,54.1652,58.5826,-0.07966845383759892,2.0251333333333332,0.24411273260979693,1.5665,2.6256,0.016877908787541675,1757.8090599999998,28.605030150745645,1693.6343,1822.5695,-1.9004321690767976
motor-0073,failure,40,69,DEGRADATION,58.00424333333333,2.1162254980165884,54.1652,61.745,0.12494329254727392,2.239266666666667,0.354863572220211,1.5665,2.8675,0.03610229143492768,1739.404676666666,17.03031463002927,1693.6343,1762.0874,-0.4489230923248582
motor-0073,failure,50,79,FAILURE,58.74671666666667,2.3426802453718603,54.1652,62.0821,0.18142934371523714,2.4402533333333327,0.24811620628693767,1.8946,3.0997,0.006999466073414869,1726.3382266666667,26.59597730755453,1657.9196,1759.3016,-2.264786073414945
motor-0073,failure,60,89,FAILURE,61.476426666666654,2.7119455247642574,58.0358,68.0163,0.19138229143492658,2.7544333333333335,0.43503236916604515,1.8946,3.5248,0.03144711902113451,1714.0958666666668,24.47047710656434,1657.9196,1759.089,-0.9331979532814668
motor-0073,failure,70,99,FAILURE,64.14463333333335,4.011997906391389,58.4934,69.8215,0.4010370634037809,2.9423833333333334,0.44911297174418036,1.8946,3.5248,0.03750809788654054,1703.4228466666661,27.214112359420366,1651.0265,1758.1954,0.024838576195754473
motor-0073,failure,80,109,FAILURE,66.12584,2.9831547275325825,58.7319,70.029,0.0929955061179076,3.310833333333334,0.2692334034913862,2.6504,3.7853,0.015189632925472665,1700.9882933333333,27.809253048160475,1651.0265,1758.1954,-0.9633781979978145
motor-0073,failure,90,119,FAILURE,66.61563333333335,2.0544568173174675,63.2254,70.029,-0.1593995105672991,3.5163599999999997,0.3518184812276543,2.876,4.2105,0.03312169076751937,1683.271696666667,37.069433428810164,1574.6356,1751.236,-2.210497686318192
motor-0073,failure,100,129,FAILURE,66.61258666666666,2.2013671521327125,63.2254,70.668,0.08260885428253409,3.836556666666667,0.3643420029618082,3.1831,4.5645,0.02550035595105667,1633.4292433333335,71.53563072047702,1480.9135,1751.236,-7.433529499443886
motor-0073,failure,110,139,FAILURE,67.16189,1.90916928572787,63.2254,70.668,0.10980077864293507,4.029636666666667,0.3486774282756039,3.3262,4.5681,0.012499955506117834,1597.6838366666668,57.79221565657715,1480.9135,1703.2838,-4.057612258064549
motor-0073,failure,120,149,FAILURE,69.80170666666668,3.197857530486448,64.688,78.7226,0.2538460511679641,4.102423333333333,0.3765553998048923,3.3262,4.8989,0.0028445161290321912,1573.2790999999997,34.290490976216695,1480.9135,1621.5763,1.1168182869855188
motor-0073,failure,130,159,FAILURE,70.91902333333334,3.2815940007546467,64.79,78.7226,0.21275931034482587,4.263050000000001,0.41438878503968546,3.3262,4.9016,0.03043179087875409,1568.700356666666,31.471917102285364,1503.634,1621.5763,-2.2669165517241665
motor-0073,failure,140,169,FAILURE,71.91089000000001,2.3888636830579792,68.4336,78.7226,-0.11988117908787703,4.433526666666667,0.3777929873474214,3.5688,5.1145,0.030275372636262433,1545.1352766666669,38.96116894024685,1483.1413,1621.5763,-3.101844160177996
motor-0074,degrading,0,29,NORMAL,56.87791333333334,1.4036961246968263,54.9469,60.6429,-0.031798576195774184,1.681756666666667,0.10963059695581745,1.4189,1.8715,-0.007690389321468364,1807.1407233333334,18.31833699716733,1769.6451,1845.8601,-0.36858271412685184
motor-0074,degrading,10,39,NORMAL,57.239403333333335,1.2093674551828968,54.9469,59.5671,-0.017005272525028686,1.7459266666666666,0.17261265487275904,1.4189,2.0609,0.01105063403781976,1806.396876666667,20.31192094767148,1769.6451,1845.8601,0.7642002447163173
motor-0074,degrading,20,49,NORMAL,56.99367666666667,1.130822828941632,54.9469,59.0708,0.041842869855393136,1.6711500000000001,0.24260559316168565,1.1536,2.0609,-0.006340355951056782,1806.8347033333334,21.16368851333944,1769.6451,1845.8601,-0.20735152391545414
motor-0074,degrading,30,59,DEGRADATION,57.17522999999999,1.0296185773220425,55.151,59.0708,-0.05935236929922238,1.7255100000000003,0.2594152518646504,1.1536,2.1696,-0.008571590656284819,1800.9259400000005,19.237742330543863,1774.3017,1840.5548,-1.5001644048943827
motor-0074,degrading,40,69,DEGRADATION,57.37395,1.2504926353908152,55.151,60.0483,0.04535579532814062,1.7603499999999996,0.2990570065500333,1.1536,2.296,0.025021601779755247,1795.4996333333333,15.103815342385793,1764.8192,1833.259,-0.32154100111240314
motor-0074,degrading,50,79,DEGRADATION,57.37140999999999,1.2453685120878877,55.059,60.0483,0.02711957730811769,1.9051900000000004,0.221768817089629,1.4592,2.296,0.00835757508342602,1781.1088399999999,23.0036762622499,1726.1619,1824.7354,-1.4960568186874834
motor-0074,degrading,60,89,DEGRADATION,57.82829666666667,1.2267326395710227,55.059,60.0483,-0.010631746384873079,2.03391,0.17791706747808092,1.6161,2.4242,0.0034691657397107663,1774.21903,24.886300957262264,1726.1619,1824.7354,-1.4628769076752401
motor-0074,degrading,70,99,DEGRADATION,58.386060000000015,1.6233156755234026,55.059,61.5668,0.13105299221356945,2.086703333333333,0.19648802420390804,1.6161,2.4389,0.01413822024471633,1761.4695333333334,20.631796559377854,1724.3169,1792.6077,-0.10778286985543621
motor-0074,degrading,80,109,DEGRADATION,58.88942333333332,1.2964617311959332,56.0951,61.5668,0.0477228698553938,2.1574000000000004,0.15380501508945235,1.7501,2.4389,-0.0008118798665183841,1757.82461,22.43446489305165,1718.3541,1792.6077,-0.7715650055617687
motor-0074,degrading,90,119,DEGRADATION,59.22379666666666,1.0007860548866356,57.7131,61.5668,-0.04237750834260453,2.182586666666667,0.21732620908568656,1.7501,2.6081,0.0012973971078975863,1762.0438800000002,25.270202201122167,1718.3541,1817.8598,1.0202114349276463
motor-0074,degrading,100,129,DEGRADATION,59.49660333333335,1.2143786363083886,57.7131,61.3799,0.10540028921023235,2.227593333333333,0.28342333464664166,1.7501,2.6976,0.007630522803114525,1760.6437966666667,23.43399994898413,1718.3541,1817.8598,0.6710340155728425
motor-0074,degrading,110,139,DEGRADATION,59.479843333333335,1.3186806701354539,57.0365,61.3799,-0.012030411568410424,2.2507333333333333,0.2651254562571379,1.796,2.6976,-0.00035021134593998836,1753.45999,28.92571882441126,1679.1805,1817.8598,-2.2859016907675658
motor-0074,degrading,120,149,DEGRADATION,60.47181666666667,1.593784352431519,57.0365,63.1121,0.043313437152390596,2.3303866666666666,0.2335696637455777,1.8349,2.6976,0.0029601779755283296,1742.5924333333337,20.52562372298478,1679.1805,1775.1896,-0.5599411345940671
motor-0074,degrading,130,159,DEGRADATION,61.400169999999996,2.3845785086886955,57.0365,65.7129,0.2093067185761948,2.34583,0.17225918485429645,1.952,2.6197,0.009764827586206845,1731.9191366666666,19.392836275103985,1679.1805,1761.1951,-0.05736282536156969
motor-0074,degrading,140,169,DEGRADATION,61.77488666666667,1.9773481773549362,57.5096,65.7129,-0.09805979977753228,2.4389666666666665,0.1329983767653659,2.2046,2.6474,0.0014011568409343096,1729.1346999999998,18.71668747004483,1696.7468,1761.1951,-1.533783804226971
motor-0074,degrading,150,179,DEGRADATION,62.02373,2.0797023888287476,57.5096,65.7129,-0.04789466073415041,2.569576666666667,0.2300819733389723,2.2053,3.0348,0.017834460511679594,1723.2067033333333,16.686323132024075,1696.7468,1755.5542,-0.0409179310345409
motor-0074,degrading,160,189,DEGRADATION,61.42642333333334,1.713724441809579,57.5096,64.6488,0.09196380422691845,2.642833333333334,0.21094963590603533,2.3252,3.0348,0.003926095661846412,1716.0707633333334,18.240650415934244,1679.4374,1755.5542,-0.6939707007786926
motor-0074,degrading,170,199,DEGRADATION,62.14857666666666,1.4229811412859812,60.0809,64.7378,-0.01649163515016875,2.675966666666667,0.19460024723062977,2.347,3.0348,-0.01291341490545059,1717.3077866666667,19.72450013307872,1679.4374,1755.5542,-0.3824645606229444
motor-0075,failure,0,29,NORMAL,56.08147000000001,1.2376457730034607,53.9425,58.701,-0.0742592880978883,1.387593333333333,0.14912902005385212,1.1169,1.6419,-0.01266215795328146,1784.4199333333336,9.803568146932802,1761.6341,1801.0061,-0.2334881423804448
motor-0075,failure,10,39,DEGRADATION,56.08034,1.2953116110547818,53.9425,59.2308,0.060710522803113724,1.4200366666666668,0.17817217231904903,1.1169,1.7629,0.006109744160177931,1788.5628700000002,11.415371385757297,1761.6341,1810.8254,0.38128460511672024
motor-0075,failure,20,49,DEGRADATION,57.001216666666664,1.5228242971713957,53.9425,59.4668,0.15646836484983206,1.4593633333333333,0.20699411502638324,1.1169,1.9005,0.017387563959955502,1775.1711666666665,23.36372814600064,1728.7223,1810.8254,-1.4621528364850356
motor-0075,failure,30,59,DEGRADATION,57.65364666666666,1.1238083450877596,55.5305,59.4668,0.03119225806451468,1.6981899999999996,0.21208575521865364,1.3454,2.1086,0.01706627363737484,1766.4010933333327,26.087345988606987,1716.9489,1810.8254,-1.8669528364850232
motor-0075,failure,40,69,DEGRADATION,58.29869,1.020957243097542,55.5305,60.2404,0.030716062291432873,1.9049233333333333,0.2925655569649685,1.3736,2.4079,0.027811902113459335,1741.1523699999998,21.24483507688632,1702.2376,1786.8124,-1.2207339043381993
motor-0075,failure,50,79,DEGRADATION,58.332566666666665,1.2809345367955212,55.5305,60.2404,0.05034602892102239,2.04128,0.18065129098164048,1.6718,2.4079,0.0028280311457174316,1725.6656866666667,25.278587276991736,1683.4342,1778.4102,-2.2265019354839053
motor-0075,failure,60,89,DEGRADATION,59.44590666666667,1.4586836533745835,56.5355,63.1273,0.07090295884315902,2.15937,0.19065634030894435,1.7878,2.564,0.004855684093437106,1707.82326,15.512871741118754,1683.4342,1753.3864,-1.0469891434928043
motor-0075,failure,70,99,DEGRADATION,60.981066666666656,2.372900766057349,56.5355,64.7255,0.2156523692992203,2.2483533333333336,0.24262993183492884,1.7878,2.7205,0.021194749721913198,1707.5640033333336,13.824619038765215,1683.4342,1736.1901,0.8222013570633653
motor-0075,failure,80,109,FAILURE,61.616440000000004,1.801646201413215,58.7914,64.7255,0.00013615127919698505,2.4108266666666665,0.17771311325341813,1.9959,2.7232,0.010086451612903202,1701.64201,21.418552895972386,1646.9627,1736.1901,-0.48023908787542346
motor-0075,failure,90,119,FAILURE,61.64074333333335,1.784407625456944,58.8495,64.7255,-0.12522066740823357,2.5984999999999996,0.26858697039630697,2.2407,3.4143,0.018806051167964386,1696.1540633333332,27.544930971795687,1646.9627,1747.5681,-1.9137288765295148
motor-0075,failure,100,129,FAILURE,61.660646666666665,2.16156727040564,58.8495,66.9798,0.1558220244716337,2.546873333333333,0.3492384180215891,1.929,3.4143,-0.0010052502780868134,1669.9178066666666,32.9846794818436,1590.4264,1747.5681,-2.3170953503893243
motor-0075,failure,110,139,FAILURE,63.01233333333334,2.4294164590608074,58.8495,68.6787,0.19646522803114455,2.6445500000000006,0.357742944724281,1.929,3.4143,0.0010036707452725164,1649.315833333333,35.179898473250624,1590.4264,1747.5681,-3.1471397997776096
motor-0075,failure,120,149,FAILURE,64.65511000000001,2.1696344409984523,59.9553,68.6787,0.09462645161290166,2.839933333333333,0.5468359183114763,1.929,3.8982,0.05621058954393768,1640.1150400000001,25.18739372373409,1590.4264,1691.6997,0.5548511234704637
motor-0075,failure,130,159,FAILURE,65.92406333333334,2.41226549830698,62.089,71.4148,0.09403655172413701,3.2652033333333335,0.4416253053463107,2.4727,3.9322,0.03916620689655164,1621.8258766666665,36.55481075395942,1531.1476,1691.6997,-1.7085649165739833
motor-0075,failure,140,169,FAILURE,66.14851,2.4181343296503046,62.1659,71.4148,-0.03383793103448414,3.5602433333333336,0.2900700716302107,2.9271,4.0339,0.015684338153503796,1608.6645199999998,42.535222698138845,1530.6671,1691.6997,-3.1945901223582056
motor-0075,failure,150,179,FAILURE,67.71130666666666,2.9664237500098016,62.1659,73.7938,0.13931087875416956,3.769566666666667,0.3055886596208845,3.0868,4.4189,0.02129339265850938,1584.08626,27.309634648546055,1530.6671,1636.0992,-0.5861234705228447
motor-0075,failure,160,189,FAILURE,68.03089,2.7248647395604784,62.1659,73.7938,0.17319094549499311,3.869176666666667,0.27860067442288944,3.2954,4.4189,0.013432947719688424,1584.2211366666666,25.172003990405475,1530.6671,1641.9539,0.3976389988876077
motor-0075,failure,170,199,FAILURE,69.58012000000001,1.57744833796018,66.3507,73.7938,-0.02756529477197104,4.107446666666666,0.3324301387593423,3.4041,4.8216,0.01804062291434928,1582.5892066666668,23.435838829307755,1542.8995,1641.9539,-0.20857552836490578
motor-0075,failure,180,209,FAILURE,71.10294999999999,3.050996716348064,66.3507,76.9272,0.2879028476084518,4.312546666666666,0.42737276136360813,3.4041,5.0151,0.04189557285873185,1572.1449233333337,30.988350949269986,1501.4587,1641.9539,-1.8485721690767698
motor-0075,failure,190,219,FAILURE,72.51256333333332,2.7090827781721423,68.306,77.6867,0.09637790878754122,4.501543333333333,0.2960373734101077,3.8376,5.0151,0.008415150166851898,1537.82309,49.589054314430776,1419.1681,1607.7919,-4.19182302558401
motor-0075,failure,200,229,FAILURE,73.80262666666665,2.19329423226545,69.3625,77.6867,-0.04362678531702112,4.6847900000000005,0.3096991942191648,4.1927,5.4215,0.014997174638487109,1514.0696033333338,42.131423709352475,1419.1681,1595.0653,-1.8313817797553007
motor-0075,failure,210,239,FAILURE,74.31471333333334,2.61867091616254,69.3625,79.0149,0.17288756395995403,4.941123333333334,0.47501631949743456,4.1927,5.7825,0.04444033370411557,1498.34047,30.09630792603582,1419.1681,1543.0088,1.0646118576195203
motor-0075,failure,220,249,FAILURE,74.59944666666665,2.8721909625154716,68.1723,79.0149,-0.006797107897665951,5.317539999999999,0.4117179411522732,4.5287,6.0206,0.03229552836484969,1493.8503733333334,24.700233832144644,1457.2751,1543.0088,-1.8068852947719931
motor-0076,failure,0,29,NORMAL,55.39924333333333,1.87697024495743,52.3106,58.6027,-0.18013559510567467,1.62159,0.10520447503156256,1.4578,1.8306,-0.004210389321468362,1789.9440299999999,21.186971504648003,1758.1765,1834.8085,0.5497766184649079
motor-0076,failure,10,39,DEGRADATION,55.78853333333334,2.347834470220495,52.3106,60.2818,0.10473486095661784,1.6893200000000002,0.20891226771063495,1.4578,2.305,0.017630700778642913,1785.0510133333332,23.713687596305117,1745.9907,1834.8085,-0.45995368186879176
motor-0076,failure,20,49,DEGRADATION,56.41148666666666,2.527179192002199,52.3106,60.2818,0.2235215127919897,1.8196666666666668,0.24110814355572668,1.4578,2.4361,0.015976418242491616,1765.4068433333332,35.3915057296586,1708.1711,1834.8085,-3.081438998887695
motor-0076,failure,30,59,DEGRADATION,58.27370333333333,1.2831767021688354,56.2897,60.8714,0.05216491657397014,2.00429,0.22603051762981036,1.6199,2.4726,0.012981824249165691,1741.3915000000002,25.266040438620387,1708.102,1791.3575,-2.210469499443846
motor-0076,failure,40,69,DEGRADATION,59.35314666666667,1.937009745068127,56.4074,63.975,0.1809697441601766,2.1762633333333334,0.25698730122106983,1.7074,2.6656,0.01898880978865403,1722.25004,17.67766959108957,1665.5533,1740.3769,-0.6548413348164811
motor-0076,failure,50,79,FAILURE,60.168896666666676,1.6719606603193624,56.6463,63.975,0.08983499443826427,2.3356399999999997,0.18330785871496796,1.87,2.6656,0.013926273637374805,1712.2558199999996,22.804302161469426,1661.6509,1740.3769,-1.7707781535039235
motor-0076,failure,60,89,FAILURE,59.88683000000001,2.030363558766426,55.5743,63.975,-0.1424126585094569,2.574913333333334,0.27319841475056583,2.2651,3.3486,0.02208080088987758,1701.5742466666668,35.178646062260846,1625.1215,1770.8274,-0.9846318576196424
motor-0076,failure,70,99,FAILURE,60.59744666666666,2.7761821378448652,55.5743,65.7627,0.16324600667408104,2.8931766666666667,0.4407186424340237,2.2651,3.9417,0.044885583982202375,1683.8108933333338,37.31589669371425,1615.4292,1770.8274,-1.4697224471635342
motor-0076,failure,80,109,FAILURE,60.96407,2.925000191242159,55.5743,65.7627,0.18459321468298098,3.1119066666666666,0.30982382406063536,2.5514,3.9417,0.0125583537263626,1658.49966,45.901477032956855,1587.0783,1770.8274,-3.1634536596218497
motor-0076,failure,90,119,FAILURE,63.21494666666668,1.9595743460818784,58.8904,65.7627,0.05927021134593931,3.1209033333333323,0.28124248906514027,2.6826,3.9417,-0.020320022246941093,1652.6822666666665,33.5191553479632,1587.0783,1709.4756,0.3499548832035163
motor-0076,failure,100,129,FAILURE,64.12684666666667,2.4245654388272455,58.8904,68.5449,0.22640858731924146,3.1402466666666666,0.2725771520546471,2.6826,3.6659,0.016587007786429277,1646.7272400000004,30.64199596207359,1587.0783,1708.8803,1.140589810900971
motor-0076,failure,110,139,FAILURE,66.61404,2.020696804834081,63.3862,71.4464,0.19259755283648342,3.3200166666666657,0.37586921314320076,2.6826,4.0927,0.035303025583982094,1629.7789666666665,51.07913345505732,1525.4007,1708.8803,-4.8171804671857865
motor-0076,failure,120,149,FAILURE,68.28224999999999,1.9603865660884339,64.3564,72.4321,0.14004300333703942,3.7394433333333335,0.38422710444330826,3.2097,4.5223,0.0365672302558398,1590.8968166666666,44.769488239805185,1525.4007,1670.6777,-3.542006918798699
motor-0076,failure,130,159,FAILURE,68.54113000000001,2.1659432849069096,62.7303,72.4321,-0.062329499443827784,4.064666666666666,0.4055570862680399,3.2097,4.8367,0.03973641824249165,1564.2926233333333,26.52657471704787,1525.4007,1621.1726,-0.15744438264741473
motor-0076,failure,140,169,FAILURE,68.24710666666665,2.163637160267149,62.7303,72.4321,-0.058608053392661584,4.346453333333333,0.3245187408387311,3.8364,5.0931,0.020901268075639464,1534.4514800000002,46.83108681536514,1449.0257,1621.1726,-3.6911109677419676
motor-0076,failure,150,179,FAILURE,68.04723333333332,1.946982292563432,62.7303,71.3316,0.10261819799777386,4.5488133333333325,0.3667746281059013,3.9684,5.1949,0.02328658509454945,1528.28191,45.50233882205288,1449.0257,1621.1726,-1.288225027808722
motor-0076,failure,160,189,FAILURE,70.83327333333334,3.5768577764972567,65.3093,78.5031,0.3551444716351492,4.660529999999999,0.3788718078277488,3.9684,5.1949,0.021293370411568376,1497.9832866666666,39.41595877658129,1430.7091,1610.4186,-0.06837739710791248
motor-0077,failure,0,29,NORMAL,55.09162333333334,0.7906759469733616,53.284,56.6202,-0.015621512791992444,1.5325666666666669,0.2168673163224207,1.1828,2.1099,-0.007673592880978908,1815.1527500000002,16.222687081815387,1776.6427,1849.4703,-0.6869420467186488
motor-0077,failure,10,39,DEGRADATION,55.47626666666667,1.4586957453682912,53.284,59.2619,0.05684631813125432,1.6508366666666665,0.31100206267626085,1.1828,2.2354,0.019565850945494945,1812.075916666667,14.24216033886907,1776.6427,1834.3629,0.18076642936593504
motor-0077,failure,20,49,DEGRADATION,55.69659333333333,1.4412537715321179,53.3631,59.2619,0.07701615127919761,1.79683,0.2795865008066972,1.2087,2.2354,0.02687072302558396,1798.3257600000002,26.394741578132567,1746.336,1834.3629,-2.3476578865406634
motor-0077,failure,30,59,DEGRADATION,56.36812,1.3406227524052636,53.3631,59.2619,0.03060720800889824,1.9467833333333335,0.15401976298153716,1.6389,2.2354,0.0008340155728587063,1782.73771,26.47947327930763,1746.336,1834.3629,-2.1826455839822474
motor-0077,failure,40,69,DEGRADATION,57.290259999999996,1.8372581017374776,55.1539,62.3525,0.1473067853170174,2.1420733333333337,0.32590889108597343,1.6389,2.7789,0.029595550611790852,1761.754773333333,18.352704204811037,1724.8135,1799.1081,-0.887846718576251
motor-0077,failure,50,79,DEGRADATION,58.70524666666667,1.991243723025609,55.8814,62.3525,0.17546028921023238,2.3503866666666666,0.34558507079379974,1.6389,2.8128,0.033328142380422615,1749.5926166666663,24.773250634802103,1691.7131,1792.7034,-2.0983410233593274
motor-0077,failure,60,89,FAILURE,59.56770666666667,1.754295948414127,55.342,62.6614,0.031826295884314036,2.6554700000000007,0.1730373893122524,2.314,3.025,0.014539866518353704,1741.7125466666666,25.521919956261577,1691.7131,1780.3774,-0.39070278086766985
motor-0077,failure,70,99,FAILURE,60.447916666666664,1.70448593248978,55.342,63.6867,0.05020936596217962,2.657563333333333,0.2262383794191919,2.2651,3.0601,-0.0028111012235818114,1723.86401,29.683817826995114,1672.3076,1779.8137,-1.2722431813126012
motor-0077,failure,80,109,FAILURE,60.68048999999999,1.908532006255069,55.342,63.8394,0.03907477196885225,2.7355466666666666,0.252563843721851,2.2651,3.1759,-0.0010824026696330028,1700.5958733333334,41.62851510585767,1634.9161,1779.8137,-3.4897591546162907
motor-0077,failure,90,119,FAILURE,62.12350000000001,1.887912370494633,58.6732,67.0236,0.06406402669632781,2.94817,0.44666044086457146,2.2651,3.6979,0.03856638487208007,1679.6375500000001,23.765006353134005,1634.9161,1728.2657,-0.6923674527253155
motor-0077,failure,100,129,FAILURE,63.47927000000001,2.470676508995056,58.6732,67.0236,0.1983336818687409,3.299823333333333,0.4129155568905369,2.4743,4.0209,0.03836829810900996,1660.7482499999999,29.25296553959102,1589.8152,1705.9851,-1.0408584427141854
motor-0077,failure,110,139,FAILURE,64.92567333333334,1.547134514499484,61.0523,67.0236,0.07596827586206786,3.5578700000000003,0.23823769104265038,3.0571,4.0827,0.009317664071190179,1643.0851899999996,39.83782373488248,1566.7289,1702.7386,-3.7752287208009268
motor-0077,failure,120,149,FAILURE,65.93264333333333,1.686872450163978,63.1343,71.0429,0.06084736373748465,3.9439566666666668,0.5409183442278716,3.1764,5.1174,0.05057644048943262,1619.2485533333333,29.559732433089152,1566.7289,1689.6841,-1.8930998442714537
motor-0077,failure,130,159,FAILURE,67.37485666666666,2.586351820445591,63.8848,72.4684,0.24917061179087735,4.053866666666666,0.5015319141279933,3.2816,5.1174,0.019014549499443766,1586.161273333333,37.44102646321663,1517.4827,1637.4667,-3.1801902558398765
motor-0077,failure,140,169,FAILURE,69.11335333333334,2.5361153225268667,63.9435,74.7159,0.2274145494994426,4.26416,0.3771525258212296,3.5312,5.1174,-0.01458531701890999,1570.4950333333331,34.863498526838754,1517.4827,1634.0796,-2.5617525250278423
motor-0077,failure,150,179,FAILURE,70.80710333333333,1.7061965147628486,68.1584,74.7159,0.09406658509454907,4.22769,0.3203034981076541,3.5312,4.8253,0.024229254727474954,1540.95195,26.238264488563875,1472.5907,1606.2513,-1.1318687652948012
motor-0077,failure,160,189,FAILURE,71.45103666666665,1.6406130938327776,68.6761,74.7159,0.07501270300333496,4.400270000000001,0.2186000307258289,3.9581,4.8253,0.009100800889877568,1525.152063333334,32.06862034742045,1472.5907,1581.2803,-2.8988420244716613
motor-0077,failure,170,199,FAILURE,72.09818666666666,1.7141299444583808,68.9562,76.3004,0.04232640711901869,4.615016666666667,0.2812267366181405,4.1008,5.3005,0.015815817575083373,1506.6747166666667,21.2284469805037,1472.5907,1555.8595,-0.9861207341490779
motor-0078,failure,0,29,DEGRADATION,54.95889333333334,1.6722484512243458,51.5063,57.5976,-0.06966607341490662,1.6710133333333335,0.3195448082646452,1.1388,2.2026,-0.006976507230255874,1790.2540100000003,28.96881341039418,1730.5777,1828.9467,-0.5989989988876929
motor-0078,failure,10,39,DEGRADATION,56.00019000000001,2.530778888320089,51.5063,60.8837,0.14907650723025448,1.698943333333333,0.3321386283700762,1.1388,2.2026,0.029375684093437132,1776.2821966666668,24.35130990867479,1730.5777,1826.0552,0.5048976418242075
motor-0078,failure,20,49,DEGRADATION,56.972249999999995,2.695684174224916,51.5063,60.8837,0.2413776863181297,1.9253133333333332,0.29558998599787206,1.1388,2.2959,0.022544605116796398,1756.4968866666666,43.71491426584093,1688.5486,1817.2106,-4.561976373748655
motor-0078,failure,30,59,DEGRADATION,58.39984333333333,1.099470548850168,56.6396,60.8837,-0.030800378197999703,2.1862100000000004,0.31233278657013686,1.8247,2.9934,0.024825695216907674,1722.463006666667,37.76824808919026,1669.1588,1796.1601,-3.6599191991101936
motor-0078,failure,40,69,FAILURE,59.40877666666667,2.026504532387947,56.6396,64.0544,0.1508382424916565,2.4529633333333334,0.38262470427590295,1.8433,3.0727,0.03271971078976639,1698.3837066666665,23.406783445658554,1640.0409,1743.6824,-0.4285830478309357
motor-0078,failure,50,79,FAILURE,61.13315666666667,2.7784434506492217,56.6396,66.1776,0.270168965517239,2.758326666666667,0.3413270347075107,1.8843,3.3075,0.02730184649610673,1697.7655566666665,26.028173953284828,1640.0409,1743.6824,-0.2193329254727781
motor-0078,failure,60,89,FAILURE,62.429836666666674,1.895298339837,58.1173,66.1776,0.004625428253614144,3.037586666666667,0.2721919956370666,2.5503,3.8159,0.02103319243603999,1667.01976,54.1863154407371,1548.2043,1743.6824,-4.848225806451615
motor-0078,failure,70,99,FAILURE,63.34533999999999,2.0932757349188376,58.1173,68.1529,0.031688053392657616,3.227873333333333,0.23632730401335816,2.8875,3.8159,0.013859221357063347,1640.5415633333337,47.735802813147004,1548.2043,1728.4388,-3.3942344605116928
motor-0078,failure,80,109,FAILURE,63.95561333333333,2.40947879699232,58.1173,68.3851,0.1592425806451605,3.4531966666666674,0.2800739074879264,3.0205,3.9286,0.01819494994438253,1611.5119833333335,28.767478262963113,1548.2043,1680.6862,0.38283196885423776
motor-0078,failure,90,119,FAILURE,65.10476666666666,1.79967927185806,61.2524,68.3851,0.05187212458286889,3.627593333333333,0.2979211293092332,3.0205,4.1953,0.02257094549499432,1613.3193999999996,26.466029255141404,1572.3515,1680.6862,-0.2692580645161608
motor-0078,failure,100,129,FAILURE,66.50461,2.249979850480148,62.5969,71.3738,0.1557064961067837,3.8117366666666666,0.27387486374052084,3.2242,4.3171,0.013194104560622859,1589.8639833333332,44.08421591357529,1497.2929,1680.6862,-2.7273149054505517
motor-0078,failure,110,139,FAILURE,66.76413,2.2639740403620645,63.0622,71.3738,0.09422013348164343,4.039196666666666,0.35924554600192643,3.4281,4.926,0.025159977753058817,1562.4857900000002,49.31438942661229,1466.7745,1664.4056,-4.095439844271455
motor-0078,failure,120,149,FAILURE,69.12312666666666,3.023192195338489,63.7135,74.6506,0.2051626696329243,4.401063333333334,0.4876261973296987,3.5538,5.2371,0.04119130144605116,1527.6381866666663,39.71756039095501,1466.7745,1629.4933,-2.5160086763070133
motor-0078,failure,130,159,FAILURE,70.33899666666665,3.2487496859031095,63.7135,74.6506,0.2896059844271403,4.728936666666666,0.37403124333254417,3.9256,5.354,0.024524560622914245,1508.7655633333334,32.136878360968055,1437.293,1570.7452,-2.050232146829864
motor-0078,failure,140,169,FAILURE,72.93783,1.6967286762375007,69.3588,77.5953,0.10279170189098792,5.04017,0.31647175139865696,4.3746,5.677,0.02081083426028915,1492.9287933333337,25.468326234114592,1437.293,1557.9466,-1.3686284315907056
motor-0079,healthy,0,29,NORMAL,55.50875,1.8891146504381353,52.4788,58.3969,-0.1978857619577326,1.6386566666666669,0.2641167376790464,1.161,2.0862,-0.012602380422691897,1794.6748733333334,13.061956411603202,1764.5114,1823.5404,0.3671629810900566
motor-0079,healthy,10,39,NORMAL,54.94727,1.5832654096623637,52.4788,57.5105,0.00945279199109994,1.5614066666666668,0.2025144207759591,1.161,1.8953,0.0033747274749721503,1796.5352066666665,13.615312448071903,1764.5114,1823.5404,0.883309098998821
motor-0079,healthy,20,49,NORMAL,54.38967666666667,1.5747494320649522,52.4788,57.5105,0.03782226918798623,1.5058633333333338,0.168936194036552,1.2231,1.8382,-0.006451590656284796,1794.5077633333328,16.613229359208127,1761.2922,1823.5404,-1.1400151056730505
motor-0079,healthy,30,59,NORMAL,54.201833333333326,1.81812018640744,51.3589,57.5105,-0.1273142157953299,1.5248533333333332,0.15341173300051797,1.2231,1.8352,0.0001470077864293201,1794.3495533333332,20.770606572923068,1760.4487,1831.7818,0.2008812458286628
motor-0079,healthy,40,69,NORMAL,54.06207,1.5101886421128545,51.3589,56.2988,0.06309577308120011,1.5267433333333331,0.1585913967471824,1.2231,1.8352,0.012304315906562821,1789.128543333333,20.0382348422989,1760.4487,1831.7818,0.5902100778642538
motor-0079,healthy,50,79,NORMAL,54.01563999999999,1.665700890436215,51.1047,56.2988,0.055320578420465755,1.5448699999999997,0.15035036004834396,1.1332,1.8352,-0.008709744160178003,1783.1932533333334,24.233691650148728,1740.7888,1831.7818,-1.7896458286986137
motor-0079,healthy,60,89,NORMAL,54.37562666666666,1.9281042122481058,50.3042,57.6623,-0.06233468298109047,1.608126666666667,0.18814684501444315,1.1332,1.9691,0.00755604004449383,1782.0317066666664,20.35199643410824,1740.7888,1821.7674,0.6011328587318786
motor-0079,healthy,70,99,NORMAL,54.874036666666676,2.3739194377629773,50.3042,58.5237,0.12770266963292365,1.6524566666666665,0.1963812494160841,1.1332,1.9691,0.016516907675194644,1787.2230733333336,22.721541584994227,1740.7888,1821.7674,2.0329002002224423
motor-0079,healthy,80,109,NORMAL,55.30635333333334,2.140840833525204,50.3042,58.5237,0.07636809788654013,1.692583333333333,0.13799538901314382,1.4209,1.9691,-0.011431835372636277,1793.8300233333334,15.436904235385262,1761.877,1821.7674,-0.8397952614016073
motor-0079,healthy,90,119,NORMAL,55.74146333333333,1.2767773289244901,53.1732,58.5237,-0.10602053392658588,1.6751466666666666,0.14043238641978406,1.4209,1.9038,0.00025979977753057515,1795.5554366666668,15.5028897804567,1761.877,1825.0871,0.18376380422687388
motor-0079,healthy,100,129,NORMAL,55.292449999999995,0.8364438732913686,53.1732,57.0191,0.011873526140154399,1.6515933333333337,0.1585071710961018,1.3532,1.9038,0.006448720800889846,1795.1611433333337,14.828124750052575,1761.877,1825.0871,1.0633653170188508
motor-0079,healthy,110,139,NORMAL,55.004766666666676,0.7818220489486234,53.5851,57.0191,-0.02233165739710887,1.56636,0.25226189909166497,1.1426,1.9038,-0.020208854282536177,1799.5614933333336,13.099337665417362,1772.3768,1825.1225,-0.41874825361517654
motor-0079,healthy,120,149,NORMAL,55.12371,1.0274690432806242,53.5519,57.4698,0.01205604004449284,1.5231033333333335,0.23557109398697929,1.1426,1.9446,-0.0025476084538376465,1807.12082,19.383585169457174,1772.3768,1845.7081,1.227016952169029
motor-0079,healthy,130,159,NORMAL,55.23409333333333,1.099488536224407,53.5519,57.7365,0.07321005561735124,1.50942,0.21588901685819964,1.1426,1.9446,0.018035328142380402,1803.0216933333331,22.840825418519557,1770.8267,1845.7081,-0.1473975528365274
motor-0080,failure,0,29,DEGRADATION,54.30064333333335,1.4114680283740835,52.2599,57.3171,-0.03318685205784327,1.69344,0.1226583047874596,1.4006,1.9489,0.001709944382647338,1791.443453333333,20.462316480394453,1751.6552,1819.4559,-1.8133515906563635
motor-0080,failure,10,39,DEGRADATION,55.10403000000001,1.8625081372797634,52.2599,58.9879,0.0833327919911003,1.79583,0.21824791125384613,1.4006,2.2339,0.017909076751946567,1783.17757,14.384254274405984,1751.6552,1815.769,-0.1448820689655645
motor-0080,failure,20,49,DEGRADATION,56.13970000000001,2.3579104683313714,52.2599,59.8911,0.24732026696329165,1.9148466666666668,0.179933024082728,1.6341,2.2339,0.010359866518353685,1766.2208466666664,24.04148527356733,1712.8601,1798.6654,-1.6331485205784753
motor-0080,failure,30,59,DEGRADATION,57.073026666666664,1.6330661876632218,53.5737,59.8911,-0.010186963292548774,2.07299,0.21240015905518211,1.7848,2.6487,0.01111971078976635,1751.4963766666665,28.134544039580966,1708.178,1796.5819,-2.7748448720801093
motor-0080,failure,40,69,FAILURE,58.66043666666666,2.534105918397168,53.5737,63.1453,0.14751081201334662,2.30053,0.36397242583287354,1.7848,2.9177,0.03819655172413791,1727.57573,16.33215436832405,1687.8585,1758.6021,-1.1746643159066168
motor-0080,failure,50,79,FAILURE,59.903499999999994,2.965624539058622,53.5737,63.9457,0.242555194660732,2.647356666666667,0.39060921365079043,1.9456,3.5183,0.03443432703003333,1691.8029466666667,51.65305598916507,1554.0422,1758.6021,-4.817958620689674
motor-0080,failure,60,89,FAILURE,61.71490666666667,1.3039683620735933,59.318,64.3087,0.010117285873190818,3.0271033333333337,0.3508931408879664,2.4619,3.7507,0.02807535038932139,1665.4825866666665,47.09987575038623,1554.0422,1750.4004,-3.5141569744160512
motor-0080,failure,70,99,FAILURE,62.77994666666666,1.9600558571519227,59.318,67.1403,0.12138393770856351,3.2198,0.3011013107466212,2.6725,3.7507,0.011050367074527183,1633.74487,34.01038748328856,1554.0422,1703.2096,-0.7127181090100487
motor-0080,failure,80,109,FAILURE,64.13544333333333,2.367319749658297,59.318,69.9137,0.2308665406006665,3.40702,0.24956275282982437,2.9732,3.7507,0.008798576195772985,1625.4442166666668,33.837730837996816,1533.2732,1685.014,-2.3564758398220436
motor-0080,failure,90,119,FAILURE,65.93580333333334,1.7868592105485595,62.5733,69.9137,0.11029555061178906,3.6958266666666675,0.4430799378090695,2.9732,4.6542,0.04081877641824244,1599.7781633333334,33.57167849788948,1533.2732,1661.5973,-2.211415639599588
motor-0080,failure,100,129,FAILURE,67.77924666666667,2.2910976921893917,64.5687,73.1567,0.1947976863181296,3.969653333333333,0.34221908746039026,3.1776,4.6542,0.025402892102335876,1575.4643033333334,35.92852607336296,1514.6827,1649.1329,-3.028738442714155
motor-0080,failure,110,139,FAILURE,67.9987,2.023495947281997,64.5687,73.1567,-0.01585659621802251,4.168940000000001,0.22482665559640982,3.7735,4.6542,-0.002588298109010191,1556.3923866666667,25.83138494356215,1500.4764,1606.8008,-1.1144060956618622
motor-0080,failure,120,149,FAILURE,69.46570333333334,2.331778371327106,64.9371,73.4711,0.07427419354838587,4.327443333333333,0.3493487538104135,3.7735,5.0197,0.02746160177975521,1549.8939799999998,22.21811058895271,1500.4764,1606.8008,-0.04925245828704993
motor-0080,failure,130,159,FAILURE,70.22627666666668,2.874296480031631,64.9371,75.1999,0.2772904783092307,4.53189,0.34018426707692795,3.7735,5.0197,0.027093103448275764,1539.0730933333332,28.664953222508878,1444.8037,1574.7973,-1.6866471635150466
motor-0081,failure,0,29,DEGRADATION,55.26855333333334,0.8929436674032448,53.9251,57.1968,-0.01576329254727664,1.74655,0.1313425768743708,1.3564,1.9631,-0.004576307007786472,1793.576733333333,22.52018221304811,1756.5144,1827.109,-1.9877530589544352
motor-0081,failure,10,39,DEGRADATION,56.596790000000006,2.666809814284976,53.9251,62.4637,0.21157096774193532,1.7899899999999997,0.17778119763724548,1.3564,2.224,0.012154771968854217,1774.2030633333331,20.25851182228485,1732.4054,1827.109,-1.5430048720801317
motor-0081,failure,20,49,DEGRADATION,57.822913333333325,2.5426913934822863,54.058,62.4637,0.18277468298108973,1.9736633333333333,0.2669829201569935,1.3564,2.4329,0.027803092324805306,1747.6290233333336,32.18781991575574,1679.7799,1803.4344,-3.149477975528415
motor-0081,failure,30,59,FAILURE,59.89551333333334,2.073690202792007,54.058,62.9337,0.11894838709677315,2.239906666666667,0.2693876809028621,1.7771,2.8113,0.028475728587319202,1733.1687466666663,28.291847287404593,1679.7799,1795.0243,-1.1497954171301845
motor-0081,failure,40,69,FAILURE,61.31256666666666,2.3751757716476947,57.405,67.9464,0.2323593325917664,2.549393333333333,0.29340397285805264,2.0503,3.1363,0.030384115684093407,1724.0829199999998,34.73940091354868,1679.7799,1812.0707,0.6642729254726931
motor-0081,failure,50,79,FAILURE,63.16749000000001,1.9445531535291092,60.1462,67.9464,0.17106004449388007,2.729223333333333,0.2362446961426977,2.1878,3.1562,0.01619730812013342,1698.2173466666666,59.306441293953505,1581.8977,1812.0707,-5.053322936596273
motor-0081,failure,60,89,FAILURE,64.20476666666667,2.19973859361112,60.3209,69.5295,0.09082189098998754,3.0822366666666667,0.4518256090450042,2.5277,4.1496,0.03621706340378193,1665.4044299999998,57.01661765842273,1581.8977,1812.0707,-5.031085984427163
motor-0081,failure,70,99,FAILURE,65.10241666666666,2.3482236628401103,60.3209,69.5295,0.11550022246941043,3.3705299999999996,0.499500230997611,2.5277,4.1496,0.047099688542825334,1630.6121533333333,20.452234296293604,1581.8977,1678.9389,-0.4113249388209421
motor-0081,failure,80,109,FAILURE,66.25843,2.570765267016807,60.3209,70.9884,0.15323597330366848,3.549446666666667,0.3855499195809654,2.8054,4.1496,-0.0016174860956618584,1615.2692566666665,29.09363730353752,1555.5167,1661.6904,-2.497669343715277
motor-0081,failure,90,119,FAILURE,67.68136333333332,2.0134761543962267,62.8473,72.5264,0.10088002224693922,3.743086666666667,0.42019205746367405,2.8054,4.5841,0.0205253392658509,1585.1996066666668,38.02448398610148,1524.8075,1657.7158,-3.7638929922136124
motor-0081,failure,100,129,FAILURE,70.08608666666667,3.029047412497129,64.674,76.5495,0.27590175750834145,3.8930166666666666,0.4940456409977613,2.8054,4.6454,0.039371635150166805,1550.1926799999999,33.4882645679687,1472.3147,1632.6989,-3.1585865183537667
motor-0081,failure,110,139,FAILURE,70.97302666666666,2.570351728970613,65.5609,76.5495,0.11370754171301405,4.411826666666667,0.42268886976382786,3.8005,5.2201,0.03362375973303661,1507.492826666667,42.49732242401424,1422.877,1570.5926,-3.933279199110147
motor-0082,degrading,0,29,NORMAL,54.55542333333332,1.4393109728114892,52.3449,56.8171,-0.1476513236929935,1.3240066666666668,0.14173870780026496,1.0626,1.5801,-0.004912969966629614,1806.4851500000002,13.200760577197846,1772.5518,1832.2559,-0.33624331479425407
motor-0082,degrading,10,39,DEGRADATION,54.409733333333335,1.3253510745794446,52.3449,56.6166,0.028111145717461733,1.3286633333333333,0.12962594771966846,1.0626,1.5849,0.011810166852057822,1809.2902866666666,14.927009219905905,1772.5518,1838.779,0.7436065406006303
motor-0082,degrading,20,49,DEGRADATION,54.97049333333334,1.5385091044976698,52.3449,57.0271,0.15443510567296997,1.40591,0.11312676473761636,1.2183,1.6953,0.003717708565072262,1799.4382833333336,24.486818196777932,1754.6857,1838.779,-1.9129179755283994
motor-0082,degrading,30,59,DEGRADATION,56.29658666666667,0.8863371847979501,54.1644,58.3247,0.07540738598442709,1.5283100000000003,0.25441697578319467,1.2183,2.2228,0.015380266963292519,1798.2707066666665,24.74210660963657,1754.6857,1838.779,-0.7765992436040775
motor-0082,degrading,40,69,DEGRADATION,57.242863333333325,1.0396490659459199,55.6977,59.2028,0.09484518353726312,1.70792,0.32879559546928244,1.2183,2.3278,0.027611701890989965,1783.4438699999998,29.08588284713795,1729.5162,1837.8184,-0.16111223581760264
motor-0082,degrading,50,79,DEGRADATION,57.19642666666667,1.132476764716267,54.7652,59.2028,-0.02648818687430603,1.8174933333333338,0.25851584984720416,1.2755,2.3278,0.004339844271412602,1777.73953,33.4605420686929,1729.5162,1837.8184,-2.4794426028921315
motor-0082,degrading,60,89,DEGRADATION,57.324803333333335,1.0545583800761769,54.7652,59.2028,-0.046466852057843705,1.9600533333333336,0.21508747636459188,1.569,2.3278,0.006989321468298058,1769.0274333333332,27.687179606926787,1729.5162,1837.8184,-0.1534513904338548
motor-0082,degrading,70,99,DEGRADATION,57.59276666666667,1.352431344242247,54.7652,60.1058,0.12516169076751896,1.9680766666666665,0.20812698316706132,1.569,2.2779,0.01162774193548381,1758.338936666667,22.295249831185746,1701.8141,1794.7191,-0.4271593103448625
motor-0082,degrading,80,109,DEGRADATION,58.60807666666667,1.0469192336512354,56.4631,60.2685,0.09556442714126703,2.019276666666667,0.17016936990996806,1.6157,2.2779,-0.008876640711902152,1751.66377,24.967749304841888,1701.8141,1794.7191,-2.1056424694105225
motor-0082,degrading,90,119,DEGRADATION,59.46823333333332,0.763906356971993,58.1148,61.4039,0.04753121245828529,2.0837866666666667,0.22958228841867476,1.6157,2.5082,0.016149543937708517,1745.2691566666665,19.01448001234293,1701.8141,1773.8035,0.723526696329227
motor-0082,degrading,100,129,DEGRADATION,60.08105333333332,1.0370672317432246,58.1148,62.2253,0.08523661846495915,2.19138,0.24700956715614614,1.6157,2.5817,0.023496729699666246,1741.9241166666664,18.3828806568518,1705.6349,1773.8035,0.1337302113458764
motor-0082,degrading,110,139,DEGRADATION,60.168196666666674,1.186839976712203,57.3167,62.2253,-0.020932080088987802,2.33079,0.1417181647966602,2.0887,2.5862,0.0009721690767518303,1736.9345133333331,23.531200157687586,1688.6755,1773.8035,-1.65972840934375
motor-0082,degrading,120,149,DEGRADATION,60.997930000000004,1.7616979979837635,57.3167,65.0529,0.06680758620689578,2.3559366666666666,0.15769156917504784,2.0887,2.7409,0.00540505005561734,1722.9341899999997,19.203514166914875,1688.6755,1765.265,-0.7267802224694693
motor-0083,degrading,0,29,NORMAL,54.27904333333334,1.195895296889415,51.4311,57.2002,-0.0867258064516133,1.478793333333333,0.24594630163694042,0.9685,1.9644,-0.01546197997775307,1800.7647566666667,14.231163579030431,1766.5454,1824.0152,-0.19079023359288652
motor-0083,degrading,10,39,NORMAL,54.96416,1.9372450522326798,51.4311,58.6569,0.12412204671857428,1.5288666666666666,0.2817192010180034,0.9685,1.9644,0.0019088320355950393,1804.9211233333333,15.452807421364875,1766.5454,1835.6876,0.5205944605116508
motor-0083,degrading,20,49,DEGRADATION,56.27356666666665,2.5007231527877867,51.4311,59.9042,0.26366536151279135,1.5093399999999997,0.2626912415745908,0.9685,1.9631,0.02011635150166849,1794.80218,26.780374963573607,1728.7508,1835.6876,-1.2937080311457558
motor-0083,degrading,30,59,DEGRADATION,57.598346666666664,1.1370686187835028,55.4205,59.9042,0.014533081201333203,1.755383333333333,0.20314643172407,1.3823,2.1665,0.01265150166852055,1787.30467,28.48681348138878,1728.7508,1835.6876,-2.2140995550612126
motor-0083,degrading,40,69,DEGRADATION,58.20468,1.2864488380551071,55.4205,60.9337,0.03967341490544944,1.8290666666666666,0.19556083679737338,1.396,2.1665,0.014762936596217972,1776.2378899999999,20.744854846882703,1728.7508,1819.8724,0.07267468298105406
motor-0083,degrading,50,79,DEGRADATION,57.88844333333332,1.3629512673321165,55.4205,60.9337,0.0339849388209108,1.8829466666666665,0.1525146631930481,1.6208,2.1665,-0.005975617352614057,1776.4444666666668,13.09957575408032,1749.1684,1803.1997,-0.007207252502839956
motor-0083,degrading,60,89,DEGRADATION,58.016626666666674,1.4824957144251336,54.9421,60.9337,-0.05363528364849997,1.8738400000000002,0.12983106613339251,1.6208,2.1606,0.00013877641824245796,1780.7475900000002,15.256979923614203,1749.1684,1823.0241,0.22405421579530027
motor-0083,degrading,70,99,DEGRADATION,58.77317666666668,2.169160710149332,54.9421,62.9109,0.17427717463848588,1.8775233333333332,0.12541290386381918,1.6208,2.0517,0.009643804226918741,1768.7143033333334,29.156026937524544,1703.7821,1823.0241,-1.493695995550671
motor-0083,degrading,80,109,DEGRADATION,59.40658,1.940802555198922,54.9421,62.9109,0.1148019132369282,1.9858499999999997,0.13375665404008877,1.7748,2.4581,0.00912834260289209,1758.3917966666668,31.22556687826485,1703.7821,1823.0241,-2.2372019354839283
motor-0083,degrading,90,119,DEGRADATION,60.22390666666667,1.1848903330219587,58.3299,62.9109,-0.05141192436040255,2.1721000000000004,0.25379685839925864,1.824,2.6871,0.025167252502780853,1742.0401033333335,22.390748648098445,1703.7821,1814.8911,-0.7804081201335101
motor-0083,degrading,100,129,DEGRADATION,60.13353000000002,1.1170329712083997,58.3299,62.3312,0.060283492769743076,2.2928566666666663,0.26943441958212305,1.777,2.703,0.007377819799777524,1734.0566966666665,15.635772774495532,1692.2083,1763.3152,-1.0199870300334029
motor-0083,degrading,110,139,DEGRADATION,60.185233333333336,1.1123241986439423,58.3299,62.3312,-0.0049284093437167165,2.3742499999999995,0.24710676066564155,1.777,2.703,-0.005957842046718614,1715.9625299999998,24.271613318884135,1671.6169,1756.2974,-2.4132103893215398
motor-0083,degrading,120,149,DEGRADATION,61.32065,1.87253023041908,58.5634,65.6872,0.11363330367074441,2.4293866666666664,0.2774590140703468,1.777,2.7953,0.013981935483870944,1716.3409966666668,26.868044200455977,1671.6169,1777.6137,0.7125937486095395
motor-0083,degrading,130,159,DEGRADATION,61.790166666666664,1.947177525091696,58.5634,65.6872,0.13646220244716195,2.516676666666667,0.19745855545461236,1.9859,2.7953,0.011694304783092265,1712.5799066666664,25.148759533277634,1671.6169,1777.6137,1.1394521913236844
motor-0084,degrading,0,29,NORMAL,54.21443999999999,0.8793518895944519,52.4902,56.0361,-0.0500774638487218,1.738523333333333,0.15790980903315946,1.4204,2.051,-0.010410166852057891,1812.9010033333336,8.75808248318787,1793.3787,1830.7774,0.043895417130079155
motor-0084,degrading,10,39,NORMAL,54.34203,0.9166262859530048,52.4902,56.0361,0.031215239154614945,1.70471,0.14874812346155272,1.4204,2.051,-0.005959176863181337,1814.14481,7.879778015585203,1793.3787,1828.261,-0.09481212458289179
motor-0084,degrading,20,49,DEGRADATION,54.96405333333335,1.286041124726923,52.4902,57.909,0.1277488320355932,1.637676666666667,0.131064225180719,1.365,1.8773,-0.0027611790878754594,1800.4954766666663,21.342433265284495,1738.789,1828.261,-1.5691076974416285
motor-0084,degrading,30,59,DEGRADATION,55.59948,0.9925858802138988,53.4662,57.909,0.030088097886539523,1.7459900000000002,0.22004255550536886,1.365,2.2584,0.01087570634037815,1792.412336666666,21.368790114985973,1738.789,1828.261,-1.237044961067892
motor-0084,degrading,40,69,DEGRADATION,56.66968666666667,1.630732677404717,53.4662,60.3541,0.10128351501668387,1.9091899999999997,0.30754646732919344,1.365,2.3761,0.028036284760845354,1778.3603800000005,17.516611589638746,1738.789,1814.399,-0.33330789766410046
motor-0084,degrading,50,79,DEGRADATION,56.68316333333334,1.6396030475866885,53.4662,60.3541,0.03298231368186798,2.06828,0.20014406544620136,1.482,2.3761,0.007136284760845352,1759.5025866666663,32.357771924569974,1685.0392,1814.399,-3.1134526807563887
motor-0084,degrading,60,89,DEGRADATION,57.21285666666667,1.5467934756959496,54.6999,60.3541,-0.04443036707452877,2.1119266666666667,0.19476626150907714,1.6689,2.5739,-0.005077597330367118,1754.9622133333335,31.52824553272547,1685.0392,1804.5748,0.042422157953252514
motor-0084,degrading,70,99,DEGRADATION,58.010306666666665,2.256015439358122,54.6999,62.1768,0.19791457174638247,2.1678933333333332,0.22594464208935977,1.6689,2.5739,0.015850189098998838,1751.1585466666668,31.058339743915667,1685.0392,1804.5748,1.7074989098998445
motor-0084,degrading,80,109,DEGRADATION,58.79284333333332,1.8806798073539495,54.6999,62.1768,0.06947615127919825,2.2446866666666665,0.22442211824050573,1.6689,2.5739,0.012949410456062226,1759.2030433333339,22.616393393962195,1728.838,1804.5748,-1.2600432703003694
motor-0084,degrading,90,119,DEGRADATION,59.59211666666666,1.6748896186681146,55.5955,62.7766,-0.042197931034484444,2.415243333333333,0.17019259616354904,2.0528,2.7873,0.009820667408231329,1757.771946666667,18.388080405826926,1728.838,1797.352,0.14591083426024348
motor-0084,degrading,100,129,DEGRADATION,59.71697000000001,1.9230860970759132,55.5955,63.8273,0.10288416017797462,2.4452533333333335,0.18671057590708554,2.0528,2.7873,0.0063313904338153,1746.3428266666665,23.68356554093902,1692.364,1783.1356,-1.0152993548387705
motor-0084,degrading,110,139,DEGRADATION,59.76434666666666,1.8825415647882933,55.5955,63.8273,-0.02527928809788778,2.468993333333334,0.20451542555242355,2.1004,2.7873,-0.007310122358175776,1733.8589633333331,31.376956740156533,1690.4943,1783.1356,-2.898361179087899
motor-0084,degrading,120,149,DEGRADATION,60.13286333333334,1.6774963005390573,57.3107,63.8273,-0.020379599555062706,2.497646666666667,0.22140437775457125,2.1004,2.8157,0.008994794215795255,1724.418526666667,22.413632047482967,1690.4943,1764.4853,0.4307058954393343
motor-0085,failure,0,29,NORMAL,54.03320333333333,1.10642435062482,51.8352,55.8318,-0.09207624026696515,1.4368566666666664,0.2143023715584024,1.0162,1.8474,-0.019515305895439428,1801.2131666666662,16.841921890792495,1773.6437,1827.2091,-0.7136698109010537
motor-0085,failure,10,39,DEGRADATION,54.196663333333326,1.4372437198757284,51.8352,57.1814,0.04318347052280245,1.4112633333333333,0.18391660335295693,1.0162,1.7361,0.008069566184649607,1799.335943333333,18.87556779530412,1762.1826,1833.7009,0.9488520800889888
motor-0085,failure,20,49,DEGRADATION,54.716846666666655,1.7261623905325036,51.8352,57.1814,0.1694818687430475,1.5191066666666666,0.24506874672675466,1.0162,1.9211,0.025056284760845357,1796.2966,22.518274896921678,1753.2876,1833.7009,-1.6705305895440012
motor-0085,failure,30,59,DEGRADATION,55.62592333333334,1.087891622262479,53.1342,57.2418,0.01871001112346866,1.7582733333333331,0.21688716564661506,1.3856,2.3752,0.019467541713014416,1778.4159066666666,29.6621849329179,1730.7546,1833.7009,-3.023277597330413
motor-0085,failure,40,69,DEGRADATION,57.08037666666666,2.0394721725131615,54.2919,61.1624,0.1621272302558392,1.9747833333333333,0.27702320249795365,1.3856,2.4396,0.02783899888765292,1756.92813,18.950041724512563,1721.149,1792.7076,-1.4129341268075841
motor-0085,failure,50,79,DEGRADATION,58.16600999999999,2.1986334139414874,54.2919,61.2552,0.17985203559510476,2.040213333333333,0.24315006029656303,1.6552,2.4396,0.00458562847608451,1732.7833333333338,26.901785814196234,1680.3971,1773.9635,-2.3784344382648044
motor-0085,failure,60,89,DEGRADATION,59.96024666666666,1.5413328837369589,57.8162,64.167,0.0755292102335905,2.230466666666667,0.2999521898940266,1.7067,2.8705,0.01617014460511675,1719.6911666666665,26.654194110012458,1677.6275,1773.9635,-1.9229739710790035
motor-0085,failure,70,99,FAILURE,60.80981333333333,1.8003556944362102,57.8162,64.167,0.12736004449388066,2.403576666666667,0.4487536812724276,1.7067,3.1947,0.03567859844271407,1710.23226,22.068466935359755,1677.6275,1770.0903,0.7411046941045231
motor-0085,failure,80,109,FAILURE,61.12052666666667,1.696387622947329,57.85,64.167,-0.007231724137932555,2.5658999999999996,0.3114899292112026,2.0359,3.1947,-0.005335127919911054,1714.59629,23.64940389194268,1677.6275,1779.6637,0.5313989988876122
motor-0085,failure,90,119,FAILURE,61.74936,2.106835754965249,57.85,67.1047,0.04440333704115519,2.768456666666667,0.39733954303033514,2.0359,3.4606,0.013778131256952108,1716.5042933333336,23.714077994669932,1684.0697,1779.6637,0.24839296996659457
motor-0085,failure,100,129,FAILURE,62.53842999999999,2.8215010714334294,57.85,67.7426,0.20187837597330158,3.0086299999999997,0.4925977000555321,2.1227,3.9915,0.050050389321468276,1690.00201,44.60925598588518,1585.169,1779.6637,-3.6334378420467783
motor-0085,failure,110,139,FAILURE,63.70391,2.4550070768872865,58.0782,67.7426,0.08935766407118852,3.1963999999999997,0.35787750697689846,2.4476,3.9915,-0.006632436040044534,1664.29743,44.63392059379763,1585.169,1758.7521,-3.692087408231405
motor-0085,failure,120,149,FAILURE,64.80040666666667,2.0190429103799534,60.7353,67.7426,0.05694847608453754,3.24785,0.3858041469882527,2.4476,3.9915,-0.008914060066740944,1633.60396,33.48495935677788,1566.2273,1695.1408,-1.0937189321468774
motor-0085,failure,130,159,FAILURE,65.36484333333334,1.832104895956802,61.1965,68.4664,0.10574284760845229,3.212556666666666,0.36075839346514943,2.4476,3.9171,0.01753986651835369,1625.7777933333332,30.289423423927285,1566.2273,1695.1408,-1.1038666963292831
motor-0085,failure,140,169,FAILURE,65.3955,1.56704628414947,62.7775,68.4664,-0.11347012235817627,3.388433333333334,0.2841852474863692,2.8863,3.9171,0.014829010011123427,1618.9741699999997,29.06286873342168,1566.2273,1689.3571,-0.6102694771969115
motor-0085,failure,150,179,FAILURE,66.60465666666667,2.791954552839681,62.7775,71.7106,0.13794195773081108,3.5723133333333346,0.2686783315085573,2.9666,4.0905,0.021617130144604993,1596.4807066666665,33.878516588667544,1533.4347,1653.4505,-2.5181731701891334
motor-0085,failure,160,189,FAILURE,67.31093333333334,2.8262891992072503,62.7775,71.7106,0.19499390433815222,3.735636666666667,0.2761804790148806,3.0989,4.2294,0.021945294771968837,1571.6900866666665,39.84324462251814,1509.1745,1653.4505,-3.329472880978911
motor-0085,failure,170,199,FAILURE,69.22285000000001,1.560092997601959,66.2331,71.7106,0.010218887652946694,4.0501700000000005,0.3645967097584215,3.3038,4.6819,0.03388180200222462,1557.433503333333,23.630746591386437,1509.1745,1591.9748,0.9048751279198883
motor-0085,failure,180,209,FAILURE,69.20220999999998,1.1964275766770556,66.2994,71.1396,0.06440598442713906,4.3298700000000006,0.4099413487723986,3.3038,4.912,0.038662358175750734,1557.09789,25.461085357009022,1509.1745,1600.9352,0.8088006896551357
motor-0085,failure,190,219,FAILURE,70.75021333333333,1.8828290238775176,68.1308,74.5554,0.16191025583982138,4.443093333333334,0.2614767688002554,3.9416,4.912,-0.009375973303670853,1550.6348966666665,29.052799855923027,1492.9262,1600.9352,-2.279719310344858
motor-0085,failure,200,229,FAILURE,71.62741333333334,1.8374584890972534,68.389,74.5554,0.14671390433815154,4.647686666666667,0.4135845449508748,3.9416,5.5981,0.02062402669632918,1535.5451666666663,30.476672327211535,1479.6886,1600.9352,-0.8953237819799899
motor-0085,failure,210,239,FAILURE,73.07772,1.526173039424647,70.8974,76.958,0.04728395995550556,4.723476666666667,0.45960732347177496,3.9416,5.5981,0.030388142380422596,1516.4361866666666,38.83313937706411,1414.8601,1583.9353,-1.3928477419355352
motor-0086,failure,0,29,DEGRADATION,55.66317,1.2338066383216888,53.7975,58.4843,-0.03038449388209232,1.5939833333333333,0.21666842422364072,1.1928,2.1807,-0.009904182424916605,1807.1628366666666,23.208107002273756,1761.7126,1850.3766,-1.294765139043428
motor-0086,failure,10,39,DEGRADATION,56.163243333333334,1.4456458145487168,53.7975,58.771,0.0390801112347039,1.5893300000000001,0.20040383088487437,1.1928,1.8811,0.016513748609566142,1793.955666666667,16.2257643571848,1761.7126,1822.1004,-0.20962109010016114
motor-0086,failure,20,49,DEGRADATION,56.64235333333334,1.7224238579655384,53.7975,60.3332,0.14278086763069978,1.7049366666666663,0.14893137901582576,1.312,2.0012,0.010054927697441587,1779.7378966666663,31.03380057150034,1701.5797,1822.1004,-2.1500411790879257
motor-0086,failure,30,59,DEGRADATION,57.57016666666666,1.4108781235654462,54.7521,60.3332,0.039315372636260455,1.85234,0.21044327279974206,1.5603,2.36,0.013054505005561687,1762.1188433333334,29.33416171185264,1701.5797,1817.9888,-2.413253681868797
motor-0086,failure,40,69,DEGRADATION,58.661633333333334,1.8257677801102987,54.7521,61.7382,0.1254732814238032,2.0457833333333335,0.30896165898412414,1.5944,2.5111,0.02849136818687427,1736.0175533333336,31.241787658409624,1672.0211,1809.9596,-2.433550389321504
motor-0086,failure,50,79,FAILURE,59.17489666666667,1.7042923592082304,54.7521,61.7382,0.10499913236929795,2.2599333333333336,0.26572773325759996,1.6463,2.7271,0.02151692992213565,1710.0857733333332,34.90979194482005,1648.5527,1761.2723,-3.6047110122358337
motor-0086,failure,60,89,FAILURE,60.95458999999999,1.812095241490726,57.8941,65.1509,0.1289463626251375,2.4947933333333334,0.24030854601717536,2.1673,3.0006,0.017002269187986602,1686.86273,33.554270763100085,1614.319,1756.2946,-1.5474208898776718
motor-0086,failure,70,99,FAILURE,61.67861666666667,2.03780570943083,57.8941,66.2509,0.1546184872080072,2.67135,0.2857803629246302,2.2019,3.1838,0.022143515016685145,1672.0857566666666,33.07847238614748,1614.319,1744.8126,-0.364299110122402
motor-0086,failure,80,109,FAILURE,63.05654666666666,1.925262960348246,60.403,67.2189,0.021444627363737263,2.9721366666666666,0.345131189050708,2.3371,3.8178,0.02815317018909899,1655.4719566666668,40.28353723982608,1598.5487,1744.8126,-2.1332741935484214
motor-0086,failure,90,119,FAILURE,63.87818666666667,2.3368194758022907,60.403,67.5703,0.12507617352613917,3.25667,0.3519749348556892,2.4877,3.8878,0.031028186874304725,1645.3137333333334,34.032021094035656,1598.5487,1744.5683,-1.434017352614088
motor-0086,failure,100,129,FAILURE,65.2293,2.528414015544132,60.403,70.9593,0.10714482758620524,3.408420000000001,0.26488704309573163,2.8376,3.8878,0.0020779977753058463,1630.1413666666665,28.713017856532534,1563.9045,1700.4584,-0.5887396218020476
motor-0086,failure,110,139,FAILURE,66.08879,1.801523186519304,62.2666,70.9593,0.02906324805339132,3.4362,0.23219242594595252,2.9141,3.8878,-0.008220155728587402,1620.2331100000004,32.77738221271238,1555.5227,1700.4584,-2.7249046718576566
motor-0086,failure,120,149,FAILURE,67.18722666666666,1.9175893691356931,63.4156,70.9593,0.08701196885428054,3.5593033333333337,0.3376386238602187,2.9141,4.2154,0.02434591768631797,1606.5292966666668,28.002803459885744,1555.1699,1675.265,-1.4368055839822365
motor-0086,failure,130,159,FAILURE,68.47835333333333,2.203534914288605,64.7262,73.2123,0.1847057619577285,3.8259966666666667,0.3626693254957683,3.0817,4.3594,0.033373904338153446,1561.5805766666665,59.88628318618369,1416.6116,1639.1771,-5.296044872080119
motor-0086,failure,140,169,FAILURE,68.70436,2.046649983200189,64.8907,73.2123,-0.08640818687430744,4.165853333333333,0.27544346272067444,3.7523,4.8048,0.02091439377085635,1537.9169433333332,59.986971397894294,1416.6116,1639.1771,-3.6139084538376225
motor-0086,failure,150,179,FAILURE,69.72982999999999,2.560840254311073,64.8907,73.2123,0.058495906562845625,4.565063333333333,0.46853285155780583,3.7586,5.5516,0.046377374860956576,1516.068093333333,42.29706806759331,1416.6116,1584.3671,2.149217708565035
motor-0086,failure,160,189,FAILURE,70.04477999999999,2.5834871892334466,64.8907,73.5042,0.20794981090099945,4.750686666666666,0.4334854336140437,4.024,5.5516,0.01131888765294762,1509.3219000000001,45.08581917357163,1426.4216,1584.3671,-2.6757924805339446
motor-0087,degrading,0,29,NORMAL,54.11067,1.0323480208243732,52.174,56.2181,-0.06495979977753191,1.47399,0.1668813937102236,1.2284,1.8174,-0.013720467185761994,1791.804466666667,17.870561993631355,1755.2045,1817.2546,-0.8990368854282874
motor-0087,degrading,10,39,NORMAL,54.54214666666667,1.414969723052601,52.174,56.8075,0.08406206896551688,1.46364,0.14748224435504093,1.2284,1.7843,0.009462780867630667,1790.7665433333334,16.9597270721688,1755.2045,1817.2546,0.9444421134593477
motor-0087,degrading,20,49,DEGRADATION,54.492236666666685,1.423111846268201,52.1084,56.8075,0.0077863181312559735,1.3905599999999998,0.20445816295760852,1.0602,1.7843,-0.008188654060066768,1787.0846133333334,21.849805876112992,1726.0523,1818.5096,-0.7307445161290587
motor-0087,degrading,30,59,DEGRADATION,54.57568666666668,1.5846956638911949,51.756,56.8075,-0.10658478309232625,1.4073266666666664,0.2123760264771479,1.0602,1.7843,-0.007416373748609593,1778.0106799999999,25.472164995374854,1726.0523,1818.5096,-2.199431813125717
motor-0087,degrading,40,69,DEGRADATION,54.835323333333335,1.936110454267065,51.756,57.9693,0.14884215795327987,1.5109066666666668,0.3258003784869229,1.0602,2.1219,0.03303884315906563,1759.478583333333,21.31578560091219,1722.5798,1818.5096,-1.116403047830941
motor-0087,degrading,50,79,DEGRADATION,55.780983333333324,1.8359840709336839,51.756,58.0203,0.1579784427141265,1.7064599999999999,0.25572257311391183,1.2123,2.1219,0.017173348164627338,1760.8913966666664,18.836732252887945,1722.5798,1793.2703,0.824604026696268
motor-0087,degrading,60,89,DEGRADATION,56.87370333333333,0.8961802525100006,54.6853,58.2694,0.008638909899887156,1.8646800000000001,0.1805955673136341,1.5391,2.4062,0.00020627363737480228,1761.2143833333332,18.591872057381828,1722.5798,1793.2703,0.5977125027808441
motor-0087,degrading,70,99,DEGRADATION,57.020883333333344,0.8351144967740785,54.6853,58.438,0.030698264738597346,1.9053366666666665,0.19855121838513667,1.5391,2.4062,0.011973859844271363,1762.7612,18.00971820878937,1723.4508,1793.2703,-1.1813948387097153
motor-0087,degrading,80,109,DEGRADATION,57.01836333333333,0.7974557101529562,54.6853,58.438,-0.008652347052281144,1.96778,0.17222134478629533,1.6475,2.4062,0.005804048943270231,1750.21464,15.797595235174239,1723.4508,1784.3218,-0.9848099221357152
motor-0087,degrading,90,119,DEGRADATION,57.49252,0.9787866942972471,55.7982,59.8193,0.0565253837597317,2.0442466666666665,0.12697967483901595,1.6475,2.2269,0.003297397107897637,1738.9869933333334,17.137370992520683,1709.5705,1780.5322,-1.493453392658547
motor-0087,degrading,100,129,DEGRADATION,58.258140000000004,1.4279100694371478,56.089,60.8254,0.1243569744160166,2.1035266666666663,0.15426178168583718,1.6475,2.3229,0.011446763070077828,1725.4896833333332,15.203495102027986,1693.1655,1754.4309,-1.3887429810901517
motor-0087,degrading,110,139,DEGRADATION,58.378873333333345,1.3849478916631563,55.2164,60.8254,-0.06598558398220405,2.0807,0.18171807651781186,1.6493,2.3229,-0.007993726362625153,1719.3832566666667,16.61531654726412,1679.4386,1754.4309,-0.1802568854282858
motor-0087,degrading,120,149,DEGRADATION,58.93688666666667,1.818902780933849,55.2164,63.5456,0.03172876529477031,2.0797266666666663,0.185677000789603,1.6493,2.3229,-0.001937619577308181,1723.8680066666666,18.572958543447573,1679.4386,1751.7478,1.3748536596217742
motor-0087,degrading,130,159,DEGRADATION,59.39415,2.083392573624408,55.2164,63.5456,0.19267939933259004,2.105633333333333,0.21060788578672823,1.6493,2.5207,0.02071501668520575,1720.9912100000001,21.864738861042145,1679.4386,1751.7478,-0.6160671190211574
motor-0087,degrading,140,169,DEGRADATION,60.15859333333334,1.2952353585181176,58.2666,63.5456,-0.0188555728587332,2.221883333333333,0.14554635019661458,1.9504,2.5752,0.008433615127919873,1729.6102800000003,25.39052916627772,1681.5204,1781.2862,0.4148373748609181
motor-0087,degrading,150,179,DEGRADATION,60.63509333333332,1.377509731346954,58.9481,64.5836,0.03217032258064494,2.3978133333333336,0.21325383737592052,2.0999,2.7937,0.018257130144605116,1726.72304,26.212758269611125,1681.5204,1781.2862,1.3867451390433738
motor-0087,degrading,160,189,DEGRADATION,60.74930666666667,1.4875562492296632,58.9481,64.5836,0.09469704115683963,2.4176966666666666,0.2145900409048741,2.067,2.7937,0.004634416017797488,1717.1543266666667,36.96774682300715,1646.6772,1781.2862,-3.0530254505005794
motor-0088,degrading,0,29,NORMAL,56.19443666666666,1.584984022523747,53.0318,59.3182,-0.10126956618465124,1.4504799999999998,0.16950761713464874,1.1561,1.7664,-0.012276395995550648,1792.4086433333332,16.045293435494465,1747.127,1813.2712,-0.15141377085653204
motor-0088,degrading,10,39,NORMAL,55.960453333333334,1.3619197824476388,53.0318,58.3042,0.009684671857617637,1.4621666666666664,0.20996224634178612,1.1561,1.94,0.006948565072302556,1805.4030333333328,25.91010373338726,1747.127,1849.7899,1.8627154171301243
motor-0088,degrading,20,49,NORMAL,55.71667000000001,1.423760705350446,53.132,58.6949,0.02981523915461477,1.4826133333333333,0.22273358036502314,1.1561,2.0053,0.009606807563959933,1803.0612100000003,26.8011986623279,1747.127,1849.7899,0.013456262513871298
motor-0088,degrading,30,59,NORMAL,55.67002333333334,1.3764525643075707,53.132,58.6949,-0.09481706340378317,1.5944466666666666,0.21169335642753542,1.1699,2.0053,0.004614682981090047,1802.1525633333335,25.336181466149473,1764.7339,1849.7899,-2.138122424916623
motor-0088,degrading,40,69,DEGRADATION,55.42608666666667,1.3122875753770158,53.132,58.6949,-0.002530322580646289,1.6971800000000001,0.2446395094828307,1.205,2.0766,0.015839065628476045,1792.2362033333332,18.41749819675994,1758.9663,1827.331,0.7239438709676881
motor-0088,degrading,50,79,DEGRADATION,55.605239999999995,1.0031485063206407,54.0767,57.5237,0.06614634037819667,1.7652866666666667,0.18130499484447624,1.4105,2.0766,0.0037217797552836036,1787.9172100000003,20.96560346981615,1758.9663,1827.331,-0.6154229810901185
motor-0088,degrading,60,89,DEGRADATION,56.02454333333332,0.9651102896157623,53.9055,57.5237,0.02271063403781836,1.8819466666666669,0.18395179030266479,1.5138,2.169,0.0035622246941045097,1790.9428533333335,22.22701183828261,1758.9663,1833.7856,-0.29527826473866925
motor-0088,degrading,70,99,DEGRADATION,56.843949999999985,1.558972560320845,53.9055,60.6628,0.08800060066740656,1.8889200000000002,0.17784223420398956,1.5471,2.169,0.00854745272525025,1786.6628399999997,18.108422829291346,1759.9771,1833.7856,0.8523717908787326
motor-0088,degrading,80,109,DEGRADATION,56.94218999999999,1.6112942208775314,53.9055,60.6628,0.011833971078974992,1.8020433333333334,0.2775760756781623,1.3258,2.169,-0.02485964404894333,1784.8321099999996,19.389077363012913,1753.2587,1833.7856,-1.1449812013348695
motor-0088,degrading,90,119,DEGRADATION,57.51321333333335,1.7394382650218496,54.5945,60.6628,-0.024678976640713196,1.8101999999999998,0.2927162402965256,1.3258,2.277,0.004153637374860896,1778.6336366666667,15.689493294186477,1750.5292,1814.3612,-0.8022223581757667
motor-0088,degrading,100,129,DEGRADATION,57.760639999999995,1.8113709781267895,54.5945,60.7928,0.11690918798664958,1.9151266666666664,0.35887045474500806,1.3258,2.3837,0.036598442714126767,1768.55356,12.622817936646848,1747.9312,1794.6905,-0.28686046718579017
motor-0088,degrading,110,139,DEGRADATION,58.74386000000001,1.5760443556786932,54.9539,60.7928,0.09260622914349076,2.086673333333333,0.18345448106334775,1.6254,2.3837,0.0004461846496106254,1759.937683333333,19.74380263243946,1719.6036,1794.6905,-1.3514243604004672
motor-0088,degrading,120,149,DEGRADATION,59.233579999999996,1.0194899399209392,57.3415,61.2763,0.011283025583980845,2.1833166666666672,0.18216302603864362,1.8546,2.5824,0.004807096774193468,1749.9970299999998,16.62015187851085,1719.6036,1781.5041,-0.513495239154661
motor-0088,degrading,130,159,DEGRADATION,59.253886666666666,0.8595709087420049,57.5787,61.2763,-0.0078591768631832,2.243323333333333,0.23314335887794213,1.8546,2.6484,0.02018573971078974,1734.1849900000002,23.736925196640367,1676.2481,1775.8526,-1.4582206229143628
motor-0088,degrading,140,169,DEGRADATION,59.00795000000001,0.9575126212397066,56.8656,61.2763,-0.01572073414905534,2.2817033333333336,0.20408584383919326,1.873,2.6484,-0.009879176863181342,1727.8115166666664,25.61472612071793,1676.2481,1775.8526,-1.1651873414905916
motor-0088,degrading,150,179,DEGRADATION,59.669909999999994,1.4196989360072088,56.8656,62.1797,0.09527192436039866,2.3210566666666663,0.20979509159071277,1.873,2.6484,-0.0008276529477197456,1729.1806233333332,25.51701649547722,1676.2481,1771.2631,1.7115085428252963
motor-0088,degrading,160,189,DEGRADATION,60.33341333333333,1.5765764784776182,56.8656,63.2326,0.10941655172413693,2.315656666666667,0.19880267383066616,1.873,2.6413,0.014023826473859838,1730.6315200000004,22.54495995971015,1691.1415,1771.2631,0.08499265850938356
motor-0088,degrading,170,199,DEGRADATION,60.59609666666667,1.2280949367437168,58.5422,63.2326,-0.08029817575083557,2.4610733333333332,0.13897500718554479,2.1925,2.8403,0.007109988876529449,1734.3447733333335,18.070401103958808,1691.1415,1763.5965,-0.6327521690767715
motor-0088,degrading,180,209,DEGRADATION,61.22354666666665,1.8580708145337796,58.5422,65.1443,0.07798723025583883,2.52715,0.16028678205017405,2.2665,2.8604,0.010626941045606169,1733.6007166666666,18.80201634751059,1691.1415,1767.9576,1.4619261179087522
motor-0088,degrading,190,219,DEGRADATION,61.124983333333326,1.846707804550815,58.5422,65.1443,0.056103248053389954,2.476786666666667,0.24179945924027393,1.9574,2.8604,-0.014181490545050137,1734.1436733333335,17.129475214201847,1703.3775,1767.9576,-0.5698679866518904
motor-0088,degrading,200,229,DEGRADATION,61.551563333333334,1.6430317593772261,58.5683,65.1443,-0.09655196885428396,2.5188466666666662,0.27340816585383027,1.9574,2.9154,-0.0006088987764183377,1726.9734733333332,20.287705692346996,1686.0869,1767.9576,-1.5274263403782329
motor-0088,degrading,210,239,DEGRADATION,61.46525333333334,1.4043123505197208,58.5683,64.0233,0.0979707675194642,2.5357466666666677,0.29407522816827364,1.9574,2.9171,0.015578153503893175,1713.60706,21.105179563787967,1654.6695,1747.5552,-0.6712954838709905
motor-0088,degrading,220,249,DEGRADATION,62.09371333333333,1.3267901750046573,58.5683,64.3125,0.09122745272524856,2.667946666666666,0.171956871983129,2.1588,2.9171,-1.8954393770917842e-05,1702.5949700000003,24.67675303575074,1654.6695,1747.5552,-1.2694312124583351
motor-0089,degrading,0,29,NORMAL,55.04564666666667,0.893034465454099,52.9216,56.3803,-0.04400355951056796,1.456916666666667,0.14010658819468683,1.1839,1.6939,0.005057552836484946,1795.5407033333333,21.662018269596288,1764.8917,1850.7344,-1.207607185761974
motor-0089,degrading,10,39,NORMAL,55.53756333333333,1.307519121207113,52.9216,58.0175,0.07216447163514929,1.53188,0.1658999666465709,1.1839,1.7608,0.011753548387096767,1791.9551500000002,14.863551829195043,1764.8917,1818.136,1.1292648943269779
motor-0089,degrading,20,49,NORMAL,55.38068333333332,1.4228347835883437,52.9216,58.0175,0.028297196885427187,1.5629266666666666,0.1644986604470957,1.2123,1.8066,0.0008129477196885231,1792.6141299999997,15.908649411397787,1761.058,1818.136,-0.6765619799777843
motor-0089,degrading,30,59,DEGRADATION,55.66011999999999,1.3346256350003174,53.4314,58.0175,-0.07213837597330505,1.6017366666666668,0.19777521665320513,1.2123,2.0897,-0.001592680756396038,1793.7732133333334,14.666987722404205,1761.058,1818.136,-0.5652237597331018
motor-0089,degrading,40,69,DEGRADATION,55.747153333333344,1.4188429123134891,53.4314,58.0971,0.09432369299221217,1.7257033333333331,0.28909957163963806,1.2123,2.1408,0.022935684093437117,1780.0050366666665,18.537945143003,1743.0947,1807.7131,-0.9468680533926818
motor-0089,degrading,50,79,DEGRADATION,56.21468000000001,1.3576026506063306,53.7688,58.2124,0.05484849833147855,1.7587599999999997,0.27187998283556414,1.2308,2.1408,0.002708787541712995,1773.734713333333,21.236652843260288,1740.1159,1807.7131,-1.4736266518354115
motor-0089,degrading,60,89,DEGRADATION,56.59935666666667,1.039087474560679,54.4648,58.2124,-0.046395305895441705,1.8239333333333334,0.22079641200788463,1.4603,2.1408,-0.010069143492769753,1768.4484933333333,17.205110390771168,1740.1159,1802.2469,0.7221753058954014
motor-0089,degrading,70,99,DEGRADATION,56.51892333333334,0.9978467867307536,54.4648,58.2124,0.015503070077863232,1.7905400000000002,0.2294021659299086,1.4603,2.23,0.010103670745272466,1767.1289233333337,18.787353692003986,1715.6181,1797.0453,-0.1367871190212096
motor-0089,degrading,80,109,DEGRADATION,56.46553999999999,0.821689975031135,54.6383,58.14,-0.003508520578422462,1.835473333333333,0.19486948270288218,1.5322,2.23,-0.0018597997775306326,1757.5143766666663,24.234952726694612,1715.6181,1797.0453,-2.302633081201362
motor-0089,degrading,90,119,DEGRADATION,57.01915,1.1947332011094915,55.2067,60.0303,0.0512635150166835,1.9466033333333332,0.2368878630397842,1.5322,2.4521,0.00875806451612901,1757.7803533333329,25.103619270000806,1715.6181,1801.6034,0.9790990878753936
motor-0089,degrading,100,129,DEGRADATION,57.969346666666674,1.7336526447039178,55.2067,60.8792,0.16890153503893054,2.0510133333333336,0.24692338991859172,1.6072,2.4908,0.02197668520578416,1750.98201,29.27088789209454,1704.3882,1801.6034,0.16201256952167883
motor-0089,degrading,110,139,DEGRADATION,58.45678333333333,1.4882847787712612,55.7884,60.8792,0.013654082313680331,2.104236666666666,0.21532346440233177,1.6327,2.4908,-0.006887630700778678,1749.79567,30.18374174923921,1704.3882,1801.6034,-2.382398687430517
motor-0089,degrading,120,149,DEGRADATION,59.351520000000015,1.6095834377047173,56.331,62.2028,0.0575177753058941,2.2129233333333334,0.2769633365427433,1.6327,2.6742,0.012073704115684019,1731.4956066666666,20.1611615200602,1704.3882,1799.3304,-0.8711936373749183
motor-0089,degrading,130,159,DEGRADATION,59.78304,1.7828839361364317,56.331,62.2028,0.17564573971078923,2.2159299999999997,0.28348706278535296,1.6327,2.6742,0.01585604004449384,1726.4257933333333,12.957951071007404,1702.2021,1756.3885,-0.07048578420472794
motor-0089,degrading,140,169,DEGRADATION,60.298976666666675,1.0928684881794135,57.8208,62.2028,-0.048157664071192215,2.3563433333333337,0.18437447524595757,2.0801,2.6932,-0.003938976640711983,1720.9973666666667,14.372964443179027,1693.4221,1756.3885,-0.4899937263626564
motor-0089,degrading,150,179,DEGRADATION,60.26012666666667,1.0870198927751455,57.8208,61.7232,-0.012708787541714834,2.40921,0.21232919307842085,2.0801,2.7668,0.0158015350389321,1720.4171966666665,15.764212454807941,1693.4221,1756.3885,0.15088758620684814
motor-0089,degrading,160,189,DEGRADATION,59.96811666666667,1.0050514229243306,57.8208,61.7232,0.05206360400444855,2.4744433333333333,0.15899585043502096,2.0955,2.7668,0.005007141268075577,1710.667776666667,18.601060267516697,1676.4914,1750.7802,-0.7987854727475195
motor-0089,degrading,170,199,DEGRADATION,60.20060333333334,0.8268892120404565,58.7477,61.7232,-0.024634816462736915,2.5470633333333335,0.10864840076544564,2.3593,2.7759,-0.0021640266963293647,1708.2944199999997,18.77100743196626,1674.2564,1750.7802,-0.8656948609566459
motor-0089,degrading,180,209,DEGRADATION,61.396409999999996,2.205524838120547,58.8706,66.4522,0.18577795328142258,2.582253333333333,0.14582274110104435,2.3593,2.9185,0.01357672969966627,1696.60381,21.146241827274327,1654.2973,1737.5957,-0.5314252057842385
motor-0090,failure,0,29,NORMAL,54.80694666666668,1.2945652453580279,52.676,56.9328,-0.11150981090100269,1.4918633333333333,0.16335143807821903,1.145,1.8097,-0.007958998887652984,1797.4300200000002,16.273555752905786,1761.7493,1823.0454,-0.7420606006674442
motor-0090,failure,10,39,DEGRADATION,54.80672,1.3931589929365564,52.676,57.7576,0.047286362625137655,1.490916666666667,0.15960321860441565,1.145,1.8138,0.010584493882091185,1798.45241,17.57002599401131,1761.7493,1831.9226,1.307436551724139
motor-0090,failure,20,49,DEGRADATION,55.21982666666667,1.5124995885251966,52.676,57.7576,0.12226473859844166,1.6058833333333333,0.16416295985662807,1.2666,1.9823,0.014732347052280275,1791.1287466666663,27.35456093507057,1736.0026,1831.9226,-1.613838131256976
motor-0090,failure,30,59,DEGRADATION,56.10296000000001,1.112798154084259,54.1977,57.7576,0.02899136818687303,1.8437833333333333,0.2778088840472089,1.5185,2.4223,0.027862669632925434,1784.7345766666663,28.39455055185394,1736.0026,1831.9226,-1.8850967074527871
motor-0090,failure,40,69,DEGRADATION,57.652153333333324,2.4380173958544455,54.1977,62.8754,0.2100021357063388,2.11464,0.3410754223530821,1.536,2.7455,0.036163025583982183,1765.7306366666667,19.715940973748186,1736.0026,1803.4998,-0.39323454949946013
motor-0090,failure,50,79,DEGRADATION,58.99437333333333,2.344741121592934,54.1977,62.8754,0.20346932146829663,2.339223333333334,0.22474096004560942,1.8629,2.7455,0.012545873192435988,1758.3941899999995,20.069790524556225,1728.0142,1795.6149,-1.6199788431591047
motor-0090,failure,60,89,DEGRADATION,60.53242333333333,1.6700980491542674,56.3375,63.0309,0.05356616240266921,2.5080766666666667,0.23738594831109014,2.0519,2.9052,0.014053726362625094,1746.628126666667,14.314719883600773,1718.8412,1780.5599,-1.0158553503893615
motor-0090,failure,70,99,FAILURE,61.30691666666666,1.7715106335334887,57.0729,64.0493,0.14778533926585002,2.585326666666667,0.20497262245372078,2.0519,2.9052,0.011886629588431594,1731.65392,19.013820284491317,1680.8747,1765.6349,-1.554170100111277
motor-0090,failure,80,109,FAILURE,61.210353333333344,2.075937996943926,57.0729,64.0493,-0.020724226918799864,2.570366666666667,0.28971186183670294,1.7472,3.0536,-0.008104827586206956,1708.2041766666664,33.0097242134161,1643.1778,1763.3363,-3.354680378198025
motor-0090,failure,90,119,FAILURE,61.82329000000001,2.010793151528355,57.1285,65.3458,-0.01614444938821073,2.61716,0.32143565825838305,1.7472,3.3373,0.011858954393770795,1689.6027233333334,26.232490654462367,1643.1778,1739.6981,-1.1893475639599966
motor-0090,failure,100,129,FAILURE,61.82026333333334,2.0885358519759456,57.1285,65.3458,0.1211670077864279,2.7883566666666666,0.4329626994583047,1.7472,3.4899,0.039038064516128984,1675.6271633333336,22.258365630364445,1641.0216,1724.9689,0.05329510567294393
motor-0090,failure,110,139,FAILURE,63.10147666666667,1.599169126491073,60.3157,66.0076,0.06555446051167818,3.0161733333333336,0.24548818699798075,2.4998,3.4899,0.009563470522803022,1662.0718066666666,31.259229834871007,1600.663,1724.9689,-2.364326807563977
motor-0090,failure,120,149,FAILURE,64.25550666666666,1.9826007661542837,61.4972,69.1148,0.1803743270300316,3.2290033333333334,0.23758053719855834,2.8822,3.6394,0.010676774193548299,1647.3555466666667,29.72347418540586,1585.1291,1705.2055,-1.6704474304783534
motor-0090,failure,130,159,FAILURE,65.96688999999999,2.6116626472230293,61.4972,73.1233,0.20061483870967622,3.326196666666667,0.2837744321150555,2.8873,3.9705,0.019523359288097838,1619.8877833333331,31.786135396669234,1549.5058,1684.868,-2.1113608231368777
motor-0090,failure,140,169,FAILURE,66.98848333333333,2.2360416312587352,62.4585,73.1233,0.041319087875414634,3.4975233333333335,0.23600466334846482,3.0567,3.9705,0.005992903225806355,1603.0668066666667,34.97001459267576,1549.5058,1684.868,-3.164960222469466
motor-0090,failure,150,179,FAILURE,67.54065,2.1569314651065445,62.4585,73.1233,-0.0007993993325931172,3.6959099999999996,0.35511118291787624,3.0567,4.2994,0.02949737486095659,1576.7303266666665,21.413527755571298,1518.5,1611.8324,-1.1809438487208535
motor-0090,failure,160,189,FAILURE,67.73160000000001,1.9061907512103817,62.4585,70.9146,0.10703750834260137,3.90094,0.3226340275503087,3.0832,4.4441,0.025032480533926486,1561.0111499999998,25.649980322757216,1502.3395,1610.2593,-1.8246378865406334
motor-0090,failure,170,199,FAILURE,69.23998333333333,2.1556015941546844,64.971,74.5195,0.18530591768631588,3.966256666666666,0.247466328596213,3.4007,4.4441,-0.011653459399332681,1554.3622699999994,26.211642350212113,1502.3395,1603.5214,-0.17734556173526833
motor-0090,failure,180,209,FAILURE,71.78329333333335,3.2306607676999395,64.971,77.5762,0.3350972636262501,4.082063333333333,0.33999878576580567,3.4007,4.8258,0.015904805339265773,1545.7433033333332,29.4127702733635,1496.7299,1603.5214,-0.7500506117909188
motor-0090,failure,190,219,FAILURE,73.06253666666666,2.2293903218119735,69.0727,77.5762,0.055598776418240216,4.1281566666666665,0.36859214739630874,3.4007,4.8258,0.02594992213570627,1549.5014,29.171035738554096,1496.7299,1603.5214,-0.4789001112347453
motor-0090,failure,200,229,FAILURE,73.09686333333333,2.50409208569804,67.1004,77.5762,-0.15604829810901108,4.372593333333333,0.30961110761010424,3.8663,5.1948,0.0103497219132368,1547.45214,25.836422163960705,1496.7299,1594.613,0.6078089432702861
motor-0090,failure,210,239,FAILURE,73.04171333333332,2.4508917315585816,67.1004,77.8595,0.15544360400444804,4.6800266666666674,0.5442009126130614,3.8663,5.513,0.05389134593993313,1532.284436666667,36.27137810589762,1459.1117,1594.613,-2.514461779755343
motor-0091,degrading,0,29,NORMAL,56.596673333333335,1.368212793375195,54.0387,59.5834,-0.12334380422692087,1.6398000000000001,0.13708115601107734,1.4068,1.9856,-0.008147363737486157,1802.909893333333,17.16510157886117,1768.4376,1837.8443,0.1477406451612378
motor-0091,degrading,10,39,NORMAL,56.15653000000001,1.1542605431328457,54.0387,58.3841,-0.030633748609567583,1.6301633333333332,0.11634877590914118,1.4068,1.8538,0.0038319243604004074,1798.48095,21.91305750117572,1758.116,1843.9644,-0.059921268075683085
motor-0091,degrading,20,49,NORMAL,55.83750666666666,0.9990394216223669,53.7423,57.4835,0.032694060066740485,1.6248533333333337,0.09828343276237127,1.4329,1.8538,0.002110923248053381,1799.4105166666666,20.13156239810319,1758.116,1843.9644,-0.7882235595106045
motor-0091,degrading,30,59,NORMAL,56.00147666666667,0.9584413554249878,53.7423,57.4835,-0.02768402669633022,1.6762433333333333,0.1624850201984444,1.4139,2.1036,0.0031193548387096317,1801.9276033333338,21.70061329229328,1758.116,1847.0065,0.8195675417129903
motor-0091,degrading,40,69,DEGRADATION,56.68546666666668,1.5545927563906323,53.7423,60.0778,0.11294522803114494,1.73593,0.19965442502818048,1.4139,2.1036,0.014980177975528329,1818.0734633333332,24.922243705031608,1785.1379,1869.3596,2.251186496106746
motor-0091,degrading,50,79,DEGRADATION,56.78612999999999,1.618380861262268,54.3013,60.0778,0.030439621802000553,1.8150966666666666,0.18135527835960247,1.4139,2.1036,0.006543070077864284,1813.2255199999997,30.740509400890968,1765.7124,1869.3596,-1.7275239154616957
motor-0091,degrading,60,89,DEGRADATION,57.54642666666666,1.6807535676859024,54.685,60.0778,-0.009766095661847708,1.90927,0.12184990534806885,1.6764,2.1456,0.0032615127919910433,1803.337893333333,32.372363246509444,1758.7485,1869.3596,-2.848227007786466
motor-0091,degrading,70,99,DEGRADATION,57.40011333333334,1.5675276209652216,54.685,59.9632,0.08128969966629458,1.9590166666666669,0.13088696416713505,1.6764,2.1707,0.00871588431590652,1773.1176499999997,18.63214496765828,1741.9313,1808.1431,-1.3908185761957854
motor-0091,degrading,80,109,DEGRADATION,57.48784666666667,1.340968457927164,55.3609,59.9632,-0.037563648498333053,1.9625866666666667,0.1321569817384697,1.6623,2.1707,-0.006502202447163552,1769.3614333333328,19.356033176649493,1741.9313,1807.9619,-0.8081205784205365
motor-0091,degrading,90,119,DEGRADATION,58.02422333333333,1.5718864928663123,55.4266,61.8044,0.08583450500556111,2.034023333333333,0.21940626804071836,1.6623,2.6766,0.009820044493882053,1769.11877,18.151327789377667,1741.9313,1805.3272,1.5266814460511262
motor-0091,degrading,100,129,DEGRADATION,58.16303666666668,1.8188596234057086,55.4266,61.8044,0.081135728587318,2.131416666666667,0.28269146559848995,1.6623,2.6927,0.02217194660734146,1774.03508,15.303281806231432,1747.5464,1805.3272,-0.06784525027814316
motor-0091,degrading,110,139,DEGRADATION,58.354893333333344,1.738151203421485,55.3652,61.8044,-0.09550424916574113,2.3218233333333327,0.21008174707850166,1.8455,2.6927,0.01071859844271406,1776.8711599999997,12.995515527842693,1748.4016,1802.817,-0.5726953948832457
motor-0091,degrading,120,149,DEGRADATION,58.852289999999996,2.0381152665064524,55.3652,62.0401,0.11348278086762956,2.378236666666666,0.16667462211013276,2.0221,2.6927,-0.0008926585094550119,1775.5104266666665,11.955724058679557,1748.4016,1802.817,0.5796269187986202
motor-0091,degrading,130,159,DEGRADATION,59.59639333333334,2.0361844554514756,55.3652,63.5211,0.16925588431590455,2.353590000000001,0.17277627412350344,1.9681,2.6672,-0.00937657397107902,1773.15088,14.996454805550993,1742.6751,1802.817,-0.6515435372636621
motor-0091,degrading,140,169,DEGRADATION,60.61122333333333,0.8901943191173985,58.5321,63.5211,-0.03643045606229269,2.320363333333333,0.15790749503709092,1.9681,2.6116,-0.006390233592881063,1764.2017233333331,20.732297943155977,1720.9531,1799.1206,-1.2161803559510782
motor-0091,degrading,150,179,DEGRADATION,61.04752,1.3245420092494862,58.5321,63.6437,0.08102985539488136,2.2934199999999993,0.13558678500011226,1.9681,2.5426,-7.234705228039776e-05,1754.8507833333335,19.234920674545467,1718.3274,1790.1527,-0.22976371523919073
motor-0091,degrading,160,189,DEGRADATION,60.99816666666666,1.5109191684387204,57.4159,63.6437,0.006822869855393623,2.304053333333334,0.09780922496824566,2.0963,2.4784,-0.00018954393770861776,1743.314556666667,23.236118320962948,1703.7692,1790.1527,-1.207930522803143
motor-0091,degrading,170,199,DEGRADATION,61.03975666666667,1.5525416985668654,57.4159,63.6437,-0.09303908787541883,2.3653199999999996,0.19019503042929384,2.0963,2.9436,0.012731568409343648,1740.576776666667,20.956495861676295,1703.7692,1786.3225,-0.7200968854282844
motor-0091,degrading,180,209,DEGRADATION,61.129349999999995,1.630560151348814,57.4159,63.948,0.07334916573970887,2.503226666666667,0.2544413042115782,2.1073,2.997,0.02011239154616235,1728.2866433333331,22.46858634299128,1675.6246,1765.8888,-0.7271275862068997
motor-0091,degrading,190,219,DEGRADATION,61.682140000000004,1.467957063086884,58.7007,64.2288,0.06695666295884137,2.5597633333333336,0.21994752477706028,2.1956,2.997,-0.000835439377085688,1721.33526,23.35473812605054,1675.6246,1765.8888,-1.8019716573971511
motor-0091,degrading,200,229,DEGRADATION,62.498106666666665,1.6372686547892976,59.4042,65.357,0.009132769744158234,2.5876099999999997,0.1765323225361293,2.1956,2.997,-0.007501512791991146,1716.92754,19.967557685933098,1675.6246,1765.8888,0.30335234705226183
motor-0091,degrading,210,239,DEGRADATION,62.73507,1.6124638935802564,59.4042,65.357,0.05818622914349119,2.630133333333333,0.20330632443570354,2.1956,3.1416,0.016191813125695165,1715.9054033333334,16.011406540973276,1686.6786,1749.6381,0.33969577308114085
motor-0092,failure,0,29,NORMAL,56.88341666666666,1.136489741289184,55.0365,59.2216,-0.08368131256952352,1.6269266666666664,0.10388704742277655,1.3377,1.8605,-0.004417397107897713,1790.31731,28.374430517425964,1749.8384,1850.1937,-1.6990991546162981
motor-0092,failure,10,39,DEGRADATION,57.22523333333333,1.4697509807976168,55.0365,59.9555,0.08502100111234609,1.6379866666666665,0.11765687041373979,1.3377,1.8946,0.0067511012235817345,1781.9437533333335,19.229877074468117,1749.8384,1815.4404,1.558897308120096
motor-0092,failure,20,49,DEGRADATION,57.59641333333334,1.5515311737620863,55.0365,60.5095,0.10633855394883161,1.6823633333333332,0.12050130423452779,1.5142,1.9595,0.007582046718576166,1782.149806666667,18.854721282602448,1750.4594,1815.4404,-1.0410861846496375
motor-0092,failure,30,59,DEGRADATION,57.95063666666667,1.350493514851351,55.3892,60.5095,-0.0707933926585109,1.8815999999999997,0.27337772891489653,1.589,2.6614,0.024563025583982195,1774.63693,20.750975706315582,1745.6043,1815.4404,-1.9786208008899222
motor-0092,failure,40,69,DEGRADATION,59.361493333333335,2.8386463720035446,55.3892,64.1743,0.21074963292547075,2.0795399999999997,0.30175383190055216,1.589,2.6614,0.02839052280311455,1754.8845199999996,16.829739283767903,1712.1227,1787.9036,-1.3868822246941532
motor-0092,failure,50,79,DEGRADATION,60.32698000000001,2.7154781908410404,55.3892,64.1743,0.18811279199109887,2.26882,0.18730087631046113,1.8362,2.6614,0.008890767519466014,1739.1981333333335,23.261765688060365,1696.053,1787.9036,-2.3655426028921562
motor-0092,failure,60,89,DEGRADATION,61.96972666666667,1.0772625851151094,60.2046,64.1743,-0.05153192436040215,2.40736,0.22245559646814914,2.1029,2.9641,0.01553868743047825,1720.3645466666667,19.390118017549238,1686.9516,1760.7582,-1.6969541713014686
motor-0092,failure,70,99,FAILURE,61.968156666666665,1.1735138731414958,60.2046,64.6254,0.08475526140155644,2.6020366666666663,0.30077260012988033,2.1029,3.1222,0.02780411568409336,1699.6603733333336,23.857711564173304,1635.2223,1742.9803,-2.069867853170235
motor-0092,failure,80,109,FAILURE,62.17591666666666,1.3648503290552485,58.2608,64.6254,0.0001467630700770193,2.7586366666666664,0.22481798783806325,2.2708,3.1222,0.0077553503893214165,1671.1649233333335,38.09945364375263,1596.2243,1723.9767,-3.4852844271413144
motor-0092,failure,90,119,FAILURE,63.79187,2.558270849245639,58.2608,68.7274,0.1755648720800878,2.9944466666666667,0.3096400714090833,2.5217,3.7137,0.015051434927697376,1651.6988766666666,30.623680465773344,1596.2243,1710.2604,-1.5943123692992898
motor-0092,failure,100,129,FAILURE,65.37323333333333,3.020934732863692,58.2608,70.0905,0.3006736818687409,3.1022266666666667,0.3360894245418753,2.5217,3.7416,0.019424961067853123,1630.481293333333,24.671245247736383,1587.4718,1685.7346,-0.8060924582870347
motor-0092,failure,110,139,FAILURE,67.1326,1.6201643400182193,64.0637,71.0044,0.010045339265849067,3.2489599999999994,0.24410565280905178,2.7193,3.7416,-0.0032237152391547353,1620.1244399999998,28.18545810882626,1555.6389,1670.6723,-2.3842323915462185
motor-0092,failure,120,149,FAILURE,67.43988666666667,1.7359734866894976,64.0637,71.0044,0.011504783092322134,3.3278399999999997,0.3488604702934016,2.7193,4.1979,0.021523781979977757,1618.3829466666664,29.15909295984969,1555.6389,1671.9736,0.8061583537263504
motor-0092,failure,130,159,FAILURE,68.09658333333333,2.107854877054448,64.0637,71.6831,0.13915098998887393,3.5587266666666664,0.4206842291104127,2.8544,4.3529,0.03430616240266953,1615.7223066666668,30.137604252792826,1555.6389,1671.9736,-0.0787767296996853
motor-0092,failure,140,169,FAILURE,69.40185333333334,2.0258659938790515,65.1355,73.0086,0.17725721913236803,3.7670833333333333,0.40874934379831795,2.8544,4.5172,0.020479443826473764,1612.7189233333336,29.7425348291823,1556.1615,1671.9736,-2.535175684093456
motor-0092,failure,150,179,FAILURE,71.29493,2.1007854632890677,66.686,76.3881,0.17605968854282353,3.953083333333334,0.3290899817003786,3.0209,4.6281,0.009525895439377045,1592.5092233333335,21.679940646177734,1546.6765,1628.9253,-1.2703733259176915
motor-0092,failure,160,189,FAILURE,71.71266,1.909348481655456,67.7737,76.3881,-0.007005027808679487,4.007516666666667,0.3237294704773656,3.0209,4.6281,0.014908142380422625,1565.4568933333333,38.90947557334362,1472.4631,1628.9253,-3.186865761957788
motor-0092,failure,170,199,FAILURE,72.01530000000001,2.0665367313454652,67.7737,76.4893,-0.061342424916575496,4.22208,0.2992162533464161,3.6375,4.7766,0.019630478309232435,1543.371146666667,37.38075560785911,1472.4631,1628.9253,-2.6089821134594113
motor-0092,failure,180,209,FAILURE,72.26464000000001,2.0849798270167197,67.7737,76.4893,0.14114091212458232,4.424633333333334,0.3421028298950802,3.6375,5.1199,0.03368947719688527,1520.8052966666664,29.267231166881103,1472.4631,1568.4543,-0.8499796440489734
motor-0092,failure,190,219,FAILURE,73.04278000000001,1.700497771908764,69.226,76.4893,0.07874375973303548,4.568006666666666,0.2496277107124839,4.1237,5.1199,0.004129877641824169,1503.9156833333332,32.45982307834395,1445.4867,1568.4543,-2.5621280756396088
motor-0092,failure,200,229,FAILURE,74.24307333333333,1.4591471314740292,71.6417,77.9204,0.06443078976640511,4.761486666666667,0.4588315077333823,4.2527,5.9491,0.023504382647385948,1495.7748666666666,27.99415861465072,1445.4867,1559.9027,-0.8830573526140479
motor-0093,degrading,0,29,NORMAL,55.60645999999999,0.7707549725647789,54.4809,57.1124,-0.03832711902113538,1.39376,0.11917498227396553,1.202,1.7376,0.0029285873192435767,1800.9011533333332,26.673062817878442,1753.4836,1853.0342,-1.44805121245831
motor-0093,degrading,10,39,NORMAL,55.641246666666675,0.8813495295032251,54.2728,57.2995,0.016997063403780394,1.4575433333333334,0.17328315110118336,1.202,1.8153,0.014684560622914329,1795.8828533333333,21.697458796116106,1753.4836,1834.0219,1.4985856729699567
motor-0093,degrading,20,49,NORMAL,55.44399333333334,0.8613786611912078,54.2591,57.2995,0.0067484315906544915,1.4706900000000003,0.1643685013417514,1.2593,1.8153,-0.004989165739710808,1798.6515233333334,18.297790505644542,1762.5497,1834.0219,-0.6937954393771293
motor-0093,degrading,30,59,DEGRADATION,55.76967666666666,0.9658281940674321,54.081,57.5595,0.017982714126805844,1.4701400000000002,0.17181712487409395,1.0607,1.8153,-0.007762847608453875,1801.0226533333332,16.82652901899721,1762.5497,1834.0219,-0.569207474972223
motor-0093,degrading,40,69,DEGRADATION,56.38313666666667,1.4140378836234277,54.081,59.0774,0.13859494994438223,1.5701399999999999,0.286763951244457,1.0607,2.2211,0.026817352614015553,1790.60536,17.688886820404107,1752.506,1817.8716,-0.4354917908788103
motor-0093,degrading,50,79,DEGRADATION,57.187793333333346,1.279368209686154,54.081,59.0774,0.0810066740823119,1.6689533333333333,0.24943767522614183,1.0607,2.2211,0.00992743047830923,1781.390193333333,23.92105846381569,1739.4656,1817.8716,-2.231475239154668
motor-0093,degrading,60,89,DEGRADATION,57.36868333333334,1.1240496780490719,55.2273,59.0774,-0.04333790878754238,1.8001500000000001,0.18964058593384836,1.4471,2.2211,-0.0014814905450500804,1776.1389666666664,22.50550317463609,1739.4656,1824.7357,0.410226028920994
motor-0093,degrading,70,99,DEGRADATION,58.248380000000004,2.000917138780781,55.2273,62.1826,0.14691417130144538,1.817063333333333,0.18839171864908383,1.4471,2.1425,0.01680037819799771,1771.839046666667,20.882495761470224,1739.2405,1824.7357,0.6900172636262101
motor-0093,degrading,80,109,DEGRADATION,58.504066666666674,1.9048057961085925,55.2273,62.1826,0.08680137931034336,1.8336366666666668,0.16353779070566196,1.4841,2.1425,-0.005630011123470566,1767.30406,25.585223756256926,1724.8326,1824.7357,-1.8475257397108302
motor-0093,degrading,90,119,DEGRADATION,59.27348666666666,1.4479998763198227,56.78,62.1826,-0.057568498331480984,1.8771433333333334,0.17880316120123704,1.4841,2.2177,0.0014836707452724825,1760.7686666666668,19.676901736762893,1724.8326,1793.1078,0.1250754616239861
motor-0093,degrading,100,129,DEGRADATION,58.83398333333334,1.14376363498855,56.3584,60.5167,0.03540028921023166,1.9426899999999996,0.24415148350972599,1.4841,2.4232,0.020690567296996632,1752.3146933333328,18.7597617663966,1724.8326,1793.1078,0.17212840934369775
motor-0093,degrading,110,139,DEGRADATION,58.75010666666666,1.192622252275305,56.3584,60.5167,-0.036782825361514435,2.0476766666666664,0.18076414409082595,1.6946,2.4232,-0.0013269632925472685,1750.685163333333,21.100811183198378,1711.5756,1793.1078,-1.3433059176863837
motor-0093,degrading,120,149,DEGRADATION,59.290650000000014,1.7593415578467604,56.3584,63.0949,0.07073555061178963,2.1252300000000006,0.18548754342722495,1.742,2.4318,0.00018938820912124256,1748.0659933333334,18.80086984984001,1711.5756,1781.4275,0.6892374193547813
motor-0093,degrading,130,159,DEGRADATION,60.013999999999996,1.9423468768476964,56.6504,63.0949,0.16904591768631727,2.0889200000000003,0.15805878948458807,1.742,2.4318,0.0018880978865405346,1737.129983333333,26.74092368625392,1688.0848,1781.4275,-1.3183281646273732
motor-0093,degrading,140,169,DEGRADATION,60.68771333333334,1.48829444056686,56.6504,63.0949,-0.0004992658509476265,2.1476566666666668,0.1680622041256021,1.9114,2.5507,0.0018106117908786965,1736.5976233333336,25.772442104641964,1688.0848,1778.7667,-1.1511573081201716
motor-0093,degrading,150,179,DEGRADATION,60.85473333333335,1.0324910399395995,57.9556,62.5518,-0.01265027808676432,2.3168033333333327,0.32033480244200063,1.9114,2.878,0.03149737486095658,1729.4996866666665,19.870245053844247,1688.0848,1770.3823,1.2321608008898426
motor-0093,degrading,160,189,DEGRADATION,60.91474666666666,1.0922228065534778,57.9556,63.1293,0.06317370411568299,2.44882,0.266778203007667,1.9114,2.878,0.01432778642936592,1720.4414133333335,29.522375359103847,1662.2066,1770.3823,-2.30864053392664
motor-0093,degrading,170,199,DEGRADATION,61.43397333333334,0.9425623321327644,59.5633,63.1293,0.03725294771968804,2.526596666666667,0.17937181213582273,2.1928,2.878,-0.01199837597330376,1716.8554433333334,27.48805244348512,1662.2066,1761.7151,-0.532343114571807
motor-0094,failure,0,29,NORMAL,55.442753333333336,1.4491919699688587,52.2098,58.1322,-0.10339443826473983,1.3785333333333334,0.08673757868165076,1.1995,1.591,0.0036382202447163402,1763.171146666667,19.200997159969464,1721.712,1789.228,-0.8671011345940328
motor-0094,failure,10,39,DEGRADATION,55.28289,1.3648043394201235,52.2098,58.1322,-0.008043937708566153,1.4464233333333334,0.13434748151301118,1.2334,1.8359,0.010352680756395968,1765.3405733333332,22.722183748427206,1721.712,1813.9183,1.557831724137915
motor-0094,failure,20,49,DEGRADATION,55.981260000000006,1.8361444662843571,52.2098,59.8425,0.20035363737486012,1.50179,0.11969731088597324,1.2938,1.8359,0.0048138598442713605,1761.9377766666664,24.159122163117942,1720.2367,1813.9183,-0.8959844938821347
motor-0094,failure,30,59,DEGRADATION,57.45003666666667,1.427314663154399,54.9585,61.1215,0.136768431590655,1.6749566666666666,0.224851809989503,1.3487,2.1747,0.0180288987764182,1754.4040499999999,25.798951420174053,1717.7092,1813.9183,-2.287534705228051
motor-0094,failure,40,69,DEGRADATION,58.909209999999995,1.2967417985988312,56.9198,61.763,0.10976567296996531,1.9948166666666662,0.4411041691659189,1.42,2.8672,0.04610840934371521,1737.306493333333,11.43174056502139,1714.9196,1760.2506,-0.2228069855395382
motor-0094,failure,50,79,DEGRADATION,59.81939666666666,1.3460869814597993,56.9198,62.2047,0.12211775305895295,2.193086666666667,0.29171384007086276,1.6308,2.8672,0.009704204671857558,1724.5321199999996,19.7155255643431,1685.4632,1759.8391,-1.4182857842047112
motor-0094,failure,60,89,DEGRADATION,61.29819333333333,1.471809335462836,59.2545,64.6128,0.13280849833147812,2.3767699999999996,0.24028016584811993,1.9268,2.8672,-0.00020478309232487604,1706.6744600000004,24.016769099882392,1662.3782,1759.8391,-2.2777075862069167
motor-0094,failure,70,99,FAILURE,62.049113333333345,1.5712902652986247,58.7994,64.6128,0.0777191101223569,2.3953600000000006,0.2545314605309135,1.9268,2.8555,0.021215839822024428,1690.34996,19.282217511368668,1640.3622,1724.5455,-0.8586878754171645
motor-0094,failure,80,109,FAILURE,61.92707666666667,1.8093798132110226,57.5779,64.6128,-0.0955077864293668,2.644776666666667,0.2554089305190578,2.257,3.2382,0.018122246941045528,1678.3397933333333,20.74678435634355,1640.3622,1724.5455,-1.006141757508379
motor-0094,failure,90,119,FAILURE,61.86292333333334,1.773885675512627,57.5779,65.0299,0.01023530589543808,2.8134,0.3338639393525452,2.257,3.4324,0.015663982202447135,1664.8705133333335,25.00975030962568,1619.4527,1724.5455,-2.002645472747549
motor-0094,failure,100,129,FAILURE,62.553729999999995,2.0728221115426186,57.5779,66.1195,0.1913216685205765,2.869573333333334,0.4078109103766379,1.9143,3.435,0.0008270967741934988,1655.7191066666667,17.47634004973454,1619.4527,1699.8718,-0.47171092324808517
motor-0094,failure,110,139,FAILURE,64.01768,1.5479388195059047,61.3803,67.5831,0.10320080088987663,2.969606666666667,0.4093570372615518,1.9143,3.435,0.009004983314794187,1641.5588100000002,24.48342579239201,1569.5713,1691.862,-0.8979973971079511
motor-0094,failure,120,149,FAILURE,65.87650333333333,2.07259325121667,62.3156,70.3738,0.15271837597330246,3.106896666666666,0.4242696991956362,1.9143,3.7466,0.03269483870967737,1640.3150933333334,29.885215795684367,1569.5713,1696.3882,-1.0843530589544297
motor-0094,failure,130,159,FAILURE,66.59870666666667,2.0009448123213076,62.3156,70.3738,0.07015657397107745,3.3657299999999997,0.22882280211261,2.92,3.7466,0.014411724137930898,1607.3509733333335,44.63349224803376,1515.9598,1696.3882,-3.14996903225814
motor-0094,failure,140,169,FAILURE,67.31421666666665,1.6273941600164221,63.783,70.3738,-0.07526342602892201,3.558813333333333,0.2787472854675998,3.1335,4.2533,0.015777308120133428,1582.7948433333333,48.66005053677116,1510.5879,1696.3882,-4.357085139043404
motor-0094,failure,150,179,FAILURE,68.79924666666666,3.1509927774944555,63.783,75.1205,0.273266206896552,3.894976666666666,0.4809595649555399,3.171,5.0092,0.04039606229143483,1557.5169400000002,25.19185325921326,1510.5879,1598.0365,-0.0011508787542293725
motor-0094,failure,160,189,FAILURE,69.75556999999999,2.8726851422957353,63.783,75.1205,0.11444487208008686,3.99814,0.43588526059044475,3.2651,5.0092,0.003329966629588358,1548.4353800000001,25.14699443291252,1507.5216,1598.0365,-0.7196751946607753
motor-0094,failure,170,199,FAILURE,70.79815666666669,2.070622904455459,67.4416,75.1205,-0.125564783092326,4.206956666666667,0.3801418635924692,3.4964,5.0092,-0.0049696329254728675,1552.6042366666668,25.370293910628146,1507.5216,1598.0365,-0.19956998887655367
motor-0094,failure,180,209,FAILURE,70.72379666666667,1.9941059181971483,67.4416,74.8116,0.10845942157953013,4.163013333333334,0.3439133735243351,3.4964,4.7692,0.015455305895439277,1540.4400999999996,28.06750771924717,1469.5891,1586.7375,-0.26215661846499627
motor-0094,failure,190,219,FAILURE,71.34679666666668,1.6328896816142304,68.7008,74.8116,0.06929470522802998,4.3062000000000005,0.29426288926740324,3.6355,4.7692,-0.0025575083426029386,1522.30141,42.09887957709682,1440.206,1586.7375,-3.5927964627364233
motor-0094,failure,200,229,FAILURE,72.28934000000001,1.6875375412317988,69.2539,75.8442,0.017792347052278997,4.283596666666667,0.3034000005310188,3.6355,4.7397,0.0002660956618464388,1495.97322,32.51021179603316,1440.206,1586.7375,-2.0581119911012324
motor-0095,failure,0,29,DEGRADATION,56.31515999999999,0.8001304100374309,54.8424,57.9986,-0.016644582869856758,1.5667066666666665,0.21571314584162204,1.194,1.8985,-0.0030747052280311656,1793.56666,26.974573448151745,1751.3474,1844.7779,-0.601961779755343
motor-0095,failure,10,39,DEGRADATION,56.87968666666667,1.663248980305982,55.0407,61.7487,0.12273285873192398,1.7063066666666664,0.2968001953428528,1.194,2.1549,0.017838576195773018,1774.3068266666664,25.54575906197784,1728.504,1832.4564,-0.650138064516198
motor-0095,failure,20,49,DEGRADATION,57.939879999999995,1.9908123146762646,55.4192,61.8157,0.14278687430478187,1.8114033333333335,0.2936941475791138,1.194,2.1951,0.024868676307007766,1765.4081133333336,29.861871033217085,1725.866,1832.4564,-2.656117686318173
motor-0095,failure,30,59,DEGRADATION,58.97834666666665,1.7340994663385245,56.2042,61.8157,0.0660473859844258,2.0824133333333332,0.2141294106116413,1.7362,2.6725,0.015145895439377055,1748.8783033333334,16.08594026261201,1721.4887,1783.8128,-0.2877533036707653
motor-0095,failure,40,69,DEGRADATION,60.52377,2.375257837533994,56.9457,65.5262,0.1862237374860952,2.231526666666667,0.25615319105740003,1.7577,2.7039,0.02267167964404892,1743.416883333333,17.565894083100986,1693.3025,1769.8931,-0.24812447163519455
motor-0095,failure,50,79,FAILURE,60.31374666666667,2.5602986529873597,56.5012,65.5262,-0.01976048943270445,2.53145,0.29178083641665026,2.0335,3.3117,0.027339466073414878,1723.0075800000002,39.204518036228095,1637.8182,1769.8931,-3.699172369299264
motor-0095,failure,60,89,FAILURE,61.303126666666664,2.5463436632334,56.5012,65.5262,-0.025782736373750167,2.6664499999999998,0.29052323343696057,2.2577,3.3117,0.015452124582869773,1704.9705099999999,34.932783886919665,1637.8182,1769.8931,-2.497024805339315
motor-0095,failure,70,99,FAILURE,62.23713,3.3714415377945777,56.5012,68.334,0.3284742825361511,2.898683333333333,0.30966486840166774,2.2577,3.3789,0.019156551724137848,1677.3144733333334,27.755061418150177,1633.824,1737.4313,-1.5233026473860016
motor-0095,failure,80,109,FAILURE,64.04606333333334,1.9830916713528122,59.9807,68.334,0.09882743047830742,3.053173333333334,0.34843049611396276,2.2577,3.4946,0.03234918798665178,1668.3565833333334,25.44963941047866,1627.5416,1737.4313,-2.0950122580645574
motor-0095,failure,90,119,FAILURE,65.18996666666666,1.6253400221355387,62.1722,68.334,0.025244137931032445,3.322826666666667,0.23419296734862804,2.8184,3.8264,0.0174417797552836,1646.1063933333337,26.85381717478209,1583.6626,1684.9963,-1.550573481646278
motor-0095,failure,100,129,FAILURE,65.75602333333333,1.8104344006680333,62.1722,68.6709,0.1698354838709668,3.5394100000000006,0.26961926161410155,3.1063,4.0798,0.02253483870967738,1613.0053433333335,50.46951134836874,1498.6615,1684.9963,-4.399437931034534
motor-0095,failure,110,139,FAILURE,66.87887666666667,1.3684417670434093,63.8988,69.5668,0.09052384872079869,3.741123333333334,0.28979515142405143,3.1063,4.3638,0.02284874304783086,1574.844136666667,49.77137586939895,1498.6615,1684.9963,-4.431231746384898
motor-0095,failure,120,149,FAILURE,68.79608333333333,2.2675454838633087,65.7683,74.0441,0.19968909899888534,3.9625100000000004,0.2588333741360776,3.3663,4.4342,0.02019557285873179,1545.5250833333332,25.369050537601698,1498.6615,1614.4658,-0.6485564182425458
motor-0095,failure,130,159,FAILURE,69.97551333333332,2.2795134166064672,65.7939,74.0441,0.16550157953281383,4.276466666666667,0.43061737488814317,3.3663,5.1849,0.043832658509454836,1535.5709233333332,19.524562008586056,1506.994,1583.54,-0.8320389543937959
motor-0095,failure,140,169,FAILURE,71.88722666666668,1.6163636539948427,68.4095,74.8888,0.08116427141267979,4.552976666666666,0.37282581516782815,3.832,5.2711,0.03266880978865394,1521.0283066666664,26.210727352122237,1461.5399,1583.54,-2.3282008453838072
motor-0096,healthy,0,29,NORMAL,54.726526666666665,1.824227516317219,51.839,59.4817,-0.15766073414905532,1.4602333333333335,0.19363433120761986,1.1258,1.8474,-0.010916840934371579,1797.8429533333335,21.65702921233247,1755.8755,1841.1327,-0.3660287430478629
motor-0096,healthy,10,39,NORMAL,54.41042666666668,1.3565003177130317,51.839,56.405,0.016562135706339277,1.4311900000000002,0.18645599185866887,1.1258,1.8535,0.009430367074527213,1797.43424,23.616508990387775,1755.8755,1854.5156,0.9776610901000606
motor-0096,healthy,20,49,NORMAL,54.00563666666666,1.5320911231566987,51.839,56.6192,0.029574349276973565,1.4225866666666667,0.19109217973416795,1.1258,1.8535,-0.0018326140155728668,1793.2653300000004,26.272888399262474,1746.8262,1854.5156,-1.4630482981090833
motor-0096,healthy,30,59,NORMAL,54.673176666666656,1.467895077922427,51.4382,56.6216,-0.028995973303671773,1.3974866666666663,0.17230422462093672,1.1746,1.8535,-0.013913770856507274,1793.8273233333334,25.437353666143334,1746.8262,1854.5156,-0.204479844271484
motor-0096,healthy,40,69,NORMAL,54.97417333333333,1.6735187241126268,51.4382,56.912,0.11436805339265736,1.3381433333333332,0.08955925667152197,1.1746,1.5136,0.004319577308120104,1791.6537666666666,21.86746401128602,1746.8262,1825.875,1.6217987986651465
motor-0096,healthy,50,79,NORMAL,55.07478999999999,1.3110829293247115,51.4382,56.912,-0.019995261401558183,1.36135,0.09680644864883742,1.1944,1.541,0.006045228031145691,1800.2989833333334,12.72932025189832,1780.2756,1825.875,-0.33471988876536646
motor-0096,healthy,60,89,NORMAL,54.945840000000004,1.241215874213668,53.0518,56.912,-0.07767003337041298,1.4099133333333336,0.09426034420098885,1.1944,1.6191,0.0036453392658509234,1800.0460133333333,11.532188229465493,1780.2756,1824.285,0.022689343715196285
motor-0096,healthy,70,99,NORMAL,54.641180000000006,0.9701190577793363,53.0518,56.4776,0.06875857619577128,1.5213466666666666,0.183201207662201,1.2498,1.9669,0.014268431590656256,1792.8950233333333,17.853858071197266,1749.414,1824.285,-0.8740823804227452
motor-0096,healthy,80,109,NORMAL,54.72711,1.0217195653570184,52.5864,56.4776,0.0028161735261386456,1.555566666666667,0.16627294494962863,1.3369,1.9669,0.002004226918798676,1787.8138666666666,19.574229843211945,1749.414,1824.285,-1.218528631813152
motor-0096,healthy,90,119,NORMAL,54.904273333333336,0.9450188206003565,52.5864,56.4776,-0.019698687430479582,1.60379,0.14423771201272806,1.3369,1.9669,-0.0063163292547275315,1789.773993333333,21.1464420024415,1749.414,1823.2413,1.2862163737485934
motor-0096,healthy,100,129,NORMAL,55.274503333333335,1.4945871065243703,52.5864,58.2703,0.09279294771968749,1.4765033333333335,0.17092427657364012,1.0311,1.6756,-0.008644026696329282,1794.26265,19.127008363058234,1752.8184,1823.2413,0.7122226696328782
motor-0096,healthy,110,139,NORMAL,54.77501666666667,1.9079088577258845,51.8424,58.2703,-0.10092869855395069,1.3827766666666668,0.21798971639863093,0.9895,1.6756,-0.01739050055617357,1799.2828,17.104415943434017,1759.8583,1823.2413,-0.6028599332592034
motor-0096,healthy,120,149,NORMAL,54.89642,1.9014625007083366,51.8424,58.2703,-0.06306998887653055,1.4078799999999998,0.24595385393741376,0.9895,1.8793,0.012103893214682944,1796.63167,17.81917998876772,1759.8583,1820.9496,0.11122093437148813
motor-0096,healthy,130,159,NORMAL,54.42050000000001,1.4931110385143274,51.8424,56.7031,0.1011939488320346,1.45767,0.21795793806757,0.9895,1.8793,0.012436106785316982,1791.1521966666664,17.468115934572207,1762.3495,1820.9496,-0.8399908120133666
motor-0096,healthy,140,169,NORMAL,54.66533999999999,1.2759373763629627,52.1992,56.7031,-0.07414625139043536,1.4805566666666665,0.1821626355455171,1.1325,1.8793,-0.016377152391546204,1792.6436333333334,17.179012258573596,1762.3495,1820.9496,-0.20129263626257693
motor-0096,healthy,150,179,NORMAL,54.68196333333333,1.2568699512368906,52.1992,56.7031,0.009063159065627373,1.4108666666666667,0.14424492673535835,1.1325,1.6563,-0.0022734149054505328,1800.265576666667,21.764158388302583,1762.3495,1843.0571,2.1804390878753757
motor-0096,healthy,160,189,NORMAL,54.30985999999999,1.145731530973407,52.1992,56.3421,0.023644493882089435,1.3462033333333336,0.1414322346174623,1.1325,1.6563,-0.00035802002224698774,1803.2606200000002,18.84928875380358,1773.7243,1843.0571,-0.4488165072303276
motor-0096,healthy,170,199,NORMAL,54.24439666666668,1.2505957336361297,52.0451,56.3421,-0.09060687430478429,1.4118333333333335,0.14907872938670882,1.1437,1.6563,0.0007669855394882831,1801.6768266666666,19.136331680408915,1773.7243,1843.0571,-1.2501156840935062
motor-0096,healthy,180,209,NORMAL,54.576299999999996,1.5898327159379593,52.0451,57.6467,0.10245922135706301,1.5008266666666663,0.20937039735571233,1.1437,1.8718,0.018257174638487195,1790.3446066666666,12.651401080273892,1759.0227,1813.102,0.14562500556173316
motor-0096,healthy,190,219,NORMAL,54.84040666666667,1.4778026949795735,52.0451,57.6467,0.06848569521690633,1.5251899999999998,0.18577435479634963,1.229,1.8718,-0.0045631368186874475,1786.3441133333333,15.080666667287048,1759.0227,1813.102,-0.8624629143493635
motor-0097,degrading,0,29,NORMAL,55.099470000000004,1.5747738646442748,52.0616,57.044,-0.12504536151279244,1.5675033333333335,0.1417987129310026,1.3283,1.8403,0.0007232703003336934,1797.8506200000002,20.418001467584084,1756.3052,1838.6316,-0.7827878976641193
motor-0097,degrading,10,39,NORMAL,54.96806333333333,1.5564668578725198,52.0616,57.044,-0.04073078976640864,1.53832,0.15534181107051206,1.2736,1.8403,0.0022524582869854932,1796.3468266666666,18.112829908970287,1756.3052,1824.6043,0.977345317018864
motor-0097,degrading,20,49,DEGRADATION,54.89153999999999,1.5435637763737957,52.0616,57.4106,0.1133587541712995,1.4733266666666667,0.17866124917159723,1.1543,1.8403,-0.010781846496106801,1795.0387366666666,18.090313211541034,1755.5256,1824.6043,-1.103659822024543
motor-0097,degrading,30,59,DEGRADATION,55.62237666666667,1.070629415401157,53.0272,57.4106,0.011515706340377572,1.5314400000000004,0.2236249711757015,1.1543,1.9512,0.008892235817575082,1790.1370933333337,19.16290305938247,1755.5256,1824.6043,-1.5485403337041501
motor-0097,degrading,40,69,DEGRADATION,56.06622000000001,1.2088462729396159,53.0272,57.9926,0.031856685205783046,1.6097366666666666,0.24125362102060882,1.1543,1.9954,0.02036589543937704,1777.49877,13.944819659934662,1754.9333,1802.584,-0.6609129032258341
motor-0097,degrading,50,79,DEGRADATION,56.22722666666667,1.420194745550373,53.0272,58.6929,0.037451612903225455,1.6317633333333328,0.22799569364841574,1.1038,1.9954,-0.01348580645161296,1766.7777399999998,19.457112531387246,1727.2137,1802.584,-1.8759018909900322
motor-0097,degrading,60,89,DEGRADATION,56.89852999999999,1.5182764649759937,54.1185,60.7227,0.029462447163513497,1.7175633333333333,0.2886464844561404,1.1038,2.1522,0.011961490545050047,1762.4807100000003,16.181938346056274,1727.2137,1793.8096,-0.1198748609566519
motor-0097,degrading,70,99,DEGRADATION,57.905899999999995,1.947323508990395,54.1185,60.7227,0.15328155728587223,1.7470100000000002,0.2951856018959371,1.1038,2.1522,0.023126607341490506,1757.600953333333,14.933720779491697,1727.2137,1793.8096,0.4145497664070798
motor-0097,degrading,80,109,DEGRADATION,58.33114666666666,1.5736671559838256,55.0897,60.7227,0.026184916573969014,1.9268499999999997,0.1476593799932805,1.6357,2.208,-0.0027145050055617953,1756.5844733333333,17.126440110210364,1727.6546,1793.8096,-1.1126418687430573
motor-0097,degrading,90,119,DEGRADATION,58.74158,1.2297529227179471,56.0293,60.619,-0.04492818687430589,1.99115,0.20798844959917046,1.7364,2.4807,0.015253192436040007,1758.2783466666663,17.964448757007705,1727.6546,1783.8662,0.927298687430441
motor-0097,degrading,100,129,DEGRADATION,59.030126666666675,1.5493977500808356,56.0293,62.2109,0.13029922135706176,2.1189833333333334,0.21407564096728884,1.7499,2.4807,0.014749744160177939,1752.5656266666667,24.000810207253885,1691.5826,1783.8662,-0.2531507897664508
motor-0097,degrading,110,139,DEGRADATION,58.75941333333332,1.8340390102600201,55.3132,62.2109,-0.06274545050055752,2.206366666666667,0.1496839121467486,1.8597,2.4807,0.002314660734149008,1739.1092899999999,34.28932761226006,1687.5029,1783.8662,-3.332085761957757
motor-0097,degrading,120,149,DEGRADATION,58.82061666666667,1.7731840844618723,55.3132,62.2109,-0.07009127919911155,2.248766666666666,0.14209650085612788,1.9852,2.5828,0.0043699221357062935,1725.988243333333,24.085205915259603,1687.5029,1773.653,-0.33277065628479235
motor-0097,degrading,130,159,DEGRADATION,58.53494000000001,1.5359370804387356,55.3132,61.4987,0.1350885873192422,2.323893333333333,0.16281621117757972,1.9852,2.6833,0.01283123470522799,1715.531426666667,18.51946473929406,1686.5302,1748.8132,0.2869436707452482
motor-0097,degrading,140,169,DEGRADATION,59.32630333333332,0.9265868624449385,57.5888,61.4987,0.03208068965517024,2.3344933333333335,0.1780064941387127,1.9852,2.6833,-0.0027920355951057164,1719.3548433333337,22.125751152818655,1671.5767,1768.7869,-0.8472573303670983
motor-0097,degrading,150,179,DEGRADATION,60.30983,1.3478969253742412,58.3844,63.2579,0.10060122358175658,2.43924,0.20761884724979407,2.0424,2.808,0.00746736373748606,1717.3185833333332,27.131569516181504,1671.5767,1780.2399,0.7463912569521696
motor-0098,failure,0,29,NORMAL,55.117309999999996,1.0766992035382963,52.9241,57.7289,-0.05251321468298336,1.6272866666666665,0.15008076433115014,1.3359,1.8898,-0.00016685205784210426,1806.4805133333334,21.62448246566427,1758.3159,1838.8778,-0.6749626696329634
motor-0098,failure,10,39,DEGRADATION,55.52298,1.3001431604250357,52.9241,57.9576,0.05975879866518216,1.6829299999999998,0.17740098299239118,1.3359,1.9848,0.00819499443826469,1804.3157033333334,22.205122419019787,1758.3159,1844.8451,1.1622577753058343
motor-0098,failure,20,49,DEGRADATION,55.95894,1.5082354698123235,52.9241,58.5114,0.1218938820912111,1.7028266666666665,0.17542760317451628,1.3359,1.9867,0.005646852057842048,1798.0712200000005,26.346318899021423,1752.6635,1844.8451,-1.8443789543937963
motor-0098,failure,30,59,DEGRADATION,56.24107333333333,1.3379442103299963,53.2437,58.5114,-0.06430402669632987,1.74011,0.12969200013879037,1.5035,1.9867,-0.003399888765294846,1784.8098566666667,26.924284108312378,1750.7446,1844.8451,-2.066773681868779
motor-0098,failure,40,69,DEGRADATION,56.72152000000001,1.6305472067989943,53.2437,59.1665,0.06733050055617291,1.8498833333333333,0.24168547064774543,1.5035,2.3,0.020122914349276953,1764.0784333333331,12.090710994487543,1734.5693,1790.2469,-0.46027848720804115
motor-0098,failure,50,79,DEGRADATION,57.01965333333333,1.9655128125985069,53.2437,60.8667,0.1152098776418234,1.9836566666666664,0.2234502893014213,1.5035,2.3,0.018455951056729668,1741.7273933333333,32.2635332095844,1681.2097,1790.2469,-3.1592845383760166
motor-0098,failure,60,89,DEGRADATION,58.519670000000005,1.6877022253446656,55.4392,61.5343,0.06309777530589339,2.2163066666666666,0.20583249651651758,1.7929,2.7072,0.015271991101223516,1725.5627333333332,25.10054604666777,1681.2097,1771.5149,-1.65046852057844
motor-0098,failure,70,99,DEGRADATION,59.84162333333334,2.36136229998467,55.4392,63.7434,0.18697608453837405,2.3366233333333333,0.21221253761788492,1.9085,2.7072,0.019999710789766357,1707.4551433333331,15.862537817043078,1678.9178,1735.2961,-0.2190753948832653
motor-0098,failure,80,109,FAILURE,60.55366333333334,1.8374617148815804,57.1446,63.7434,0.023934482758619473,2.53259,0.17652345708148814,2.1006,2.9657,0.015953303670745236,1699.52242,22.88240340870977,1649.5025,1735.2961,-2.2096688320356317
motor-0098,failure,90,119,FAILURE,61.78712333333333,1.9187570429288046,57.6491,65.1772,0.026196195773079328,2.7708266666666663,0.3033575612302346,2.3481,3.5115,0.030423225806451536,1678.6731033333333,32.70280289778928,1588.4601,1725.1724,-1.5267736818687652
motor-0098,failure,100,129,FAILURE,61.838543333333334,2.063862976666706,57.6491,65.1772,0.08098903225806339,2.9384500000000013,0.2454215852365069,2.4863,3.5115,0.013942892102335895,1660.9528466666666,34.150844073265425,1580.7407,1717.5205,-1.0781538153504067
motor-0098,failure,110,139,FAILURE,62.91836333333333,1.3991219619183397,59.8264,65.7647,-0.022399399332593307,3.1074433333333333,0.1790207561212448,2.8174,3.5115,0.0018695661846495491,1645.7039799999998,43.039370970816954,1554.8136,1717.5205,-0.48628987764186155
motor-0098,failure,120,149,FAILURE,64.11398333333332,2.528248893349352,59.8264,69.115,0.21072647385984253,3.255106666666667,0.2823662195723057,2.8174,3.8954,0.02560231368186867,1645.8771800000002,36.240356869778935,1554.8136,1711.2039,0.7168375528364272
motor-0098,failure,130,159,FAILURE,65.79310000000001,2.4075166793468608,61.009,69.115,0.2014962402669627,3.39505,0.24212236679001797,3.0323,3.9229,0.011453993325917582,1626.09522,42.933360391707836,1554.0236,1711.2039,-1.27271310344833
motor-0098,failure,140,169,FAILURE,66.23199333333334,1.9138642978597575,62.278,69.115,-0.10357285873192586,3.459866666666666,0.21720623891182828,3.041,3.9229,-0.005343937708565099,1624.6113999999995,35.16237075931219,1554.0236,1684.9813,-1.6205236929922504
motor-0098,failure,150,179,FAILURE,66.36341,2.0924586223467685,63.0139,71.1485,0.01060709677419202,3.546656666666667,0.29747504957932563,3.041,4.1342,0.02159655172413794,1610.4782866666662,25.268118412678746,1554.0236,1657.2394,1.3656943270300137
motor-0098,failure,160,189,FAILURE,66.84223999999999,2.3901569847466777,63.0139,71.1485,0.21136413793103195,3.633683333333333,0.3086695148356717,3.041,4.2426,0.014586763070077769,1616.047613333333,24.196382717763573,1551.507,1657.2394,-0.8187824694104827
motor-0098,failure,170,199,FAILURE,68.17856333333333,1.8262945416851266,63.3832,71.1485,0.0857415572858704,3.8957033333333326,0.32608991243043517,3.2175,4.5782,0.01732571746384871,1601.9395100000004,25.908880775753957,1551.507,1644.0031,-1.1829180200222777
motor-0098,failure,180,209,FAILURE,69.57853333333333,2.0126567359808005,65.4883,74.1363,0.12614117908787295,4.1727566666666664,0.4781787620289671,3.2175,5.0693,0.04629764182424904,1589.4401733333332,26.338767574609268,1548.2466,1639.8696,-1.1311384649611052
motor-0098,failure,190,219,FAILURE,68.98020333333334,2.363469494688311,65.4883,74.1363,-0.04619784204671972,4.55305,0.34365778011465614,3.7712,5.2165,0.031000200222469288,1563.2511699999998,32.82343341436775,1493.8161,1627.7433,-2.851304360400481
motor-0098,failure,200,229,FAILURE,69.73508,2.4718510606965514,65.8032,74.1363,-0.010652636262515443,4.7343633333333335,0.25857271637888557,4.252,5.224,0.005906629588431539,1542.9738533333334,33.03901010401425,1491.4931,1608.2612,-2.913564093437188
motor-0098,failure,210,239,FAILURE,70.19227000000001,2.8129075079177404,65.8032,75.7408,0.27161777530589337,4.930156666666666,0.3351852897362228,4.252,5.5563,0.02091401557285868,1516.82,25.289539820895644,1455.465,1555.2599,-1.5570129922136027
motor-0098,failure,220,249,FAILURE,71.68981333333333,1.7207840369500813,68.4291,75.7408,0.047456685205782494,5.065610000000001,0.35727272062109644,4.252,5.6296,0.025853859844271316,1508.8466733333332,28.55714701663937,1455.465,1555.2599,-1.1439642714127107
motor-0099,degrading,0,29,NORMAL,55.77656666666667,1.0381829730618561,53.8181,57.4086,-0.07241432703003486,1.5193333333333332,0.146603138514229,1.2851,1.7846,-0.012400622914349305,1792.3042333333333,14.889775528760964,1762.3609,1813.9659,-0.06922589543938351
motor-0099,degrading,10,39,NORMAL,55.484383333333334,0.9290875054171278,53.8181,57.1366,-0.017319844271414187,1.53573,0.15930411199965933,1.2851,1.8287,0.009542536151279169,1795.64288,17.514844884333606,1762.3609,1830.2109,1.351418598442698
motor-0099,degrading,20,49,DEGRADATION,55.15291333333334,0.9963364407445685,52.7371,57.0222,0.016702335928807793,1.5478333333333334,0.17436306438641822,1.2719,1.8287,0.005909143492769705,1790.5126600000003,21.91167451359511,1756.4714,1830.2109,-0.9558626028921138
motor-0099,degrading,30,59,DEGRADATION,55.700046666666665,1.0971253206245652,52.7371,57.6401,0.029396929922134576,1.634103333333333,0.14644794862187574,1.2719,1.9267,-0.0031459176863181666,1784.97453,19.987010222761356,1756.4714,1830.2109,-1.3166509677419624
motor-0099,degrading,40,69,DEGRADATION,56.52223333333333,1.5562143627691167,52.7371,59.0049,0.12238028921023246,1.7025800000000002,0.21819378298506434,1.2719,2.1333,0.018107141268075597,1775.1354433333333,11.716743728518988,1756.4714,1801.7233,0.4363244271412222
motor-0099,degrading,50,79,DEGRADATION,57.550633333333344,1.1467748510012283,54.6735,59.0049,0.10213027808676212,1.78821,0.1696327471333292,1.4537,2.1333,0.007331768631813112,1765.7018366666664,20.831714486418427,1726.4959,1801.7233,-1.6593758175751152
motor-0099,degrading,60,89,DEGRADATION,57.93723333333333,0.7674881659601593,56.6258,59.4025,-0.02056707452725387,1.85359,0.1571537428762039,1.622,2.2776,-0.0017418242491657457,1761.22758,20.963652599271278,1726.4959,1801.7233,-0.35389317018914085
motor-0099,degrading,70,99,DEGRADATION,58.42728999999999,1.078172116856426,56.6502,60.7791,0.06022240266963152,1.8912966666666664,0.1808708000817772,1.622,2.3412,0.010678642936596169,1749.2669633333333,18.956320227978196,1709.9096,1790.4551,0.1569077864293263
motor-0099,degrading,80,109,DEGRADATION,58.10652000000001,1.4062440995787324,55.5505,60.7791,-0.006011879866519091,1.9534866666666668,0.19666503795935758,1.6322,2.3412,0.006190478309232439,1742.5368100000003,25.442362910525812,1698.1071,1790.4551,-1.8462721913237194
motor-0099,degrading,90,119,DEGRADATION,59.12002,1.7100017920848305,55.5505,61.886,0.046452547274748075,2.0778533333333336,0.20615652262837142,1.6322,2.5439,0.008115817575083402,1734.722666666667,19.04918090951829,1698.1071,1762.0758,0.044613348164611974
motor-0099,degrading,100,129,DEGRADATION,59.65739333333333,2.0439569127770008,55.5505,62.3387,0.15235372636262304,2.194266666666666,0.25457780910536737,1.6322,2.6733,0.017185672969966603,1719.3207699999998,24.250067357035675,1675.6613,1759.4326,-0.9291572191324214
motor-0099,degrading,110,139,DEGRADATION,59.47826666666667,2.212539197141801,54.9041,62.3387,-0.16506073414905648,2.2549633333333334,0.20009053198212276,1.8412,2.6733,-0.0015536151279199682,1712.0712,26.45013577182545,1666.9796,1759.4326,-1.8361556840934667
motor-0099,degrading,120,149,DEGRADATION,59.752120000000005,2.3087535821159717,54.9041,62.3387,-0.0011203559510579095,2.311783333333333,0.1792208936542339,1.8412,2.6733,-0.00037995550611796467,1703.1526433333331,18.347063195957436,1666.9796,1739.9019,0.7196641379309896
motor-0099,degrading,130,159,DEGRADATION,59.65315666666666,2.272994186190443,54.9041,62.3115,0.17273528364849575,2.277346666666667,0.14038553993279448,1.8412,2.515,0.006476440489432658,1700.8816866666668,17.23247155406973,1666.9796,1739.9019,-0.31202451612907084
motor-0099,degrading,140,169,DEGRADATION,60.64459333333334,1.1447134913544472,58.2235,62.3115,-0.06182371523915548,2.3158966666666667,0.17655782902179354,1.9733,2.7117,-0.001978086763070147,1706.6923733333335,16.324555872364666,1675.2692,1739.9019,-0.03906696329256646
motor-0099,degrading,150,179,DEGRADATION,60.672470000000004,1.172300155008662,58.2235,62.6657,0.02467962180200127,2.5026566666666668,0.3598156719611986,1.9733,3.111,0.03202947719688538,1703.9714766666666,13.984459318106964,1675.2692,1729.3933,0.7942688542824845
motor-0099,degrading,160,189,DEGRADATION,60.810390000000005,1.0774152799949825,58.8468,63.0558,0.07911481646273553,2.586186666666666,0.32937586607940106,1.9733,3.111,0.013985672969966615,1691.1601999999998,29.777649420899564,1630.4011,1729.3933,-2.782773570634066
motor-0100,failure,0,29,NORMAL,54.26977000000001,0.9213893600246676,52.1595,56.2096,-0.047775951056731665,1.394433333333333,0.1800758975790177,1.0858,1.6965,-0.008412725250278115,1791.2202333333332,14.879978848961963,1763.9806,1821.6714,-0.18405597330369658
motor-0100,failure,10,39,DEGRADATION,54.92339,1.4502798057271564,52.1595,57.7468,0.060915350389320395,1.524416666666667,0.2853059434867926,1.0858,1.9829,0.021185294771968805,1784.0854333333334,18.089978525071704,1744.9547,1822.7478,-0.1776916573971511
motor-0100,failure,20,49,DEGRADATION,55.79057333333333,2.016566846223771,52.1595,58.816,0.18593575083426,1.6862266666666665,0.33604641835450183,1.0858,2.2892,0.025106206896551696,1769.0391200000004,29.943540589231134,1720.6217,1822.7478,-2.8109060289210426
motor-0100,failure,30,59,DEGRADATION,57.13196666666667,1.4872758164584745,54.3858,61.0515,0.07147025583982133,1.90251,0.20158867750942763,1.4963,2.2892,0.003591390433815312,1755.1418,24.453893456871043,1720.6217,1822.7478,-1.4966016907675723
motor-0100,failure,40,69,DEGRADATION,58.38172999999999,1.8020703007282117,55.3652,61.2789,0.11575299221356924,2.1017566666666667,0.3180303179293167,1.4963,2.5745,0.02356407119021131,1739.0661833333338,21.808850513665057,1678.1192,1773.8414,-0.6127104115684598
motor-0100,failure,50,79,DEGRADATION,59.093576666666664,1.949401045395454,55.3652,62.5328,0.13762022246940783,2.276796666666667,0.2610416575738227,1.7126,2.6374,0.021762202447163478,1722.4068633333334,34.43591405175206,1658.0224,1773.8414,-3.314021646273653
motor-0100,failure,60,89,FAILURE,60.30203333333334,1.379897596522614,57.6152,63.1005,0.05720498331479217,2.4730733333333332,0.14381455636416715,2.2543,2.9825,0.0048696329254726955,1694.1874333333333,33.790169935168336,1628.1368,1763.8428,-3.11642282536155
motor-0100,failure,70,99,FAILURE,60.66032666666667,1.7009119118742027,57.6152,64.0116,0.052667185761956475,2.5778033333333337,0.23919206018502276,2.2543,3.2191,0.014863203559510535,1680.3656333333336,23.918319626530813,1628.1368,1740.0209,0.18164805339262818
motor-0100,failure,80,109,FAILURE,60.84806333333333,1.4695628453122451,58.1288,64.0116,-0.0401861846496127,2.6383633333333325,0.2135562837338724,2.2733,3.2191,0.0026705895439376346,1674.0168499999997,26.180202652255527,1628.1368,1740.0209,-0.13571139043384087
motor-0100,failure,90,119,FAILURE,61.76206,2.189589467244183,58.1288,66.9281,0.12490927697441455,2.8079300000000003,0.30135653762058434,2.4264,3.5078,0.01426355951056725,1659.4938200000004,36.21320471879839,1585.7006,1740.0209,-2.936487563959998
motor-0100,failure,100,129,FAILURE,62.94157333333333,2.271411007565317,58.6368,66.9281,0.2110361735261396,3.0848033333333333,0.47484241981477976,2.4264,4.1147,0.049751345939933196,1638.4778533333333,27.283821633191767,1585.7006,1694.984,-1.885870389321507
motor-0100,failure,110,139,FAILURE,64.59145000000001,1.5858566880921694,61.0908,67.7666,0.07073755283648338,3.515026666666667,0.4264545266366496,2.4628,4.1354,0.04134994438264732,1622.0704666666666,17.207448425944975,1584.4748,1654.1625,-0.3488017797553161
motor-0100,failure,120,149,FAILURE,65.62692,2.5848328511272576,61.9658,72.1881,0.13139666295884136,3.757716666666667,0.24980651457122216,3.2317,4.1354,0.009657686318131149,1613.2928733333335,19.29514622116029,1570.9632,1654.1625,-1.5508009788654908
motor-0100,failure,130,159,FAILURE,67.81730333333333,3.5113339886224937,61.9658,73.6334,0.2884512347052256,3.906306666666666,0.2239258968696762,3.2317,4.332,0.006701802002224594,1597.945476666667,32.307431099141695,1518.0543,1653.595,-2.3839342602892257
motor-0100,failure,140,169,FAILURE,69.12882666666668,3.0480094399387205,61.9658,73.6334,0.15058647385984197,3.980403333333333,0.25496519564224623,3.2317,4.4134,0.01742649610678523,1576.1965866666667,38.98632706417925,1505.032,1653.595,-2.363245472747543
motor-0100,failure,150,179,FAILURE,70.94906333333333,2.036793616362628,66.1015,75.4656,0.06319094549499292,4.129693333333333,0.24163260118526136,3.7496,4.8773,0.006308075639599473,1560.8266766666666,36.71189005633538,1505.032,1653.595,-1.481565272525045
motor-0100,failure,160,189,FAILURE,70.41862333333331,2.7402528302674716,63.982,75.4928,0.06171414905450379,4.22703,0.2655242878407423,3.7496,4.8773,0.011825517241379275,1533.7960733333337,37.25358363781873,1448.7387,1608.961,-1.989839110122394
motor-0100,failure,170,199,FAILURE,72.20661333333334,3.0251797404158016,63.982,76.4635,0.13677494994438177,4.4856500000000015,0.38000928563216274,3.9417,5.21,0.030717975528364767,1527.5129966666666,30.749751058509744,1448.7387,1585.8397,-0.7720685873192438
motor-0101,failure,0,29,DEGRADATION,55.38453333333335,1.0659828348628422,53.1351,57.8014,-0.0014523248053405075,1.5315366666666665,0.144429067903783,1.1207,1.8518,-0.004825606229143523,1785.89692,15.793398447524412,1751.1051,1813.2401,-0.4676456062292064
motor-0101,failure,10,39,DEGRADATION,56.36487333333333,2.0530373924072163,53.1351,60.5925,0.20606478309232285,1.6551133333333332,0.2646261560936275,1.1207,2.1162,0.020302736373748607,1771.7563666666672,22.86411089446126,1719.8297,1803.6765,-1.076482847608507
motor-0101,failure,20,49,DEGRADATION,57.78599666666667,1.9879640036116233,53.1351,60.5925,0.18023152391546016,1.8624766666666666,0.3022138367484557,1.3756,2.3581,0.028580711902113427,1751.7121833333333,36.50800310080044,1680.8339,1803.6765,-3.8829126362625503
motor-0101,failure,30,59,DEGRADATION,59.358026666666674,1.247216123194194,56.4557,62.1736,0.08378656284760756,2.1413266666666666,0.25985797266113575,1.7868,2.6619,0.019045027808676264,1725.09966,28.14897729395747,1680.8339,1791.4736,-2.5109868743048107
motor-0101,failure,40,69,FAILURE,61.14882666666666,2.3904692077684007,58.1028,65.5157,0.2297539488320342,2.4227899999999996,0.37153826483060043,1.8362,3.1415,0.03515041156840928,1706.1016899999997,16.138999631479635,1665.503,1733.0384,-0.9239409788654578
motor-0101,failure,50,79,FAILURE,62.28329999999999,1.9508442353675153,58.4199,65.5157,0.11290046718576123,2.5814133333333333,0.30171083256802184,1.8446,3.1415,0.01731853170189093,1690.8386466666668,25.560354226193528,1631.5918,1729.4776,-1.9023934593993603
motor-0101,failure,60,89,FAILURE,64.09729666666667,1.806535010359765,60.5643,69.8476,0.07965007786429323,2.8289799999999996,0.2730547764338382,2.3501,3.3257,0.014732369299221285,1676.55088,29.035459188004374,1611.3795,1729.4776,-1.679032213570669
motor-0101,failure,70,99,FAILURE,65.11603333333333,2.410476938745157,60.5643,69.8476,0.21386691879866465,2.9935933333333327,0.33006113265407194,2.3501,3.538,0.03128783092324802,1644.68717,37.874173798030675,1584.1198,1709.4833,-2.8847259844271873
motor-0101,failure,80,109,FAILURE,66.59169999999999,1.6796609477312174,63.2064,69.8476,0.06579256952168935,3.204166666666667,0.19196183706374784,2.7111,3.538,0.008664026696329184,1616.01429,41.836454073414245,1557.4856,1709.4833,-4.021902135706358
motor-0101,failure,90,119,FAILURE,67.43101333333333,1.5305904195730777,63.8606,69.9163,0.04424053392658374,3.4602899999999996,0.3313480017041499,2.9558,4.2788,0.02734133481646268,1598.1319733333335,18.648998525031363,1557.4856,1631.3907,0.4534367519465956
motor-0101,failure,100,129,FAILURE,67.50520999999999,1.5324298018397664,63.8606,69.9163,0.029490656284759213,3.6226166666666666,0.3645546882461152,2.9558,4.2852,0.028219777530589456,1585.6588566666662,30.69954021384991,1498.3909,1631.3907,-0.9990558620690094
motor-0101,failure,110,139,FAILURE,68.25243666666668,1.8349122277797243,64.4103,72.6364,0.06024918798664917,4.044079999999999,0.41145431046472225,3.323,4.8483,0.03314335928809784,1572.7644933333333,39.685374651038494,1497.4976,1631.3907,-3.3156725695217233
motor-0101,failure,120,149,FAILURE,70.34388333333332,3.557814975335593,64.4103,76.3398,0.3434769076751937,4.40771,0.5282149930662703,3.323,5.354,0.05156015572858725,1545.5023533333333,32.700646292672694,1475.9997,1607.9373,-1.6343454949944756
motor-0101,failure,130,159,FAILURE,72.83278,3.2484196992178616,66.3786,76.9023,0.27600654060066565,4.7500800000000005,0.27330013830951494,4.1863,5.354,0.01323764182424903,1520.4727866666665,35.7802836785823,1445.1443,1587.759,-2.3591549721913663
motor-0102,healthy,0,29,NORMAL,56.623380000000004,1.5195195893000746,54.075,59.312,-0.11116324805339341,1.6207033333333334,0.28368899107218726,1.0758,2.0651,-0.025607853170189154,1782.9114600000003,23.431020986285123,1736.7862,1817.376,-1.601891523915502
motor-0102,healthy,10,39,NORMAL,56.17226333333334,1.329716802802595,54.075,58.405,-0.06324794215795494,1.6013533333333336,0.26404647789525404,1.0758,2.0142,0.01161971078976638,1779.5586633333335,21.181130583760705,1736.7862,1815.3991,0.6585702113458969
motor-0102,healthy,20,49,NORMAL,55.66381666666667,1.0350866096075677,54.075,57.5846,0.049333548387095215,1.6122633333333334,0.25080070771209734,1.0758,2.0142,0.015577063403781974,1779.77766,19.658521280293037,1740.7739,1815.3991,0.4960094771968434
motor-0102,healthy,30,59,NORMAL,55.76999666666666,1.260617452013981,53.0332,57.6258,-0.03648776418242472,1.7057099999999996,0.14639334080938698,1.4811,2.0142,-0.01155557285873193,1791.2955533333336,14.527920973301333,1762.9607,1815.653,0.1765641379310105
motor-0102,healthy,40,69,NORMAL,56.37833666666668,1.704248993444196,53.0332,59.8972,0.09676740823136654,1.6931666666666665,0.13235850138502206,1.4811,1.9308,0.0066549944382646884,1796.3896866666666,16.615830046589753,1762.9607,1827.4548,1.2604696774192932
motor-0102,healthy,50,79,NORMAL,56.33488666666668,1.7076931759410277,53.0332,59.8972,0.05216969966629557,1.6976733333333334,0.13009278722853504,1.4892,1.9308,0.001495661846496076,1803.2971400000001,9.115809406980821,1784.6041,1827.4548,-0.22102384872081754
motor-0102,healthy,60,89,NORMAL,56.4162,1.4438106099254613,54.1062,59.8972,-0.11327928809788855,1.7224233333333332,0.13618889500330864,1.4187,1.9308,-0.0051014238042269375,1808.57249,12.166879506330554,1784.6041,1831.1802,0.22762498331473008
motor-0102,healthy,70,99,NORMAL,56.49648333333333,1.4816822088611155,54.1062,58.9922,0.09926858731924142,1.7024000000000004,0.12883957466555063,1.4187,1.9059,0.003001468298108965,1803.4134366666663,13.789746047105266,1777.6149,1831.1802,-0.26510111234708605
motor-0102,healthy,80,109,NORMAL,56.48060333333333,1.4955046402431815,54.1062,58.9922,0.02529710789766315,1.6485666666666665,0.1669242389695264,1.2525,1.9059,-0.00916969966629594,1803.0072666666665,18.278227962749078,1768.4572,1831.1802,-0.6263519466073931
motor-0102,healthy,90,119,NORMAL,56.69468666666666,1.4185599514374503,54.5636,58.9922,-0.09267101223581975,1.682896666666667,0.17928806519738627,1.2525,1.9598,0.0008569744160177468,1800.2647866666664,16.614952240170773,1768.4572,1829.864,0.9165779755283292
motor-0102,healthy,100,129,NORMAL,56.37202333333334,1.2085136682948832,54.5636,58.4837,0.043972258064515345,1.6558333333333333,0.18562642292758028,1.2525,1.9598,0.006675506117908742,1791.33285,27.412765167366217,1735.8724,1829.864,-1.4912396662959182
motor-0102,healthy,110,139,NORMAL,55.716063333333324,1.6853515634199951,52.8592,58.4837,-0.10082062291435118,1.6645799999999997,0.16807588643228985,1.2952,1.9598,-0.01150273637374865,1786.57926,28.291408366411627,1733.4452,1825.4868,-1.2729744160178695
motor-0102,healthy,120,149,NORMAL,56.02179666666665,1.7661593637954145,52.8592,58.4837,-0.024792235817576128,1.6546133333333335,0.15714928302590359,1.2952,1.9584,0.003567875417130106,1789.6308066666668,31.2248108123645,1733.4452,1838.3029,2.224500022246888
motor-0102,healthy,130,159,NORMAL,55.79395999999999,1.5353299716130517,52.8592,58.1444,0.11327403781979993,1.6275033333333333,0.14913625421815524,1.3373,1.9584,0.0025673637374860475,1785.0473366666668,33.88690299286223,1728.8724,1838.3029,-1.3264939488320628
motor-0102,healthy,140,169,NORMAL,56.17489333333333,1.00453146422709,54.669,58.1444,-0.0733607119021156,1.6128333333333333,0.1691718068184596,1.3328,1.9584,-0.012262958843159075,1784.8326933333335,32.629134053612624,1728.8724,1838.3029,-1.6884519688543387
motor-0102,healthy,150,179,NORMAL,56.213260000000005,1.0211287828019864,54.669,57.7914,0.02633263626251325,1.6187033333333334,0.1728005487709908,1.3328,1.9198,0.0071236262513904094,1773.8697533333334,23.076175131315765,1728.8724,1808.8905,1.3841802892101962
motor-0102,healthy,160,189,NORMAL,56.007866666666665,1.1450676717508401,54.494,57.7914,0.03573624026696179,1.6084133333333335,0.16685477664390944,1.3328,1.9198,0.0039730812013347655,1784.7162933333327,14.299454446258515,1748.1575,1808.8905,0.2555553726362648
motor-0103,failure,0,29,NORMAL,54.607156666666675,1.083657484227476,52.3622,56.6444,-0.029719443826474498,1.6462633333333334,0.18636247741669698,1.2733,1.9751,-0.0012190656284761256,1823.6462566666669,19.77901861285815,1788.0716,1862.1476,-1.1300327697441928
motor-0103,failure,10,39,DEGRADATION,55.58452,1.813233059004459,52.3622,58.5141,0.11128734149054413,1.72644,0.26966553061153364,1.2733,2.2629,0.028791012235817558,1821.7311433333332,15.65524747796904,1788.0716,1848.0226,1.166061201334766
motor-0103,failure,20,49,DEGRADATION,56.23091333333333,1.8960730788893372,52.3622,58.5141,0.16075955506117734,1.8437333333333332,0.1885894877475648,1.4314,2.2629,0.004643292547274733,1815.4347566666668,23.4880029664179,1760.9872,1848.0226,-1.4657633592881525
motor-0103,failure,30,59,DEGRADATION,57.222883333333336,1.441013579182684,53.6706,60.1779,-0.0027664293659635268,1.9969199999999998,0.21824715866802635,1.5964,2.3912,0.008811790878754111,1799.3395500000001,32.614087417083546,1732.2432,1848.0226,-2.979814660734177
motor-0103,failure,40,69,DEGRADATION,58.33373999999999,2.273537631181855,53.6706,61.9007,0.19134709677419343,2.157573333333333,0.3222771311912914,1.5964,2.6285,0.03218763070077858,1777.1672300000002,25.01551393021473,1714.0832,1819.2261,-1.1473686095661866
motor-0103,failure,50,79,DEGRADATION,59.252919999999996,2.2574046183467718,53.6706,61.9007,0.1576570411568395,2.3587533333333335,0.18847796464190597,1.7343,2.6722,0.011569655172413752,1746.9196100000001,39.84810501289741,1692.9804,1809.4013,-3.361802469410506
motor-0103,failure,60,89,FAILURE,61.00357999999999,1.3666519157903123,58.2223,64.1749,0.059751279199108574,2.484736666666667,0.16910812612710902,2.2021,2.9402,-0.00011219132369303524,1719.3419466666667,41.684089118573226,1663.1875,1809.4013,-4.123515194660769
motor-0103,failure,70,99,FAILURE,61.38634,1.7364147299536474,58.2223,64.7731,0.10826349276974213,2.664943333333333,0.3629948665232363,2.2021,3.5683,0.030871034482758537,1684.8248099999998,17.24644941173593,1641.2453,1710.6981,-1.5040606674082782
motor-0103,failure,80,109,FAILURE,62.43345333333333,1.57331085225464,59.0634,65.9369,0.06452040044493697,2.95084,0.38177819005281055,2.2021,3.5683,0.03135483870967734,1655.3783099999998,36.47165929204346,1582.0349,1710.6981,-3.4775933481646253
motor-0103,failure,90,119,FAILURE,63.65712999999999,2.4938956603608466,59.0634,70.5,0.1994729032258059,3.2286300000000008,0.2809975873561906,2.5897,3.7639,0.019817597330367014,1651.0817933333335,37.99180779007436,1582.0349,1728.1862,0.4247491434927397
motor-0103,failure,100,129,FAILURE,64.77285666666667,2.104856636714772,60.7925,70.5,0.10923330367074446,3.440376666666667,0.27154995081732,2.7523,3.9844,0.018335194660734036,1636.0072233333335,39.879243544218866,1578.7693,1728.1862,0.5029128587319094
motor-0103,failure,110,139,FAILURE,66.30496666666666,1.915410885481812,62.0677,70.5,0.11051359288097796,3.6149399999999994,0.267614736265899,3.097,4.1555,0.015955773081201264,1651.04455,37.51304191883803,1578.7693,1728.1862,-0.7646951056730353
motor-0103,failure,120,149,FAILURE,67.40036333333333,1.9783069816526349,63.8525,71.8722,0.17081839822024314,3.6982966666666663,0.22300312775584316,3.2659,4.1555,-0.006812391546162472,1636.9447566666665,26.7436798412844,1578.7693,1698.328,0.4798738820911839
motor-0103,failure,130,159,FAILURE,68.71076333333333,1.470351921929654,65.27,71.8722,0.08273230255839759,3.795009999999999,0.3487137358445558,3.1293,4.673,0.011602513904338032,1617.6305566666665,48.077660371615984,1496.6829,1698.328,-4.251835172413834
motor-0103,failure,140,169,FAILURE,69.8215,1.7873253650823262,66.6493,74.1798,0.10495003337041092,4.01988,0.46952518171730323,3.1293,4.9064,0.037316351501668475,1589.2590166666669,41.5013089249651,1496.6829,1643.2821,-2.85918169076754
motor-0103,failure,150,179,FAILURE,70.94917333333332,1.841306720770756,67.4909,74.1798,0.15195675194660732,4.240996666666666,0.3748623556127709,3.1293,4.9064,0.017005494994438198,1577.5074133333333,32.79314846378465,1496.6829,1638.2425,1.3530887208008764
motor-0103,failure,160,189,FAILURE,71.11347333333332,1.7722630226038376,66.8483,74.1798,-0.037551234705229114,4.4860066666666665,0.27430981381561165,3.8784,4.9999,0.007045027808676201,1566.8428066666665,39.46359798780755,1483.3365,1623.8899,-1.8434101001112648
motor-0103,failure,170,199,FAILURE,71.13305,2.0245848191254754,66.8483,74.7934,-0.04086088987764423,4.5098666666666665,0.3532296753608841,3.8784,5.2425,0.013616329254727425,1549.92608,43.70070604614528,1475.5163,1623.1985,-3.851110967741983
motor-0104,failure,0,29,NORMAL,55.40784,1.2642073001423988,52.9118,57.2032,-0.10966602892102445,1.4666033333333337,0.164256625403327,1.0962,1.7552,-0.01367628476084543,1815.3979033333335,19.07985430050036,1784.925,1849.8405,-0.3566207563960723
motor-0104,failure,10,39,DEGRADATION,55.39443666666667,1.360576443395307,52.9118,57.3858,0.015879621802001913,1.4427933333333334,0.15815530749516088,1.0962,1.7273,0.0054650055617352315,1808.3960333333332,16.22857474820947,1784.925,1849.8405,0.4504985984426973
motor-0104,failure,20,49,DEGRADATION,55.13010333333334,1.395134435692688,52.9118,57.3858,0.0683181090100098,1.4950866666666665,0.14170394427192995,1.2168,1.7273,0.010395550611790857,1800.7889466666668,27.291975876201313,1738.9081,1849.8405,-2.089278798665242
motor-0104,failure,30,59,DEGRADATION,56.24353333333333,1.3504518780352335,53.2227,59.0692,0.04952689655172218,1.6797399999999996,0.20730156551909265,1.3564,2.0935,0.018681468298108996,1790.9663866666667,24.49353015853686,1738.9081,1826.8419,-1.0082281646273896
motor-0104,failure,40,69,DEGRADATION,57.691916666666664,2.4708408649800893,53.2227,62.2832,0.24161439377085528,1.9185699999999997,0.32084452636752275,1.4379,2.5071,0.034464137931034436,1783.21408,24.36166740046609,1738.9081,1820.0429,0.06971061179084476
motor-0104,failure,50,79,DEGRADATION,58.96711666666666,1.8285746999750627,55.106,62.2832,0.11006373748609494,2.0810666666666666,0.20118224463295845,1.6405,2.5071,0.009477908787541655,1777.9027500000004,24.42030253459541,1723.4819,1819.853,-1.1526901223581756
motor-0104,failure,60,89,DEGRADATION,60.00346333333334,1.2028872929977918,57.4232,62.2832,-0.0032898998887665844,2.231663333333334,0.2265116589837166,1.951,2.8066,0.009195172413793046,1770.4605266666667,24.596612278129328,1723.4819,1819.4459,-1.1487516796440942
motor-0104,failure,70,99,FAILURE,60.61402333333332,1.6034643622863032,57.4232,63.3439,0.14146645161290186,2.424123333333333,0.3821688925796493,1.951,3.2428,0.04073296996662955,1742.1544666666668,36.38165476458645,1659.7009,1801.872,-2.8844358620690134
motor-0104,failure,80,109,FAILURE,61.04081999999999,1.9583346897130052,56.7554,64.7006,-0.003986785317020108,2.61117,0.2900123435878778,2.0558,3.2428,0.016684382647385924,1717.8949866666665,41.704641359132005,1646.2282,1801.872,-3.9194998887653507
motor-0104,failure,90,119,FAILURE,61.73195333333334,1.8951924172729504,56.7554,64.7006,-0.02166322580645251,2.797763333333333,0.2257426166874321,2.4032,3.2702,0.008218175750834195,1697.5680866666664,21.60880415515449,1646.2282,1745.0979,0.016660823136797634
motor-0104,failure,100,129,FAILURE,62.84418333333333,2.790115965700272,56.7554,67.4265,0.22204967741935344,2.787903333333333,0.25505593044576624,2.3475,3.4796,0.007820889877641776,1685.2156566666667,25.77870888553424,1636.5509,1745.0979,-1.2027635817575337
motor-0104,failure,110,139,FAILURE,64.00793999999999,2.3300006571672904,60.1238,68.9291,0.05519466073414788,2.9074733333333334,0.272043975530101,2.3475,3.4919,0.0037198665183536084,1672.0119399999999,31.539089044999375,1609.9085,1740.1887,-3.007342380422708
motor-0104,failure,120,149,FAILURE,64.7365,2.167465721835835,60.1238,68.9291,-0.07538407119021324,3.129203333333334,0.4363051015694815,2.3475,4.1153,0.036259288097886505,1643.35594,27.531645531940146,1588.0197,1688.7815,-2.288260200222496
motor-0104,failure,130,159,FAILURE,66.00067666666668,3.3679758737935694,60.1238,71.9526,0.22956416017797393,3.457366666666667,0.45630552289252674,2.5932,4.36,0.03825388209121241,1616.5773433333334,36.83986097611014,1542.316,1679.965,-3.0810292992213824
motor-0104,failure,140,169,FAILURE,67.64744666666667,2.968006988730915,61.1382,72.788,0.23731604004449233,3.7035433333333336,0.3077186276273975,3.1417,4.36,0.0038531034482757677,1601.4793366666665,32.89830586518082,1527.8364,1657.3395,-0.5727336818687868
motor-0104,failure,150,179,FAILURE,70.15509666666665,2.212561460763419,65.9453,74.0195,0.13576505005561576,3.887093333333333,0.3792314182952438,3.1765,4.6274,0.01557557285873185,1598.2714200000003,34.87251507288035,1527.8364,1683.6151,1.2110553503892922
motor-0104,failure,160,189,FAILURE,70.44246000000001,2.038330433402135,66.5465,74.0195,0.08033107897663924,3.9884733333333333,0.34193703702419964,3.1765,4.6274,0.021718754171301306,1591.6234966666666,37.37329547431325,1527.8364,1683.6151,-1.6544696106785568
motor-0104,failure,170,199,FAILURE,70.51686,1.7707447980252067,67.5163,74.0195,-0.13618349276974626,4.231719999999999,0.32460836752410843,3.5763,4.8214,0.020485428253615063,1579.2112499999998,36.41675527873355,1499.0681,1683.6151,-2.1795967296997003
motor-0104,failure,180,209,FAILURE,70.53717333333334,1.8736098987308485,67.5163,73.938,0.08072551724137811,4.3215699999999995,0.32414872013732626,3.7978,5.0258,0.01609323692992204,1570.4822933333335,27.587007216332047,1499.0681,1629.3717,1.057194215795298
motor-0104,failure,190,219,FAILURE,71.61217333333333,2.249109076343094,67.5163,75.4725,0.21343937708564908,4.512226666666667,0.32669986219090386,3.7978,5.0613,0.013118576195772934,1553.3652366666668,40.22620049066267,1480.1081,1629.3717,-2.279448075639638
motor-0104,failure,200,229,FAILURE,73.18489333333333,1.4315231638441002,69.4593,75.4725,0.09121579532814154,4.696370000000001,0.3656159015050267,3.881,5.413,0.02826876529477179,1526.4736333333337,47.84626999131233,1449.4208,1629.3717,-4.438467408231415
motor-0105,degrading,0,29,NORMAL,54.855810000000005,0.8118396090977581,53.2255,56.3851,-0.04353323692992319,1.4160433333333333,0.10152697731254595,1.1629,1.5807,0.002985294771968813,1791.601756666667,27.69269346604726,1748.0538,1851.4138,-2.271170433815403
motor-0105,degrading,10,39,NORMAL,54.98489666666665,0.9180532916569835,53.2255,56.754,0.03558649610678355,1.4932966666666667,0.14376285677771186,1.1629,1.7515,0.012602602892102311,1782.9973466666668,17.620895373367265,1748.0538,1813.2735,0.635805917686292
motor-0105,degrading,20,49,NORMAL,55.06428666666667,1.2989311649027269,53.2255,58.5749,0.04284418242491478,1.4998666666666665,0.14894264742585392,1.2096,1.7515,-0.005592880978865448,1779.4706399999998,19.642338200828682,1743.9994,1813.2735,0.3440165072302276
motor-0105,degrading,30,59,DEGRADATION,55.64912333333335,1.6523906260694594,53.1809,58.8122,0.022524827586205946,1.5626233333333333,0.16499968824886374,1.2096,1.8093,-0.0008972413793104023,1788.8621033333334,17.7987403661698,1743.9994,1815.9298,-0.022840600667437577
motor-0105,degrading,40,69,DEGRADATION,56.46533666666666,1.994219008949507,53.1809,58.8122,0.13354111234705168,1.5992266666666661,0.1985698012174952,1.2096,1.9866,0.01643132369299219,1782.9791833333334,18.252431163694034,1741.9124,1815.9298,0.31464562847603794
motor-0105,degrading,50,79,DEGRADATION,57.00256666666667,1.6688764953970945,53.1809,58.8122,0.06929285873192376,1.6350799999999999,0.17035542531229622,1.2367,1.9866,-0.009458642936596267,1774.2776933333334,26.085105275973543,1727.7918,1815.9298,-2.3253995550612063
motor-0105,degrading,60,89,DEGRADATION,57.13926333333333,1.3526368089730842,54.328,59.2012,-0.06792086763070233,1.7097333333333333,0.2151954682505084,1.2367,2.0688,0.0029309010011123165,1758.0673433333332,21.638095070680063,1727.7918,1804.8412,-1.3224881201335406
motor-0105,degrading,70,99,DEGRADATION,57.38408666666666,1.5790165333171424,54.328,59.8045,0.0895445606229134,1.81822,0.2873073654932409,1.2367,2.2861,0.0265562180200222,1750.2193100000002,14.7970777708382,1722.6307,1781.5513,0.5362751724137349
motor-0105,degrading,80,109,DEGRADATION,57.676886666666654,1.4758532726829208,54.328,59.8045,0.084072658509454,1.89749,0.22691664453421365,1.4083,2.2861,-0.004034771968854337,1752.707576666667,13.945140779657116,1719.4221,1777.5477,0.28362738598439835
motor-0105,degrading,90,119,DEGRADATION,58.470166666666664,0.8101255245673691,56.927,60.2673,-0.002340600667408897,2.04743,0.29683732261964635,1.4083,2.4372,0.013607141268075593,1751.30159,13.92572316629316,1719.4221,1777.5477,-0.54015948832037
motor-0105,degrading,100,129,DEGRADATION,58.856153333333324,1.2745923975225262,56.927,61.5351,0.08983403781979907,2.0299500000000004,0.29185783496992734,1.4083,2.4372,0.016003982202447118,1748.6629833333332,11.426923138421344,1719.4221,1773.4864,-0.25481470522809013
motor-0105,degrading,110,139,DEGRADATION,58.840853333333335,1.3343482533265278,56.7555,61.5351,-0.04640667408231376,2.2055533333333335,0.15183806008010273,1.861,2.4372,-0.003650634037819832,1738.2173533333332,14.651343816609073,1703.432,1757.2278,-1.1164867185762473
motor-0105,degrading,120,149,DEGRADATION,59.149023333333346,1.4096281951122982,56.7555,61.5948,-0.02575281423804398,2.2059366666666667,0.16250184713480098,1.861,2.5367,0.012233303670745238,1737.0839466666664,15.275841096444475,1703.432,1757.3304,-0.4626576195773417
motor-0105,degrading,130,159,DEGRADATION,58.85145333333334,1.403479801715088,56.7555,62.1714,0.04783265850945349,2.2804399999999996,0.137606314293107,1.9934,2.5367,-0.0011567519466073527,1723.0904233333338,20.121350174639264,1680.5312,1757.3304,-0.8612819354839224
motor-0105,degrading,140,169,DEGRADATION,59.14324666666667,1.2495775565454998,56.9136,62.1714,-0.03838264738598609,2.2912299999999997,0.13837981584513445,1.9934,2.5367,-0.0037343937708565586,1721.9889900000003,19.640238589222047,1680.5312,1757.3304,-0.916523626251418
motor-0105,degrading,150,179,DEGRADATION,59.716519999999996,1.5757677636420069,56.9136,62.2785,0.09395034482758598,2.3872366666666665,0.21988677614222785,1.9934,2.9233,0.015448609566184615,1719.8099899999995,18.05179297538707,1680.5312,1763.2858,1.120114416017759
motor-0105,degrading,160,189,DEGRADATION,60.10779333333334,1.258386285137525,56.9136,62.2785,0.07849174638487134,2.3902566666666667,0.20470039192819228,2.1089,2.9233,-0.0008074972191324026,1714.1512666666667,21.991655533638717,1669.4495,1763.2858,-1.521846184649678
motor-0105,degrading,170,199,DEGRADATION,60.622933333333336,0.8287514003339934,58.9776,62.2785,-0.04136925472747525,2.381603333333333,0.25524233515534905,1.7248,2.9233,-0.014717708565072346,1710.6743933333335,25.2131144169317,1668.8437,1763.2858,-1.075146963292581
motor-0105,degrading,180,209,DEGRADATION,61.10547333333332,1.379210818531944,58.9776,64.2496,0.11682909899888615,2.40544,0.26848462848612636,1.7248,2.8189,0.020829543937708535,1698.1118833333333,19.09069620976116,1668.8437,1741.8498,0.38204932146823056
motor-0106,failure,0,29,NORMAL,56.69352000000001,1.1031586281824266,55.0512,59.5357,-0.03703804226918947,1.3801900000000002,0.1911165130664189,0.9941,1.7099,-0.01674226918798668,1816.611313333333,14.146078501731692,1797.1307,1848.4576,0.40184262513900226
motor-0106,failure,10,39,DEGRADATION,57.29550999999999,1.376249490790096,55.0512,60.221,0.04176282536151079,1.4904333333333335,0.33078430871020603,0.9941,2.2914,0.025175839822024457,1812.8971133333334,16.915296414207123,1782.0375,1848.4576,-1.0492736373749192
motor-0106,failure,20,49,DEGRADATION,57.928696666666674,1.7170097628305885,55.0512,61.2589,0.17852153503893115,1.7009833333333333,0.3602339453589693,0.9941,2.2914,0.03448789766407117,1792.1211,30.727976646524144,1725.7282,1848.4576,-2.865918754171356
motor-0106,failure,30,59,DEGRADATION,59.43124666666666,1.452588042479889,57.6585,63.5475,0.11543190211345862,1.99925,0.18506510521075192,1.642,2.4096,0.012829788654060032,1779.2123933333335,23.134638714633574,1725.7282,1809.8276,-0.9920430700779157
motor-0106,failure,40,69,DEGRADATION,61.21696666666666,2.2635855233579214,58.0656,64.7026,0.22044596218019794,2.22862,0.29907603982933845,1.8487,2.7929,0.029264071190211308,1763.1679100000001,21.12954167384848,1725.7282,1803.2844,-0.6234114571746773
motor-0106,failure,50,79,FAILURE,62.52368666666667,1.9619115494390211,58.1884,65.3412,0.15290740823136698,2.477743333333334,0.2983915835311416,1.8576,2.9721,0.027514593993325884,1755.0995033333336,25.918363884364346,1691.6988,1801.274,-2.45199419354842
motor-0106,failure,60,89,FAILURE,63.32679666666666,1.263887974329828,60.8955,66.7537,-0.037238776418244086,2.63174,0.18381344637067948,2.2215,3.0425,0.0009324137931033999,1743.2243466666664,25.242758966810456,1691.6988,1785.5204,-0.25834972191330136
motor-0106,failure,70,99,FAILURE,63.72350333333334,1.6749254798315327,60.8955,66.7537,0.08549354838709572,2.657303333333333,0.20727148780176097,2.2215,3.0425,-0.0016195550611791487,1731.76746,31.308018296985864,1665.0808,1785.5204,-1.0981911457174907
motor-0106,failure,80,109,FAILURE,63.50844333333334,1.9361023594984736,59.5681,66.7537,0.02541479421579422,2.8301000000000007,0.3820765237488427,2.2215,3.8146,0.03265552836484978,1714.0866666666666,41.351997175149315,1620.0923,1785.5204,-3.067922447163553
motor-0106,failure,90,119,FAILURE,64.61585666666666,2.3054368155418095,59.5681,68.7917,0.08268972191323565,3.139016666666666,0.4331152757125469,2.2471,3.9587,0.03881301446051159,1690.3969599999998,32.710717763954165,1620.0923,1748.3463,-2.361525472747535
motor-0106,failure,100,129,FAILURE,65.79473333333333,2.9608092747685655,59.5681,69.6987,0.3033936373748596,3.3914766666666667,0.2694030545277631,2.8804,3.9587,0.007199577308120031,1658.4980066666665,36.6752060930445,1590.8643,1717.1552,-3.1382248275862463
motor-0106,failure,110,139,FAILURE,67.96870666666666,2.015766412713096,62.4806,70.8789,0.16705517241379159,3.576960000000001,0.293710194579623,3.1971,4.171,0.012437908787541559,1629.9257599999999,37.743382025026165,1558.1405,1696.8612,-3.7393850945495486
motor-0106,failure,120,149,FAILURE,69.80153666666666,2.003756436376991,67.497,75.3611,0.1583268298108992,3.7870166666666663,0.3810511095057401,3.1971,4.4734,0.03260883203559503,1607.4006166666668,23.02960897893673,1558.1405,1646.8574,-0.8115466295884635
motor-0106,failure,130,159,FAILURE,71.61606333333334,2.762134953193915,67.9405,77.6067,0.22896162402669493,3.951703333333333,0.3395938039121968,3.3101,4.4734,0.012077575083425988,1587.0358866666663,30.56453441114101,1518.6974,1633.1356,-1.757962580645175
motor-0106,failure,140,169,FAILURE,72.71915666666665,2.201386837228346,67.9405,77.6067,0.05902560622914237,4.226756666666668,0.4170001660138225,3.3101,5.2348,0.027439043381535005,1576.61958,30.577003997322354,1518.6974,1633.1356,-2.065179844271454
motor-0106,failure,150,179,FAILURE,72.82192000000002,1.7358212564278235,70.6283,77.6067,-0.11457704115684202,4.4541233333333325,0.47801194593394375,3.3101,5.2348,0.0455288765294771,1564.2460033333334,22.105793751887486,1518.6974,1607.3568,0.20421942157950745
motor-0106,failure,160,189,FAILURE,73.45653333333334,2.2524621697649496,70.6283,78.3644,0.16138767519465988,4.857593333333333,0.3205108546610481,4.2419,5.6347,0.02542927697441593,1541.2741833333334,42.33918195598558,1443.85,1607.3568,-3.468980044493926
motor-0107,failure,0,29,DEGRADATION,55.78515999999999,1.0579409515973313,53.8314,58.5421,0.0034533926585082098,1.70025,0.13633932118064837,1.3703,1.9642,-0.002211946607341538,1808.739906666667,18.801383411368665,1775.524,1836.8301,-1.1989160400445564
motor-0107,failure,10,39,DEGRADATION,56.89263333333335,2.155790285306579,53.8314,61.1165,0.20400938820911943,1.8403533333333333,0.2589476056828656,1.3703,2.252,0.022374371523915443,1795.0124899999998,19.649940219321255,1761.4249,1832.906,-1.5762279199110578
motor-0107,failure,20,49,DEGRADATION,57.76867666666668,2.0269792833480618,53.8314,61.1165,0.10474395995550478,2.062126666666667,0.2966248460410707,1.3703,2.4887,0.030493971078976573,1770.7872933333338,28.48359140404562,1714.5278,1832.906,-2.7987457174639023
motor-0107,failure,30,59,DEGRADATION,59.24227999999999,1.790889183134084,55.7998,62.264,0.04693797552836318,2.4258033333333335,0.283264874258862,2.0762,2.9914,0.0294411790878754,1744.0289433333335,30.05583672927977,1695.3937,1800.4781,-3.26149052280317
motor-0107,failure,40,69,FAILURE,60.02902000000001,2.316312306720894,55.7998,64.4072,0.18465543937708478,2.705446666666667,0.3301397963826166,2.1639,3.3262,0.031630522803114555,1729.6104133333336,17.971461009069035,1692.053,1761.6295,-0.2730423136818889
motor-0107,failure,50,79,FAILURE,61.331336666666665,1.9005950223519181,55.9547,64.4072,0.08670195773081012,2.90178,0.2949857560402988,2.3257,3.3955,0.012083515016685139,1693.3022099999996,50.96248186316643,1588.8178,1761.6295,-4.186751835372681
motor-0107,failure,60,89,FAILURE,61.36076666666668,1.8527673643019036,57.5043,64.4072,-0.0456653615127939,3.0717166666666667,0.31745701870051984,2.3257,3.5893,0.01687864293659612,1659.3674899999999,60.435132195858564,1571.5456,1761.6295,-5.775462714126851
motor-0107,failure,70,99,FAILURE,63.181900000000006,3.32790813685314,57.5043,69.8355,0.23961201334816365,3.288623333333334,0.3908882420704016,2.3257,3.855,0.038001446051167904,1613.0508366666663,28.49550314044286,1571.5456,1676.0459,-1.667521223581792
motor-0107,failure,80,109,FAILURE,64.4204,3.2709722266221304,57.5043,69.8355,0.2593559065628464,3.5117966666666667,0.2905641942650348,3.0509,4.223,0.018118553948831953,1605.2257500000003,22.358563249558326,1571.5456,1660.0919,-0.41608967741938324
motor-0107,failure,90,119,FAILURE,67.31939666666668,2.101474416290196,63.4251,72.049,0.11158765294771854,3.8605333333333336,0.42720708509522126,3.0509,4.7222,0.03666091212458281,1599.7537366666668,19.253584004482285,1565.0403,1643.8944,-0.3001384427141614
motor-0107,failure,100,129,FAILURE,69.19382666666667,3.433020179563308,63.4251,75.5708,0.35322033370411404,4.135653333333333,0.4699885791047362,3.0509,4.7222,0.044651301446051075,1564.9807499999997,55.575944741232256,1440.9287,1636.4262,-5.237058976640749
motor-0107,failure,110,139,FAILURE,71.67651000000001,2.5050243983309493,65.6389,75.5708,0.2012000667408222,4.353986666666667,0.2668939411493304,3.8041,4.9069,0.00156898776418232,1522.7593366666665,57.88348251869142,1440.9287,1625.3925,-5.230081846496137
motor-0107,failure,120,149,FAILURE,72.95230000000001,1.9148608993866885,69.6939,76.7719,0.02793401557285647,4.714053333333333,0.5822379105562338,3.8041,6.0737,0.04816716351501655,1499.897226666667,40.11358694766595,1440.9287,1584.8361,1.0812561957730606
motor-0108,failure,0,29,DEGRADATION,55.39012999999999,0.8038164820197873,53.8138,56.9723,-0.004413770856508216,1.3969766666666668,0.18544082197713524,1.1094,1.8043,0.010191835372636251,1796.78972,14.317094700611111,1772.6537,1831.2118,0.9128542825360866
motor-0108,failure,10,39,DEGRADATION,56.13029333333332,1.5056516239230844,53.8138,59.0864,0.14014731924360208,1.6106133333333332,0.30123981889665397,1.1131,2.2032,0.02781463848720798,1788.8584033333332,24.617495955024676,1729.6019,1831.2118,-1.633977908787592
motor-0108,failure,20,49,DEGRADATION,57.39955666666667,1.5771888087529515,54.6863,60.1121,0.15122556173526056,1.8562633333333336,0.2899976200860199,1.183,2.2229,0.028798153503893188,1756.0756966666665,50.91034298480998,1658.3286,1831.2118,-5.700441757508385
motor-0108,failure,30,59,DEGRADATION,58.44923666666668,0.8511252479250954,56.827,60.2996,0.03697506117908611,2.0600233333333335,0.17874130595795573,1.7252,2.4677,0.00996100111234701,1718.5756233333332,36.61895114061101,1658.3286,1794.4282,-3.35336175750836
motor-0108,failure,40,69,FAILURE,60.148599999999995,2.2776932077579426,57.498,65.2133,0.20515096774193353,2.25643,0.26298209717266563,1.7252,2.759,0.022765672969966576,1687.7481733333332,23.575151056128764,1643.2437,1730.8909,-1.4286056952169424
motor-0108,failure,50,79,FAILURE,60.76979333333334,2.153493908037716,57.7345,65.2133,0.09199817575083313,2.41102,0.28662486214562755,1.7252,2.8928,0.020560667408231335,1677.5579333333335,24.091403389415813,1633.4347,1730.8909,-1.6814770189099493
motor-0108,failure,60,89,FAILURE,61.66675,1.9137396818358898,57.3818,65.756,-0.07310889877641955,2.8501366666666668,0.4644875724805658,2.2061,3.7279,0.04102987764182416,1659.002386666667,24.313158324670383,1622.3544,1730.8909,-1.4970333259177195
motor-0108,failure,70,99,FAILURE,63.59720333333332,4.083331494624075,57.3818,71.1027,0.37320233592880836,3.277463333333333,0.5662283187804094,2.2061,4.0127,0.05581074527252495,1634.0774800000002,36.372897334090204,1550.1674,1684.8155,-3.115248453837628
motor-0108,failure,80,109,FAILURE,66.04024,3.7833190846662674,57.3818,71.2484,0.2936585094549475,3.6016733333333337,0.22708174142561283,2.9122,4.0127,0.0048856507230255275,1608.4671200000003,35.014273956063505,1534.33,1678.0567,-2.6746182424916984
motor-0108,failure,90,119,FAILURE,68.79957333333333,1.9826731285368815,65.7605,73.6962,0.02825179087875265,3.7842633333333335,0.29099967867488946,3.4153,4.4804,0.010579065628475933,1590.1083466666666,26.53890728775059,1534.33,1646.8057,-0.7794912124583145
motor-0108,failure,100,129,FAILURE,68.84578666666667,1.9464251760142808,65.7605,73.6962,0.03538834260289074,3.9112366666666665,0.37557030365683713,3.4153,4.6092,0.03170943270300329,1578.5364966666668,26.05925002781781,1525.4274,1621.5325,-1.5875787986652061
motor-0108,failure,110,139,FAILURE,68.91863333333332,1.9058633961774096,65.7605,73.6962,-0.04281290322580747,4.11922,0.3510757101633018,3.5337,4.8071,0.013623937708564992,1549.4791433333332,40.80382959385621,1487.6577,1611.569,-4.11596184649614
motor-0108,failure,120,149,FAILURE,70.76565,3.492193136101342,65.8596,78.2412,0.3062597330367066,4.3171100000000004,0.3406885218201517,3.6324,4.8071,0.020071568409343606,1524.323836666667,34.261298163608096,1466.9458,1601.0182,-2.750749877641866
motor-0109,failure,0,29,NORMAL,53.44643666666668,1.1606176199143097,50.8112,55.2947,-0.08464255839822217,1.4492366666666667,0.16768954148134052,1.182,1.9019,-0.00884149054505007,1799.5607766666667,27.430162454697957,1752.1296,1853.8084,0.696677975528322
motor-0109,failure,10,39,DEGRADATION,54.017979999999994,1.8244663830647403,50.8112,58.1163,0.11762709677419252,1.48923,0.2136776546576642,1.182,1.9919,0.018113125695216892,1799.0428433333334,28.74420156505404,1752.1296,1853.8084,1.6864274749721804
motor-0109,failure,20,49,DEGRADATION,55.23097666666667,2.317733054327487,50.8112,58.5563,0.22895610678531547,1.6256033333333337,0.22257260460852368,1.2461,1.9919,0.01745483870967739,1791.5440033333332,37.49262005627673,1722.8256,1853.8084,-3.356193837597385
motor-0109,failure,30,59,DEGRADATION,57.139920000000004,1.4638884849149774,53.991,60.1514,0.10675875417130049,1.752956666666667,0.14297629566547815,1.4453,1.9919,0.0027505895439376795,1767.9937566666665,32.12106933161561,1722.8256,1845.0441,-2.9657688320356423
motor-0109,failure,40,69,DEGRADATION,58.277903333333335,1.381655880331842,55.8513,60.2218,0.1055329699666285,1.8932900000000001,0.22516207399708033,1.4453,2.3932,0.016871835372636257,1745.6541433333332,19.113658316775897,1697.3128,1780.1989,-0.8211635372636547
motor-0109,failure,50,79,DEGRADATION,58.68320333333333,1.1390503256319375,56.0747,60.2218,0.028236863181312348,2.042943333333333,0.2242807551312021,1.5776,2.3932,0.02027179087875416,1728.6952733333333,30.510294860969317,1662.3135,1780.1989,-2.6039242714127284
motor-0109,failure,60,89,FAILURE,59.291156666666666,1.319564944387185,57.0865,63.1305,0.03931357063403761,2.3155,0.25714749334444875,1.9688,2.9806,0.023154349276974386,1713.7891866666664,28.27234267311118,1660.5079,1780.1989,-1.8667921245829247
motor-0109,failure,70,99,FAILURE,60.421583333333324,2.416757553704733,57.0865,65.2875,0.19800522803114412,2.5914066666666664,0.3607135908476726,1.9828,3.3138,0.03792160177975523,1701.4631233333334,17.75471962286241,1660.5079,1728.1423,0.20121390433812525
motor-0109,failure,80,109,FAILURE,60.740030000000004,2.2339228388867856,57.0865,65.2875,-0.015553170189100208,2.826233333333333,0.24265249683904389,2.3721,3.3138,0.017029143492769683,1692.9977700000002,22.291948479965427,1657.1157,1728.1423,-1.7656906117909008
motor-0109,failure,90,119,FAILURE,62.45872333333333,2.8716850072948845,58.1541,68.4433,0.0880770856507212,2.972446666666666,0.18059051051727187,2.6822,3.3749,0.004933526140155646,1680.2241199999999,21.868733658771056,1641.2057,1728.1423,-1.710143047830972
motor-0109,failure,100,129,FAILURE,63.76103666666667,3.5113372375286818,58.1541,69.1379,0.32072767519465945,3.10957,0.2968381985189912,2.6822,3.9963,0.02517314794215789,1664.1524166666668,24.983570492039814,1591.4515,1710.4622,-1.153523047830952
motor-0109,failure,110,139,FAILURE,65.51191333333334,1.8623788999974082,62.1971,69.1379,-0.03848378197997942,3.283623333333333,0.2793268070239987,2.7485,3.9963,0.020799132369299145,1642.284213333333,36.78631744469433,1586.0605,1710.4622,-3.3187240489433103
motor-0109,failure,120,149,FAILURE,65.52966333333333,1.8185357599789513,61.2586,69.1379,-0.0934927474972203,3.586033333333334,0.3333443258187479,2.922,4.2685,0.02747003337041148,1620.07881,40.7925786588635,1561.5816,1710.4622,-2.904434727475039
motor-0109,failure,130,159,FAILURE,65.87663666666667,2.017755655422352,61.2586,69.2382,0.1354712569521677,3.843873333333334,0.4149282965632604,3.1287,4.674,0.03834100111234697,1585.19907,38.588416739829654,1504.257,1674.1742,-2.725599666295912
motor-0109,failure,140,169,FAILURE,66.63513333333334,2.0345520418236744,61.2586,70.7117,0.10898438264738419,4.13848,0.3405878539623319,3.5188,4.8478,0.020637196885428193,1579.0578366666664,35.80993865651901,1504.257,1674.1742,-0.6911179310345124
motor-0109,failure,150,179,FAILURE,68.36142333333333,2.076727470273576,64.313,72.5239,0.12152295884315728,4.356803333333334,0.35177415054106653,3.5188,4.8906,0.022205094549499364,1577.13572,28.968575135681082,1504.257,1621.9289,1.64635519466071
motor-0109,failure,160,189,FAILURE,69.11011666666667,2.201023558874875,64.313,72.5239,0.13633768631812945,4.5197433333333334,0.26396233782282075,3.9911,4.9009,0.011084516129032206,1571.1490533333338,37.57889416958882,1482.6635,1621.9289,-2.8265051835372983
motor-0109,failure,170,199,FAILURE,70.36959333333333,1.3995839219647463,67.3964,72.6197,0.008024872080088041,4.709763333333332,0.26702941096857147,4.1285,5.2854,0.012421913236929783,1546.3601166666667,43.35951017725397,1482.6635,1621.9289,-4.213073570634077
motor-0109,failure,180,209,FAILURE,71.99014666666667,2.5859613099365744,67.3964,76.6754,0.21613655172413623,4.73999,0.25255324237343174,4.1285,5.2854,0.0013085428253613522,1513.9718833333332,28.24204837971312,1469.1304,1608.9253,-2.01196375973306
motor-0110,healthy,0,29,NORMAL,55.29196333333335,0.9450570760482608,53.9273,57.6404,-0.05207672969966733,1.3836,0.1659087922122674,1.1012,1.8618,-0.011547541713014494,1785.6660633333336,29.738039665917032,1739.6541,1839.0927,-1.606691991101265
motor-0110,healthy,10,39,NORMAL,55.622643333333336,1.186584134025995,53.9273,58.0408,0.07290235817574983,1.3307333333333335,0.1017224732080161,1.1012,1.584,0.004988075639599508,1788.1190766666664,32.24107543162585,1739.6541,1837.0897,2.9814953726362186
motor-0110,healthy,20,49,NORMAL,55.36203666666667,1.2851615827029508,53.8173,58.0408,-0.0024019799777525177,1.3702533333333335,0.11069645201581163,1.2112,1.7131,0.002541001112347015,1796.8695400000004,24.927332949643834,1749.6608,1837.0897,0.23103466073411527
motor-0110,healthy,30,59,NORMAL,55.19425666666666,1.4600095174765881,53.1035,58.0408,-0.13819250278086861,1.4037900000000003,0.13063175813458736,1.127,1.7131,0.000988587319243567,1807.9011533333332,20.678187639502834,1775.9273,1837.0897,-0.4537027808676589
motor-0110,healthy,40,69,NORMAL,54.48808,0.8118284754798885,53.1035,55.7374,0.016922936596217627,1.4372733333333332,0.14877111935975862,1.127,1.7598,0.0023174638487207743,1798.9738499999999,17.744296557856725,1773.0208,1834.8767,0.5955929032257714
motor-0110,healthy,50,79,NORMAL,53.980699999999985,1.0749782748192325,51.5492,55.7374,-0.03147973303670795,1.3697533333333334,0.18076814013782652,1.0422,1.7598,-0.010239466073414935,1801.7254766666663,17.53211937779122,1751.0275,1834.8767,-1.0258283203559615
motor-0110,healthy,60,89,NORMAL,54.36833999999998,1.3796864645273574,51.5492,57.2195,0.03491915461623907,1.4137266666666666,0.20461622929007586,1.0422,1.8513,0.0048711902113459165,1806.59294,21.376577189244628,1751.0275,1847.9023,1.2457474972190994
motor-0110,healthy,70,99,NORMAL,54.8767,1.7163486992255774,51.5492,57.9237,0.1553953726362613,1.41039,0.21550394172729184,1.0422,1.8513,0.012878420467185738,1809.2889566666665,20.27397314725925,1751.0275,1847.9023,0.5046174638486869
motor-0110,healthy,80,109,NORMAL,55.16685333333333,1.4018096375122477,53.1751,57.9237,-0.05080315906562956,1.4487833333333338,0.17709860357690257,1.199,1.8513,-0.011466051167964448,1802.32751,26.20724103346693,1760.335,1847.9023,-2.5858038487208184
motor-0110,healthy,90,119,NORMAL,55.61142,1.377363324471796,53.1751,57.9247,-0.0025862958843171076,1.4196933333333333,0.14832476065115432,1.199,1.7485,-0.00182193548387103,1788.8199366666665,19.60839053346777,1755.2682,1828.0989,-1.061281668520618
motor-0110,healthy,100,129,NORMAL,55.44745333333334,1.3319546948584828,53.1751,57.9247,0.0848036040044482,1.4061700000000001,0.12446293464321016,1.1726,1.6439,0.004441268075639576,1778.5219800000002,14.650425801215919,1755.2682,1814.0565,0.0869801112346388
motor-0110,healthy,110,139,NORMAL,55.49446999999999,1.2626377356286056,52.7274,57.9247,-0.11264064516129159,1.3641400000000001,0.1774741588701484,0.9307,1.6439,-0.014079955506117958,1778.5015366666667,18.82215659518471,1749.2259,1814.0565,-0.5884010901001674
motor-0110,healthy,120,149,NORMAL,55.454123333333335,1.321713096372364,52.7274,57.5489,0.02767548387096708,1.3715966666666666,0.18167733574175463,0.9307,1.6263,0.001796151279199077,1786.7058966666668,24.966643023008164,1749.2259,1835.7094,1.8552147052279868
motor-0110,healthy,130,159,NORMAL,55.10837000000001,1.2701340420470066,52.7274,57.5489,0.036483581757507474,1.3159266666666667,0.1819792642644272,0.9307,1.6263,0.0033006896551723945,1783.2530699999998,28.31660329377036,1743.935,1835.7094,-0.36547352614021184
motor-0110,healthy,140,169,NORMAL,55.28888,1.1533175129165432,53.4947,57.5489,-0.07093365962180327,1.3658033333333333,0.1613258885678992,1.0675,1.6263,-0.006302981090100137,1789.5183233333332,26.134007373544062,1743.935,1835.7094,-1.1589902780868095
motor-0110,healthy,150,179,NORMAL,55.250416666666666,1.1334369740111516,53.4947,58.0992,0.06942186874304661,1.4182866666666665,0.21015149413908268,1.0675,1.7739,0.016406184649610665,1785.6738100000002,23.563777491980485,1743.935,1828.2106,1.4148567519465725
motor-0111,failure,0,29,DEGRADATION,56.202106666666666,1.0505382594756945,54.4934,58.2696,-0.05550322580645338,1.50602,0.09396080175619335,1.3694,1.7683,-0.0032796885428253973,1796.4046033333332,22.37554845011973,1769.822,1850.8182,-1.4207351946607691
motor-0111,failure,10,39,DEGRADATION,56.99686666666667,2.00931915340053,54.4934,61.674,0.1578705228031134,1.5507733333333333,0.11538407438733574,1.3694,1.7901,0.006618064516129014,1787.2928766666664,9.54501173705177,1769.822,1812.8714,0.2187783092324561
motor-0111,failure,20,49,DEGRADATION,58.3926,2.1909681170660615,54.4934,61.674,0.21450602892102283,1.6528066666666665,0.16476719522472372,1.3694,1.9495,0.016737486095661808,1775.67896,21.468471473140948,1724.7144,1812.8714,-1.6551459399333117
motor-0111,failure,30,59,DEGRADATION,59.727009999999986,1.3496700763149492,57.2429,62.1226,0.04356985539488236,1.8854,0.23035591013328338,1.5111,2.3938,0.02393704115684089,1762.8415999999997,23.066488688325883,1724.7144,1796.3198,-1.9090017797553243
motor-0111,failure,40,69,DEGRADATION,60.91934000000001,1.7463373644287632,57.2429,63.9413,0.12347893214682908,2.182706666666667,0.3243657389771957,1.6638,2.7154,0.03474260289210229,1753.20377,16.353828038844593,1724.7144,1782.2611,0.0865595773080907
motor-0111,failure,50,79,FAILURE,61.79652333333333,1.7404963816266772,57.2429,63.9413,0.14789839822024212,2.40482,0.22394563387870134,1.9191,2.7553,0.016498731924360382,1734.0515500000004,33.22284902562039,1668.5978,1781.7528,-2.7127504560623006
motor-0111,failure,60,89,FAILURE,62.41134999999999,1.137917998143979,59.5751,64.9229,-0.044401446051169066,2.6509266666666664,0.23235893058417662,2.3231,3.1914,0.01601045606229139,1716.2455766666671,36.611185567552816,1664.531,1781.7528,-3.3541488097886965
motor-0111,failure,70,99,FAILURE,62.68430333333333,1.5499531688588384,59.5751,66.559,0.04498912124582714,2.9100000000000006,0.3830517406304271,2.3231,3.6293,0.0396321245828698,1681.642943333333,28.510405078306448,1625.7162,1742.5414,-2.0584107452725524
motor-0111,failure,80,109,FAILURE,63.351483333333334,2.0731967108925184,59.5751,67.2239,0.14149604004449212,3.0601833333333337,0.2556714038022677,2.6292,3.6293,0.004100889877641766,1664.5711199999998,30.68237584468103,1620.6573,1742.5414,-2.582304738598495
motor-0111,failure,90,119,FAILURE,65.01952,1.9365168246794724,61.5517,68.6801,0.12178353726362524,3.2479833333333326,0.26587610784390203,2.6474,3.6766,0.006964827586206776,1658.2667333333338,26.25073926918799,1618.1308,1708.8052,0.9361036707452273
motor-0111,failure,100,129,FAILURE,67.08741333333333,2.6301073961257844,61.8391,73.3695,0.229660200222468,3.309726666666667,0.3387769747521549,2.6474,3.9471,0.03168213570634027,1636.4137233333333,43.10358291638629,1558.4762,1708.8052,-2.5412689877642145
motor-0111,failure,110,139,FAILURE,68.83973666666665,2.100068838630984,64.0929,73.3695,0.16407864293659472,3.6502600000000003,0.3403152867562666,3.048,4.2561,0.029974860956618422,1612.4409566666666,51.64953098928508,1541.4859,1708.8052,-4.582343781980019
motor-0111,failure,120,149,FAILURE,69.88892666666666,1.5082342832892017,67.349,73.5549,0.016190389321467075,3.9472366666666665,0.4343145852822455,3.048,4.7907,0.04619050055617346,1580.131806666667,26.631041037868236,1535.1141,1647.084,-1.0308621134594271
motor-0111,failure,130,159,FAILURE,70.53584000000001,1.7208783115219597,67.5403,74.0398,0.10159368186874229,4.331746666666666,0.3826979441921381,3.3694,5.1431,0.03938838709677414,1562.4310833333334,31.042808778213374,1489.6799,1620.0246,-1.9778543047831425
motor-0111,failure,140,169,FAILURE,70.65290333333334,1.662651285845058,67.5403,74.0398,0.048553081201333885,4.468956666666666,0.2799218446677969,3.9667,5.1431,0.0021727919911011333,1548.3394199999998,32.947811271791615,1489.6799,1620.0246,-2.7593371746385333
motor-0111,failure,150,179,FAILURE,73.10054999999998,3.210621086409918,68.9952,79.5493,0.24237759733036593,4.4537466666666665,0.3115365315478891,3.7768,5.1431,-0.01442598442714135,1523.7769566666664,24.24978658153074,1484.0436,1580.5953,-1.741697641824296
motor-0111,failure,160,189,FAILURE,73.86160000000001,3.1381385906298025,68.9952,79.5493,0.16408703003336897,4.498080000000001,0.3409631675122696,3.7768,5.1585,0.020762091212458214,1503.4458700000002,26.12924582997819,1442.7663,1552.1189,-2.521685806451649
motor-0112,healthy,0,29,NORMAL,53.51160333333334,1.293280694328274,50.115,55.3552,-0.10889288097886539,1.5504666666666667,0.12013119309969231,1.3831,1.7871,-0.0034401334816463315,1793.2060566666662,14.120164516361799,1770.3212,1840.208,-0.9066737041157504
motor-0112,healthy,10,39,NORMAL,53.641233333333325,1.430793162394745,50.115,55.9887,0.05994620689655044,1.5708933333333335,0.13810954573172063,1.3831,1.903,0.006872880978865369,1797.6803900000004,17.965364518546053,1770.3212,1840.1208,1.352657419354804
motor-0112,healthy,20,49,NORMAL,53.564466666666675,1.4854416416974745,50.115,56.022,0.05431955506117805,1.539086666666667,0.15257640869049477,1.2661,1.903,-0.004464827586206926,1799.4154066666665,16.726217843292865,1770.3212,1840.1208,0.13466522803113173
motor-0112,healthy,30,59,NORMAL,53.74672,1.3662211408113987,51.1507,56.022,-0.09291546162402776,1.4995033333333334,0.16341397835626617,1.2661,1.903,-0.012804338153503951,1805.7852066666667,15.831288620764752,1781.9843,1840.1208,-0.552222246941093
motor-0112,healthy,40,69,NORMAL,54.27164666666667,2.006978819309151,51.1507,58.2912,0.1525691212458275,1.57536,0.24756208998956203,1.2661,2.0068,0.022912302558398188,1804.1518666666666,13.9201803887338,1781.9843,1834.8046,0.9585576863180837
motor-0112,healthy,50,79,NORMAL,54.16260333333332,2.1620822848176298,51.1507,58.2912,0.019738976640710885,1.5869099999999998,0.23893053432605332,1.2776,2.0068,0.0030472302558398087,1807.581263333333,12.246301767621755,1785.9545,1834.8046,-0.20545225806455775
motor-0112,healthy,60,89,NORMAL,54.490526666666675,1.996059238588764,51.4597,58.2912,-0.11981686318131371,1.651656666666667,0.20812127343343725,1.3771,2.0068,-0.012702402669632967,1806.7809266666668,12.987949256520665,1781.9624,1830.5862,-0.2923472302558563
motor-0112,healthy,70,99,NORMAL,54.25251,1.694790187673193,51.4597,57.1787,0.11667032258064396,1.5588766666666665,0.12834978686732942,1.3664,1.7888,0.007791746384872061,1799.7759433333329,13.933161105618568,1771.7991,1822.5737,-0.27182404894330164
motor-0112,healthy,80,109,NORMAL,54.11617,1.6360642550849491,50.9627,57.1787,-0.047153036707453716,1.5360533333333335,0.14996195013698937,1.2357,1.7888,-0.009815617352614032,1797.8488433333334,13.959402960840482,1771.7991,1822.5737,-0.327828854282558
motor-0112,healthy,90,119,NORMAL,54.40459666666668,1.8002302357352953,50.9627,57.2107,-0.048722869855396256,1.4738366666666667,0.1445694423298214,1.2357,1.7711,-0.010877308120133537,1798.22912,13.538067329851783,1771.7991,1826.0674,0.5678929922135356
motor-0112,healthy,100,129,NORMAL,54.24420666666666,1.7071331422267246,50.9627,57.2107,0.11699919911012215,1.49866,0.16867774917477013,1.2357,1.8272,0.014700289210233562,1802.1746099999996,11.182682919328151,1779.4216,1826.0674,0.4668443826473771
motor-0112,healthy,110,139,NORMAL,54.46104,1.462267253867546,52.1243,57.2107,-0.05024756395995694,1.5573166666666667,0.15495381050135196,1.2982,1.8272,0.008490611790878736,1804.2073466666666,11.943206875088283,1774.3841,1826.0674,0.04186972191318064
motor-0112,healthy,120,149,NORMAL,55.083310000000004,1.5452905984204615,52.1243,57.5664,0.043337463848719913,1.6289333333333331,0.109388729868402,1.4116,1.8272,-0.0027628921023359876,1811.35755,14.89674116838423,1774.3841,1838.3116,1.0064467853169896
motor-0112,healthy,130,159,NORMAL,55.11139666666666,1.5856322231176092,52.1243,57.5664,0.08703517241379123,1.5368366666666669,0.13798883646472598,1.1246,1.723,-0.006867875417130188,1809.2021766666667,16.642231114160218,1774.3841,1838.3116,-0.22078560622916216
motor-0112,healthy,140,169,NORMAL,54.99712666666666,1.7073869373857689,52.2772,57.5664,-0.1521503448275882,1.4839966666666666,0.1491747084983093,1.1246,1.7165,-0.011120022246941093,1805.9782433333328,17.981201295588,1768.5499,1838.3116,-1.5912881201335027
motor-0112,healthy,150,179,NORMAL,54.66509,1.4610447196783536,52.2772,56.7686,0.005016262513903204,1.5292633333333328,0.20621854828204847,1.1246,1.9833,0.013468498331479417,1798.6501666666666,11.373525966422589,1768.5499,1819.2751,0.26529521690762387
motor-0112,healthy,160,189,NORMAL,54.34864000000001,1.3008126684499959,52.2772,56.6539,0.07449935483870908,1.6044033333333334,0.19370180085780192,1.2133,1.9833,0.0094563070077864,1792.5523566666666,15.956817877001301,1757.1737,1813.6584,-0.3291878309233059
motor-0113,failure,0,29,DEGRADATION,56.24607333333333,0.8676102296666538,54.7965,58.3357,-0.007082758620690799,1.4807699999999997,0.21207399204051403,1.1284,1.9262,-0.002004916573971113,1816.6760833333333,20.299678766671562,1775.0112,1851.7284,0.24977225806448738
motor-0113,failure,10,39,DEGRADATION,57.219306666666654,1.7328340687889183,54.7965,61.3049,0.09686576195772979,1.5987699999999998,0.2970618691451328,1.1284,2.1828,0.026323848720800846,1802.56553,27.149576648033264,1744.0787,1851.7284,-0.6898307230256392
motor-0113,failure,20,49,DEGRADATION,58.32576666666668,2.2523637085416635,54.7965,61.5071,0.21880284760845287,1.7967866666666665,0.2605570733810328,1.2504,2.2844,0.021550923248053393,1782.5203133333332,44.153831366483026,1706.0712,1851.7284,-4.463156218020061
motor-0113,failure,30,59,DEGRADATION,60.052569999999996,1.6047905942624825,56.3725,62.4049,0.12291913236929729,2.0659766666666664,0.26258067799355606,1.6819,2.8518,0.01890965517241377,1749.2423066666665,30.434985390554854,1706.0712,1825.7341,-2.3734516573971547
motor-0113,failure,40,69,FAILURE,60.648616666666676,1.0457884920267362,58.2967,62.5924,0.017425695216905967,2.3126499999999997,0.40767799773023483,1.6819,3.2145,0.030642780867630674,1713.2774766666669,32.770324309987984,1640.7454,1755.4259,-2.5859181979978034
motor-0113,failure,50,79,FAILURE,61.07516000000001,1.059234532921455,58.9653,63.0117,0.04262847608453715,2.4737066666666663,0.32405457558188494,1.9669,3.2145,0.004497308120133406,1689.331813333333,39.74452470726613,1603.0381,1755.4259,-2.963366585094601
motor-0113,failure,60,89,FAILURE,62.144996666666664,2.0561408023257766,59.2814,67.2481,0.1786321468298099,2.8044299999999995,0.4648035076961733,1.9669,3.7868,0.02495308120133477,1670.5593999999999,28.689346471945505,1603.0381,1722.406,-0.05714424916576176
motor-0113,failure,70,99,FAILURE,64.45579,2.78368033537737,60.196,68.6724,0.2826187541712999,3.145436666666666,0.5903000025316694,1.9669,4.1155,0.056046562847608436,1650.4454133333334,39.39675925123565,1574.1248,1710.7945,-2.0843510122358513
motor-0113,failure,80,109,FAILURE,66.06496666666665,2.020455025043176,60.196,68.6724,0.11273050055617026,3.6069233333333335,0.3853359527160106,2.8394,4.4591,0.02591979977753051,1635.3651299999997,37.61079565358108,1574.1248,1704.9387,-3.113382803114611
motor-0113,failure,90,119,FAILURE,68.27292000000001,2.3307662064079557,64.6177,75.4696,0.15870046718576034,3.7775499999999997,0.28726539732449496,3.1233,4.4591,0.006411501668520459,1615.5568033333332,22.375999866888378,1574.1248,1672.2113,-0.3734486540600778
motor-0113,failure,100,129,FAILURE,70.25441666666667,3.305307349711303,64.6177,75.9324,0.33499948832035503,3.9717733333333336,0.3548723488179314,3.29,4.6816,0.026253214682981033,1593.841536666667,40.85603896442144,1501.5812,1647.519,-3.4811623804227296
motor-0113,failure,110,139,FAILURE,72.27177666666667,1.9542052948591555,68.7537,75.9324,0.11380985539488159,4.188236666666667,0.35511212828563815,3.6027,4.7315,0.03150155728587317,1566.2533133333336,44.54302438262534,1501.5812,1634.2209,-4.145547185761996
motor-0113,failure,120,149,FAILURE,73.63145666666668,1.5442222758146646,70.5389,76.737,0.08470627363737337,4.622623333333334,0.4331892501615842,3.7536,5.5768,0.03860077864293647,1520.8320899999999,43.146679399866905,1434.7253,1614.5101,-3.907679488320382
motor-0114,failure,0,29,NORMAL,54.74949,0.9383980052372942,53.01,57.0117,-0.05798284760845439,1.5342166666666666,0.2696829571717295,1.0249,2.0444,-0.019381824249165767,1809.8819933333334,23.132783792933846,1777.888,1849.8506,-1.4900630478309749
motor-0114,failure,10,39,DEGRADATION,55.239230000000006,1.2804861819246627,53.01,57.2568,0.04375014460511451,1.51268,0.24254285449517302,1.0249,1.9102,0.015934149054504982,1804.0736533333336,16.184600323614898,1777.888,1829.6916,1.1897862513903767
motor-0114,failure,20,49,DEGRADATION,54.977133333333335,1.467548138070965,53.01,57.6757,0.02839515016685015,1.5561933333333333,0.23735667806535846,1.0249,1.9102,0.014918353726362594,1801.62008,21.538510752485504,1756.2069,1840.1545,-0.6276003559511236
motor-0114,failure,30,59,DEGRADATION,55.45862666666666,1.6997349887425266,52.5208,58.5037,-0.038796351501669886,1.815976666666667,0.2641947131483815,1.3956,2.4125,0.01823116796440486,1795.3286266666664,23.482429614358235,1756.2069,1840.1545,-2.0748512569522077
motor-0114,failure,40,69,DEGRADATION,56.25156000000001,2.389003275650049,52.5208,60.0846,0.1991864738598434,2.017723333333333,0.36739076080138733,1.3956,2.7754,0.03555081201334814,1778.456193333333,18.624885373981673,1747.858,1840.1545,-1.1792359510567838
motor-0114,failure,50,79,DEGRADATION,57.16348,2.1662098660102163,52.5208,60.0846,0.10464783092324638,2.19419,0.21403714841120453,1.7634,2.7754,0.002596551724137874,1761.48494,21.659642886816048,1714.6743,1794.1511,-2.030767030033394
motor-0114,failure,60,89,DEGRADATION,58.19366333333333,1.5126044839907389,54.5008,61.9872,-0.02316331479421675,2.2542200000000006,0.1689156898179286,1.9214,2.7754,-0.0029092769744160883,1752.0927999999997,19.089384219682596,1714.6743,1792.6724,-0.7676723470523414
motor-0114,failure,70,99,DEGRADATION,58.91560666666667,2.0772278199455054,54.5008,62.4761,0.15954024471634964,2.3606499999999997,0.27491088586424994,1.9214,2.9687,0.028076462736373715,1738.5999933333335,21.316803109080155,1694.0714,1780.4241,-0.5195684983314917
motor-0114,failure,80,109,FAILURE,59.90220000000001,1.738891959457708,56.0022,62.4761,0.09263212458286782,2.48831,0.21501718280174725,2.1174,2.9687,0.011494393770856447,1733.89974,23.630222545779528,1691.0198,1780.4241,-1.4904260289210647
motor-0114,failure,90,119,FAILURE,61.05103333333332,1.711693601735492,57.7989,64.7539,0.04880734149054351,2.690886666666666,0.23425492486225816,2.1174,3.1087,0.011169388209121188,1713.072883333333,32.53485865895311,1626.0102,1765.9311,-1.880351612903242
motor-0114,failure,100,129,FAILURE,61.42873333333334,2.245387432839944,57.7989,66.43,0.08350246941045447,2.816849999999999,0.27897897142974776,2.1174,3.2589,0.02667098998887647,1686.7184766666664,40.96118486555846,1603.0868,1749.5828,-3.361599354838731
motor-0114,failure,110,139,FAILURE,61.93735,2.1344479645019847,57.7989,66.43,0.018315973303670217,3.031619999999999,0.23854512836498395,2.5409,3.5837,0.015610901001112275,1676.5258833333332,35.68560929917533,1603.0868,1749.5828,0.14228380422686468
motor-0114,failure,120,149,FAILURE,62.639636666666675,2.0333671756445972,59.2048,66.43,0.07453919911012058,3.1009499999999997,0.22139574634576883,2.7203,3.5837,0.004171946607341444,1667.1429233333333,32.64010503752177,1603.0868,1735.1287,0.16499241379307536
motor-0114,failure,130,159,FAILURE,63.21011,1.895899623986811,59.2048,66.2999,0.07976949944382399,3.1385666666666663,0.24608217507346788,2.7203,3.5837,0.004152525027808596,1660.0239533333333,35.91700582127944,1593.5221,1735.1287,-2.9489230700779028
motor-0114,failure,140,169,FAILURE,64.81100333333333,2.0294385465744513,60.4423,68.833,0.11267250278086657,3.2706366666666664,0.2726727274998771,2.7203,3.7404,0.01970858731924351,1651.0349133333332,28.489534110449895,1593.5221,1696.696,0.1402727030032975
motor-0114,failure,150,179,FAILURE,66.29592666666666,2.4827553168383085,60.4423,71.1332,0.18801330367074487,3.5072599999999996,0.33229435705911914,2.819,4.2629,0.03156823136818678,1644.3013099999998,30.336535185024566,1588.0191,1697.4754,0.26247334816456674
motor-0114,failure,160,189,FAILURE,67.67000666666667,1.6669068632116852,64.9169,71.1332,0.05238558398220076,3.8184766666666676,0.33305391123493644,3.3026,4.6659,0.025725539488320334,1631.00249,41.52463440650101,1556.864,1697.4754,-3.7525258064516613
motor-0114,failure,170,199,FAILURE,67.88945666666665,1.9842972908451884,62.4894,71.1332,-0.019709254727476328,4.01243,0.29850829932627787,3.3404,4.6659,0.014623959955505982,1607.9024266666668,38.165286870889496,1554.1315,1697.4754,-2.2000745272525517
motor-0114,failure,180,209,FAILURE,68.92964,2.5848297619765983,62.4894,73.8764,0.17768978865405777,4.15674,0.27401769602223386,3.6395,4.6693,0.006984160177975415,1597.1518666666668,30.026298312549656,1539.0235,1664.703,0.6954790211345562
motor-0114,failure,190,219,FAILURE,69.52685666666667,2.583100302567096,62.4894,73.8764,0.12711695216907515,4.2745266666666675,0.25859634043986185,3.6395,4.6693,0.018116929922135618,1579.154293333333,44.29802462584482,1494.0181,1664.703,-2.530499087875423
motor-0114,failure,200,229,FAILURE,71.02629666666667,2.2090578256326587,67.5659,76.204,0.03342155728587083,4.577933333333333,0.41154180940566515,3.8757,5.5812,0.03968088987764172,1559.2863633333334,43.273105197674305,1494.0181,1645.0918,-3.3250885650723467
motor-0114,failure,210,239,FAILURE,71.39870666666667,2.3359658429199874,67.5659,76.204,0.13084391546162355,4.905863333333333,0.44751783538635515,4.2164,5.8899,0.03451254727474968,1529.2186700000004,22.70825908063921,1490.4807,1572.5119,-0.5054684093437718
motor-0114,failure,220,249,FAILURE,72.27742666666667,1.91395602107839,68.0334,76.204,0.06806731924360235,5.035856666666666,0.3933191568207965,4.2928,5.8899,-0.0036636929922136303,1522.7933933333336,20.770855490533425,1481.86,1558.7309,-0.8554170411568832
motor-0115,degrading,0,29,NORMAL,56.45964,0.9264805421953916,54.4165,58.1832,-0.05728413793103519,1.5799366666666663,0.12612826403661032,1.3549,1.8756,-0.011345116796440518,1790.5685566666673,28.469641860078294,1749.6338,1843.118,-2.1651384427141807
motor-0115,degrading,10,39,NORMAL,56.79778666666667,1.3009972576792352,54.4165,59.7017,0.08471216907675032,1.6305200000000002,0.20027200569891607,1.3549,2.1176,0.011488631813125663,1777.3451633333336,17.238274055184746,1749.6338,1814.9361,-0.155698576195822
motor-0115,degrading,20,49,NORMAL,56.96383000000001,1.1837905009333372,54.4165,59.7017,0.03752260289210083,1.5897199999999998,0.2468997494260913,1.1963,2.1176,-0.00012088987764186917,1769.39819,16.770141004582126,1747.5202,1807.0408,-0.6007275417130683
motor-0115,degrading,30,59,NORMAL,57.148003333333335,1.029321497713691,55.3886,59.7017,-0.07373897664071313,1.5871766666666665,0.2561002390775056,1.1963,2.1176,-0.016371590656284817,1776.8597166666666,20.726608541664245,1747.5202,1824.1827,0.46705167964401384
motor-0115,degrading,40,69,DEGRADATION,57.295989999999996,1.2912918963451554,55.3886,59.7327,0.08836157953281315,1.6335066666666669,0.3002217901633539,1.1963,2.2757,0.021192124582869818,1778.3749533333332,21.66514062207973,1747.5202,1824.1827,1.2550671857618916
motor-0115,degrading,50,79,DEGRADATION,57.52453,1.254943839155097,55.52,59.7327,0.05514738598442588,1.69796,0.25690059504277785,1.2765,2.2757,0.010001735261401542,1772.5355866666664,30.14038749010739,1714.1784,1824.1827,-2.5142596662959216
motor-0115,degrading,60,89,DEGRADATION,58.143620000000006,1.3276764626971442,55.7146,60.2629,0.019448631813124655,1.8791033333333333,0.22742214416269044,1.4553,2.2757,0.0024519911012235757,1762.4303033333333,26.426315993828116,1714.1784,1813.0658,-1.3070568409343948
motor-0115,degrading,70,99,DEGRADATION,58.44653666666667,1.4175875381514274,55.7146,60.5782,0.11026075639599366,1.91084,0.2753744221963979,1.4553,2.4316,0.016585005561735235,1753.9783699999998,21.380221581251995,1714.1784,1794.9976,0.6824372191323088
motor-0115,degrading,80,109,DEGRADATION,58.42755666666667,1.4281748190571384,55.7146,60.5782,-0.02629550611790947,1.9477066666666663,0.2573333116580302,1.3972,2.4316,-0.00945459399332593,1754.3921966666667,19.280469253945085,1723.9587,1794.9976,-0.8641552169076774
motor-0115,degrading,90,119,DEGRADATION,58.875386666666664,1.5403258674131988,56.2434,61.5589,0.029465228031144364,1.97767,0.2564995986351636,1.3972,2.4316,2.6006674082264472e-05,1755.3927933333332,22.220554051027204,1723.9587,1795.9578,-0.14204008898780984
motor-0115,degrading,100,129,DEGRADATION,59.13369,1.627888507105652,56.2434,61.5589,0.1503683870967731,2.035926666666667,0.2556459869081113,1.3972,2.4354,0.024001379310344795,1746.8079499999997,22.104053152091808,1711.0037,1795.9578,-0.4269294104560843
motor-0115,degrading,110,139,DEGRADATION,59.29394333333333,1.38902243938758,56.7362,61.5589,-0.0684114126807577,2.190563333333333,0.15478703968858493,1.7733,2.4354,0.009103559510567261,1743.944466666667,22.21034035259753,1711.0037,1795.9578,-1.7737495439377662
motor-0115,degrading,120,149,DEGRADATION,59.67148,1.4821435136090344,57.2811,62.4571,0.03461793103448248,2.2767,0.12537158901973502,2.0254,2.5296,0.004563515016685163,1737.0495566666664,12.816251588996494,1711.0037,1773.7013,0.3688334371523457
motor-0115,degrading,130,159,DEGRADATION,60.177036666666666,1.9692463083598482,57.2811,63.1941,0.18060901001112206,2.2214866666666664,0.15435244460505176,1.8153,2.5296,-0.007627185761957805,1725.2659066666665,22.495194942741765,1686.8729,1773.7013,-1.6011915906563137
motor-0115,degrading,140,169,DEGRADATION,61.01857,1.2550277152716591,58.3617,63.1941,-0.007168120133483672,2.284256666666667,0.1993715470895707,1.8153,2.6517,0.0046464738598442305,1725.8096500000004,23.47294240778447,1686.8729,1773.7013,-0.4123728364850352
motor-0115,degrading,150,179,DEGRADATION,61.45275333333334,1.2714423590902142,58.3617,63.6825,0.021730989988873975,2.3815633333333333,0.2656411056084674,1.8153,2.8514,0.026437085650723023,1717.2817633333332,25.498213832037788,1679.7999,1775.4401,0.6285844048943169
motor-0115,degrading,160,189,DEGRADATION,61.414406666666665,1.4069635273484844,58.3617,64.1687,0.05266460511679511,2.4376566666666672,0.20363328097887692,2.1072,2.8514,-0.006737419354838744,1717.2083766666667,26.24488625682705,1672.4899,1775.4401,-1.6011719021134907
motor-0115,degrading,170,199,DEGRADATION,61.42620333333333,1.3703700737351534,59.4993,64.1687,-0.08897239154616342,2.4295500000000003,0.21451032725722088,2.0081,2.8514,-0.008839443826473961,1709.135796666667,22.53063616411343,1672.4899,1775.4401,-0.5943170856507561
motor-0115,degrading,180,209,DEGRADATION,62.0948,2.094635302544734,59.4993,66.3835,0.08736689655172346,2.4186166666666664,0.20109072261599292,2.0081,2.7098,0.01687490545050051,1708.2092833333331,18.843872351440623,1672.4899,1743.5457,0.583862758620652
motor-0115,degrading,190,219,DEGRADATION,62.427253333333326,1.8589058150308633,59.5414,66.3835,0.09648266963292326,2.4924666666666666,0.16441918244400666,2.0081,2.7098,0.004704916573970989,1703.0154366666663,23.202469370830375,1653.3293,1743.5457,-1.299072591768665
motor-0115,degrading,200,229,DEGRADATION,63.00491999999999,1.3236444405252243,61.4575,66.3835,-0.0973375305895454,2.5951333333333344,0.14353833014990183,2.2759,2.8709,0.00390505005561731,1700.9557233333333,22.552689603543698,1653.3293,1743.5457,-0.6755505005561931
motor-0115,degrading,210,239,DEGRADATION,63.203956666666656,1.2898211167143376,61.4575,66.3769,0.09127717463848602,2.6214033333333333,0.15475050992556444,2.2759,2.8709,0.008525406006673992,1694.0528133333332,15.83560369900127,1653.3293,1714.8371,0.7154120133481434
motor-0116,failure,0,29,DEGRADATION,54.56347000000002,0.7563672988480309,53.2601,56.4844,-0.016910055617354317,1.5189799999999996,0.21839116801433767,1.1532,1.9063,-0.004395684093437159,1780.6673666666668,22.791590219849827,1735.7125,1823.5352,-1.6169590211346423
motor-0116,failure,10,39,DEGRADATION,55.49843666666666,1.8430228465726868,53.2601,59.2169,0.15952589543937556,1.6729800000000004,0.31257688270248013,1.1532,2.2626,0.019794082313681852,1766.9155333333333,18.79530768752902,1719.0172,1805.7024,-0.5404789766407287
motor-0116,failure,20,49,DEGRADATION,56.77694333333333,1.941151482442545,53.5994,59.2169,0.18647423804226798,1.8739733333333333,0.34442259791650653,1.1532,2.3598,0.03240449388209119,1740.6363,35.37277021199593,1668.9281,1789.8265,-3.0703264961068273
motor-0116,failure,30,59,FAILURE,58.04188000000001,1.1785756673205168,55.2532,60.3843,0.04249628476084514,2.1874,0.2136000202871401,1.8101,2.8179,0.017821357063403775,1715.37506,37.94070756525763,1666.249,1789.8265,-3.7126152169077176
motor-0116,failure,40,69,FAILURE,59.00535666666666,1.9011213413287325,55.9614,64.1349,0.1265867185761943,2.408786666666667,0.28736376219388243,1.9397,3.0625,0.0276357730812013,1691.3484866666665,16.591490575326723,1664.2504,1726.5253,-0.5217919466073748
motor-0116,failure,50,79,FAILURE,60.15600666666667,2.2973851882714165,55.9614,65.6919,0.1959433592880961,2.66988,0.2973652909582197,2.1695,3.1867,0.027040311457174573,1673.6839099999997,27.36927888875104,1621.8185,1726.5253,-2.0472497664071554
motor-0116,failure,60,89,FAILURE,62.45162000000001,2.616011948163336,55.9614,67.0029,0.2289956395995542,3.0323633333333335,0.49031961581763744,2.3896,4.2605,0.041882202447163466,1663.5539033333334,33.7699261069025,1596.1207,1726.5253,-2.078949877641849
motor-0116,failure,70,99,FAILURE,65.59922666666667,3.875144463623976,59.9123,72.7427,0.3817281423804218,3.292753333333334,0.47181969489296316,2.4062,4.2605,0.02922113459399329,1627.8427900000002,49.73119321717071,1523.3765,1706.9496,-3.675547741935516
motor-0116,failure,80,109,FAILURE,67.38328666666668,2.852299209963,63.2601,72.7427,0.06170954393770722,3.5558366666666665,0.4283717439197979,2.4062,4.2605,0.017609276974415913,1603.818876666667,53.27533008933673,1523.3765,1706.9496,-4.6702282758620965
motor-0116,failure,90,119,FAILURE,68.54103,2.468880974064971,63.6415,72.7427,-0.06258978865406205,3.9059266666666663,0.5312832163315114,3.0101,4.9009,0.04472751946607336,1571.296406666667,34.45621992314239,1515.6402,1666.8426,-1.5458375528365096
motor-0116,failure,100,129,FAILURE,68.46432999999999,2.2388560476502284,63.6415,73.4865,0.13608674082313618,4.262003333333333,0.4788300926796013,3.2156,5.0552,0.03979494994438264,1551.15066,44.05745646626005,1443.6552,1603.4641,-2.761902246941105
motor-0116,failure,110,139,FAILURE,69.98769666666665,2.448761978154585,65.7617,76.066,0.19571094549499315,4.65983,0.3352086545720441,4.085,5.2871,0.020695595105672853,1524.4720500000003,52.67756594868921,1434.7368,1603.4641,-3.2063985094549854
motor-0117,degrading,0,29,NORMAL,55.90846333333333,2.3531242394574545,52.5858,61.3099,-0.1452890100111249,1.4974366666666665,0.20704276769681082,1.2402,2.087,-0.005872458286985578,1800.7859566666668,18.568951040947987,1761.1986,1834.1945,-0.4683723025584444
motor-0117,degrading,10,39,NORMAL,55.648349999999986,2.276341101526746,52.5858,61.3099,-0.11124531701891076,1.4755266666666667,0.19002548589304777,1.2481,2.087,-0.006894860956618508,1802.10401,23.19348943912709,1761.1986,1854.7509,1.5482712124582343
motor-0117,degrading,20,49,NORMAL,54.74727666666667,1.5427841628439871,52.5858,57.5679,0.07720282536151164,1.3282633333333334,0.18578325091951164,0.9472,1.6539,-0.011640467185761985,1807.7085433333334,20.284358487295627,1761.1986,1854.7509,-0.05940077864297848
motor-0117,degrading,30,59,DEGRADATION,55.52207,1.426614582651297,53.085,58.8271,0.009799443826473025,1.2946433333333336,0.19051603026750502,0.9472,1.6676,-0.007164560622914384,1809.6571266666665,16.50732800407004,1784.6492,1854.7509,-0.9118277196885665
motor-0117,degrading,40,69,DEGRADATION,56.43675666666665,1.9798802141684118,53.085,59.7142,0.12728834260289087,1.3999166666666667,0.3202962265188621,0.9472,2.009,0.02677906562847606,1792.28864,21.171511033187958,1742.3524,1820.3427,-1.738133837597374
motor-0117,degrading,50,79,DEGRADATION,57.18499666666667,1.638744523811513,54.172,59.7142,0.09049951056729531,1.5051333333333332,0.2581586196292676,1.066,2.009,0.00740298109010007,1780.4331633333338,23.38144366649876,1742.3524,1820.3427,-2.057535995550629
motor-0117,degrading,60,89,DEGRADATION,57.874583333333334,0.926997729261272,56.3003,59.7142,-0.035721357063405346,1.6320499999999998,0.1934216564055501,1.2397,2.009,-0.005082691879866547,1771.9059633333334,16.13592803021636,1742.3524,1799.9994,0.5146224026695917
motor-0117,degrading,70,99,DEGRADATION,58.426346666666674,1.4312248723228491,56.3003,61.8173,0.11680983314794186,1.6180900000000003,0.15500655115187875,1.2397,1.8445,0.014571234705228028,1766.2477666666668,19.26821644299808,1725.9484,1799.9994,-0.6747257842047002
motor-0117,degrading,80,109,DEGRADATION,58.60987,1.3424908819429653,56.3003,61.8173,0.02810707452725146,1.7302833333333334,0.12431058706142271,1.5254,2.0532,0.00436976640711897,1758.4262166666665,23.016003069604754,1725.2981,1799.9994,-1.5773832480534133
motor-0117,degrading,90,119,DEGRADATION,59.119826666666675,1.2851258825327412,57.0359,61.8173,-0.03563110122358325,1.8391599999999997,0.19138507360815785,1.5254,2.253,0.01037575083426024,1756.92898,23.22272985353503,1725.2981,1807.0197,1.1365524805338882
motor-0117,degrading,100,129,DEGRADATION,58.865626666666664,1.0179021272314066,57.0359,60.6043,0.059490233592880436,1.8836466666666665,0.1912373302702401,1.5254,2.253,0.0019974638487207583,1749.2317066666667,25.94823801450282,1710.5902,1807.0197,-0.6326573971079213
motor-0117,degrading,110,139,DEGRADATION,58.78661666666667,1.070379765342916,56.6268,60.6043,-0.06009590656284827,1.9744466666666665,0.1813874944850266,1.671,2.2738,0.0037451390433814766,1747.9641066666666,25.556020670492142,1710.5902,1807.0197,-1.7698475194661152
motor-0117,degrading,120,149,DEGRADATION,59.00073666666667,1.1047295169658298,56.6268,61.5106,0.03641083426028837,2.0676566666666663,0.2150899248893097,1.6823,2.357,0.019413236929922088,1738.6116500000003,14.838210050626037,1710.5902,1763.8793,0.8590436707452256
motor-0117,degrading,130,159,DEGRADATION,59.21636666666666,1.4036154588142091,56.6268,61.5106,0.0892360845383749,2.0696499999999998,0.20838194699477525,1.6842,2.357,-0.007339555061179153,1724.38172,29.979488376681815,1677.137,1763.8793,-2.3722490767520057
motor-0117,degrading,140,169,DEGRADATION,59.43735000000001,1.3342279951967229,56.4465,61.5106,-0.05604135706340423,2.0588466666666667,0.19853469005580754,1.6842,2.357,-0.011134994438264779,1721.4252866666668,30.46066252353171,1677.137,1767.0516,-0.7223674304783393
motor-0117,degrading,150,179,DEGRADATION,59.793056666666665,1.5513386354335694,56.4465,62.1436,0.049398375973302606,2.1411766666666665,0.3099013527810996,1.6842,2.7401,0.031245761957730815,1711.1115666666665,30.17552908678746,1674.9042,1773.1065,1.2874226028920444
motor-0117,degrading,160,189,DEGRADATION,59.853126666666654,1.460116801933629,56.4465,62.1436,0.08524440489432551,2.264096666666667,0.24986657303893658,1.9027,2.7401,0.009813192436040001,1713.43353,28.456914625285144,1674.9042,1773.1065,-1.8067174860957094
motor-0117,degrading,170,199,DEGRADATION,59.97843666666667,1.2912684785340172,57.4857,62.1436,-0.08604291434927819,2.377866666666667,0.21787755939721945,2.039,2.8365,-0.005057263626251449,1703.1102500000002,28.02416846743481,1659.9519,1773.1065,-0.9249601557286387
motor-0118,failure,0,29,DEGRADATION,55.269283333333334,0.9645045439959776,53.5584,56.9464,-0.07063063403782091,1.6218166666666671,0.13773955394955445,1.2781,1.8657,-0.00767005561735266,1789.8163600000003,14.64060667578589,1765.0571,1822.3279,-0.7698701668520762
motor-0118,failure,10,39,DEGRADATION,55.99561333333333,1.8187864440762567,53.5584,59.6551,0.10417067853170076,1.6831666666666665,0.2112078902145677,1.2781,2.187,0.014243870967741913,1783.6042000000002,12.542486582518903,1753.2759,1811.4535,-0.29714972191329897
motor-0118,failure,20,49,DEGRADATION,56.724380000000004,2.0745232571043077,53.5584,59.6551,0.1926677196885413,1.8780566666666665,0.3137205547227589,1.2781,2.3149,0.033115350389321466,1766.4364666666668,24.597254053333334,1719.5552,1811.4535,-1.8966841379310675
motor-0118,failure,30,59,DEGRADATION,57.82117333333334,1.165435056372607,54.9642,59.6551,-0.0018926362625143868,2.137293333333333,0.20409342131049257,1.7205,2.4141,0.01964431590656279,1740.60922,36.41240773046462,1677.9906,1811.4535,-3.6836890322580644
motor-0118,failure,40,69,DEGRADATION,59.18412999999999,2.2788788394222865,55.8983,64.364,0.1947645606229129,2.491886666666667,0.34848091266077813,2.0637,3.2051,0.03374255839822022,1706.2565033333333,28.883564387329123,1651.4202,1774.1593,-2.847011813125719
motor-0118,failure,50,79,FAILURE,60.46986,2.42406885196495,55.8983,64.364,0.19652293659621678,2.6894599999999995,0.30350031696853297,2.1729,3.2051,0.023341312569521613,1690.2021833333333,22.4219859632472,1651.4202,1727.2267,-0.24996144605119938
motor-0118,failure,60,89,FAILURE,61.96843333333332,1.2600722096592538,60.0656,64.364,0.007717241379308621,2.906186666666666,0.16038357092365235,2.6491,3.2477,0.0013753058954392955,1676.6938433333332,24.330258325682752,1635.0405,1727.2267,-0.46170591768633684
motor-0118,failure,70,99,FAILURE,61.72084333333332,1.2973301180201673,59.2377,63.6554,-0.026402958843160584,3.057053333333333,0.30686080963343776,2.6491,3.7439,0.028456195773081176,1673.252176666667,31.10142617006153,1596.0489,1727.2267,-0.9917197997775559
motor-0118,failure,80,109,FAILURE,62.792973333333336,2.6253112026238385,59.2377,69.4347,0.1861665850945488,3.235423333333333,0.32718532432790376,2.6491,3.7904,0.018464582869855323,1627.6997199999998,58.56852739077761,1511.0419,1717.6696,-5.066292903225846
motor-0118,failure,90,119,FAILURE,64.52456,3.2936502257728195,59.2377,70.8824,0.28864956618464865,3.6014866666666667,0.427140171164247,2.7081,4.3679,0.030493170189098983,1618.7229666666667,58.76250698775727,1511.0419,1717.6696,-1.569352480534
motor-0118,failure,100,129,FAILURE,66.77487666666667,2.698301066805227,59.3848,71.3054,0.1499311012235811,3.8423166666666666,0.47500149970523486,2.7081,4.597,0.035486251390433786,1586.0476033333332,51.50115240933601,1511.0419,1684.8221,0.6004990211345719
motor-0118,failure,110,139,FAILURE,68.08490666666667,1.9383413166817536,64.325,71.5398,0.06807515016685022,4.112216666666667,0.26168516335899183,3.524,4.597,0.0059602892102335,1591.622823333333,48.20583625181142,1512.9511,1684.8221,-2.8601036929922485
motor-0118,failure,120,149,FAILURE,70.10451000000002,2.7835933558801287,64.4156,75.7326,0.23891864293659493,4.2621633333333335,0.26231555867356066,3.6142,4.6275,0.014535283648498255,1560.6083733333332,35.819743923046445,1489.2487,1650.0213,-1.979864694104599
motor-0118,failure,130,159,FAILURE,71.01087666666666,2.147773780093135,67.0712,75.7326,0.08382146829810731,4.38669,0.22331783530803503,3.975,4.7809,0.016196729699666235,1547.5483299999999,25.7634720002843,1489.2487,1599.3989,-1.9279985539488604
motor-0118,failure,140,169,FAILURE,72.70840666666666,1.9773735217763535,69.6199,76.3999,0.06279154616240178,4.72903,0.36707458837862,4.2315,5.5233,0.03224037819799761,1523.7269133333332,30.48020431146237,1447.8751,1572.131,-2.4018653170189657
motor-0119,failure,0,29,NORMAL,54.98218666666666,1.0363351342538227,53.0694,56.8769,-0.05227701890990153,1.49785,0.14745853145884777,1.1793,1.7397,-0.005701557285873251,1807.96368,23.12085945114498,1759.8955,1851.3433,-0.30701147942160123
motor-0119,failure,10,39,DEGRADATION,55.21938333333334,1.167495115502511,53.0694,56.9552,0.015733459399330452,1.5252133333333335,0.17289516425343487,1.1793,1.8602,0.0049073637374860675,1810.6830866666664,23.01571264388357,1759.8955,1838.022,1.6877558175750524
motor-0119,failure,20,49,DEGRADATION,55.34186999999999,1.2593089319543473,53.0694,58.2211,0.09826867630700616,1.5754766666666664,0.17786145672654569,1.1994,1.8602,0.014759132369299209,1812.9939266666665,21.465480059387346,1757.5104,1838.022,-1.2622310567297523
motor-0119,failure,30,59,DEGRADATION,56.27616333333333,0.964742668792507,54.5357,58.3591,0.04707196885428117,1.8483933333333333,0.3500360990272606,1.3032,2.7293,0.032087296996662906,1795.45121,31.327344938826723,1744.0863,1838.022,-3.233039310344846
motor-0119,failure,40,69,DEGRADATION,58.02926,2.433016069627709,54.5357,61.9583,0.2340987319243594,2.0709999999999997,0.3454736285159838,1.494,2.7293,0.03027030033370406,1768.2320066666668,27.413221984447993,1720.5536,1827.7691,-2.556766006674114
motor-0119,failure,50,79,DEGRADATION,59.36365000000001,1.997720915067968,55.7946,61.9583,0.1519336818687428,2.319196666666666,0.23513206995691216,1.7701,2.7644,0.013380756395995525,1744.3799533333333,22.868199747709834,1706.011,1783.4226,-1.9605345050055965
motor-0119,failure,60,89,DEGRADATION,60.54134333333332,0.9306780441102542,58.7657,62.2467,-0.026086651835374113,2.39265,0.15181854465117234,2.1688,2.7803,0.007712502780867623,1726.6321699999996,21.671865635844554,1692.3578,1781.118,-1.9387863626251831
motor-0119,failure,70,99,FAILURE,60.77683333333333,1.1535790798881347,58.7657,63.2476,0.08940520578420408,2.5707033333333333,0.23982895916789437,2.2344,3.1168,0.021017018909899852,1698.3597899999997,32.553303500437025,1606.592,1749.7172,-3.057436596218065
motor-0119,failure,80,109,FAILURE,60.405950000000004,1.7048778628296715,56.3641,63.2476,-0.0669866295884326,2.71825,0.2473975313134713,2.2344,3.1168,0.021471123470522747,1685.18413,32.60681839982907,1606.592,1729.8754,-1.3314159510567705
motor-0119,failure,90,119,FAILURE,60.58407333333334,1.7921372188783118,56.3641,63.2476,-0.048724271412682076,2.955329999999999,0.2342242033465656,2.5886,3.5148,0.015590901001112267,1678.6045066666668,28.99877140433058,1606.592,1729.8754,1.1087187096773976
motor-0119,failure,100,129,FAILURE,60.48395000000001,1.9633875828526572,56.3641,64.5123,0.13706436040044373,2.9755033333333336,0.24340470754600357,2.297,3.5148,-0.00027726362625142895,1665.2694299999998,37.4806543635171,1604.3442,1729.8754,-2.5948906117909063
motor-0119,failure,110,139,FAILURE,62.039583333333326,1.8521873503299344,59.0216,65.697,0.14733127919910893,3.0266266666666666,0.2852607251075564,2.297,3.5737,-0.003453882091212528,1636.73649,42.50026122002351,1553.2096,1712.389,-4.3122043381535144
motor-0119,failure,120,149,FAILURE,64.04213,2.6881746536947086,59.2735,69.9999,0.26257328142380226,3.1112500000000005,0.3533537894235748,2.297,3.7198,0.0255171746384871,1606.7330866666666,22.841421371545366,1553.2096,1659.0634,-1.1800703893215023
motor-0119,failure,130,159,FAILURE,65.49194333333334,2.043536330593503,61.2876,69.9999,0.09825555061178862,3.2829633333333335,0.3259349050381414,2.3508,3.7342,0.020598197997775212,1595.3750866666667,19.289482577503797,1553.2096,1659.0634,-0.43703577308123986
motor-0119,failure,140,169,FAILURE,66.79523999999999,2.0296729796693844,63.2185,71.0278,0.035920800889875724,3.5715333333333334,0.3293050352214831,2.9444,4.2598,0.02314740823136808,1599.19879,20.501046818107458,1557.7114,1659.0634,0.5466600444938112
motor-0119,failure,150,179,FAILURE,68.22402666666666,3.0343312937046862,63.2185,75.4603,0.25715617352613873,3.813076666666666,0.37829308627335795,3.1166,4.4459,0.03394996662958838,1591.38201,27.304439345319544,1527.7912,1632.0454,-0.6866713014460745
motor-0119,failure,160,189,FAILURE,70.40208666666668,2.9299200160565633,63.2185,75.4603,0.2666984204671842,4.10222,0.27016604819999124,3.5898,4.5481,0.01865045606229133,1567.2651966666665,45.99337602785487,1483.2627,1632.0454,-4.388445806451651
motor-0119,failure,170,199,FAILURE,72.01801666666665,2.132691232079528,66.7264,76.2493,0.11034791991101094,4.333089999999999,0.31059910318608464,3.7465,5.0989,0.0225782647385984,1560.7488100000003,47.050904267139934,1483.2627,1662.0895,0.4459825806451514
motor-0119,failure,180,209,FAILURE,72.44069,1.7830274068467566,68.1112,76.2493,0.025034771968851996,4.523460000000001,0.3035260346878557,3.9787,5.2198,0.02373784204671855,1550.0262233333335,50.11594593533203,1464.7228,1662.0895,0.9834321913236678
motor-0119,failure,190,219,FAILURE,72.72234000000002,1.9855088960767722,68.1112,76.2493,0.07032266963292336,4.807666666666667,0.3586784756420281,4.0599,5.6318,0.030118131256952122,1540.830183333333,58.71432882786555,1452.6686,1662.0895,-4.578096307007829
motor-0119,failure,200,229,FAILURE,72.52482333333333,1.888522424310132,69.3523,76.2751,-0.012531279199112611,4.953100000000001,0.3485578545951877,4.4038,5.6318,0.019585984427141184,1516.2563733333334,41.8288615187005,1452.6686,1600.2435,-1.4941759288098404
motor-0120,failure,0,29,DEGRADATION,55.33535,1.4243434269281177,52.9022,57.9264,-0.08600491657397255,1.43341,0.1463856649402529,1.195,1.7827,-0.0036376640711902357,1798.3875033333331,16.82040201274398,1760.3262,1833.2076,-1.4589335038932272
motor-0120,failure,10,39,DEGRADATION,56.12555333333333,2.259503977680844,52.9022,60.9777,0.12447933259176752,1.6013933333333337,0.29920087113658084,1.195,2.0968,0.022990300333704094,1789.813556666667,12.486055289473477,1760.3262,1817.675,-0.237223337041183
motor-0120,failure,20,49,DEGRADATION,57.23887333333334,2.558823713080333,52.9022,60.9777,0.25519652947719546,1.7859266666666664,0.3232370099821835,1.195,2.1831,0.02994927697441598,1769.9224299999998,27.824575152865027,1710.1063,1816.0669,-2.322198509454964
motor-0120,failure,30,59,DEGRADATION,59.398869999999995,1.442361831661297,55.6888,61.8163,0.12399717463848572,2.08554,0.2508012301936867,1.5748,2.647,0.016299443826473806,1754.813396666667,29.38445332684712,1710.1063,1816.0669,-2.5347780422692523
motor-0120,failure,40,69,FAILURE,60.693443333333335,1.4227068420639422,58.3659,63.8732,0.14644981090099932,2.2779700000000003,0.3129332837842596,1.5748,2.7941,0.025815817575083378,1724.2893666666666,25.82879856000966,1652.0437,1764.2541,-1.8240764849833626
motor-0120,failure,50,79,FAILURE,62.53222666666667,2.1385920644095626,59.6109,67.4863,0.18277864293659424,2.4423133333333333,0.2991953851396924,1.5748,3.0388,0.012757864293659592,1692.0197099999998,49.23870983588929,1573.837,1755.3075,-4.4244847385984745
motor-0120,failure,60,89,FAILURE,63.11092666666666,1.910746385740981,60.0274,67.4863,0.004853303670744025,2.79386,0.4500437264681437,2.0609,3.7126,0.03527888765294772,1676.64712,40.62769063375701,1573.837,1736.135,-0.7477264961068049
motor-0120,failure,70,99,FAILURE,64.4313,2.251449441137864,60.0274,68.2316,0.07709276974415841,3.0890633333333333,0.4906218064750984,2.0609,3.8043,0.041534527252502736,1663.6044333333336,35.287580327941,1573.837,1736.135,0.6703953726362459
motor-0120,failure,80,109,FAILURE,65.13668666666666,2.340900350254624,60.0274,68.2316,0.2215960845383737,3.408256666666667,0.258673616337053,2.9361,3.8043,0.01189136818687422,1647.5474933333333,47.472960855101064,1554.172,1736.135,-4.940823181312615
motor-0120,failure,90,119,FAILURE,66.81564666666667,1.3054055885007128,63.9053,69.8436,0.06471074527252346,3.6262200000000004,0.3324327133922493,2.9835,4.397,0.028565517241379304,1624.4140133333333,34.34242382639618,1554.172,1694.1513,-2.059625583982205
motor-0120,failure,100,129,FAILURE,68.19922333333332,2.076462845109978,63.9053,71.9061,0.15660509454949859,3.8249633333333333,0.34578247062118245,3.124,4.6594,0.031092080088987735,1585.5941933333334,38.866222447363675,1512.6974,1647.7419,-2.6077893659622067
motor-0120,failure,110,139,FAILURE,69.43627,2.1147948323103747,63.9053,72.5552,0.14765105672969764,4.13743,0.3584484566851976,3.6026,4.8906,0.026307119021134525,1555.7328599999998,52.60153329200966,1487.5462,1647.7419,-5.691177174638536
motor-0120,failure,120,149,FAILURE,70.95871000000001,1.5476334730484478,66.5111,73.9319,0.06897523915461462,4.461290000000001,0.48920493343792026,3.6026,5.5261,0.04826538375973295,1517.6620766666667,28.909387379600222,1467.6753,1579.6859,-2.0373676307008104
motor-0121,healthy,0,29,NORMAL,53.86671,1.7271616612909557,51.165,56.7249,-0.13338000000000044,1.49883,0.16401449153453893,1.1957,1.7945,-0.01055922135706344,1798.6719333333335,19.081249015518424,1766.3294,1832.5432,-1.038360934371582
motor-0121,healthy,10,39,NORMAL,53.217686666666665,1.3782422677050974,51.165,56.6708,-0.027313726362625863,1.4408533333333333,0.10757634415717157,1.1957,1.6179,0.0065946162402669255,1798.9834200000003,20.151254314680607,1766.3294,1834.7645,1.7529573303670536
motor-0121,healthy,20,49,NORMAL,53.00887999999999,1.0005178810329514,51.165,54.9798,0.043865672969965394,1.4415833333333334,0.10453620770920584,1.1839,1.6179,-0.0044626251390434135,1800.7296966666663,21.108300287556464,1763.9664,1834.7645,-0.13750533926587347
motor-0121,healthy,30,59,NORMAL,53.33992666666666,1.1400449347674373,51.7198,56.5686,0.015792925472746442,1.4104999999999999,0.12893327731815402,1.1602,1.6179,-0.0045768631813126,1804.6597533333336,19.608385414166303,1763.9664,1834.7645,-0.5731950166852358
motor-0121,healthy,40,69,NORMAL,53.886383333333335,1.399703228803243,51.7198,56.5686,0.07666818687430381,1.3635500000000003,0.11916924868997594,1.1602,1.5756,0.0005832480533926466,1797.1916133333334,17.52856833191145,1763.9664,1824.9021,0.32218918798661933
motor-0121,healthy,50,79,NORMAL,53.87888999999999,1.3168083665565522,51.7388,56.5686,0.0007999777530569154,1.412356666666667,0.13501454658254008,1.1602,1.6443,0.004658531701890968,1795.7741966666665,17.231120969000308,1762.5111,1824.9021,-0.8567864071190664
motor-0121,healthy,60,89,NORMAL,54.12696000000002,1.0028341835684171,52.6961,56.0247,-0.04816569521690948,1.4914133333333333,0.16698518044691535,1.191,1.8268,0.009628654060066714,1795.5778466666668,16.91246574301005,1762.5111,1820.449,0.3924603781979384
motor-0121,healthy,70,99,NORMAL,54.06052999999999,0.9054094330375252,52.6961,55.8471,0.06264834260289054,1.600736666666667,0.16368113408562257,1.2976,1.8876,0.009129766407118984,1798.2038066666667,18.01227991084477,1762.5111,1832.4275,0.9326459621801841
motor-0121,healthy,80,109,NORMAL,54.11709333333333,0.9209453175707858,52.3109,55.8471,-0.035070789766409004,1.5396100000000001,0.21736007046680247,1.1562,1.8876,-0.012342714126807625,1800.2340266666665,15.137577927703258,1772.1215,1832.4275,-0.7544151279199424
motor-0121,healthy,90,119,NORMAL,53.9111,1.0045022827251315,52.0545,55.8471,-0.07096925472747563,1.488433333333333,0.2089230405888467,1.1562,1.8876,-0.00995492769744164,1803.4980400000002,16.013554943642802,1772.1215,1832.4275,0.17757183537260277
motor-0121,healthy,100,129,NORMAL,53.86836,1.1204183167014017,52.0545,56.965,0.055012458286984874,1.4369066666666668,0.18896081239829127,1.1562,1.7998,0.008543314794215757,1796.3945299999998,16.186831706774296,1772.1215,1822.9884,-0.4110456284761373
motor-0121,healthy,110,139,NORMAL,53.658206666666665,1.2559714147313321,51.7966,56.965,-0.03891345939933488,1.4216566666666666,0.1969734816048992,1.1463,1.7998,-0.008572747497219164,1799.5244800000003,16.114205708409383,1772.4654,1825.2232,-0.6509668965517382
motor-0121,healthy,120,149,NORMAL,54.54017333333334,1.7889291741026407,51.7966,57.6661,0.06153873192435971,1.447976666666667,0.1886810212737065,1.1463,1.7998,-0.002027919911012291,1793.1415133333333,12.641472763322398,1772.4654,1825.2232,0.4350380867630367
motor-0121,healthy,130,159,NORMAL,54.22713333333334,1.709559319109915,51.7966,57.6661,0.03132996662958831,1.4164400000000001,0.17263264001920378,1.1463,1.7404,0.006364449388209089,1790.4870666666664,14.252912345910971,1763.0341,1825.2232,-1.1377789098999085
motor-0121,healthy,140,169,NORMAL,54.54854999999999,1.4343999100088285,52.413,57.6661,-0.11671450500556269,1.4749566666666667,0.1475227252173561,1.2066,1.7404,-0.004693993325917715,1785.73945,14.498966108789713,1756.4015,1809.1977,-0.436613058954437
motor-0121,healthy,150,179,NORMAL,54.335789999999996,1.042583073061008,52.413,56.682,0.08048585094549406,1.5274366666666668,0.1851519780852716,1.2066,1.8781,0.010157041156840893,1789.7755133333335,17.68332071419718,1756.4015,1819.0661,1.504668787541674
motor-0121,healthy,160,189,NORMAL,54.29472666666667,1.2303199919623442,51.7849,56.682,-0.011251345939933854,1.56222,0.151873781805814,1.2728,1.8781,0.005528854282536121,1794.45866,15.597774677446777,1756.4015,1819.0661,0.3415857619577107
motor-0122,failure,0,29,DEGRADATION,55.52094000000001,2.3654113722000525,52.2007,59.8154,-0.22199283648498447,1.3679699999999997,0.1075122199256128,1.1212,1.5837,-0.006752013348164669,1821.413843333333,21.06573241849874,1782.8962,1856.888,-1.1836734371523996
motor-0122,failure,10,39,DEGRADATION,55.65296666666667,2.7155213644692417,52.2007,61.052,0.04078914349276826,1.50499,0.2897882644851812,1.1212,2.0953,0.024783515016685177,1804.3944299999998,22.057422360559272,1734.1774,1836.1175,-0.6639044938821216
motor-0122,failure,20,49,DEGRADATION,56.38851000000001,2.8308368084778994,52.2007,61.052,0.28125239154616094,1.6713166666666666,0.2894299121645093,1.2244,2.1302,0.0250107897664071,1790.4121566666668,33.12220968436619,1725.6738,1836.1175,-2.9917652725250505
motor-0122,failure,30,59,DEGRADATION,58.229573333333335,1.4673877601446126,54.9512,61.052,0.06629864293659565,1.9185066666666666,0.1665936712149921,1.499,2.1457,0.009909010011123402,1773.9009233333334,27.60327730372708,1724.4271,1820.9347,-1.2976136818688129
motor-0122,failure,40,69,DEGRADATION,59.94403666666667,2.179422371712794,56.4646,64.2066,0.1923965962180189,2.075906666666667,0.271603152820843,1.6944,2.6527,0.02750482758620685,1755.704786666667,21.667434668533218,1721.8734,1801.0393,-0.7778595328142658
motor-0122,failure,50,79,FAILURE,60.83759666666666,2.0953724081864036,56.4646,64.2066,0.1404419799777516,2.273423333333333,0.23977508166798503,1.9275,2.6527,0.01934965517241374,1737.8546200000005,31.78472114837987,1687.1099,1801.0393,-3.2051761957731197
motor-0122,failure,60,89,FAILURE,61.79099,1.400121846209583,57.7526,64.2066,-0.06142115684093567,2.3866,0.20526466979650113,1.9275,2.6527,0.004954037819799764,1717.8840599999996,20.826533655469422,1686.9442,1753.3752,-1.0838124582870248
motor-0122,failure,70,99,FAILURE,62.65585,2.42148244934792,57.7526,67.3138,0.16371753058954297,2.4556999999999998,0.23989663051684018,2.0186,2.9849,0.009251835372636179,1696.1817766666666,31.562884306599567,1597.2429,1742.7,-1.5645763070078453
motor-0122,failure,80,109,FAILURE,63.44356666666667,2.3589830340400693,57.7526,67.3138,0.1166660734149038,2.6113866666666663,0.3033925957493946,2.1112,3.188,0.024986206896551705,1683.8283300000003,37.77000100650559,1597.2429,1742.7,-1.9374675194661075
motor-0122,failure,90,119,FAILURE,64.55883666666666,1.5923072943548167,61.2055,67.3138,-0.048804338153504385,2.8633166666666665,0.33909908098109354,2.1506,3.4969,0.028934527252502736,1664.3511833333334,36.614962407055074,1597.2429,1719.7345,-1.3297897441602582
motor-0122,failure,100,129,FAILURE,65.99345,2.990325412921923,61.2055,72.5687,0.26041159065628394,3.1752933333333333,0.3114772703674468,2.6096,3.7521,0.026684315906562783,1653.3390966666668,31.971173478593546,1582.0654,1711.4782,-1.2879011123470987
motor-0122,failure,110,139,FAILURE,67.04992333333333,2.7072970691181197,62.964,72.5687,0.0819981979977736,3.4323866666666665,0.3695429805704458,2.7911,4.2904,0.02680925472747491,1629.4869800000001,35.8199697132889,1566.3327,1693.2274,-3.220574816462766
motor-0122,failure,120,149,FAILURE,68.37195666666666,2.1683713771220607,64.768,72.5687,-0.06183054505005694,3.7039933333333335,0.3692620739920211,3.0511,4.4574,0.027386073414905343,1608.55803,33.021288951938764,1541.5507,1679.6591,-2.766709388209122
motor-0122,failure,130,159,FAILURE,68.40565333333333,2.2326446717937203,64.768,73.8927,0.11354607341490448,3.867066666666667,0.34727184292552266,3.0511,4.4574,0.020751412680756275,1582.91465,30.16816422392708,1503.847,1629.0282,-2.0188697886541167
motor-0122,failure,140,169,FAILURE,69.80440666666665,1.9227373377441759,65.6318,73.8927,0.11743848720800815,4.158643333333332,0.3426404623735433,3.7006,4.818,0.029749210233592765,1562.9884333333334,34.82056535934221,1503.847,1629.0282,-2.8455531034483132
motor-0122,failure,150,179,FAILURE,71.88676000000001,2.591501772666448,66.2113,76.0647,0.23345094549499357,4.3195033333333335,0.303129430533486,3.7006,4.818,0.021677664071190143,1552.8329033333334,26.563649739013435,1503.847,1621.0622,-0.4006637374861559
motor-0122,failure,160,189,FAILURE,73.00576666666667,2.2949236372674564,69.0618,76.1177,0.05830091212458153,4.521293333333333,0.18209036938350753,4.1219,4.818,0.003987007786429262,1535.5885366666662,29.017862485332287,1459.7261,1580.741,-1.1923443604004658
motor-0123,failure,0,29,NORMAL,53.901529999999994,1.3804907152048023,51.9921,57.3634,-0.07399370411568472,1.5992499999999994,0.1905958861920512,1.3166,1.9353,-0.011015328142380463,1802.0831166666671,21.41154603625629,1755.6247,1834.8003,-0.5474474082314253
motor-0123,failure,10,39,DEGRADATION,54.10554,1.3997575670093731,51.9921,57.3634,0.004625139043380432,1.5298333333333334,0.12104115094554506,1.3166,1.802,0.00802478309232477,1794.4927766666665,23.49008725756012,1740.607,1828.5303,0.5772757063403207
motor-0123,failure,20,49,DEGRADATION,54.15918,1.2957079646278322,51.9921,56.8823,0.05427274749721803,1.5839233333333333,0.12297303141565454,1.3641,1.8601,0.0028984427141267597,1783.2310933333335,34.298241544350674,1727.1977,1828.5303,-3.0283177753059167
motor-0123,failure,30,59,DEGRADATION,55.26481999999999,1.09227179779882,53.0751,57.3143,0.07020943270300214,1.6593766666666667,0.16594107525129378,1.3768,2.1045,0.008212969966629579,1768.6087133333335,29.923237681593825,1727.1977,1828.5303,-1.7723856729700167
motor-0123,failure,40,69,DEGRADATION,56.53626999999999,1.9160113162766028,53.0751,59.8987,0.1931083648498327,1.80969,0.24919603307436491,1.3768,2.3461,0.022337641824249136,1753.3889033333332,16.409864993441886,1727.1977,1783.4262,0.30597078976636766
motor-0123,failure,50,79,DEGRADATION,57.345243333333336,1.288806314820898,54.6763,59.8987,0.036020533926584046,1.9886900000000003,0.2188806240092226,1.466,2.3461,0.01926863181312567,1750.8126300000004,17.829516605938412,1720.711,1783.4262,-1.3893702113459903
motor-0123,failure,60,89,DEGRADATION,58.178900000000006,1.422357509442217,55.4445,61.1676,0.02285588431590555,2.2079733333333333,0.20020773700223363,1.8033,2.5814,0.018783626251390385,1745.0169966666665,16.163744054611524,1718.3992,1779.9492,-0.6426211568409609
motor-0123,failure,70,99,DEGRADATION,58.981179999999995,2.0407142235665106,55.4445,61.8182,0.20225228031145565,2.3377866666666667,0.1766902538971016,1.9812,2.6276,0.013449254727474953,1726.9296766666669,24.571360010232564,1681.2261,1770.4952,-2.0469205561735775
motor-0123,failure,80,109,FAILURE,59.82911333333333,1.6838934512478976,56.1391,62.1889,0.02852992213570468,2.402513333333333,0.1622385953533321,2.0483,2.6646,-0.002383225806451675,1714.9791533333332,28.53781546275904,1655.7448,1770.4952,-2.0796619799777734
motor-0123,failure,90,119,FAILURE,60.78020333333333,1.6086177224526919,57.261,64.243,0.017067074527251008,2.519816666666666,0.2566842536182451,2.0483,3.0804,0.01843023359288092,1712.2305166666665,30.512801428756458,1655.7448,1780.8589,2.0383909899888595
motor-0123,failure,100,129,FAILURE,60.95317666666667,2.034356903083188,57.261,64.8962,0.07594685205783998,2.7478433333333334,0.36457055346744,2.0483,3.2714,0.03851014460511674,1698.7749133333336,43.4876028306515,1595.7922,1780.8589,-1.77141285873199
motor-0123,failure,110,139,FAILURE,61.48694,1.6736757098474395,58.0442,64.8962,-0.02181014460511746,2.892233333333334,0.2393236697213397,2.3266,3.2714,0.0007758843159065014,1681.7156733333338,51.09034140444377,1591.424,1780.8589,-3.6648383092325156
motor-0123,failure,120,149,FAILURE,61.97184666666666,2.6947867940071912,57.6624,67.4932,0.10310789766407022,3.1040133333333335,0.34934191726094876,2.3266,3.9538,0.01581392658509445,1660.2607033333331,34.371694891916356,1591.424,1721.0951,0.38585341490539565
motor-0123,failure,130,159,FAILURE,63.461843333333334,3.1954104710436746,57.6624,68.2441,0.265988676307006,3.208073333333333,0.4435598290597962,2.3266,4.2194,0.03741312569521685,1661.9561600000002,37.69894345433392,1585.1013,1721.0951,0.23352387096769806
motor-0123,failure,140,169,FAILURE,64.78449333333334,2.666162764340459,57.6624,68.2441,0.1148143715239147,3.484136666666667,0.3430170107378869,2.7763,4.2194,0.012344493882091153,1637.13775,54.69805329234763,1549.9584,1721.0951,-5.192763893214718
motor-0123,failure,150,179,FAILURE,65.59017999999999,1.4674660673873627,63.2392,68.6109,-0.029841913236931798,3.5273733333333337,0.3042808844180361,2.9845,4.2194,0.0066020467185761355,1613.3828900000003,47.37501541577481,1549.9584,1712.6546,-3.3815357730812425
motor-0123,failure,160,189,FAILURE,66.33405666666665,2.022610219935835,63.295,70.6858,0.15755406006673967,3.5730533333333336,0.2148190629860912,3.0461,4.0678,-0.003153637374861011,1576.6437966666667,29.660378619874734,1523.8036,1650.835,-1.4087522803114887
motor-0123,failure,170,199,FAILURE,67.33432666666666,2.2275435350677717,63.295,71.2728,0.1402299443826464,3.8088833333333336,0.4219033776299445,3.2601,4.7043,0.03374738598442704,1584.4098999999999,33.68632345090016,1523.8036,1650.835,-0.4297581757508563
motor-0123,failure,180,209,FAILURE,69.54673,2.591301301296321,64.4177,74.6842,0.19879352614015405,4.082476666666667,0.44740345527151315,3.2601,4.7977,0.03731041156840927,1581.928856666667,31.8037319149675,1523.8036,1647.9728,1.7606123025583438
motor-0123,failure,190,219,FAILURE,69.22625333333332,2.9583334224676054,64.023,74.6842,0.006848987764181076,4.27023,0.30498269147609014,3.6309,4.7977,-0.0076461179087876,1562.0423933333332,55.56183194573371,1455.8149,1647.9728,-4.981244226918844
motor-0123,failure,200,229,FAILURE,70.44516666666667,2.951008618798364,64.023,74.8872,0.014538020022245607,4.379693333333334,0.3501135672257726,3.7934,5.1618,0.015472035595105595,1544.5452000000005,47.67733107615539,1455.8149,1647.9728,-2.455152302558435
motor-0123,failure,210,239,FAILURE,70.24043666666667,2.9373191055204675,64.023,75.0936,0.20287174638487027,4.5465366666666664,0.4070451698794893,3.7934,5.2236,0.03130111234705211,1523.45078,35.91784420712912,1455.8149,1584.3834,1.2567747719688191
motor-0123,failure,220,249,FAILURE,70.58217,2.574776852227522,65.7269,75.0936,-0.15982725250278193,4.716106666666666,0.2729082421295154,3.86,5.2236,0.001614949944382582,1529.3980233333336,30.58322361483699,1456.9225,1584.3834,-1.8257519688543327
motor-0124,degrading,0,29,NORMAL,56.167606666666664,2.4001495186666095,51.8172,59.9345,-0.242157463848722,1.5312833333333333,0.18409413186978255,1.2198,1.8409,-0.013899021134594035,1788.5932433333332,11.859767691082983,1761.0615,1811.9771,-0.43886858731928446
motor-0124,degrading,10,39,NORMAL,55.35867000000001,1.88541498423203,51.8172,58.663,-0.019756418242492767,1.5546900000000003,0.1951056078982184,1.2198,1.8452,0.0009283870967741708,1790.3849466666666,11.409783805539687,1761.0615,1811.9771,0.12979248053388356
motor-0124,degrading,20,49,DEGRADATION,55.13873333333333,1.6537458594220447,51.8172,58.663,0.11374215795328024,1.5117066666666665,0.1843700589093094,1.2198,1.8452,0.009062246941045567,1783.546293333333,14.556236902165173,1750.4056,1801.4019,-0.3789816240267035
motor-0124,degrading,30,59,DEGRADATION,56.42220333333333,1.4831449136847312,54.4721,60.6575,0.06035472747497079,1.719943333333333,0.22055553447802864,1.307,2.3263,0.0125625139043381,1784.5601433333334,14.706395773079658,1750.4056,1801.4019,-0.6452040266963556
motor-0124,degrading,40,69,DEGRADATION,57.27028,1.6169765142388437,54.8326,60.6575,0.14614255839822052,1.8996833333333332,0.32880462495057594,1.307,2.5279,0.033302224694104536,1784.4334566666664,23.460973991712034,1750.4056,1845.2057,0.5241198887652316
motor-0124,degrading,50,79,DEGRADATION,57.79524,1.4147307844250796,54.876,60.6575,0.01464845383759658,2.093916666666667,0.21092376044965214,1.6637,2.5279,0.011482157953281402,1771.3688033333335,34.984737500120275,1710.2208,1845.2057,-2.7635216685206108
motor-0124,degrading,60,89,DEGRADATION,58.043643333333335,1.1979634476013405,55.0518,60.5695,-0.0345083648498352,2.2062866666666663,0.20106296316217853,1.7661,2.6026,0.0061010456062291114,1761.2384033333333,34.28395636294508,1710.2208,1845.2057,-2.137421646273695
motor-0124,degrading,70,99,DEGRADATION,58.877280000000006,2.0582733513635487,55.0518,62.6812,0.18088444938820716,2.25679,0.2172252430849908,1.7661,2.6026,0.014340622914349248,1739.210726666667,20.49414862154453,1694.5741,1775.0446,-0.37319719688545727
motor-0124,degrading,80,109,DEGRADATION,59.365263333333324,1.7374022680395258,56.2499,62.6812,0.05390658509454738,2.318953333333333,0.17917062395629724,1.9294,2.6026,0.0022964182424916194,1734.2196733333335,23.30521424621442,1694.5741,1775.0446,-1.5700154838710096
motor-0124,degrading,90,119,DEGRADATION,59.91326,1.3267264934416583,57.4821,62.6812,-0.07170171301446096,2.406653333333333,0.16584141166253444,2.0758,2.662,0.005999065628476048,1732.7253133333334,22.095147410939695,1694.5741,1770.6489,0.8621301446050698
motor-0124,degrading,100,129,DEGRADATION,60.29423666666667,1.9359256487932477,57.4821,65.046,0.17276967741935287,2.3579999999999997,0.19531509926270416,1.9153,2.662,-0.003694460511679673,1725.4125500000002,30.015207955565344,1662.9118,1770.6489,-0.6785869410456412
motor-0124,degrading,110,139,DEGRADATION,61.09492000000001,1.6335777100993192,57.734,65.046,0.09383474972191268,2.4032333333333327,0.19920342254980344,1.9153,2.704,-0.00596324805339272,1728.0387099999998,29.098179033407455,1662.9118,1770.6489,-1.1685487208009386
motor-0124,degrading,120,149,DEGRADATION,62.478080000000006,1.4726116664846405,59.6737,65.046,0.0701633370411565,2.42719,0.22849846585918254,1.9153,2.8039,0.017562202447163458,1721.47714,25.772304291139097,1662.9118,1767.3174,0.8028395995550345
motor-0124,degrading,130,159,DEGRADATION,62.30956333333333,1.3282516592582236,60.605,64.4758,0.025732925472746415,2.55319,0.18005617891832168,2.0196,2.9021,0.011947964404894281,1710.6557100000005,28.87140866679179,1655.779,1755.5162,-2.1388162625139335
motor-0124,degrading,140,169,DEGRADATION,62.77871333333333,1.1564301667151762,60.605,64.4758,-0.051318665183539745,2.5912233333333328,0.22051545929682323,2.235,3.1335,0.0026592436040043903,1701.2606133333331,26.213912074135163,1655.779,1755.5162,-1.3766305672970234
motor-0125,degrading,0,29,NORMAL,55.24514333333333,1.3362137632587914,52.0121,57.2401,-0.12030649610678697,1.5625766666666665,0.21138945524526265,1.2062,2.0671,-0.014417463848720825,1797.1175800000003,13.571460484325181,1776.6397,1825.9976,0.1518580645161022
motor-0125,degrading,10,39,NORMAL,55.09874333333333,1.2904268096727616,52.0121,56.9243,-0.0029265628476103215,1.51332,0.14461940948572566,1.2062,1.7933,-9.842046718579326e-05,1797.6525299999998,13.127682372024644,1776.6397,1825.9976,-0.30413750834265285
motor-0125,degrading,20,49,NORMAL,54.956876666666666,1.2615762372744481,52.0121,56.9243,0.06643121245828577,1.4486333333333334,0.13902131331402232,1.1682,1.6737,-0.005040978865406055,1790.4525333333338,15.439832492816192,1762.6862,1825.9976,-1.2529313014460646
motor-0125,degrading,30,59,DEGRADATION,55.40358333333333,1.2555912599471037,52.6917,58.2882,-0.01690565072302691,1.4781033333333335,0.1305836066365998,1.1682,1.6737,-0.004673704115684126,1795.0120766666669,18.859727983204213,1762.6862,1839.0183,0.8436214238041622
motor-0125,degrading,40,69,DEGRADATION,55.80265,1.4389047588936064,52.6917,58.3648,0.09010436040044348,1.54093,0.19998512303002272,1.1682,1.9229,0.018348542825361493,1791.1188333333334,25.12430675000253,1740.1872,1839.0183,-0.0571473192436501
motor-0125,degrading,50,79,DEGRADATION,56.11923333333334,1.3459384952102715,52.6917,58.3648,0.07235430478309177,1.6459033333333337,0.15567052489865327,1.3348,1.9332,0.006924338153503864,1784.7975566666669,30.308574613681888,1736.9229,1839.0183,-2.560032947719735
motor-0125,degrading,60,89,DEGRADATION,56.90304666666666,0.8935491024498257,54.8637,59.1419,0.02304533926584961,1.7415333333333332,0.14299273718930236,1.4682,2.095,0.00332471635150164,1773.3976,21.8200943591452,1736.9229,1833.1502,-0.37879167964413046
motor-0125,degrading,70,99,DEGRADATION,57.63084333333333,1.4709704673408261,54.8637,61.3098,0.1281857842046709,1.8330766666666667,0.21436865859749385,1.4682,2.2617,0.01894418242491659,1764.4827033333333,15.610263020643025,1736.9229,1791.1437,0.08569110122352723
motor-0125,degrading,80,109,DEGRADATION,57.422523333333324,1.8507796082882357,53.59,61.3098,-0.09319748609566328,1.92454,0.15992743687893787,1.5963,2.2617,0.006629054505005497,1757.7927733333336,20.351864679940796,1709.5701,1791.1437,-1.9241809121245923
motor-0125,degrading,90,119,DEGRADATION,57.51585333333335,2.110625446596867,53.59,61.3098,-0.06661655172413909,2.0753766666666666,0.16956614969451367,1.7959,2.458,0.008935684093437075,1748.2419366666668,16.12038132093412,1709.5701,1784.0769,-0.295803937708621
motor-0125,degrading,100,129,DEGRADATION,57.98882666666666,2.575916628300605,53.59,62.1836,0.2306653170189089,2.1209866666666666,0.1821055970828159,1.7959,2.458,0.010481557285873154,1744.4796566666666,16.93053124875656,1709.5701,1784.0769,0.031530522803101646
motor-0125,degrading,110,139,DEGRADATION,58.89543333333332,1.869121216389016,54.6404,62.1836,0.06384218020022135,2.1264233333333338,0.17339692170149837,1.84,2.458,-0.01448874304783095,1744.85544,17.163769469255097,1713.2485,1784.0769,-0.4909644048943807
motor-0125,degrading,120,149,DEGRADATION,59.44794,1.3035090820806225,57.1862,62.1836,-0.05268961067853314,2.135403333333334,0.18953344029191496,1.84,2.4471,0.0018328142380422286,1747.4080633333333,16.13586288223604,1713.2485,1769.5263,0.6243611345939843
motor-0125,degrading,130,159,DEGRADATION,59.05555000000001,0.9148379731770366,57.1862,60.4405,0.048921757508341365,2.128286666666667,0.18149649350760347,1.84,2.4471,0.007791056729699631,1735.5013600000004,23.243120873462757,1696.4598,1769.5263,-1.1676149944383294
motor-0125,degrading,140,169,DEGRADATION,59.14185,0.92320100583062,56.778,60.4405,-0.04051570634037925,2.268373333333334,0.1938622551079904,1.9599,2.6114,0.004661179087875374,1736.1588566666665,24.59808985532119,1696.4598,1769.5263,-0.6132869187987072
motor-0125,degrading,150,179,DEGRADATION,59.90491333333333,1.6965317581727988,56.778,63.7422,0.10947795328142294,2.329806666666667,0.20449314729078064,1.9599,2.6439,0.014578954393770814,1727.6763766666668,20.1877102853144,1696.4598,1768.2459,1.053557397107864
motor-0125,degrading,160,189,DEGRADATION,60.47231333333334,1.8336394779660354,56.778,63.7422,0.11192992213570513,2.444746666666667,0.2044676905745475,1.9599,2.8064,0.007061535038932069,1714.0885566666666,36.46188629328516,1639.5113,1768.2459,-3.38043490545054
motor-0125,degrading,170,199,DEGRADATION,60.85551666666665,1.619557792132023,57.5656,63.7422,-0.0678181757508351,2.4678366666666673,0.15603431777087443,2.1201,2.8064,-0.003000155728587347,1701.50651,32.74044555243917,1639.5113,1750.0488,-1.3222414905451152
motor-0125,degrading,180,209,DEGRADATION,60.60390333333333,1.3574150012636352,57.5656,62.5381,-0.008687897664072335,2.4282200000000005,0.16889828181482486,2.1201,2.8064,-0.009275016685205835,1695.2986166666667,26.997985218111904,1639.5113,1732.5624,2.150295684093408
motor-0125,degrading,190,219,DEGRADATION,60.39885000000001,1.191385991118467,57.5656,62.5866,0.04821261401557113,2.374053333333334,0.1456812175798773,2.1195,2.7399,-0.00198927697441606,1707.9978866666668,18.706159486627797,1651.8067,1732.5624,0.5418906340378008
motor-0125,degrading,200,229,DEGRADATION,61.30693333333334,1.3314174597857056,59.2926,63.8012,0.08901899888765175,2.463333333333333,0.22707508792369882,2.1195,2.881,0.019697441601779726,1713.8189166666668,14.258790471637324,1687.1051,1746.6382,0.5768312569520937
motor-0126,healthy,0,29,NORMAL,54.42692333333334,1.2810180710885994,52.2058,56.5578,-0.095756195773083,1.5095,0.16327022590376564,1.2246,1.816,-0.014532992213570664,1789.4122533333334,19.245559134594032,1757.0773,1827.6961,-0.2939792658509611
motor-0126,healthy,10,39,NORMAL,54.317753333333336,1.2573162579434378,52.2058,56.5578,-0.011510478309233933,1.5135566666666669,0.16333276193777604,1.2246,1.7991,0.002826852057842012,1790.0141599999997,17.46123855226389,1757.0773,1819.8705,1.1193935928809278
motor-0126,healthy,20,49,NORMAL,54.317213333333335,1.2654087573411037,52.2058,57.0934,0.0932730144605101,1.4678566666666664,0.18020987335758148,1.1688,1.7991,0.0012135483870967384,1792.00041,15.000500324063637,1760.1294,1819.8705,-0.9065101446051679
motor-0126,healthy,30,59,NORMAL,54.92341333333333,1.0825541260473874,53.018,57.0934,0.016247119021133054,1.56545,0.1970390007925673,1.1688,1.8948,0.0017281646273636952,1792.6805466666667,14.727156267787144,1760.1294,1819.8705,-0.017816062291494378
motor-0126,healthy,40,69,NORMAL,55.72309666666667,1.637822667137346,53.018,59.3167,0.11794111234705099,1.5981699999999999,0.20694160069932774,1.1688,1.8948,0.013677486095661816,1792.075203333333,15.749752227860245,1760.1294,1814.9424,0.8119385317018567
motor-0126,healthy,50,79,NORMAL,55.252579999999995,2.2923258080531803,50.6983,59.3167,-0.05859959955506259,1.685703333333333,0.15843040003596393,1.2528,1.9036,0.00027228031145715343,1790.4127066666667,17.669762677937204,1746.5092,1814.9424,-1.2399553281424147
motor-0126,healthy,60,89,NORMAL,55.03420333333333,2.364626371682333,50.6983,59.3167,-0.1357350611790896,1.6252366666666667,0.1881479001270602,1.1917,1.9036,-0.013739065628476127,1786.2741733333337,16.909876169050513,1746.5092,1814.9424,-0.39562157953285043
motor-0126,healthy,70,99,NORMAL,54.518283333333336,1.801710560011112,50.6983,57.7811,0.07490462736373656,1.5724166666666666,0.1683889012243846,1.1917,1.9036,-0.007200912124582908,1783.2871100000002,14.86643149309546,1746.5092,1811.1425,0.8651557953280958
motor-0126,healthy,80,109,NORMAL,54.3794,1.4077408156333329,51.532,56.5343,-0.04257575083426162,1.5463633333333333,0.12136961037352893,1.1917,1.7241,0.005116195773081181,1787.2939433333331,12.015217422326948,1765.4682,1811.1425,-0.2536107897664495
motor-0126,healthy,90,119,NORMAL,54.399589999999996,1.2903659267432632,52.1254,56.5343,-0.06885719688543039,1.5999166666666664,0.09163533191709167,1.4604,1.9709,0.0031753726362625154,1796.074786666667,19.62560042116306,1765.4682,1835.3216,1.082345139043359
motor-0126,healthy,100,129,NORMAL,54.13282000000001,1.357756741688289,51.9213,56.9291,0.051554660734147065,1.6265633333333334,0.1592052731189796,1.2927,1.9709,0.0006578197997774719,1797.599333333333,19.61226316111654,1765.4682,1835.3216,0.3237737486094913
motor-0126,healthy,110,139,NORMAL,54.28861333333332,1.2714548671327486,51.9213,56.9291,-0.026555906562849802,1.62209,0.1942389942828165,1.2927,1.9752,-0.0021458731924360783,1799.1572033333334,18.318628782225733,1773.7239,1835.3216,-1.0326739710790178
motor-0126,healthy,120,149,NORMAL,54.66455333333333,1.3766681061493684,51.9213,56.9291,0.022553503893213575,1.6038166666666667,0.20515128740084043,1.2927,1.9752,-0.006067563959955532,1790.7427366666666,13.910671135630231,1767.7795,1817.1942,-0.32231308120141416
motor-0126,healthy,130,159,NORMAL,54.58854999999999,1.2406735699476588,52.1252,56.8144,0.047574304783091784,1.5286300000000002,0.17473057955988508,1.2976,1.9752,-0.0067215350389321655,1796.4227033333334,16.206330398345028,1767.7795,1824.3023,1.0165012458286655
motor-0126,healthy,140,169,NORMAL,54.63444000000001,1.074584211869875,52.7816,56.8144,-0.07650082313681937,1.5479999999999998,0.15388415123072288,1.2976,1.8161,0.0005001557285872595,1798.2892633333333,16.53084664392567,1767.7795,1824.3023,0.1878399332591308
motor-0126,healthy,150,179,NORMAL,54.7651,1.108311889917876,52.7816,56.5102,0.041975884315904925,1.588013333333333,0.1638989663041093,1.2976,1.9996,0.01240182424916571,1796.499463333333,16.148637131978713,1764.4115,1824.3023,-1.2280846496107405
motor-0126,healthy,160,189,NORMAL,54.692766666666664,1.2976606087708586,52.139,56.9254,0.011157953281423263,1.6028233333333333,0.15581989963487405,1.3123,1.9996,-0.008473125695216932,1789.5726,15.02375493774221,1761.4514,1820.9189,-0.4382518353726542
motor-0127,failure,0,29,NORMAL,55.33578333333333,1.4750134155510435,52.7139,57.9919,-0.1262564404894338,1.606336666666667,0.116982837725122,1.412,1.9089,-0.007796863181312603,1802.203623333333,13.01976217429192,1779.1232,1829.4218,-0.5334778420467401
motor-0127,failure,10,39,DEGRADATION,55.11686666666667,1.334363687139138,52.7139,57.6878,0.04091532814237918,1.6547766666666668,0.19768846987677918,1.412,2.1884,0.01708998887652948,1788.9118500000002,16.823059427300958,1754.9135,1815.1772,-0.950518286985551
motor-0127,failure,20,49,DEGRADATION,55.812016666666665,1.670334130861913,52.7139,58.6409,0.1730029588431584,1.8131166666666665,0.2419960055914606,1.4677,2.209,0.02021813125695215,1777.4771533333335,21.482153542475412,1753.0191,1815.1772,-1.9256306562848107
motor-0127,failure,30,59,DEGRADATION,57.07204999999999,1.2999985104478646,53.8652,59.3718,0.09449581757508145,2.121103333333333,0.3372086154329723,1.6182,2.7789,0.030105917686318127,1771.4705233333336,14.991727056450904,1753.0191,1805.9495,0.2776146162402282
motor-0127,failure,40,69,DEGRADATION,58.648329999999994,2.0368446193643077,55.3109,64.0127,0.1838943047830912,2.37915,0.3421508436835036,1.7091,2.9168,0.028262313681868715,1761.5682933333335,19.201165028177023,1721.3746,1795.1115,-0.6367898109010292
motor-0127,failure,50,79,DEGRADATION,59.92912666666667,2.0127209485227264,55.3109,64.0127,0.16663341490545006,2.5911499999999994,0.21694968502704343,1.968,2.9168,0.010105116796440442,1747.88418,29.442453303819637,1700.6439,1795.1115,-3.070966006674132
motor-0127,failure,60,89,FAILURE,61.40572999999999,1.597564510361527,58.8104,65.6073,0.08281697441601638,2.7172933333333336,0.20482995212831764,2.3329,3.3349,0.00821259176863172,1733.7203100000002,18.483043031011785,1700.6439,1770.723,-0.14146956618467618
motor-0127,failure,70,99,FAILURE,61.73652666666666,1.5058666437046218,59.1,65.6073,0.018891345939931904,2.888033333333333,0.30809125956804134,2.3329,3.625,0.02718887652947715,1708.2890699999998,42.8338976449817,1602.1815,1759.932,-2.535117085650764
motor-0127,failure,80,109,FAILURE,62.29416,1.5497996387920598,59.1,65.6073,0.021026295884314275,2.968486666666666,0.3533541959878533,2.1742,3.7825,-0.0009186206896552438,1689.2011766666667,48.797467849549214,1602.1815,1759.932,-3.937564605116867
motor-0127,failure,90,119,FAILURE,63.02263,1.6398975545543488,59.1,65.9227,0.09665857619577221,3.1116900000000003,0.3605875560341298,2.1742,3.7825,0.006440022246940976,1663.4455699999999,33.24361369114526,1602.1815,1742.8986,-0.6739133036707846
motor-0127,failure,100,129,FAILURE,64.63443666666667,2.0292883104647528,61.0566,69.1572,0.18615032258064337,3.3293699999999995,0.49121190549497074,2.1742,4.1483,0.03595713014460507,1648.284443333333,27.353348648574194,1605.5253,1696.9806,-1.8229105450500993
motor-0127,failure,110,139,FAILURE,65.71042333333334,1.802069570555539,61.9548,69.1572,0.08236197997775119,3.4685833333333336,0.32405461996740964,2.9913,4.1483,0.0005370189098998248,1626.5848866666668,34.75306334474447,1549.7951,1685.5624,-2.866510878754182
motor-0127,failure,120,149,FAILURE,66.95962000000002,2.2382704166982745,62.8219,71.1121,0.09567127919910963,3.691916666666667,0.42231528118483025,2.9913,4.4397,0.010592680756395906,1598.9059399999999,28.09939852958422,1533.2392,1658.8054,-1.893665005561785
motor-0127,failure,130,159,FAILURE,68.07405999999999,2.590889195314997,62.8219,71.7986,0.1862724360400429,3.8701033333333332,0.5277187378919023,2.9913,4.8553,0.0530399332591768,1564.1474166666665,43.50598333313156,1471.1836,1642.3945,-3.3520323692992147
motor-0127,failure,140,169,FAILURE,68.67975333333334,2.3272207847893482,64.004,71.7986,0.0015628031145704542,4.231926666666666,0.42273681484136466,3.0689,5.2445,0.02860124582869851,1555.0997799999998,37.48729897985359,1471.1836,1606.6259,-0.8023277419355208
motor-0127,failure,150,179,FAILURE,70.40227333333333,2.8492454885382474,64.6318,76.2488,0.14278878754171256,4.645146666666666,0.5442340199664929,3.8453,5.9263,0.04141548387096763,1528.107316666667,38.30170930190176,1468.9537,1595.6855,-1.0033178420467532
motor-0127,failure,160,189,FAILURE,72.25273666666665,3.6608282373877574,64.6318,77.4221,0.34673216907675053,4.848573333333333,0.499612126176119,3.8453,5.9263,0.02856720800889869,1515.2547699999998,43.01873677930855,1452.793,1595.6855,-4.213684026696394
motor-0127,failure,170,199,FAILURE,74.18495,1.7730387964828436,69.9086,77.4221,0.043706540600665214,5.089533333333333,0.28920660819252075,4.5539,5.9263,-0.006287385984427239,1495.1664466666666,24.279844928633484,1452.793,1540.6335,0.41831626251389054
motor-0128,failure,0,29,DEGRADATION,55.45731666666668,0.945321452940157,53.9031,57.697,0.057642291434926156,1.4776500000000004,0.1258789173504973,1.1852,1.7227,0.0022155506117908265,1802.11815,15.099813925889952,1768.5279,1833.2727,-0.6465591768632124
motor-0128,failure,10,39,DEGRADATION,56.97996333333334,2.3344348568741196,53.9031,61.8266,0.23950676307007784,1.6308866666666664,0.2699250991581842,1.1852,2.1137,0.02615403781979974,1791.0768366666668,22.8374655048597,1737.8252,1833.2727,-2.161252035595126
motor-0128,failure,20,49,DEGRADATION,58.50595,1.8192808531120197,55.2659,61.8266,0.14336260289210126,1.9665099999999998,0.38477149872792477,1.348,2.7328,0.04339681868743048,1755.3593033333332,39.974091813143865,1668.1123,1810.3341,-4.246964783092366
motor-0128,failure,30,59,FAILURE,59.87370333333333,1.1508182470119055,57.757,61.9065,0.05058017797552729,2.32347,0.31915059783744726,1.7599,3.1156,0.033749121245828684,1726.97605,34.827858414519724,1668.1123,1799.7657,-3.085544449388275
motor-0128,failure,40,69,FAILURE,60.63447333333332,1.7930851887056445,57.757,65.8295,0.16009971078976507,2.58281,0.3005669768398828,2.1281,3.4052,0.01560691879866513,1705.9905566666669,18.246920035368213,1668.1123,1741.8989,-0.26477617352617994
motor-0128,failure,50,79,FAILURE,62.742383333333336,2.5022097390218034,59.3273,66.7124,0.25206751946607225,2.660646666666666,0.3036502316079399,2.1648,3.4052,0.0038149499443826083,1686.5417766666662,34.14480424069117,1600.4346,1741.8989,-2.837609543937736
motor-0128,failure,60,89,FAILURE,64.56955333333333,2.3532701827787554,60.2197,67.8845,0.20552622914349042,2.9366866666666667,0.4778817857541294,2.1648,3.8,0.03361045606229136,1678.29982,31.229499296609504,1600.4346,1741.8989,-1.5330414682981441
motor-0128,failure,70,99,FAILURE,66.00480666666665,1.4442583967636184,62.5673,68.9215,0.0540246941045578,3.3767800000000006,0.6641442641474817,2.2592,4.5483,0.07388961067853168,1642.3243166666666,42.23958405436052,1551.5424,1697.0853,-2.8207468965517597
motor-0128,failure,80,109,FAILURE,66.37822333333334,1.6522382840021053,62.5673,69.2698,0.06868714126807424,3.9973666666666663,0.527634842375756,2.8482,4.7761,0.05479448275862061,1617.5023066666665,50.64143879429791,1549.3307,1697.0853,-5.167024516129073
motor-0128,failure,90,119,FAILURE,67.51719,1.9922578299256348,63.6417,71.487,0.1615881423804215,4.404953333333334,0.3616493409674933,3.4929,4.9928,0.03201103448275854,1571.1193266666664,32.60092817723583,1516.2963,1652.1194,-2.889283292547328
motor-0128,failure,100,129,FAILURE,68.98762333333335,2.2403721077361722,63.827,73.273,0.18575677419354703,4.6224799999999995,0.19303158014514962,4.2126,5.0451,0.011489388209121154,1546.192356666667,31.614045835637505,1458.4559,1590.9234,-2.5728824249166298
motor-0128,failure,110,139,FAILURE,70.33755666666667,1.58520133204657,67.7687,73.273,0.054844827586205194,4.7295300000000005,0.25635762929938316,4.0935,5.2725,0.007840823136818602,1514.1289333333332,36.23215976574157,1451.9558,1575.0478,-3.1702941045606394
motor-0129,failure,0,29,NORMAL,55.998696666666675,1.1357556915943188,54.3657,57.9528,-0.03922266963292623,1.4263333333333335,0.16476677928379724,1.0696,1.8427,0.0024161957730811775,1796.753283333333,21.803063561391006,1763.2819,1846.7734,-1.725681223581779
motor-0129,failure,10,39,DEGRADATION,56.428463333333326,1.4597322531851138,54.3657,59.032,0.11545906562847451,1.5653266666666668,0.2844585007030414,1.0696,2.1729,0.024203070077864274,1789.9857966666668,13.996022169780572,1763.2819,1823.0268,0.5820333036706968
motor-0129,failure,20,49,DEGRADATION,57.72599333333335,1.8525530306279732,54.3657,60.3737,0.19034197997775115,1.69376,0.2092784613857814,1.2069,2.1729,0.009799866518353696,1778.74796,23.008794404612654,1737.1729,1823.0268,-1.3803644048943826
motor-0129,failure,30,59,DEGRADATION,59.021359999999994,1.1828936750190189,56.701,61.3686,0.07713121245828515,1.87544,0.2639341162739923,1.5195,2.5962,0.014613837597330336,1778.6735566666669,25.278268260499768,1728.1557,1823.0268,-0.8535539710790352
motor-0129,failure,40,69,DEGRADATION,60.680526666666665,1.9652936062131323,57.2393,64.9022,0.17288102335928698,2.0540533333333335,0.3431875053410631,1.5195,2.5962,0.03335746384872077,1765.5853033333333,22.332320327654916,1724.7175,1816.701,0.2483102780867327
motor-0129,failure,50,79,DEGRADATION,61.68559666666667,2.04584170509896,57.2393,64.9022,0.1432234260289194,2.2058366666666673,0.24240301907269132,1.5842,2.5962,0.006953837597330329,1755.3473600000002,31.537083569839925,1693.1173,1816.701,-2.6707322803114972
motor-0129,failure,60,89,FAILURE,62.58004666666668,1.1945262591597643,60.3327,64.9022,-0.04462892102336141,2.3640766666666666,0.20534960868939803,1.9433,2.8867,0.0072283648498331216,1743.5618766666664,24.048860175798836,1693.1173,1788.9354,-0.6963395995551027
motor-0129,failure,70,99,FAILURE,62.43906333333334,1.3376204841641575,60.2768,65.5208,-0.003864894327031493,2.47692,0.29214755906333817,1.9433,3.1375,0.025970100111234625,1734.6727899999996,23.681118799124217,1673.5004,1786.6257,0.45079058954389256
motor-0129,failure,80,109,FAILURE,62.32602999999999,1.3051719164283806,60.1468,65.5208,0.01877795328142168,2.7049833333333333,0.22677866313997788,2.3559,3.2357,0.01475001112347049,1718.9276566666667,42.20482847426886,1626.2851,1786.6257,-3.7416750834260686
motor-0129,failure,90,119,FAILURE,63.45841,2.6136290511279525,59.5245,70.5652,0.18169719688542607,2.8401933333333336,0.23150869520507333,2.394,3.3262,0.006870433815350353,1688.29838,44.07450223353183,1619.8573,1781.6478,-4.149114660734224
motor-0129,failure,100,129,FAILURE,65.15322666666665,3.0835652651796144,59.5245,70.5652,0.2877483870967736,3.027166666666666,0.31964912360621645,2.5871,3.7903,0.021903092324805296,1655.5018733333334,28.57979244820759,1610.4875,1737.7696,-2.1024365739710946
motor-0129,failure,110,139,FAILURE,65.38645,2.856900536099685,59.5245,70.5652,-0.08496416017797677,3.30224,0.3915750533422679,2.6817,4.0762,0.031885250278086655,1633.9186200000001,25.243133675231377,1575.438,1673.3866,-1.975853971078971
motor-0129,failure,120,149,FAILURE,66.27396333333334,3.192994640718264,61.0687,73.0088,0.05024091212458206,3.55284,0.3064176687681919,2.7592,4.0762,0.020393993325917608,1624.40118,21.668904176606006,1575.438,1656.5232,-0.7229688097886816
motor-0129,failure,130,159,FAILURE,67.18073333333334,3.7928683809955173,61.0687,73.0088,0.35359612903225823,3.7524,0.20073631792312363,3.1853,4.1169,0.008828164627363654,1614.659,21.331388785168205,1575.438,1656.5232,-0.2747805116796693
motor-0129,failure,140,169,FAILURE,69.33845,2.580751803221946,63.6503,73.7949,0.06507428253615033,3.8203699999999987,0.1935612481016453,3.1853,4.2541,0.007138754171301357,1593.1376466666666,38.25187522702413,1524.5797,1656.5232,-3.700159110122416
motor-0129,failure,150,179,FAILURE,70.36496000000001,1.9597328752664211,66.1542,73.7949,0.02937779755283401,4.093046666666667,0.3807921530470688,3.4981,5.0883,0.02788320355951044,1571.6358733333336,33.79339585803645,1508.476,1634.2294,-2.2004905895439912
motor-0129,failure,160,189,FAILURE,70.79223666666665,2.069274155589077,66.1542,74.6491,0.10446106785316843,4.29621,0.3872528599851352,3.4981,5.0883,0.029832324805339143,1546.4611566666667,27.894860583647343,1476.4406,1616.0726,-1.0376344605117174
motor-0129,failure,170,199,FAILURE,72.09347333333332,1.5343149722125358,68.5443,74.8274,0.11375630700778473,4.5554733333333335,0.2903200979761631,4.0697,5.0883,0.011493615127919783,1546.5142433333333,30.829793756091245,1476.4406,1616.0726,-1.2411433815350914
motor-0129,failure,180,209,FAILURE,73.73181,2.1786097969959344,69.8671,77.8615,0.21405804226918534,4.68749,0.276631492964919,4.1731,5.1409,0.023232502780867564,1537.5933900000002,26.67626254954456,1476.4406,1582.95,-0.0708263626251508
motor-0130,degrading,0,29,NORMAL,54.41105,2.0216054068899467,51.0886,57.9139,-0.14062916573971254,1.5788933333333335,0.15568255721891977,1.2152,1.8158,-0.0011159065628476292,1795.645726666667,20.33859580249553,1745.6198,1829.1742,-1.3271792213570925
motor-0130,degrading,10,39,NORMAL,54.13751666666667,1.8301376596827055,51.0886,57.9139,-0.043829254727476064,1.6598599999999997,0.2135222355321962,1.2152,1.9856,0.017461490545049998,1799.9923266666667,24.494423585923037,1745.6198,1838.8752,1.7606005784204388
motor-0130,degrading,20,49,DEGRADATION,54.075849999999996,1.5587199807855165,51.0886,56.3412,0.15765817575083238,1.7029400000000003,0.15564154886576184,1.3981,1.9856,-0.0008254505005562088,1806.4890133333333,19.772023918350452,1759.0656,1838.8752,0.8756200222468746
motor-0130,degrading,30,59,DEGRADATION,55.369730000000004,1.3282770015198886,53.1898,60.0577,0.092628987764182,1.7791333333333335,0.15098031954161736,1.3981,1.9936,-0.000556351501668542,1814.7826600000003,13.386209124284084,1781.4743,1838.8752,-0.570218109010046
motor-0130,degrading,40,69,DEGRADATION,57.08342666666667,2.34969390445271,53.1898,61.4666,0.20439350389321426,1.8291566666666668,0.20542349051546066,1.3981,2.2621,0.019385517241379272,1804.3226700000002,13.23942096010118,1777.9428,1835.9884,-0.40015041156846565
motor-0130,degrading,50,79,DEGRADATION,57.42652000000001,2.148653390288904,53.1898,61.4666,0.015636573971077726,1.91004,0.12416148517152976,1.7025,2.2621,-0.00020760845383765614,1799.6293966666665,15.302893078597556,1771.1712,1835.9884,-1.090618576195819
motor-0130,degrading,60,89,DEGRADATION,57.363863333333335,2.105933380156066,53.9166,61.4666,-0.17454885428253755,1.9942966666666666,0.15125584613127815,1.7025,2.2621,0.005602602892102304,1789.8503166666667,11.859227487097234,1771.1712,1818.6602,-0.7105012013348498
motor-0130,degrading,70,99,DEGRADATION,56.93412333333333,1.5756024736976701,53.9166,60.6551,0.09787552836484846,2.0192666666666663,0.15361110709262604,1.7025,2.2696,0.012784204671857572,1778.938746666667,18.715777332467084,1726.9039,1812.1627,-1.4405986206896741
motor-0130,degrading,80,109,DEGRADATION,56.706970000000005,1.7385872268693705,53.9166,60.6551,-0.007025428253616418,2.0361233333333337,0.13870010738600344,1.7576,2.2696,-0.010538620689655229,1763.7685199999999,22.026961869466547,1720.2191,1796.7614,-1.7716355061179414
motor-0130,degrading,90,119,DEGRADATION,57.70666666666666,1.7461319360867953,54.335,60.9966,0.013164627363736265,2.092096666666667,0.21149551844477044,1.7576,2.5044,0.008700088987764159,1748.6083366666667,20.34980050281383,1718.0741,1796.2816,-1.2985996662959067
motor-0130,degrading,100,129,DEGRADATION,58.169996666666655,2.1322055000215676,54.335,61.4153,0.1737730144605101,2.1444466666666666,0.24589481319368153,1.7576,2.6649,0.015387319243603955,1746.1887800000002,17.780341930334163,1712.392,1776.3714,0.3431846051167761
motor-0130,degrading,110,139,DEGRADATION,58.842556666666674,1.658088399670604,55.1097,61.4153,-0.0358150166852074,2.28571,0.17668146167609095,1.9131,2.6649,0.002146051167964358,1735.9538833333334,26.76601732960512,1665.8274,1768.1325,-1.012842024471677
motor-0130,degrading,120,149,DEGRADATION,59.36922666666666,1.8466912508471898,55.1097,62.0801,0.04431461624026525,2.37752,0.2097617893389229,2.0165,2.8324,0.013797419354838676,1741.1025633333334,27.430310055915424,1665.8274,1768.1325,-0.07552496106788592
motor-0130,degrading,130,159,DEGRADATION,59.95937,2.06359938055654,55.1097,63.4106,0.21148037819799717,2.38905,0.1853375348744375,2.0888,2.8324,0.0006478086763069827,1730.58429,24.26707668058858,1665.8274,1766.5062,0.6987993103447948
motor-0130,degrading,140,169,DEGRADATION,61.02652,0.9984920588567542,58.744,63.4106,0.034917686318130296,2.4228400000000003,0.19130219479486726,2.0888,2.8324,-0.004274037819799806,1736.5088666666668,17.93421132326579,1706.091,1766.5062,-0.8228363515016932
motor-0130,degrading,150,179,DEGRADATION,61.77683666666666,1.1240317820190358,60.2504,64.5155,0.06021670745272386,2.5189899999999996,0.2773842970200969,2.0888,3.0175,0.0248315684093437,1739.1528533333333,24.782563023703215,1706.091,1795.6751,1.5031751279198584
motor-0131,failure,0,29,NORMAL,54.09892666666667,1.7543834069616084,50.856,57.3058,-0.1595024249165748,1.4796566666666668,0.11178210853660299,1.2586,1.7695,-0.0067731034482758756,1805.786466666667,15.878362002640209,1780.7686,1843.1287,-0.4707354393771097
motor-0131,failure,10,39,DEGRADATION,54.59269,2.30343877284232,50.856,58.6416,0.08024295884315813,1.5595,0.1949346711080407,1.2586,2.0015,0.011622825361512755,1802.1663733333332,16.991245218090675,1765.4143,1832.2827,-0.2690961067853601
motor-0131,failure,20,49,DEGRADATION,54.83462666666666,2.2746383296300583,50.856,59.0177,0.16482206896551613,1.6362666666666665,0.2170758213671486,1.2586,2.0015,0.01703408231368187,1787.7040533333331,26.06253436802508,1743.3125,1830.1664,-1.972583537263687
motor-0131,failure,30,59,DEGRADATION,56.50421666666667,1.5013866006869194,53.7497,59.7334,0.04479147942157772,1.8737099999999998,0.2170404622030955,1.4701,2.358,0.017061512791991036,1772.2015133333334,28.454762846721366,1733.1934,1830.1664,-2.4969607563960303
motor-0131,failure,40,69,DEGRADATION,57.504493333333336,2.0656648450209816,54.4294,61.6759,0.20045281423804098,2.1093933333333337,0.33065366667994,1.4701,2.7104,0.03453165739710787,1754.8269999999998,18.823424769153974,1706.9788,1784.7818,-0.6785494104560948
motor-0131,failure,50,79,DEGRADATION,58.93551333333333,1.658143319445645,55.2806,61.8251,0.15186954393770635,2.312523333333333,0.19733033502789737,1.9324,2.7104,0.012247230255839776,1734.7601233333332,31.295394011064776,1672.9658,1784.7818,-2.8278516796441036
motor-0131,failure,60,89,FAILURE,60.533436666666674,1.6817389685448276,58.1729,65.3928,0.13370916573970976,2.515996666666666,0.2330794649661117,2.1395,3.2191,0.012900444938820907,1725.04501,30.860445656431573,1672.9658,1780.6129,-1.2736501668521054
motor-0131,failure,70,99,FAILURE,60.99167333333334,1.57935105448057,58.1729,65.3928,0.08024849833147882,2.61058,0.28910540223247294,2.1395,3.2191,0.018673815350389242,1718.12526,26.15064462905392,1672.9658,1777.8417,1.4979375750833979
motor-0131,failure,80,109,FAILURE,60.64622000000001,2.0667064086608913,56.3286,65.3928,-0.13575074527252584,2.6938866666666663,0.2603500268655428,2.1215,3.2191,-0.0037607563959955875,1706.388566666667,38.47910988889369,1628.9686,1777.8417,-2.360948787541746
motor-0131,failure,90,119,FAILURE,61.591029999999996,2.8179433875493904,56.3286,66.8571,0.15674493882091037,2.8554199999999996,0.3350550834315655,2.1215,3.4759,0.019071902113459344,1675.4414,46.57993100723388,1604.5636,1770.5214,-4.442009744160211
motor-0131,failure,100,129,FAILURE,63.11577666666667,3.3531485520013713,56.3286,68.0413,0.290820889877641,3.1556833333333327,0.4715439315576958,2.1215,3.9082,0.05103575083426025,1632.8119633333333,37.59319159663076,1546.134,1703.1566,-2.38787877641826
motor-0131,failure,110,139,FAILURE,64.79578666666666,1.6682948885480524,60.9345,68.0413,-0.015858064516130452,3.538263333333333,0.28870385228157625,2.8576,4.0249,0.028467030033370345,1612.0487833333332,34.72877745925878,1546.134,1666.8698,-0.6834907452725851
motor-0131,failure,120,149,FAILURE,65.81617333333334,2.3025264076565013,60.9345,70.103,0.129350700778641,3.801246666666666,0.2143959292731299,3.4555,4.2731,0.01752525027808672,1608.5148199999996,32.50422752697869,1546.134,1658.4864,1.624614460511643
motor-0131,failure,130,159,FAILURE,66.74601333333332,2.8081783220602086,60.9345,70.8236,0.2186436484983295,3.8179233333333333,0.3536989244007144,2.9514,4.4802,-0.005169410456062465,1607.4374166666664,25.634108885416484,1547.3179,1642.6565,0.21758271412677122
motor-0131,failure,140,169,FAILURE,67.20345999999999,2.2111241683210237,63.3915,70.8236,-0.12344578420467398,3.7728766666666673,0.4284039804385057,2.9514,4.4802,-0.01647098998887659,1595.4130866666667,27.740299017767548,1540.8166,1640.7444,-2.473920978865447
motor-0131,failure,150,179,FAILURE,68.07967333333333,2.684511710650976,63.3915,73.0826,0.06224026696329002,3.930006666666667,0.5637894044962375,2.9514,5.0092,0.03352137931034476,1577.6612866666667,23.991411137693028,1529.4772,1620.8966,-1.6961704560623077
motor-0131,failure,160,189,FAILURE,69.76464333333334,3.7183798288755945,63.3915,75.8221,0.3780920355951044,4.324016666666667,0.6168381208946873,3.1015,5.1579,0.06509572858731914,1560.587176666667,22.380334389186142,1508.0814,1602.1242,-0.8971873414906095
motor-0131,failure,170,199,FAILURE,72.28692333333333,2.0771591508088374,68.6783,75.8221,0.12211165739710633,4.700443333333333,0.2952501466929733,4.0035,5.1579,0.01647098998887644,1551.4289533333335,26.953563837443735,1494.3548,1602.1242,-1.506451568409386
motor-0131,failure,180,209,FAILURE,73.80067666666667,1.8231449290869772,69.6097,76.3878,0.08525426028920928,4.938663333333334,0.24353320989594465,4.2886,5.4184,0.014048431590656224,1521.9394900000002,38.219755426614554,1449.9851,1592.7733,-3.181869121245881
motor-0132,failure,0,29,NORMAL,54.84011,1.0474074493242829,52.6247,56.6015,-0.05016095661846571,1.6273900000000003,0.08915113141925532,1.4505,1.824,0.0027817352614015727,1800.9850366666665,13.469726161791705,1775.7921,1826.6206,0.06965790878750465
motor-0132,failure,10,39,DEGRADATION,55.326123333333335,1.4394641562478112,52.6247,58.6813,0.05441982202446979,1.6908,0.14110451918111386,1.5344,2.0871,0.010195595105672937,1805.280036666667,21.331073909791538,1751.677,1848.0997,1.091351924360335
motor-0132,failure,20,49,DEGRADATION,55.99984666666667,1.7689590139840878,52.6247,58.6813,0.17885152391545972,1.758603333333333,0.1439187582940073,1.5344,2.0871,0.010986496106785273,1788.7825566666663,38.38582247643596,1726.444,1848.0997,-3.130768209121306
motor-0132,failure,30,59,DEGRADATION,57.33099000000001,1.1852322032271425,54.8709,60.1024,0.05747788654059938,1.8779166666666667,0.2074408431068696,1.546,2.4742,0.014303426028920986,1763.9707966666663,42.693146960111235,1710.0016,1848.0997,-4.114052569521729
motor-0132,failure,40,69,DEGRADATION,57.86348666666666,0.8924292236113488,56.0992,60.1024,0.015452992213568962,2.1025066666666667,0.32066534157730375,1.67,2.6537,0.03209619577308117,1732.7987866666667,12.27613952396364,1706.1088,1753.4603,-0.7636672302558792
motor-0132,failure,50,79,DEGRADATION,58.32263333333332,0.950455195273413,56.0992,60.1024,0.038454060066738696,2.2914600000000003,0.2850459946511557,1.67,2.7216,0.018827586206896514,1727.2517733333334,15.226810365272025,1694.7546,1762.6057,-0.04710433815351956
motor-0132,failure,60,89,DEGRADATION,59.086733333333335,1.1411026977835468,57.2472,62.2725,0.10105472747497123,2.5583233333333335,0.2534084787891325,2.1433,3.2838,0.015775461624026644,1725.1056300000002,15.157518264635772,1694.7546,1762.6057,0.11125893214679508
motor-0132,failure,70,99,FAILURE,60.17097666666666,1.43124504626411,57.9011,63.0207,0.1187157508342593,2.8012733333333335,0.37573663288118303,2.1433,3.4361,0.03674184649610671,1723.7931666666666,20.93215775050969,1678.771,1770.2093,-0.20898358175754445
motor-0132,failure,80,109,FAILURE,60.97873666666667,1.3182829667117075,58.8178,63.8281,0.05548055617352377,2.9148533333333337,0.26300285009017593,2.4985,3.4361,-0.00051208008898783,1702.83795,35.94908960869296,1628.8374,1770.2093,-2.9704923025584544
motor-0132,failure,90,119,FAILURE,62.04794666666667,1.5601184146795468,59.2841,66.3293,0.08420280311457072,2.9592866666666664,0.24563428877545215,2.5527,3.4361,-0.01081690767519477,1689.884456666667,32.62055305431108,1628.8374,1770.2093,-1.6186408231368825
motor-0132,failure,100,129,FAILURE,62.897923333333324,1.8426411540111536,59.2841,66.8153,0.1006790433815337,2.944863333333333,0.22822169409492066,2.5527,3.4246,0.019437931034482662,1652.8540133333333,39.3475495331347,1543.927,1716.8796,-2.4807678754171762
motor-0132,failure,110,139,FAILURE,63.68073,1.5151122427397918,61.7103,66.8153,-0.003666229143494323,3.1947566666666654,0.27552443773445745,2.5779,3.733,0.02604220244716345,1627.9576566666663,48.593686924007486,1543.927,1716.8796,-4.655066095661885
motor-0132,failure,120,149,FAILURE,64.43419999999999,2.4087722960047495,61.6679,70.5546,0.0806111234705226,3.55586,0.3913600631984141,2.9653,4.3287,0.04037855394883196,1608.9106133333332,34.08729465096671,1543.927,1680.7587,1.0275616907674556
motor-0132,failure,130,159,FAILURE,65.01544666666665,2.4064329283171144,61.6679,70.5546,0.10201757508342445,3.748816666666666,0.2940439593930737,3.2665,4.3287,0.01032260289210226,1601.6243933333333,39.97620553353318,1528.1844,1680.7587,0.10114776418238791
motor-0132,failure,140,169,FAILURE,65.74053333333333,2.3781953148460175,61.6679,70.5546,0.05003208008898598,3.8974366666666667,0.2658245906399348,3.2665,4.3992,-0.0018486095661846798,1593.7763299999997,47.286914536836726,1508.0308,1680.7587,-2.708757575083473
motor-0132,failure,150,179,FAILURE,67.14021333333334,2.5160418091032497,62.5978,71.9247,0.18013490545049854,3.979700000000001,0.33225933445628486,3.2665,4.7168,0.024858064516128885,1578.4505666666669,36.534964674635845,1508.0308,1670.7318,-0.4147652057842588
motor-0132,failure,160,189,FAILURE,68.60024666666666,2.604910520757969,62.5978,73.5373,0.1812343937708548,4.1496200000000005,0.28595059643232085,3.5866,4.7168,0.017278887652947654,1561.2088433333333,36.949636762596064,1481.876,1628.5468,-1.4465947274749944
motor-0132,failure,170,199,FAILURE,70.19302333333333,1.8204340941440924,66.9915,73.8841,0.029559577308118742,4.27024,0.3085545166309081,3.6216,5.0802,0.0062787986651834625,1549.4758166666668,37.158274037564276,1481.876,1613.7867,-2.630527007786461
motor-0132,failure,180,209,FAILURE,71.48326333333333,2.5326542595313364,66.9915,76.0019,0.14865768631812945,4.430506666666667,0.401123913467591,3.6216,5.119,0.025956440489432617,1521.5089699999999,32.17314244407542,1470.6177,1596.6518,-1.6715491212458582
motor-0132,failure,190,219,FAILURE,72.32726666666667,2.166748359844514,66.9915,76.0019,0.08611350389321303,4.709173333333334,0.4664947644817559,3.6216,5.4175,0.037342113459399286,1506.6166433333335,27.833562721370342,1458.8102,1560.0305,-1.5035348387097072
motor-0133,degrading,0,29,NORMAL,55.99455666666666,1.215879795232882,54.2636,58.6262,-0.051020622914349695,1.4603300000000001,0.2112414103184632,1.0282,1.92,-0.008482736373748646,1805.450256666667,34.72102334792456,1744.5418,1854.6206,-0.8838265850945878
motor-0133,degrading,10,39,NORMAL,56.20578333333333,1.1550785884037884,54.2636,59.2312,0.054258932146827824,1.4553666666666667,0.20311809591685545,1.0282,1.92,0.004846985539488272,1801.6982933333334,32.283913031198,1744.5418,1851.2325,2.140478398220193
motor-0133,degrading,20,49,NORMAL,56.16845,1.4402101380817085,53.4135,59.2312,0.004794905450498264,1.439843333333333,0.1523116337936432,1.1303,1.7005,-0.0029571746384872413,1813.0388333333333,20.762155383988667,1770.8553,1851.2325,0.10112226918792386
motor-0133,degrading,30,59,DEGRADATION,56.33549333333334,1.5814564592875213,53.4135,59.2312,-0.07182447163515093,1.4278933333333335,0.15054996276614913,1.1303,1.7005,-0.008458509454949983,1818.808656666667,14.223228659360563,1787.5933,1839.6905,0.03640718576190932
motor-0133,degrading,40,69,DEGRADATION,56.58104,1.7911065947434102,53.4135,59.5868,0.08537766407118792,1.4545700000000004,0.17205604542318953,1.1303,1.7364,0.01100131256952167,1810.1820500000001,19.716223163894757,1767.9744,1839.3609,-0.6551972191323981
motor-0133,degrading,50,79,DEGRADATION,57.00013333333334,1.4306667639794937,54.1193,59.5868,0.056424649610677426,1.5520866666666666,0.18390292137127373,1.1806,1.9109,0.013772858731924346,1796.8156966666663,29.11190857815731,1752.2536,1839.3609,-2.943808164627402
motor-0133,degrading,60,89,DEGRADATION,57.71378666666667,1.2511451260700694,55.5346,60.3385,-0.0008976640711909204,1.7746366666666669,0.26543953923424607,1.2453,2.4657,0.021329143492769705,1779.1380566666664,20.748688905931445,1752.2333,1835.8158,-1.194242469410498
motor-0133,degrading,70,99,DEGRADATION,57.72626000000001,1.1521053697759884,55.5346,60.3385,0.05312680756395851,1.9042233333333334,0.26936371406623344,1.2453,2.4657,0.01884407119021129,1775.51104,15.37090361478683,1752.2333,1813.8805,0.8241469632925162
motor-0133,degrading,80,109,DEGRADATION,57.65085999999999,1.212257536059617,55.5346,60.3385,-0.03471034482758659,1.9768399999999997,0.19076135981901574,1.5585,2.4657,-0.005613793103448328,1771.4205733333333,18.8658641085062,1737.0828,1813.8805,-1.071414282536224
motor-0133,degrading,90,119,DEGRADATION,58.08241999999999,1.3633947939854645,55.6046,61.8158,0.06525285873192355,2.0167033333333335,0.17932017265835495,1.6625,2.4481,0.006617864293659557,1768.41782,18.653339576000874,1737.0828,1813.8805,-1.2247581757508803
motor-0133,degrading,100,129,DEGRADATION,59.05961666666667,1.9709934611904616,55.6046,62.1214,0.19577875417129956,2.0392900000000003,0.17886819421015018,1.6625,2.4481,0.011420800889877574,1750.4337733333332,18.83112218036822,1713.096,1783.7608,-1.2693551056730106
motor-0133,degrading,110,139,DEGRADATION,58.92585999999999,2.222790640403784,54.8137,62.1214,-0.12797121245828824,2.120276666666667,0.18285642944367278,1.7467,2.4915,-9.657397107903412e-05,1745.5440533333328,21.184077673663836,1700.1527,1783.7608,-1.182319866518376
motor-0133,degrading,120,149,DEGRADATION,58.95403666666667,2.267249491268121,54.8137,62.1214,-0.07557421579532932,2.24796,0.26617124262399194,1.7467,2.6996,0.02118224694104556,1742.0752033333333,19.805317000820477,1700.1527,1783.5645,0.8279063626251141
motor-0133,degrading,130,159,DEGRADATION,58.34614666666666,1.8931596169249851,54.8137,61.1136,0.11745552836484802,2.2970033333333335,0.2593377572244779,1.7467,2.6996,0.004937152391546112,1743.6091533333336,18.515343418558434,1700.1527,1783.5645,-0.25890794215800755
motor-0133,degrading,140,169,DEGRADATION,58.73140666666667,1.5644877604577871,55.9742,61.1136,-0.056334727474972535,2.266276666666667,0.26152001412681375,1.7928,2.6996,-0.02466391546162405,1740.1285099999998,18.52725315475104,1708.9702,1783.5645,-1.3162434037820199
motor-0133,degrading,150,179,DEGRADATION,59.764443333333325,2.3765960320990374,55.9893,63.9024,0.16204745272524895,2.2514066666666666,0.2772952529144502,1.7928,2.8234,0.013036262513904271,1738.86363,16.230352509873786,1708.9702,1767.7866,0.6365654949944126
motor-0133,degrading,160,189,DEGRADATION,59.97262,2.465041062321951,55.9893,63.9024,0.10476467185761741,2.2603066666666662,0.2872709730473226,1.7928,2.8234,0.012797285873192392,1734.245693333333,19.29177784338763,1689.4317,1767.7866,-0.02479612903227981
motor-0133,degrading,170,199,DEGRADATION,60.66832000000001,1.8309149524031232,57.5319,63.9024,-0.12379408231368208,2.37823,0.2498220795552974,1.9785,2.8234,-0.002261868743047891,1729.55555,22.1237696667295,1689.4317,1767.7866,-1.2834916351501955
motor-0133,degrading,180,209,DEGRADATION,60.79348000000001,1.8585606386663842,57.5319,64.0414,0.11021566184649413,2.4226033333333334,0.24933347881011803,1.9785,2.85,0.017423826473859802,1720.0906133333333,20.07575896524188,1689.4317,1753.9898,0.02720391546157478
motor-0133,degrading,190,219,DEGRADATION,61.15195333333334,1.6251420936302428,58.623,64.0414,0.035125205784202945,2.4921633333333335,0.18680336806980286,1.9824,2.85,0.007165494994438211,1707.0921299999998,26.04069531840693,1660.8166,1753.9898,-1.388889321468346
motor-0134,failure,0,29,NORMAL,55.24502333333334,1.0769015942921103,52.9341,57.604,-0.09749506117908958,1.5081366666666665,0.11839380187417847,1.2543,1.715,-0.007855372636262549,1807.6480199999999,19.087894200607895,1776.1522,1838.5328,-1.734096685205853
motor-0134,failure,10,39,DEGRADATION,55.1428,1.168066986378207,52.9341,57.604,-0.0007309010011144073,1.5168799999999998,0.1359421602496199,1.2543,1.8652,0.005017842046718564,1797.19268,15.234534426282956,1757.1721,1829.0649,-0.166718843159131
motor-0134,failure,20,49,DEGRADATION,55.691536666666664,1.5833379774984522,52.9341,58.4008,0.1467236262513888,1.6104133333333333,0.19076480411461882,1.2543,1.9349,0.01843497219132369,1781.420816666667,26.64710645975262,1741.531,1829.0649,-2.190212258064595
motor-0134,failure,30,59,DEGRADATION,56.575889999999994,1.1272138059096568,54.3333,58.4008,0.06557777530589479,1.8651300000000002,0.26750506431343185,1.3757,2.4234,0.026222536151279154,1769.0755633333333,26.870294612954833,1726.2408,1829.0649,-2.27733750834264
motor-0134,failure,40,69,DEGRADATION,58.26317666666667,1.9488189226098518,55.6526,61.7261,0.16716709677419217,2.126716666666667,0.28664014034247814,1.6076,2.6391,0.027392636262513866,1753.64918,13.972984926621798,1722.1104,1775.4065,-0.1512280756396154
motor-0134,failure,50,79,DEGRADATION,59.11594,1.8805436693679842,55.6526,61.7261,0.1548299443826459,2.3227800000000003,0.16600364534150047,1.9715,2.6391,0.00858429365962174,1742.3341066666667,24.314042276222903,1690.0032,1775.4065,-2.2563102558398795
motor-0134,failure,60,89,FAILURE,60.23933,1.149014943085308,56.7242,62.1963,-0.03390956618465064,2.5263666666666666,0.23147353964450354,2.1698,2.9985,0.018615038932146777,1731.981176666667,23.688380311630752,1690.0032,1775.4065,-1.3000600444939197
motor-0134,failure,70,99,FAILURE,61.383043333333326,2.8556396555685297,56.7242,68.6849,0.21060184649610644,2.66399,0.2758682685026798,2.1698,3.3009,0.01923254727474968,1715.21288,24.335585557990296,1672.7852,1761.6899,-0.5714471635150644
motor-0134,failure,80,109,FAILURE,62.087826666666665,2.804884507656043,56.7242,68.6849,0.09802411568409226,2.8339966666666667,0.2229490262867775,2.4481,3.3009,0.005257597330367015,1707.8640566666663,30.64787369552937,1642.0594,1761.6899,-1.489664671857677
motor-0134,failure,90,119,FAILURE,63.44847,2.431329882615684,59.6989,68.6849,0.04081399332591615,3.003313333333333,0.3488266778151516,2.4481,3.8095,0.02490723025583978,1695.8451800000003,29.436950017219267,1642.0594,1755.5665,-0.6676135706340718
motor-0134,failure,100,129,FAILURE,63.71530666666667,1.9396781751849672,59.6989,67.7987,0.1309068743047821,3.2836266666666662,0.40144616819139717,2.5435,3.936,0.03889187986651831,1665.51588,46.865388421246074,1553.0929,1738.3307,-3.8397612458287527
motor-0134,failure,110,139,FAILURE,64.20077333333333,1.3772199920935722,61.1906,67.7987,-0.029463270300333553,3.494223333333333,0.3309650512096741,2.7677,4.3776,0.016266407119021026,1643.5543766666665,46.1355243434578,1553.0929,1734.5618,-2.347345116796473
motor-0134,failure,120,149,FAILURE,65.33893000000002,2.160748654540827,61.1906,70.0608,0.12279552836484811,3.734366666666667,0.3493142427989764,3.1054,4.4911,0.01738585094549493,1625.9792033333333,35.8205399336608,1553.0929,1698.4611,1.1093335928809551
motor-0134,failure,130,159,FAILURE,65.95940666666667,2.204563469250897,61.1906,70.0608,0.17321156840934174,3.78671,0.34886792472223643,3.1054,4.4911,0.01697706340378188,1619.4461833333332,37.349831537648484,1557.8945,1698.4611,-1.339553437152426
motor-0134,failure,140,169,FAILURE,67.45943333333334,1.2657426313784683,63.6127,70.0608,0.037053837597328255,3.8790266666666664,0.24965770825049424,3.4746,4.4911,-0.010585094549499564,1590.0246133333335,46.643882333554615,1508.8268,1698.4611,-4.556588921023419
motor-0134,failure,150,179,FAILURE,68.30761000000001,1.951615273792455,63.6127,72.4991,0.1815080533926565,4.162090000000001,0.5954507515879602,3.4746,5.5099,0.052571234705227975,1555.8984266666664,33.49715104344381,1506.3823,1617.0881,-2.735464827586256
motor-0134,failure,160,189,FAILURE,69.91149666666666,2.1483485790227084,66.8051,73.5954,0.1760668520578405,4.4697000000000005,0.5753547149367945,3.4746,5.5099,0.04572716351501657,1538.0577866666665,25.46556011329462,1504.4237,1593.0525,0.0772156618464739
motor-0134,failure,170,199,FAILURE,71.27122333333334,1.8601297667426924,66.8245,74.0546,0.08582271412680607,4.765886666666668,0.32961668518986653,3.9339,5.5099,-0.004812680756396169,1531.617893333333,28.58429136324045,1471.6072,1593.0525,-0.46445753058958794
motor-0134,failure,180,209,FAILURE,72.08280333333333,1.5104126249656262,68.6243,75.463,0.018138576195770136,4.769310000000001,0.23900794596275116,4.3697,5.3997,0.005144760845383653,1516.91491,33.762613366793246,1443.5218,1593.0525,-1.964830678531734
motor-0135,failure,0,29,DEGRADATION,54.127430000000004,1.476608398583276,51.5993,56.8892,-0.14602302558398247,1.36723,0.12338414039089464,1.1465,1.5954,-0.005656573971079006,1779.4820733333336,12.77816399315472,1748.8589,1803.7302,0.28982367074523185
motor-0135,failure,10,39,DEGRADATION,54.59815999999999,2.082006979110941,51.5993,58.9378,0.12635893214682833,1.4473900000000002,0.2213245540678515,1.1465,1.8576,0.018762424916573962,1777.4837033333338,16.925786879974673,1733.9565,1802.796,-0.4640517241379774
motor-0135,failure,20,49,DEGRADATION,55.16003333333334,2.150640721170218,51.5993,58.9378,0.1619359288097878,1.5812733333333333,0.24901309327467547,1.2058,1.9848,0.014961334816462706,1759.7251633333333,28.780806040849342,1713.7759,1802.796,-2.7074588876530146
motor-0135,failure,30,59,DEGRADATION,56.77964666666666,1.3010125315136498,54.2841,59.8354,0.037111368186873286,1.8045799999999999,0.26737474625202234,1.2771,2.348,0.014812814238042229,1736.3693733333334,29.982801818575194,1694.6552,1800.8484,-2.863581312569556
motor-0135,failure,40,69,DEGRADATION,57.81752666666667,2.087347802504944,54.2841,62.0485,0.21376622914349117,2.0210133333333333,0.34348224479423806,1.2771,2.5612,0.02929428253615125,1713.4380466666667,15.558382875366215,1683.7695,1743.4339,-1.1357389543938308
motor-0135,failure,50,79,FAILURE,59.738976666666666,2.24558054211427,56.2013,64.8133,0.22635512791991058,2.165316666666667,0.23196934004782233,1.626,2.5612,0.008899466073414875,1698.4170066666663,21.20675042900151,1642.4573,1730.1187,-1.240121423804255
motor-0135,failure,60,89,FAILURE,62.05941666666666,2.707885421884677,58.3051,69.8531,0.23349150166851906,2.4218666666666664,0.34950282052589443,1.8207,3.4037,0.022377352614015536,1681.8062599999998,26.634376494743268,1617.5503,1729.7727,-1.919336373748631
motor-0135,failure,70,99,FAILURE,64.28739999999999,3.010084637901953,59.3427,70.055,0.26026794215795135,2.6565166666666666,0.46868607552272007,1.8207,3.4414,0.043569899888765244,1671.9173300000002,24.424600699160518,1617.5503,1719.359,-0.5076552836485457
motor-0135,failure,80,109,FAILURE,65.10874666666668,2.6160892816993497,60.7656,70.055,-0.01685463848720958,3.0567233333333332,0.3594891094162504,2.3175,3.7367,0.028328609566184586,1647.8204933333334,34.82269033934563,1586.8186,1705.2585,-2.717505183537317
motor-0135,failure,90,119,FAILURE,64.93142666666667,2.193615261911005,60.8611,70.055,-0.15582020022247117,3.3698400000000004,0.3578694851478678,2.6651,4.0224,0.03207559510567292,1634.0189166666669,35.5622701935547,1578.1269,1705.2585,-2.5716861179088575
motor-0135,failure,100,129,FAILURE,65.22899666666666,2.5812678892982457,60.8611,70.6364,0.16525034482758566,3.5895966666666665,0.2944587797789172,2.9356,4.1943,0.021370166852057733,1589.69034,42.504311862747926,1505.8575,1666.6474,-3.2933774416017916
motor-0135,failure,110,139,FAILURE,66.96963666666666,2.7253452134220018,60.8611,70.6364,0.27594685205784,3.6844299999999994,0.22174311736782276,3.3326,4.1943,-0.001493014460511747,1579.9276499999999,40.95598392234238,1505.8575,1666.6474,-1.949913659621835
motor-0135,failure,120,149,FAILURE,68.73769,1.6139890448512952,64.5553,73.2012,0.08878284760845237,3.9140200000000003,0.4176153911595373,3.3326,4.6817,0.03389254727474959,1573.232766666667,31.72735330095398,1505.8575,1628.5291,2.6852289655172297
motor-0135,failure,130,159,FAILURE,70.61538333333334,2.24916118617339,67.7389,74.6515,0.183982002224693,4.007553333333333,0.39873315699711864,3.3326,4.6817,0.019354037819799684,1578.5716233333335,26.762451820597246,1526.2915,1628.5291,-1.3797345272525123
motor-0135,failure,140,169,FAILURE,70.79866,2.2234908755678164,67.154,74.6515,0.042169833147940754,4.315613333333333,0.3240270346059963,3.5242,4.915,0.009051167964404843,1558.8483066666665,41.20707140439961,1475.4353,1628.5291,-3.423930189099049
motor-0135,failure,150,179,FAILURE,72.64033333333332,2.270862605315923,67.154,76.1777,0.05790135706340246,4.43059,0.3778550404145308,3.5242,4.9499,0.035680378197997714,1529.5716133333335,31.66533618708564,1475.4353,1594.4559,-1.9559833592881435
motor-0136,failure,0,29,NORMAL,54.46784666666667,1.0215762316907897,53.2323,56.4054,-0.07760084538376115,1.1966933333333334,0.17823177594232617,0.8319,1.4818,-0.01386878754171306,1790.237516666667,12.567412842800588,1767.5744,1816.7952,-0.09004438264742134
motor-0136,failure,10,39,DEGRADATION,54.164410000000004,0.9035530540962525,53.2323,56.5273,0.05942778642936463,1.2624666666666664,0.2649772937861322,0.8319,1.8054,0.020169833147942146,1784.2683466666667,18.541386922966552,1739.2455,1812.4904,-0.31589179087882824
motor-0136,failure,20,49,DEGRADATION,54.84549,1.1993816696809512,53.2323,56.6714,0.10856843159065505,1.361503333333333,0.2696657406040959,0.8319,1.8054,0.0205368854282536,1772.6458266666668,27.617971677067246,1727.7858,1812.4904,-2.6131829588432316
motor-0136,failure,30,59,DEGRADATION,56.09385333333333,1.548370983697239,53.3184,60.101,0.14352832035595037,1.6430566666666666,0.2560344634137279,1.2344,2.2779,0.01740794215795324,1749.4635833333336,30.965943456492994,1698.3625,1812.4904,-2.671027519466111
motor-0136,failure,40,69,DEGRADATION,57.898983333333334,2.0271737659581355,54.9731,61.3021,0.20045208008898657,1.89491,0.39731239124061224,1.3051,2.5571,0.0422138153503893,1729.9666766666667,18.438822807122342,1698.3625,1760.3989,-0.9049596218020775
motor-0136,failure,50,79,FAILURE,59.23806666666667,1.6870185265399102,55.3104,62.1178,0.1267667630700761,2.195666666666667,0.28499708692468345,1.4843,2.5571,0.026034527252502736,1715.055123333333,18.717523630040446,1674.9775,1759.1909,-0.8565469855395107
motor-0136,failure,60,89,FAILURE,60.15500333333333,1.3561261501014161,57.9144,62.7714,0.023626407119019175,2.4356333333333335,0.18066440773495546,2.0723,2.7583,0.01404929922135698,1708.2782333333334,18.72731931311995,1642.6862,1739.7767,-0.6131425583982751
motor-0136,failure,70,99,FAILURE,61.27957000000001,2.3661553596710427,57.9144,65.7634,0.21112286985539397,2.5185866666666663,0.24342192140853347,2.1189,3.0802,0.007198531701890935,1704.0061566666666,26.88132667098955,1627.9444,1764.8932,0.0602946162402301
motor-0136,failure,80,109,FAILURE,62.60991666666667,2.507197665533286,57.9144,66.8326,0.18383899888765123,2.61892,0.23730791165347465,2.1189,3.0802,0.0015485650723025188,1682.72046,44.416207277131015,1588.8458,1764.8932,-3.627011523915517
motor-0136,failure,90,119,FAILURE,64.15628333333332,2.1256457698126052,59.701,68.0348,0.07904197997775132,2.7949166666666665,0.35446065797991677,2.1189,3.4978,0.02463125695216902,1679.7923899999998,45.80361978776604,1588.8458,1764.8932,-0.9315859176863669
motor-0136,failure,100,129,FAILURE,65.05225,2.105805904913049,60.4323,68.0348,0.1015884093437138,3.1611266666666675,0.45504786629784594,2.316,3.8328,0.04690433815350387,1646.903103333333,51.38736399703389,1546.3062,1741.4817,-1.650744671857665
motor-0136,failure,110,139,FAILURE,65.64638666666667,1.8103266778371492,60.4323,68.4849,0.05093441601779637,3.37931,0.31747828308930576,2.7325,3.8328,0.011811813125695136,1627.3395999999998,62.57082486222045,1521.0532,1741.4817,-5.411827185762016
motor-0136,failure,120,149,FAILURE,67.3178,2.2570661301787314,63.585,71.9896,0.16077570634037672,3.6761833333333334,0.35555997626592084,2.8419,4.329,0.018301913236929826,1587.5762833333335,36.13404063411748,1521.0532,1690.2567,-1.9137232258064802
motor-0136,failure,130,159,FAILURE,68.10942333333334,2.2597946083192793,63.585,71.9896,0.15216976640711674,3.8477533333333325,0.45408640494464875,2.8419,4.5838,0.04068698553948823,1573.5560000000003,22.00323735308056,1521.0532,1615.0549,-0.4893100333704575
motor-0136,failure,140,169,FAILURE,69.00649999999999,1.4336159920518003,66.7628,71.9896,-0.050277330367075296,4.059573333333334,0.24824997741971477,3.517,4.5838,-0.004389766407119131,1557.5257866666664,27.600970927351266,1492.0339,1610.2153,-2.509224293659676
motor-0136,failure,150,179,FAILURE,69.95638666666667,2.6121193749818485,66.7628,76.8054,0.21272912124582638,4.229443333333333,0.34099065449885213,3.517,4.845,0.015367408231368094,1539.8356133333336,27.388598472998865,1492.0339,1603.114,-2.196875862068988
motor-0136,failure,160,189,FAILURE,71.83390000000001,3.15081246897791,67.0611,77.1477,0.2711314349276965,4.544433333333334,0.5706928235827824,3.6951,5.8368,0.058546162402669515,1504.1994433333336,40.83956346678779,1402.8213,1561.4233,-3.3236730367074876
motor-0137,failure,0,29,NORMAL,55.46305666666665,1.4818951680608934,52.2099,58.1641,-0.011237931034484184,1.5161133333333332,0.13672789701528443,1.2378,1.8059,-0.009968720800889909,1797.5448433333338,17.69795187562077,1761.7118,1825.9579,-0.05844518353729007
motor-0137,failure,10,39,DEGRADATION,55.14111333333334,1.1554821818136745,52.2099,56.7795,-0.01573637374861001,1.5572033333333335,0.1801916821671362,1.2378,1.9454,0.010300355951056687,1799.4512766666664,25.639715087063447,1750.7497,1855.374,0.5989842714126552
motor-0137,failure,20,49,DEGRADATION,55.623160000000006,1.3049863277955571,52.2099,58.3373,0.08248685205784088,1.6464733333333332,0.20897034069190035,1.2378,2.0815,0.0167765072302558,1793.56875,28.371911732037038,1750.6411,1855.374,-1.4613594883204084
motor-0137,failure,30,59,DEGRADATION,56.06827333333332,1.1444734771743532,54.2501,58.3373,0.09388191323692897,1.7850333333333335,0.14304236746114382,1.5268,2.0815,0.004344471635150132,1775.4252766666666,32.654370506367485,1728.602,1855.374,-3.0742067408232074
motor-0137,failure,40,69,DEGRADATION,57.38743333333334,1.4185935199657755,54.8183,60.6604,0.11983292547274638,1.9445933333333334,0.23824543777840163,1.5268,2.4233,0.02012209121245823,1759.2048600000003,16.66900140427533,1728.602,1791.3116,-0.535635417130186
motor-0137,failure,50,79,DEGRADATION,58.56246333333332,1.7314063381123326,55.0185,61.6126,0.18374818687430416,2.103206666666667,0.26505148296552167,1.5268,2.6236,0.020188609566184602,1737.4545800000003,27.385118032055292,1686.7592,1791.2084,-2.155181045606276
motor-0137,failure,60,89,DEGRADATION,60.15114000000001,1.4226995666923734,57.6091,63.0415,0.13599123470522645,2.3909133333333332,0.26260161681824346,2.0063,2.8703,0.020661401557285804,1725.8276433333333,30.931132584400917,1674.3894,1791.2084,-1.9422079421579972
motor-0137,failure,70,99,FAILURE,60.96302,1.3067038869868968,58.4022,63.2954,0.04620449388208955,2.45869,0.29388953066302537,2.0063,3.0497,0.002817419354838642,1714.88292,26.78544368436457,1656.0414,1767.8167,0.785648142380349
motor-0137,failure,80,109,FAILURE,61.79429666666666,1.465452539771323,58.4022,65.1075,0.05077359288097666,2.5631433333333336,0.30919187428233336,1.9838,3.1836,-0.0029045828698554574,1699.6159266666664,40.97701254808548,1607.0574,1767.8167,-2.5917958175751186
motor-0137,failure,90,119,FAILURE,62.75883,2.0305558741635252,58.4022,67.3574,0.1398463403781967,2.75738,0.47210307871622,1.9838,3.5546,0.0386514349276974,1678.4684466666663,43.04329342310083,1607.0574,1767.8167,-4.041000978865455
motor-0137,failure,100,129,FAILURE,63.657433333333344,1.8256982056797402,60.9898,67.3574,0.08244040044493826,3.0223866666666677,0.3947121193421296,1.9838,3.5546,0.03321379310344819,1645.5170766666668,26.928789866271163,1594.5754,1695.1586,-1.4781327474972317
motor-0137,failure,110,139,FAILURE,63.364616666666684,2.1694251475269253,58.5304,67.3574,-0.10234560622914561,3.1970500000000004,0.24064381389652773,2.581,3.8007,-0.00414694104560633,1631.59208,26.158770519138194,1566.5544,1695.1586,-1.65045308120137
motor-0137,failure,120,149,FAILURE,63.818353333333334,2.4971340916783427,58.5304,69.8686,0.08286985539488202,3.34484,0.33835051115669973,2.581,3.8759,0.024254104560622873,1637.073513333333,34.4114362566452,1566.5544,1725.4625,1.4745231145717108
motor-0137,failure,130,159,FAILURE,65.39116666666668,3.38953694687375,58.5304,71.5407,0.3235916351501661,3.563976666666667,0.40044880961518947,2.581,4.0506,0.036501423804226885,1623.5286066666665,40.3633377793837,1557.2272,1725.4625,-1.725933081201379
motor-0137,failure,140,169,FAILURE,67.85905333333334,2.2622664702658017,62.9182,71.5407,0.19235977753058772,3.6498366666666664,0.32267830366412237,2.8371,4.0506,-0.010677085650723103,1627.022443333333,39.90472405269569,1557.2272,1725.4625,-2.024910278086784
motor-0137,failure,150,179,FAILURE,69.63526,1.8873055030209942,66.6217,74.0722,0.13612800889877488,3.6405499999999997,0.36662579628280384,2.8371,4.0538,-0.0018842046718576975,1601.53037,32.18266586997985,1531.7598,1661.5969,-0.43189973303671547
motor-0137,failure,160,189,FAILURE,70.45626,1.7623704721387794,66.7489,74.0722,0.09843733036707299,3.7857633333333336,0.501203281768541,2.8371,4.6435,0.050869299221357064,1573.152116666667,59.1599298535311,1472.0872,1661.5969,-5.848430634037853
motor-0137,failure,170,199,FAILURE,70.40627,1.8084303075964332,66.7489,74.0722,-0.07496909899888969,4.123986666666667,0.4272173831773338,3.2229,4.9794,0.038760266963292496,1546.793003333333,45.714210025742034,1472.0872,1625.5059,-1.6909395995551006
motor-0137,failure,180,209,FAILURE,71.18365666666666,2.1926664866752734,67.3019,75.7277,0.06844242491657211,4.484776666666666,0.31567914162255883,3.9971,5.169,0.022206206896551672,1530.0296,29.56780164985778,1472.0872,1585.6496,1.885032391546129
motor-0137,failure,190,219,FAILURE,71.57027000000001,2.3510030058324762,67.3019,75.7277,0.14833893214682767,4.609836666666666,0.3185945568517384,3.9971,5.169,0.017825517241379242,1519.220293333333,41.2068224337017,1428.5454,1585.6496,-3.4432706562848265
motor-0137,failure,200,229,FAILURE,73.26164,1.9803050247541842,70.2627,77.7452,0.06248836484983283,4.909626666666666,0.39052358949947635,4.1645,5.9425,0.027950344827586092,1500.6846433333335,36.62240399649449,1428.5454,1568.4325,-1.7997771968854586
motor-0138,degrading,0,29,NORMAL,57.37969999999999,1.8082588817238903,54.4235,60.298,-0.13802456062291532,1.5859833333333335,0.16263368466861008,1.2906,1.8839,-0.007816262513904366,1827.8474266666667,14.346120026751334,1807.5355,1865.5544,-0.08836961067856232
motor-0138,degrading,10,39,NORMAL,57.42272999999999,2.0378010195878633,53.9327,60.298,-0.032518375973305286,1.55057,0.164377093193263,1.2906,1.8403,-0.00047406006674085253,1830.844976666667,15.025843144367077,1809.1636,1859.8981,0.7909699443826036
motor-0138,degrading,20,49,DEGRADATION,56.75913333333334,1.7571137637867644,53.9327,59.6064,0.09153245828698431,1.5950666666666673,0.18667626939585963,1.2906,1.9239,0.011454816462736318,1821.0680633333338,23.689833343377277,1776.0062,1859.8981,-1.4281242936596472
motor-0138,degrading,30,59,DEGRADATION,57.58212,1.359189905397084,53.9327,59.6064,-0.012029454949946103,1.7468699999999997,0.23237681489339673,1.3491,2.2335,0.018401890989988824,1815.9124333333334,22.060927500074783,1776.0062,1857.3947,-1.4924963292547755
motor-0138,degrading,40,69,DEGRADATION,58.23499666666666,1.661286390016952,55.4861,61.5643,0.13150827586206676,1.9122400000000002,0.24097316392771484,1.5023,2.365,0.019018553948832014,1802.8880033333332,16.23676009659323,1755.6172,1825.2015,0.019228631813071297
motor-0138,degrading,50,79,DEGRADATION,58.88570000000001,1.4279790738429379,56.123,61.5643,0.06546527252502625,1.875666666666667,0.26784655723421613,1.3742,2.365,-0.01557294771968859,1789.90238,28.1052539558757,1728.2887,1825.1329,-2.524105139043422
motor-0138,degrading,60,89,DEGRADATION,59.193706666666664,1.4004874836840044,56.3781,61.5643,-0.05950558398220354,1.8975933333333335,0.26310059031142863,1.3742,2.365,-0.004001779755283692,1786.6710066666667,27.784078996647626,1728.2887,1825.1329,0.07537036707449037
motor-0138,degrading,70,99,DEGRADATION,59.97674666666667,2.109287482339843,56.3781,64.314,0.15708912124582747,1.8774933333333335,0.24110140872439736,1.3742,2.231,0.0197745939933259,1781.95144,26.899406632471777,1728.2887,1827.4248,1.4529185761957142
motor-0138,degrading,80,109,DEGRADATION,60.31141666666666,2.0139746729760253,56.3781,64.314,0.08858956618464833,2.0381666666666667,0.13175389262645038,1.7845,2.2706,0.0031940378197997878,1776.6071166666663,32.052761119109874,1723.2751,1827.4248,-2.765610789766456
motor-0138,degrading,90,119,DEGRADATION,60.68111333333333,1.7932978289050467,57.0655,64.314,-0.10583915461624134,2.101316666666667,0.15964467228469884,1.8239,2.5583,0.010398687430478276,1762.9973833333336,26.317175211828022,1723.2751,1827.4248,-1.2255780422692404
motor-0138,degrading,100,129,DEGRADATION,60.96794666666667,2.0957053769925666,57.0655,64.6833,0.1644077864293652,2.2687800000000005,0.22875993880048145,1.9184,2.6747,0.021981668520578423,1751.581576666667,17.40004740266884,1723.2751,1794.3621,0.5190519466073288
motor-0138,degrading,110,139,DEGRADATION,61.38490333333334,1.9882104433356367,57.0655,64.6833,0.09827147942157771,2.383883333333333,0.180536519081936,2.0302,2.6747,0.010317664071190207,1749.0803933333332,20.186175789054793,1708.025,1794.3621,-1.4130246941046238
motor-0138,degrading,120,149,DEGRADATION,62.57792666666667,1.2434521395248352,59.6611,64.6833,-0.0011196440489434465,2.5330766666666666,0.16650861575973244,2.3091,2.9512,0.006999310344827522,1746.7860733333334,18.07049794405111,1708.025,1794.3621,-0.21989935483876485
motor-0138,degrading,130,159,DEGRADATION,62.54900333333333,1.3250319257747054,59.6611,64.786,0.08080700778642819,2.5342266666666666,0.21752680744118771,2.1269,2.9512,0.003321334816462717,1742.1841133333332,16.691959309254916,1708.025,1772.3428,0.05817357063396932
motor-0138,degrading,140,169,DEGRADATION,62.36414666666666,1.5223267622805423,59.4111,64.786,-0.10578749721913346,2.6615066666666665,0.2741469155195602,2.1269,3.1714,0.0090418687430478,1741.9866433333336,16.154943355016403,1716.7433,1772.3428,-1.0085470300334118
motor-0139,failure,0,29,DEGRADATION,53.723066666666675,0.47699793803421064,52.8004,54.5424,-0.010338776418243455,1.4651266666666667,0.13722878690550155,1.2179,1.6744,-0.0073709454949944676,1800.0948300000002,19.21324052248255,1758.1156,1827.7104,-1.1557117463849371
motor-0139,failure,10,39,DEGRADATION,54.02035333333333,0.7514153594975875,52.8004,55.8011,0.05085744160177851,1.5851733333333333,0.2861581636476972,1.2179,2.1593,0.026616996662958803,1779.6074833333332,28.092582602602693,1714.4838,1826.1446,-2.4021876974416547
motor-0139,failure,20,49,DEGRADATION,55.11633666666666,1.5735547109402401,52.8004,58.6405,0.16026805339265762,1.83262,0.3104381499322101,1.3108,2.2082,0.03303314794215792,1750.6496799999998,39.427692026429014,1690.7256,1826.1446,-4.171283515016733
motor-0139,failure,30,59,DEGRADATION,56.984196666666655,2.0115759384925607,53.6917,60.2974,0.2179216685205775,2.196206666666667,0.27367420647347984,1.7894,2.7668,0.028471724137931014,1721.7515833333337,24.249039700437407,1690.7256,1775.7035,-2.1714490100111425
motor-0139,failure,40,69,FAILURE,59.00212333333334,1.8537244751550566,55.3418,62.2666,0.1998866518353715,2.3896633333333335,0.273891563072363,2.0566,2.8535,0.018489454949944327,1701.7883599999998,16.7889071227522,1653.2387,1723.0627,-0.8902517463848885
motor-0139,failure,50,79,FAILURE,60.78929666666666,1.7717577359754604,57.836,64.7961,0.1409323025583975,2.673806666666666,0.30197529692932756,2.123,3.2419,0.021237330367074477,1689.3159533333335,23.1648842173052,1633.2765,1722.9891,-1.5712255394883319
motor-0139,failure,60,89,FAILURE,60.87590000000001,1.732804214560895,57.9466,64.7961,-0.05346780867630815,2.9745033333333337,0.41338082481196703,2.123,3.686,0.0391579755283648,1680.642356666667,21.152620061349115,1633.2765,1722.9891,-0.3393862736374118
motor-0139,failure,70,99,FAILURE,62.30868333333332,2.8057726541404278,57.9466,67.8453,0.14570004449388158,3.2073433333333328,0.2673463467530877,2.8066,3.686,0.013221913236929889,1664.4743700000004,23.833847488339636,1604.5713,1707.8667,-1.0818745939933538
motor-0139,failure,80,109,FAILURE,63.11788000000001,3.0534507710021024,57.9466,69.6214,0.2683468298109007,3.3828733333333334,0.27331113153734193,2.8414,4.1238,0.007341979977752957,1639.1529233333335,37.73039110923434,1571.7443,1707.8667,-3.8001112124583316
motor-0139,failure,90,119,FAILURE,66.04343666666666,2.565692508269239,62.2255,71.0901,0.19214667408231173,3.6585266666666665,0.5263934681290118,2.8414,4.8146,0.05107692992213565,1610.5571500000003,29.68807632731534,1550.9659,1663.3756,-2.52019539488323
motor-0139,failure,100,129,FAILURE,66.51176333333333,2.339801828999391,62.9731,71.0901,0.11618743047830804,4.087506666666667,0.5152157799947081,2.9273,4.8146,0.0521958175750834,1585.0675933333334,25.37437375011691,1520.0966,1621.076,-1.7428834705228378
motor-0139,failure,110,139,FAILURE,68.81314333333333,2.612656462770327,64.1383,73.4401,0.175530789766406,4.421013333333333,0.26960405503050006,3.541,4.874,0.015631768631813005,1556.8938700000003,43.30679515532677,1458.6416,1621.076,-4.111977953281474
motor-0139,failure,120,149,FAILURE,70.71096333333334,3.7164619741974434,64.3256,78.0713,0.373923448275861,4.639116666666666,0.2562487841705573,4.1976,5.2676,0.019305205784204593,1526.4444399999995,38.48862551202714,1458.6416,1596.5498,-3.199017441601845
motor-0140,failure,0,29,NORMAL,56.452679999999994,1.2017584608675187,54.596,58.7554,-0.06881494994438318,1.4960100000000003,0.15888832210077616,1.2071,1.813,-0.01284433815350395,1800.0838766666666,18.85369212944215,1763.6744,1842.2714,-0.6452381535039426
motor-0140,failure,10,39,DEGRADATION,56.645916666666686,1.24824610049016,54.596,58.7554,0.006659644048940729,1.5038733333333334,0.16994623450439325,1.2071,1.9164,0.01451555061179084,1794.3104133333334,20.15022802037624,1755.1929,1836.4248,0.5496208231367421
motor-0140,failure,20,49,DEGRADATION,56.78081999999999,1.3300659485905209,54.596,58.6601,0.08692124582869713,1.6826733333333337,0.23589841872203288,1.2559,2.0347,0.024723648498331443,1785.6189699999998,27.043370317487543,1736.7718,1836.4248,-2.10989519466075
motor-0140,failure,30,59,DEGRADATION,57.218366666666675,0.9461911629733653,55.4576,58.6601,-0.04014433815350588,1.8909866666666668,0.15789490119133748,1.5338,2.0818,0.014390166852057807,1775.3613733333334,25.179451008152572,1736.7718,1836.4248,-1.610331701891021
motor-0140,failure,40,69,DEGRADATION,57.864853333333336,1.3376378413041732,55.4576,59.9327,0.08051523915461486,2.0726899999999997,0.1764958570807447,1.8004,2.5216,0.011953036707452677,1758.0168466666667,14.697925839308827,1722.8323,1787.3052,-0.6298363959955998
motor-0140,failure,50,79,DEGRADATION,59.029469999999996,1.920057684576169,55.925,62.1455,0.19857248053392507,2.1973599999999993,0.19318976784498706,1.9123,2.5494,0.012029187986651785,1734.2762799999998,36.79455970781914,1667.262,1787.3052,-3.902945317018958
motor-0140,failure,60,89,DEGRADATION,60.30771666666667,1.3667061659535882,58.192,64.0528,0.06283406006674043,2.306813333333333,0.1597422272148337,1.9975,2.5494,0.004130189098998841,1718.3381999999997,27.435114405520537,1667.262,1767.2418,-1.1298525027809276
motor-0140,failure,70,99,FAILURE,61.510696666666654,2.2802487781648346,57.115,65.7295,0.07812562847608258,2.43952,0.2047373348138211,2.0029,2.908,0.015988120133481595,1702.4227099999996,19.754653226591955,1667.262,1741.8915,0.465538531701849
motor-0140,failure,80,109,FAILURE,60.494636666666665,2.891585442911131,56.0376,65.7295,-0.12056714126807751,2.6574299999999997,0.2934713480052184,2.1698,3.3676,0.028436507230255814,1691.6368633333334,31.150464092385338,1633.4833,1741.8915,-3.1199150389321826
motor-0140,failure,90,119,FAILURE,60.73912666666666,2.933233001534125,56.0376,65.7295,-0.08907323692992332,2.7700299999999998,0.24217850599643784,2.292,3.3676,0.0054819799777530275,1667.936883333333,28.247093498707475,1611.2919,1720.6145,-2.138445761957754
motor-0140,failure,100,129,FAILURE,61.518906666666666,3.3601169516286515,56.0376,67.5177,0.355312258064515,2.892359999999999,0.24674208612773513,2.292,3.3676,0.006704560622914317,1657.4378566666667,21.19058587641665,1611.2919,1701.1335,0.7997368409343146
motor-0140,failure,110,139,FAILURE,64.05390666666665,2.4949828449554965,58.9219,67.5898,0.20810131256952005,2.901553333333333,0.2299647447375841,2.292,3.3335,0.016486674082313628,1657.509676666667,21.14744864615562,1611.2919,1701.1335,0.375457107897619
motor-0140,failure,120,149,FAILURE,65.74532,1.4369389166790174,63.278,69.6954,0.054025094549498415,3.1795566666666657,0.35352841062950263,2.7877,4.0716,0.027483181312569452,1660.11,25.46210058984398,1596.4933,1706.2376,-0.7083532369299546
motor-0140,failure,130,159,FAILURE,67.88031,3.087132649709112,63.9296,73.3381,0.29080598442714,3.4641666666666664,0.45185298444909655,2.7877,4.1872,0.04467394883203552,1626.4440066666668,50.697405519716895,1505.9726,1706.2376,-4.604702914349336
motor-0140,failure,140,169,FAILURE,68.85292333333334,2.6597569256961973,64.4529,73.3381,0.12776807563959844,3.832456666666667,0.36521264005446946,2.8267,4.4022,0.02817733036707444,1601.2714533333335,49.95268152499745,1505.9726,1706.2376,-3.9784015572858995
motor-0140,failure,150,179,FAILURE,69.47530666666668,2.026056649904493,66.1298,73.3381,-0.14700658509455072,4.075766666666667,0.2409974734768442,3.4338,4.4645,0.015077152391546049,1584.076703333333,29.15639760926673,1505.9726,1646.7304,1.5862855839821315
motor-0140,failure,160,189,FAILURE,69.08735666666666,1.7836186761157458,66.1298,73.1551,0.09545225806451522,3.8722833333333333,0.46153605571203454,3.1114,4.4645,-0.039780044493882255,1587.0658999999998,24.665684814751557,1543.1275,1646.7304,-0.21692307007788944
motor-0140,failure,170,199,FAILURE,70.04208,1.9520401051890977,66.7416,73.8094,0.14089303670745074,3.8821066666666666,0.47680868625570244,3.1114,4.4645,-0.004582291434927807,1598.8125099999997,35.31176252638156,1528.2478,1680.6853,0.5114229810900754
motor-0140,failure,180,209,FAILURE,71.92871999999998,2.0964400273479487,67.941,76.0571,0.13897908787541552,4.038833333333334,0.6324228855933521,3.1114,4.9641,0.0684579310344827,1582.0953066666664,41.45716544556105,1501.1769,1680.6853,-0.9252466295884672
motor-0140,failure,190,219,FAILURE,73.10917,2.0428782829054377,69.7253,76.8375,0.11149408231368044,4.474576666666667,0.3539659472165209,3.5424,4.9893,0.019737552836484908,1560.0226000000002,54.17322393781513,1472.5636,1680.6853,-4.515675016685243
motor-0140,failure,200,229,FAILURE,73.30712666666666,1.9507680866662653,70.3806,76.8375,-0.0979947052280327,4.66351,0.2417263567893801,3.9933,5.2003,-0.0015342602892103425,1523.9031633333332,35.13699599331626,1455.4687,1598.0037,-2.8302680088988246
motor-0140,failure,210,239,FAILURE,73.68618333333332,1.9667613936085118,70.3806,76.8375,0.02646622914349038,4.92495,0.4808123499176506,3.9933,5.9716,0.04226467185761949,1503.6143333333334,24.537748473842427,1455.4687,1547.9117,-0.5544728809788884
motor-0141,failure,0,29,DEGRADATION,56.91545,1.3940911617131309,53.7009,59.0927,-0.07521786429366002,1.61875,0.23203916300199554,1.2304,2.0688,-0.00899997775305902,1782.9488233333334,18.68610368909981,1755.024,1820.6184,-1.7826171523916197
motor-0141,failure,10,39,DEGRADATION,57.86304333333332,2.290572502481033,53.7009,61.9032,0.15193764182424713,1.68782,0.2996561211344319,1.2304,2.2564,0.0268915239154616,1764.6700433333333,21.5288773985653,1709.0763,1811.074,-1.8784149276974935
motor-0141,failure,20,49,DEGRADATION,59.198913333333344,2.608458806490061,53.7009,62.6745,0.2640551279199099,1.9608299999999999,0.3733959794016713,1.2304,2.7538,0.03929555061179086,1740.9570533333329,28.726869651260103,1700.3741,1791.5011,-2.849788876529518
motor-0141,failure,30,59,DEGRADATION,61.16569666666667,0.9207518748223589,59.5647,63.3916,0.069615328142379,2.24509,0.24287679091808395,1.7715,2.7538,0.0199934816462736,1722.87203,23.496271519486523,1700.3741,1791.5011,-1.7617925472747962
motor-0141,failure,40,69,FAILURE,62.808139999999995,2.113600451930307,60.2187,68.326,0.21101236929921902,2.5466133333333336,0.32367518773541404,2.0148,3.1607,0.02826126807563953,1706.0376566666666,19.453869474900245,1639.3223,1734.807,-0.8174875417130549
motor-0141,failure,50,79,FAILURE,63.330073333333345,1.935710232779919,60.2187,68.326,0.05910153503893066,2.670899999999999,0.278474944414514,2.1141,3.1607,0.011389410456062265,1680.3108099999997,40.142951984164064,1613.9486,1734.807,-3.915719577308166
motor-0141,failure,60,89,FAILURE,64.45405333333333,2.337365689793153,60.4597,69.2715,0.020959510567295333,2.988340000000001,0.36120093724500035,2.3643,3.7585,0.0223895439377085,1659.5590499999998,34.65100571182845,1613.9486,1734.807,-2.4930371301446344
motor-0141,failure,70,99,FAILURE,65.09982333333332,2.7925996565546036,60.4597,69.658,0.21560367074527081,3.2847266666666664,0.5296062096396613,2.3643,4.324,0.05581348164627357,1633.2028699999998,30.406845643847497,1559.1597,1680.5621,-1.1526569299221763
motor-0141,failure,80,109,FAILURE,66.86020666666667,2.437314320576829,60.5647,69.658,0.16841566184649406,3.6728099999999997,0.35902366992534995,2.8362,4.3484,0.02901786429365953,1619.2184633333334,38.56278149481687,1552.2612,1680.5621,-3.174017107897692
motor-0141,failure,90,119,FAILURE,69.01603333333334,2.149665937199442,65.1118,72.4816,0.1861377085650715,3.857223333333333,0.3270371056249665,3.3176,4.6075,0.014012080088987706,1596.8629433333333,33.49329336256922,1552.2612,1680.5621,-1.7660386429366297
motor-0141,failure,100,129,FAILURE,70.28368333333333,2.030635741023539,65.668,74.6472,0.12938347052280139,4.083133333333333,0.43498646977680683,3.3176,4.9558,0.03757085650723011,1570.2283766666667,32.042190777698956,1502.3744,1636.7293,-2.313013637374875
motor-0141,failure,110,139,FAILURE,71.22124666666666,1.3105317327286998,69.3791,74.6472,-0.04562634037820085,4.311396666666667,0.42623637063905695,3.3693,5.0275,0.03234097886540589,1547.1051599999998,36.03372711563063,1463.1177,1636.7293,-3.1542168631813556
motor-0141,failure,120,149,FAILURE,72.24835,2.325631523944984,69.3791,77.4716,0.14332932146829613,4.597530000000001,0.3418921429827444,4.0225,5.6673,0.01726088987764174,1529.27277,26.71121506985598,1463.1177,1581.0494,-0.9153631813125971
motor-0142,degrading,0,29,NORMAL,53.81594666666667,1.301954281515122,51.062,56.0019,-0.09152231368186958,1.60099,0.20168095819883441,1.2316,1.9603,-0.0031282981090100387,1842.3386166666667,13.744135402638303,1819.1994,1873.0511,0.40123045606225655
motor-0142,degrading,10,39,NORMAL,54.043453333333325,1.4070627135356208,51.062,56.3374,0.04882780867630585,1.57469,0.17230289482961877,1.2316,1.8793,0.004642602892102272,1842.5706566666663,18.801133240449133,1802.1183,1876.1852,0.3386248943270098
motor-0142,degrading,20,49,DEGRADATION,54.233493333333335,1.3829019806029483,51.062,56.3374,0.0765414905450492,1.532586666666667,0.17471814775676728,1.1097,1.8403,-0.008593726362625153,1831.627056666667,30.029207725209606,1773.4012,1876.1852,-2.795869521690833
motor-0142,degrading,30,59,DEGRADATION,55.154199999999996,0.8144353643271313,53.2842,56.927,-0.009195328142381793,1.6135766666666669,0.22195984724469625,1.1097,2.02,0.010779065628476055,1818.2507133333336,26.098103639494983,1773.4012,1876.1852,-1.646333303670756
motor-0142,degrading,40,69,DEGRADATION,56.02223333333333,1.6825387661375162,53.2842,59.5642,0.1508449388209111,1.753173333333333,0.3079137670770106,1.1097,2.2268,0.032371523915461595,1807.6538400000002,14.64695400110208,1773.4012,1825.7088,0.5910477864293356
motor-0142,degrading,50,79,DEGRADATION,56.63222,1.3973459238618517,54.1946,59.5642,0.04575546162402596,2.0004933333333335,0.17303267116035892,1.5776,2.3187,0.011982602892102269,1801.4060200000001,21.23725705376287,1742.7549,1825.7088,-1.5313892324805636
motor-0142,degrading,60,89,DEGRADATION,57.39617999999999,1.2529670292017527,54.8774,59.8192,0.004342469410454688,2.087156666666667,0.1269202103247899,1.8187,2.3187,0.002230411568409316,1794.113996666667,18.99514950581655,1742.7549,1824.4078,-1.0405767519466371
motor-0142,degrading,70,99,DEGRADATION,57.20858,1.1279299373631326,54.8774,59.8192,0.053139532814237105,2.1501099999999997,0.1241867581507787,1.871,2.3545,0.004312992213570601,1787.2054633333332,20.314427975201642,1740.1926,1821.6298,0.18920531701889906
motor-0142,degrading,80,109,DEGRADATION,57.10810666666667,1.1435747854668519,55.1291,59.8192,-0.06380489432703196,2.1881633333333337,0.14489525753300397,1.8709,2.5196,0.003917486095661804,1778.7921033333334,25.80225653968379,1737.2654,1821.6298,-1.8801511234705726
motor-0142,degrading,90,119,DEGRADATION,57.01660666666667,1.103508016866615,55.2891,59.2512,0.006771078976640226,2.2198399999999996,0.14340129613547195,1.8709,2.5196,-0.00197824249165744,1775.8520466666666,25.19377135883302,1737.2654,1821.6298,-0.5095373526140886
motor-0142,degrading,100,129,DEGRADATION,58.02106333333333,2.0406965053600916,55.2891,61.4586,0.20741902113459385,2.2146433333333335,0.14014459838165563,1.8709,2.5196,-0.0011582869855395342,1771.920573333333,23.022692701085653,1724.7576,1817.1243,0.9867989766406762
motor-0142,degrading,110,139,DEGRADATION,58.743950000000005,1.6226723277256774,56.0494,61.4586,0.05251308120133346,2.226483333333334,0.09621808937108564,1.9398,2.3768,0.004151345939933201,1763.6793033333333,31.05368262145929,1710.5166,1817.1243,-2.465710945495059
motor-0142,degrading,120,149,DEGRADATION,59.99169333333332,1.9298573064578857,56.1945,64.5773,0.061254149054504235,2.3976433333333333,0.26564914917152577,2.1123,2.9745,0.025036640711902067,1753.9156600000003,27.81025129066139,1710.5166,1817.1243,-1.3815481201334967
motor-0142,degrading,130,159,DEGRADATION,60.47570666666666,2.3952052631501592,56.1945,65.2669,0.16614024471635003,2.5591299999999992,0.28775504067406593,2.1248,3.2225,0.019977330367074483,1738.8580133333335,16.290889845160578,1710.5166,1769.2004,0.4432495216907206
motor-0142,degrading,140,169,DEGRADATION,61.16978333333334,1.9111127486507848,57.7027,65.2669,-0.025080556173527797,2.629643333333333,0.23439058240940955,2.1836,3.2225,-0.011275350389321549,1745.4555266666669,13.724001906949596,1716.5602,1769.2004,-0.16151773081206666
motor-0143,failure,0,29,NORMAL,55.33592333333333,1.038293138660219,53.7026,56.901,0.022689899888764135,1.5218900000000002,0.1445261230135692,1.2415,1.8856,-0.0026410456062291683,1807.6095333333333,16.74296802878418,1770.7447,1839.7305,-0.6639471412680997
motor-0143,failure,10,39,DEGRADATION,56.170306666666676,1.3232136282382954,53.764,59.0838,0.08506487208008846,1.5441266666666669,0.15888265467179088,1.2415,2.0066,0.011596129032258025,1794.458406666667,18.506957538124833,1750.8355,1826.5176,-0.5484505005561944
motor-0143,failure,20,49,DEGRADATION,56.88194333333333,1.4314804492047928,54.0468,59.4353,0.11463428253614998,1.7108933333333334,0.23298026230181434,1.2415,2.104,0.024190656284760827,1787.25758,22.973784592899218,1738.9325,1826.5176,-2.109507497219186
motor-0143,failure,30,59,DEGRADATION,57.54732666666666,0.81839085117619,56.113,59.4353,-0.013668520578420731,1.9188166666666666,0.22379174110965064,1.5178,2.2546,0.02214556173526134,1771.64802,18.446431777544415,1738.9325,1823.7982,-1.1603434037820437
motor-0143,failure,40,69,DEGRADATION,58.46377666666667,1.5001748875121934,56.113,61.1301,0.099228987764181,2.179743333333333,0.2252932188405935,1.7891,2.5329,0.022469877641824204,1757.3629866666668,22.41135723063546,1713.6988,1796.66,-1.554378598442748
motor-0143,failure,50,79,DEGRADATION,58.747640000000004,1.4618988023799728,56.6064,61.1301,0.0483208008898773,2.27467,0.16275860479044826,1.8963,2.5329,0.005341468298108972,1740.5065700000002,25.544317788921937,1698.1067,1791.4627,-2.0619346162403023
motor-0143,failure,60,89,DEGRADATION,59.77038333333334,1.225786513789774,57.4106,61.9221,0.003929721913236422,2.335653333333333,0.15403158492840213,2.0186,2.6533,-0.004464694104560659,1726.1991033333334,20.57080850879847,1695.1371,1791.4627,-1.0552481646274066
motor-0143,failure,70,99,FAILURE,60.540389999999995,1.8912979757034583,57.4106,64.3372,0.16848371523915318,2.3429766666666665,0.20318055301190177,1.8597,2.6533,0.010623604004449344,1715.8455600000004,10.680767909646447,1695.1371,1733.8035,-0.26733895439379873
motor-0143,failure,80,109,FAILURE,61.69762333333334,1.5486844855518145,58.9266,65.1168,0.0759111234705214,2.4802733333333333,0.3424921000873192,1.8597,3.4584,0.021385050055617322,1707.8027666666665,17.157954174208022,1651.2168,1733.8035,-1.1690231813126264
motor-0143,failure,90,119,FAILURE,62.5067,1.359791455824507,59.3999,65.1168,0.0015528809788644534,2.81767,0.4756394735160936,1.8597,3.6696,0.04078062291434925,1693.3188066666667,22.93876509904771,1632.5188,1729.8005,-1.7712583314794392
motor-0143,failure,100,129,FAILURE,62.986880000000006,1.5930610185844518,59.3999,65.8055,0.07031964404894134,3.0427099999999996,0.4138073048734963,2.0228,3.6696,0.027377285873192377,1670.4823499999998,31.354148215579063,1619.1861,1729.8005,-2.402723804226935
motor-0143,failure,110,139,FAILURE,64.03173666666666,1.4913402751626543,61.1197,66.4209,0.11166022246940879,3.3816599999999997,0.3164412663776118,2.8736,4.0462,0.014792836484983264,1652.4496033333335,28.22761666869856,1604.8423,1725.8107,-1.7171504560623252
motor-0143,failure,120,149,FAILURE,64.43358333333335,1.294183347155864,61.7496,66.4209,0.005904137931033575,3.43474,0.323535110510951,2.8736,4.0462,0.015443203559510489,1648.2107700000001,23.35612579197942,1604.8423,1691.1062,1.2863041824248882
motor-0143,failure,130,159,FAILURE,65.19682,1.7193879789816686,61.7543,69.2346,0.060376996662957025,3.6109233333333326,0.2759349569292654,3.0581,4.2521,-0.0005656729699667,1642.183123333333,29.33153453470266,1588.6647,1691.1062,-0.7839730589544277
motor-0143,failure,140,169,FAILURE,65.48496333333334,2.220666648026118,61.7543,69.7766,0.12569252502780712,3.53551,0.2859922951759366,2.8522,4.2521,0.0005711457174637546,1621.15212,42.418439251166845,1544.3994,1691.1062,-3.910136596218083
motor-0143,failure,150,179,FAILURE,68.24897666666666,3.4586088145074876,61.8833,74.3769,0.29511819799777406,3.8290200000000003,0.5109088401401305,2.8522,4.8499,0.03378269187986654,1590.43691,32.3988884416873,1544.3994,1681.2874,-2.4886306785317376
motor-0143,failure,160,189,FAILURE,69.59390666666665,3.1031876153329105,61.8833,74.3769,0.2068116129032247,3.9896466666666663,0.5148842865041513,2.8522,4.8499,0.03402340378197993,1548.57404,42.14753323192712,1469.2982,1605.7527,-3.9626471635150344
motor-0143,failure,170,199,FAILURE,70.64636666666667,1.740530049215533,67.8893,74.3769,-0.14006647385984652,4.360246666666667,0.3994179980365877,3.495,5.1966,0.015163959955506044,1536.68345,37.83500864474374,1469.2982,1602.3881,-1.388230589543994
motor-0143,failure,180,209,FAILURE,69.98116333333333,1.3280986548404037,67.8893,72.7376,0.007959755283647061,4.53824,0.4246580982390422,3.7063,5.2914,0.033323515016685075,1527.6318866666668,35.988407943982324,1469.2982,1597.1112,1.6257738375972761
motor-0143,failure,190,219,FAILURE,70.14861666666667,1.2864422953980055,67.8893,72.0548,0.07860669632925317,4.62273,0.42553982120752626,3.8866,5.2947,0.0022224026696327716,1520.52281,42.78417903308302,1415.6995,1597.1112,-2.8528463403782656
motor-0143,failure,200,229,FAILURE,71.08419333333333,1.445137491252034,68.3139,74.3918,0.0924986429365944,4.81616,0.4357633651421377,3.8866,5.4417,0.015322847608453748,1510.7618533333334,40.15153797973983,1415.6995,1597.1112,-1.4386054727475448
motor-0144,healthy,0,29,NORMAL,54.752936666666656,1.4038695909243928,52.1852,57.4909,-0.09478177975528448,1.5374199999999998,0.17144609143012465,1.2319,1.9107,-0.012389499443826552,1807.6008499999996,13.601679892198371,1786.183,1836.0167,-0.8682180867631155
motor-0144,healthy,10,39,NORMAL,54.59891666666667,1.2612395318583305,52.1852,57.4327,0.05813408231368025,1.46385,0.09546709642594144,1.2319,1.6007,0.005919087875417085,1798.7217133333331,12.806396521107036,1758.8282,1823.411,-0.37259172413797814
motor-0144,healthy,20,49,NORMAL,54.57600999999999,1.3260736873316392,52.1852,57.4327,0.018598553948830768,1.5213666666666665,0.08570527145721875,1.3685,1.7229,0.005134682981090075,1800.3068299999998,12.855845283427827,1758.8282,1821.3939,0.265596863181305
motor-0144,healthy,30,59,NORMAL,55.02868666666666,1.5113660797952142,52.9196,58.0462,-0.007084538375974485,1.5784266666666669,0.08603198216684046,1.4032,1.7349,0.006046407119021093,1808.5863100000001,19.46030230528036,1758.8282,1845.9146,1.7093837374860619
motor-0144,healthy,40,69,NORMAL,55.588046666666656,1.8739712941119337,52.9196,58.6437,0.13581001112346958,1.6093633333333335,0.08326558506102957,1.4493,1.7447,0.0023105005561734763,1817.195916666667,17.843511056274462,1785.5417,1848.2728,0.33802467185757434
motor-0144,healthy,50,79,NORMAL,55.62872333333334,1.9556377786088663,52.7009,58.6437,-0.03838253615128047,1.6455833333333334,0.09447215139335448,1.4988,1.9372,0.0013810233592880504,1817.4919499999999,17.224555917870074,1788.8128,1848.2728,-1.2762841156841336
motor-0144,healthy,60,89,NORMAL,55.03349,2.1064369409581984,51.1625,58.6437,-0.19047374860956676,1.697573333333333,0.15642322916441226,1.4988,2.0915,0.00919252502780865,1814.2820766666666,15.826900170799565,1788.8128,1848.2728,-0.22880883203563043
motor-0144,healthy,70,99,NORMAL,54.97423,2.0509868694769025,51.1625,58.574,0.11961572858731753,1.7189300000000003,0.1980377525456531,1.4255,2.1098,-0.0010109677419355147,1807.5886633333332,13.72193639200832,1781.1082,1836.181,-0.4808396662959191
motor-0144,healthy,80,109,NORMAL,54.86378666666667,1.9776706139181912,51.1625,58.574,0.036261935483870536,1.6286733333333332,0.253311384049136,1.198,2.1098,-0.017077953281423842,1809.9611766666667,14.093464816660802,1781.1082,1836.181,-0.35037341490548735
motor-0144,healthy,90,119,NORMAL,55.007173333333334,1.7502821566694768,52.7574,58.574,-0.15580774193548533,1.5618766666666666,0.20101599386339608,1.198,2.1098,-0.005005850945495041,1815.4035166666667,20.54834514302119,1781.1082,1862.4621,1.3325062291434588
motor-0144,healthy,100,129,NORMAL,54.17749666666667,0.9046991715420594,52.7574,55.9007,0.005321535038930716,1.5522533333333335,0.1448937949748788,1.198,1.7304,0.011508164627363706,1815.6582766666666,21.10449310075437,1775.5956,1862.4621,-0.953940400445
motor-0144,healthy,110,139,NORMAL,54.22720999999999,0.6952982949065813,53.0283,55.7222,0.012142447163514461,1.4965533333333336,0.19802232994174054,1.0732,1.7304,-0.015908876529477266,1816.3413366666668,22.603201436072187,1775.5956,1862.4621,-1.0530330367074825
motor-0144,healthy,120,149,NORMAL,54.77673999999999,0.8824595388647192,53.3121,56.2591,0.04275781979977732,1.5309166666666667,0.23486498970448724,1.0732,2.0051,0.0024522135706340053,1814.1448033333334,19.31051740534993,1775.5956,1850.7496,1.374409855394853
motor-0145,degrading,0,29,NORMAL,53.96536666666667,1.6515996616075643,51.0593,57.5907,-0.10376716351501762,1.5886299999999995,0.20867929644952005,1.1583,1.9221,-0.018760289210233642,1797.43913,22.75439972824524,1749.6289,1840.9757,-1.6141234927697954
motor-0145,degrading,10,39,NORMAL,53.84250333333333,1.3485790463751914,51.0593,55.8092,0.020914905450498972,1.581076666666667,0.21915651436562159,1.1583,1.9857,0.005672413793103443,1797.1262199999999,22.00257310009295,1749.6289,1832.242,1.7482347497218738
motor-0145,degrading,20,49,NORMAL,53.43043,1.3432470001579504,51.0593,55.787,0.018755572858730925,1.4901033333333333,0.24045253791317922,1.1583,1.9857,-0.004123804226918832,1804.6138166666665,21.16157562971284,1749.6289,1832.242,1.4869068075639293
motor-0145,degrading,30,59,DEGRADATION,53.663030000000006,1.4168396284571751,50.7689,55.787,-0.06052651835372808,1.59304,0.2653733201862362,1.1813,2.0198,-0.002275595105672992,1809.99659,12.61428105432755,1786.7697,1832.242,-0.9465060066741557
motor-0145,degrading,40,69,DEGRADATION,54.30825333333334,2.065288028780059,50.7689,57.7327,0.16167799777530337,1.67896,0.3371298183192937,1.1813,2.2414,0.03301312569521689,1803.3664333333336,14.081110933713857,1755.5374,1827.4339,-0.4340389766407601
motor-0145,degrading,50,79,DEGRADATION,55.27233666666667,1.8570480398530953,50.7689,57.7327,0.13461083426028855,1.8040800000000001,0.24594023989579253,1.1813,2.2414,0.0006475194660733888,1789.3132166666667,22.87098079810722,1730.1491,1827.4339,-1.2936220467186326
motor-0145,degrading,60,89,DEGRADATION,56.41054333333333,1.0506482131469548,54.5589,59.7076,0.004561357063402556,1.962273333333333,0.2917122736914273,1.3783,2.7651,0.007336774193548363,1786.5077833333337,22.151815441555183,1730.1491,1827.4339,-0.5200787319243667
motor-0145,degrading,70,99,DEGRADATION,56.86357666666666,1.4690124829701832,54.5589,60.4189,0.09592456062291375,2.0152033333333335,0.3476744353398577,1.3783,2.7651,0.020510545050055583,1773.7341566666664,22.847651711728602,1722.0014,1804.5484,-0.1581274972191483
motor-0145,degrading,80,109,DEGRADATION,56.808176666666675,1.5162519290855183,54.5241,60.4189,-0.050434060066741324,2.0308499999999996,0.32459623611496174,1.6407,2.7651,-0.01900238042269194,1772.8918266666667,22.51677977889575,1722.0014,1804.5484,-1.1223593325918284
motor-0145,degrading,90,119,DEGRADATION,57.29133,1.4726989382649351,54.5241,60.4189,-0.02380531701891111,2.1059433333333333,0.33065399002918777,1.6432,2.5478,0.0062572413793102934,1772.4378366666667,22.416164608179265,1722.0014,1802.0909,0.9161946384871521
motor-0145,degrading,100,129,DEGRADATION,57.11582666666666,1.3353879803096762,54.5241,59.5065,0.07905592880978729,2.118383333333333,0.3029900351313371,1.6432,2.5252,0.02008238042269179,1767.4356833333331,22.194687036211814,1730.725,1802.0909,-0.7931165962180527
motor-0145,degrading,110,139,DEGRADATION,57.91443,1.1779814846168002,55.8767,61.2944,0.022027741935481914,2.2258633333333333,0.1950032247311709,1.7482,2.5252,-0.016581201334816484,1764.4346033333327,22.06948311449519,1726.161,1802.0909,-1.668580889877681
motor-0145,degrading,120,149,DEGRADATION,58.79855333333334,1.907444276640575,55.8767,63.745,0.17427065628476016,2.212726666666667,0.19019641590267208,1.7482,2.5521,0.003584249165739667,1761.0204666666666,19.511489273644766,1726.161,1798.3002,1.0778811123470093
motor-0145,degrading,130,159,DEGRADATION,59.52702666666667,1.6440878988937568,55.8767,63.745,0.08808863181312525,2.15537,0.19103857577288766,1.7482,2.5521,-0.0008216017797553265,1759.3533333333335,18.97717643255238,1726.161,1798.3002,-0.6271509232481044
motor-0145,degrading,140,169,DEGRADATION,59.536363333333334,1.3983500714492854,57.4651,63.745,-0.11228892102336092,2.3376433333333337,0.2820239832394086,1.8222,2.8705,0.014427163515016658,1755.0441899999996,20.82585588585096,1724.3265,1798.3002,-1.5575553058954756
motor-0145,degrading,150,179,DEGRADATION,59.80824333333332,1.5973559423170387,57.4651,62.4205,0.08291610678531527,2.49758,0.37377095695982937,1.8222,3.0949,0.03592195773081194,1743.6133833333333,16.016232597026537,1702.88,1779.0335,-0.0019698998888375923
motor-0145,degrading,160,189,DEGRADATION,60.164006666666666,1.8130439034826362,57.4651,63.2696,0.10888516129032201,2.60598,0.2524791362997479,2.1159,3.0949,-0.009745583982202469,1733.4808866666665,21.49646201732948,1702.88,1779.0335,-1.2773965739711248
motor-0145,degrading,170,199,DEGRADATION,60.37958000000001,1.8542112474760437,56.2177,63.2696,-0.11186193548387166,2.5466066666666665,0.26735658951212615,2.1466,3.0949,-0.016925205784204735,1724.6482466666666,22.61374722397466,1694.0292,1779.0335,-1.1343096329255034
motor-0145,degrading,180,209,DEGRADATION,60.34329666666667,1.783159115069532,56.2177,63.2696,0.03276286985539404,2.546406666666667,0.26492538689642825,2.1466,3.1055,0.020422202447163446,1722.64295,19.00513225664319,1694.0292,1766.0563,1.2774923025583784
motor-0145,degrading,190,219,DEGRADATION,59.813689999999994,1.7054408937964796,56.2177,62.3435,0.027318331479420845,2.5696066666666666,0.26005938159496483,2.1466,3.1055,7.390433815349741e-05,1718.6757200000002,23.529864878453225,1678.7467,1766.0563,-0.33415087875420635
motor-0146,failure,0,29,NORMAL,54.95127666666665,1.727862137765112,52.2963,57.7217,-0.14309003337041293,1.4478433333333334,0.19366087314914412,1.1358,1.8028,-0.013004071190211384,1796.86915,15.295002383453015,1770.4732,1827.7837,-1.279285317018965
motor-0146,failure,10,39,DEGRADATION,54.81960333333333,1.6783450150834769,52.2963,57.5918,0.005107208008897816,1.5029933333333332,0.27195720978778176,1.1358,2.0967,0.017288097886540597,1789.80423,13.920366733822071,1759.1508,1815.9062,-0.4052911012236039
motor-0146,failure,20,49,DEGRADATION,55.33969000000001,1.8504714007246907,52.2963,58.3803,0.19231392658509341,1.6431333333333333,0.3068582075740448,1.1358,2.0967,0.029556262513904304,1773.6801899999996,23.897244733906746,1728.2432,1812.135,-2.0585845383759978
motor-0146,failure,30,59,DEGRADATION,57.09427666666667,1.462870952769094,54.4422,59.8286,0.1348254727474958,1.93014,0.2737110076948557,1.3625,2.4272,0.02233677419354838,1757.3146566666662,26.32138725214008,1723.2891,1812.135,-2.4633629143493456
motor-0146,failure,40,69,DEGRADATION,58.406286666666674,1.4331764205738557,55.6854,60.8765,0.129798264738598,2.1407900000000004,0.2811439445669543,1.6509,2.545,0.02739196885428252,1736.2496500000002,13.870010562739314,1707.9046,1755.2866,-0.8081072080089269
motor-0146,failure,50,79,DEGRADATION,59.76844666666667,1.5539526972065638,55.6854,62.7685,0.14121116796440394,2.268313333333333,0.22250843539565465,1.6509,2.545,0.006825806451612868,1721.9022100000002,19.820847176955713,1681.9055,1755.2866,-1.7431477419355055
motor-0146,failure,60,89,FAILURE,60.66364333333333,1.1813160976028203,57.9253,62.9263,0.0705075194660714,2.399173333333333,0.1913465545954657,1.8964,2.7394,0.004833459399332541,1716.10829,19.895560021561753,1681.6539,1770.0526,-0.26904251390436607
motor-0146,failure,70,99,FAILURE,61.702146666666664,1.3303067961272026,59.1382,65.3866,0.0718189543937696,2.5258733333333327,0.29294279411213076,1.8964,3.0429,0.02060320355951054,1694.5829733333335,29.62716349464833,1638.4991,1770.0526,-1.881684271412723
motor-0146,failure,80,109,FAILURE,62.407853333333335,1.5458996976374488,59.1382,65.7106,0.11162981090099976,2.7474266666666667,0.2574939273501847,2.2555,3.2254,0.016309899888765248,1676.7805199999998,36.65793201682642,1617.5481,1770.0526,-3.436950122358203
motor-0146,failure,90,119,FAILURE,63.62318666666667,1.4562158786236181,60.491,66.3789,0.09847728587319145,2.915873333333333,0.29204264863581525,2.2555,3.5981,0.015297575083425996,1649.9372366666669,20.65230847397748,1590.6249,1684.9629,-1.1554960400445247
motor-0146,failure,100,129,FAILURE,64.40046666666666,1.464497342511151,60.8911,66.8525,0.08605517241379193,3.0839933333333325,0.3106038859311898,2.5272,3.657,0.02077979977753051,1637.8210933333335,25.165129619984512,1583.4708,1678.2808,-1.305610634037871
motor-0146,failure,110,139,FAILURE,64.87178333333334,1.271590523474003,62.1452,66.9433,0.01813074527252414,3.281966666666667,0.32331796767612875,2.6084,3.7699,0.023960533926585058,1612.7273566666668,37.92029616947179,1542.695,1678.2808,-3.041984137931031
motor-0146,failure,120,149,FAILURE,66.54872333333333,3.1375762524262076,62.1452,75.4066,0.24935908787541552,3.4479300000000004,0.3312070612673186,2.8731,4.2566,0.015774393770856463,1607.4555066666667,33.504848887446464,1542.695,1678.2808,-0.31473161290325613
motor-0146,failure,130,159,FAILURE,68.11198666666665,3.3130060018793936,62.1452,75.4066,0.257720444938821,3.63714,0.33290546766311907,2.9605,4.2566,0.022234215795328083,1582.1471333333332,35.71048020870374,1526.6701,1645.4278,-1.0510260289210835
motor-0146,failure,140,169,FAILURE,69.47912333333333,2.3071115467445913,65.3245,75.4066,-0.01269773081201377,3.8312900000000005,0.3724387469548963,2.9605,4.3464,0.03172505005561729,1574.5440800000003,39.26613792729811,1507.8753,1645.4278,-3.5506217575083756
motor-0146,failure,150,179,FAILURE,69.70399,2.014154724005415,66.0489,74.1377,0.03012011123470353,4.20669,0.3943107297128328,3.5653,5.1119,0.04001394883203556,1551.7111666666663,18.704971752653243,1507.8753,1592.2163,0.06818206896546855
motor-0146,failure,160,189,FAILURE,70.05411333333335,2.2320544020749615,66.0489,75.3296,0.08793210233592748,4.485476666666667,0.35016710456897904,3.7668,5.1119,0.031283003337041114,1546.2902133333334,22.56309216290672,1503.1824,1592.2163,-0.9475825139043701
motor-0146,failure,170,199,FAILURE,70.79893666666666,2.6159140144486552,66.0489,75.383,0.02522938820911993,4.710386666666666,0.22088346359311034,4.2654,5.1119,0.00935928809788639,1529.614603333333,30.951675220333215,1458.7289,1583.1846,-2.6098397107898155
motor-0146,failure,180,209,FAILURE,71.39227,2.2773081164904605,67.0772,75.383,0.036705116796438425,4.868053333333333,0.2673617944949419,4.3501,5.4279,0.021632258064516085,1511.3284333333334,25.783106992697547,1458.7289,1556.3434,-1.474340378198026
motor-0147,failure,0,29,NORMAL,54.74167333333334,0.966880961971132,53.2713,57.0546,0.01032711902113244,1.4448766666666668,0.08373931248556771,1.2877,1.6085,0.003931101223581742,1800.00593,16.87396860856293,1773.2774,1836.7481,-0.16150200222475897
motor-0147,failure,10,39,DEGRADATION,55.49453666666667,1.2292540856100045,53.4055,57.9061,0.05603263626251357,1.52935,0.12995203153471668,1.311,1.9099,0.009355127919911001,1795.9583233333335,17.236458356763894,1752.3709,1824.9187,0.493060845383735
motor-0147,failure,20,49,DEGRADATION,56.154196666666664,1.5154653216055085,53.4055,58.7856,0.13711539488320237,1.6412166666666665,0.17167693901304532,1.3555,1.9872,0.015740667408231348,1790.630963333333,22.08813261273247,1750.99,1824.9187,-1.2924179087875933
motor-0147,failure,30,59,DEGRADATION,56.71795,1.2427966472838585,54.2685,58.7856,0.0033377753058949056,1.84512,0.22148949621445554,1.5103,2.229,0.02197130144605112,1774.68876,27.737312447887476,1713.2857,1824.9187,-2.4300071190211834
motor-0147,failure,40,69,DEGRADATION,57.87673,1.903600736525388,54.2685,61.182,0.1339926807563945,2.0301166666666663,0.20297527285087924,1.6263,2.389,0.0184886540600667,1753.9515399999998,21.976975720097037,1713.2857,1798.1147,-1.6325844271412924
motor-0147,failure,50,79,DEGRADATION,58.57777,2.050458062181879,54.2685,61.182,0.16241145717463767,2.2401633333333337,0.17379221786055007,1.9629,2.6343,0.013605850945494942,1731.11731,28.310933554292543,1674.4562,1786.5282,-2.6414198665184094
motor-0147,failure,60,89,FAILURE,59.54394999999999,1.102786955777649,56.8208,61.182,-0.05753132369299367,2.46266,0.2692047245746875,2.0477,3.0678,0.024226963292547265,1714.46573,23.0321964149485,1674.4562,1763.4594,-1.7003830255840309
motor-0147,failure,70,99,FAILURE,60.20598,1.8552244903515045,56.8208,64.6503,0.10128680756395873,2.7279833333333334,0.3030649997204486,2.226,3.4596,0.02704371523915461,1704.7887899999998,22.755939741488,1659.021,1768.2681,-0.14478293659624875
motor-0147,failure,80,109,FAILURE,60.457226666666664,1.910249044310424,56.8208,64.6503,0.05427510567296804,2.91752,0.2473586052677367,2.5322,3.4596,0.012521379310344766,1690.6584333333333,35.594195790627936,1614.322,1768.2681,-1.8843262736373878
motor-0147,failure,90,119,FAILURE,61.71093333333333,1.937907332895174,57.5761,65.8821,0.061909543937706896,3.212416666666667,0.4868483590628833,2.5398,4.679,0.03834622914349271,1678.5596299999997,36.977656345665004,1614.322,1768.2681,-1.9949963737486256
motor-0147,failure,100,129,FAILURE,63.13692333333334,3.0002588727956274,57.5761,70.1409,0.28678258064516016,3.5044066666666667,0.5284446466965317,2.5878,4.679,0.043952169076751875,1640.0399233333335,43.82829588741108,1555.1783,1716.8345,-3.137806429366026
motor-0147,failure,110,139,FAILURE,64.94357,2.2551210236777393,60.7499,70.1409,0.13463481646273534,3.6694000000000004,0.3930148258441828,2.9096,4.679,-0.002371568409343815,1629.47592,40.09264522900593,1555.1783,1711.2618,-1.945957374860964
motor-0147,failure,120,149,FAILURE,67.49243666666666,2.956291780647205,63.6183,73.1535,0.19982235817574995,3.7121466666666665,0.27110103495847365,3.2334,4.1356,-0.0036742602892103214,1619.2261766666663,31.163776839280164,1555.1783,1679.1278,2.1637208676306976
motor-0147,failure,130,159,FAILURE,68.87318333333333,2.996015453129187,63.6183,73.6184,0.21958462736373585,3.7685733333333338,0.3124037952536571,3.2334,4.3837,0.028696996662958822,1615.5854266666668,44.5746058738899,1512.6313,1679.1278,-2.173336952169108
motor-0147,failure,140,169,FAILURE,70.38238666666666,1.9544134539947158,65.6352,73.6184,0.004669187986650937,4.116673333333334,0.41262949315605424,3.3452,4.8814,0.03894874304783083,1583.6912599999998,54.91034849569856,1508.8578,1672.6467,-5.017527430478334
motor-0147,failure,150,179,FAILURE,70.66447333333333,1.4339194575087613,67.9236,73.6184,0.02660137931034338,4.401836666666666,0.36727404526078644,3.608,4.9226,0.02873492769744153,1554.00207,44.35082049272705,1487.6692,1664.783,-2.3957535261402114
motor-0147,failure,160,189,FAILURE,71.15125333333332,1.5636857987318153,68.839,74.534,0.06488952169076564,4.555466666666667,0.29862409406401813,3.8578,5.0095,-0.0046525472747498305,1522.24279,35.97989133907392,1465.2078,1615.4755,-2.320301245828744
motor-0147,failure,170,199,FAILURE,73.00066,2.5656053142289847,69.109,79.4312,0.21511786429365803,4.682086666666667,0.3447217580729261,3.9164,5.3535,0.010740200222469359,1509.9404266666668,42.48218614490026,1418.272,1615.4755,-2.1881678309233044
motor-0148,failure,0,29,DEGRADATION,55.680593333333334,1.168656868641186,53.6494,57.8131,-0.01807350389321508,1.5667966666666664,0.15466000017960543,1.2232,1.9112,-0.001057196885428293,1790.7418066666664,16.11764672349189,1763.4367,1828.6641,-1.0950278086763552
motor-0148,failure,10,39,DEGRADATION,56.914413333333336,1.9068049927795145,53.6494,59.971,0.09694807563959813,1.7355766666666665,0.3154131498879243,1.2232,2.2533,0.025759221357063385,1775.2779033333331,17.455297508368496,1727.7673,1804.1134,-1.1542427363738017
motor-0148,failure,20,49,DEGRADATION,58.00562333333333,2.5320683047242003,53.6494,61.7286,0.261690878754169,1.8696466666666671,0.2744954386182441,1.2801,2.2533,0.018130367074527212,1750.538133333333,34.11718856916879,1691.5904,1804.1134,-3.4505635150167313
motor-0148,failure,30,59,DEGRADATION,60.20631333333333,1.3860209139194917,56.897,62.2259,0.1301700556173514,2.15331,0.25144322931164137,1.76,2.6968,0.015024538375973229,1729.5980066666666,25.520402514693117,1691.5904,1781.4895,-1.8430915239154926
motor-0148,failure,40,69,FAILURE,61.78089999999999,1.8163804331692193,57.9609,66.4641,0.17864889877641663,2.2466866666666663,0.29716914345574685,1.7767,2.7021,0.02159457174638484,1719.0047799999998,13.664769013815521,1691.5904,1745.7163,0.8277809121245554
motor-0148,failure,50,79,FAILURE,62.91220666666666,1.7386713099247806,59.8618,67.2203,0.09320111234705133,2.4473499999999997,0.2788446517925946,1.8964,3.0073,0.009233704115684057,1706.0441833333332,35.33988791276397,1598.4742,1745.7163,-2.675896707452768
motor-0148,failure,60,89,FAILURE,63.598706666666665,1.5014745432259429,60.5583,67.2203,-0.025678665183538243,2.6246,0.36043306729544117,1.8964,3.2428,0.02718883203559505,1687.679606666667,38.93134293558281,1598.4742,1744.0873,-3.0766003559510957
motor-0148,failure,70,99,FAILURE,62.73578333333332,2.138064442290944,58.9358,67.2203,-0.11231250278086785,2.8417600000000003,0.3488061960458845,1.8964,3.5809,0.02637423804226916,1647.6022333333326,43.27588875280192,1556.7333,1729.6653,-3.264658954393808
motor-0148,failure,80,109,FAILURE,63.55478,2.9733675651691627,58.9358,70.3977,0.10391733036707324,3.0619533333333337,0.2887128743617475,2.6457,3.6477,0.014375305895439247,1630.4734566666668,36.87216947138389,1556.7333,1710.2575,-2.0369463181312932
motor-0148,failure,90,119,FAILURE,66.21798666666669,4.831443075295643,58.9358,74.4153,0.46784266963292415,3.3641333333333336,0.45149972929732257,2.7285,4.4389,0.04082869855394878,1603.60383,32.03946207111006,1532.2926,1670.6988,-1.4255542825362
motor-0148,failure,100,129,FAILURE,69.75619666666667,3.352249287118858,62.5712,74.4153,0.24507699666295682,3.65599,0.43006503333798246,2.7285,4.4389,0.03681394883203551,1579.6662100000003,42.57923879770791,1504.1258,1664.436,-4.029645406006686
motor-0148,failure,110,139,FAILURE,71.79414666666666,1.9081812041371293,67.8303,75.4471,0.07843274749721889,3.9230666666666667,0.2225273366477826,3.4874,4.4389,0.0087337486095661,1543.324663333333,40.75512219641832,1481.6901,1617.3955,-3.7327764849833547
motor-0148,failure,120,149,FAILURE,74.32199,3.730397013219012,68.5353,80.9956,0.3498491434927687,4.25842,0.46905293546322324,3.6132,5.1966,0.042153859844271335,1517.752253333333,28.250174021065586,1475.405,1580.3983,-1.5351414905450755
motor-0149,failure,0,29,DEGRADATION,55.19113666666667,0.5965259600293095,53.4551,56.2614,-0.007256484983315964,1.3261333333333334,0.20949534335848347,0.912,1.6359,-0.01325543937708569,1788.0070700000003,12.961112040540081,1757.9743,1809.8251,-0.958050433815393
motor-0149,failure,10,39,DEGRADATION,56.28874333333332,1.7768474071949891,53.4551,60.3496,0.14651828698553773,1.4861166666666668,0.39995730279062985,0.912,2.2898,0.033756240266963285,1782.102143333333,15.656818480131562,1733.9786,1817.3095,-0.25022703003340246
motor-0149,failure,20,49,DEGRADATION,57.44719,2.0341335856411527,53.4551,60.3496,0.17910516129032078,1.6696366666666664,0.3828051205538168,0.912,2.2898,0.030369677419354826,1758.7341566666662,38.134296426162834,1678.0107,1817.3095,-3.405041624026767
motor-0149,failure,30,59,DEGRADATION,59.20240333333333,1.4956849593599442,56.3578,63.1388,0.10467348164627219,2.0130033333333333,0.23048654549790004,1.5398,2.409,0.013169143492769738,1736.4427766666665,39.65488083525728,1678.0107,1817.3095,-3.381319176863208
motor-0149,failure,40,69,DEGRADATION,61.04128333333333,2.445540092369963,56.5641,65.1222,0.23270182424916458,2.2132099999999997,0.33303115304727876,1.6484,2.7583,0.03328754171301442,1716.430136666667,20.531523076876745,1678.0107,1760.4748,0.11656593993322217
motor-0149,failure,50,79,FAILURE,62.072963333333334,2.4135393073911646,57.7913,65.5012,0.06268585094549305,2.5524166666666663,0.2950828472178995,1.9758,3.2472,0.029318687430478274,1710.337043333333,21.244185082443668,1645.2887,1741.4091,-0.7005308342603515
motor-0149,failure,60,89,FAILURE,62.677620000000005,2.267454031345877,57.7913,65.5012,-0.08750478309232676,2.77603,0.26366139668142546,2.331,3.2628,0.013720689655172326,1702.7903466666671,24.267885395088623,1645.2887,1741.4091,-1.7584848498331862
motor-0149,failure,70,99,FAILURE,62.73966666666667,2.6866798689501934,57.7913,69.3722,0.06117410456062105,3.010566666666667,0.2984131893123284,2.331,3.4561,0.020363337041156813,1674.0141066666665,37.58569414820779,1569.3783,1739.418,-3.1393612458287317
motor-0149,failure,80,109,FAILURE,63.183466666666654,2.3380004665430594,59.4675,69.3722,0.06357655172413551,3.19981,0.33120309917028257,2.3994,3.8671,0.024346852057841952,1643.9847299999997,44.50453817692566,1562.6397,1717.8714,-4.000467074527281
motor-0149,failure,90,119,FAILURE,64.41026666666667,2.1915059630816027,60.1491,69.3722,0.0658897886540588,3.4205533333333333,0.2508364164594572,2.8629,3.9422,0.017736106785316952,1614.324273333333,33.12784210010199,1557.2475,1686.2403,-1.4475856729700056
motor-0149,failure,100,129,FAILURE,65.33594666666666,2.045223662379142,60.1491,68.5436,0.18711114571746212,3.557833333333334,0.25916883471761976,2.8629,3.9433,0.016233904338153467,1593.9102833333332,29.688412381422314,1532.1148,1648.8656,-1.1995782202447545
motor-0149,failure,110,139,FAILURE,66.79714666666665,1.5898794289155649,63.9715,71.1951,0.10286981090100046,3.7302600000000004,0.23704309397238293,3.2768,4.3073,0.016484983314794085,1566.0003166666668,40.34489878306866,1494.4429,1642.276,-3.798962558398239
motor-0149,failure,120,149,FAILURE,68.60998333333333,2.330536542098312,63.9715,72.5658,0.21266783092324829,3.9975266666666665,0.34986572560849044,3.4274,4.6611,0.03333454949944375,1539.6071466666667,32.50180861399083,1494.4429,1622.3167,-2.884574727474999
motor-0149,failure,130,159,FAILURE,70.51863333333333,2.470357441253302,65.4881,73.7343,0.23847052280311223,4.270766666666666,0.3471955609675267,3.5792,4.8527,0.029483559510567196,1509.0697133333335,34.92899708394861,1428.6942,1569.1683,-2.3988246496107015
motor-0149,failure,140,169,FAILURE,72.37882666666668,1.587688748240312,68.8793,75.9904,0.1261163959955488,4.4165133333333335,0.3064541169934289,3.8755,5.1471,0.004762402669632833,1499.0481199999997,35.64816407219688,1428.6942,1569.1683,-1.6659640044494053
motor-0150,failure,0,29,DEGRADATION,55.521910000000005,1.830625942558082,52.5544,58.697,-0.10206943270300475,1.5588866666666668,0.22520159373819323,1.1193,2.0062,-0.008380556173526192,1787.78229,18.487261125999698,1754.467,1817.5905,-1.4605975750834972
motor-0150,failure,10,39,DEGRADATION,55.97261666666667,2.163611811313563,52.5544,59.9859,0.10037946607341286,1.6564166666666666,0.2778386367220289,1.1193,2.0353,0.013038731924360374,1771.089446666667,17.209644742270406,1732.1364,1802.2331,-1.156978420467217
motor-0150,failure,20,49,DEGRADATION,57.27583999999999,2.407659843721008,52.5544,60.5003,0.23895363737485895,1.736966666666667,0.24577706474680577,1.258,2.0951,0.020216106785317003,1745.1000066666663,36.55001513717822,1685.1942,1800.3585,-3.8386402669633184
motor-0150,failure,30,59,DEGRADATION,58.683539999999994,1.2192898656185083,56.4875,60.9008,0.03898905450500363,1.9722133333333332,0.18400767326995424,1.7509,2.3645,0.012088987764182386,1727.65067,29.7757855405602,1685.1942,1779.8892,-1.6041875194661286
motor-0150,failure,40,69,DEGRADATION,59.43441666666666,1.2165530839447802,56.4875,61.2212,0.04323090100110979,2.1424900000000004,0.28239041573679513,1.7509,2.614,0.03011130144605114,1712.1912399999997,19.37301166877262,1685.1942,1762.4316,0.5171877641823774
motor-0150,failure,50,79,FAILURE,60.28387333333333,1.7738980840573175,56.4875,64.1228,0.165664026696328,2.381726666666667,0.22713067447812701,1.8045,2.7229,0.02136471635150163,1708.0262133333333,25.986469536661225,1647.3567,1762.4316,-1.57004600667412
motor-0150,failure,60,89,FAILURE,61.06152666666666,1.5559196352282745,58.5085,64.4125,0.052234972191323684,2.5933399999999995,0.20937163863968458,2.1906,3.1172,0.016679866518353684,1694.897983333333,25.340599171791265,1647.3567,1753.2429,-0.9376756618465302
motor-0150,failure,70,99,FAILURE,62.488326666666666,2.1464532147915287,58.5085,66.6336,0.12178656284760754,2.859253333333333,0.33031590408106126,2.4018,3.6067,0.03215786429365964,1677.0424933333334,36.205447540970326,1599.1788,1753.2429,-1.5614642491657866
motor-0150,failure,80,109,FAILURE,62.83424000000001,2.386975340132361,58.5085,66.6336,0.13379848720800852,3.141743333333333,0.3619270522111082,2.4576,3.8421,0.028373147942157916,1654.4395133333333,42.78270135669892,1591.8956,1753.2429,-3.3462720355951414
motor-0150,failure,90,119,FAILURE,65.48275333333332,2.984085367381808,60.2364,71.148,0.21392863181312488,3.3173966666666668,0.308865736184655,2.6361,3.8582,0.007144716351501588,1635.3477766666665,36.22315837026255,1564.7208,1739.4676,-1.9456465628476276
motor-0150,failure,100,129,FAILURE,67.51064,3.6217768681132196,60.2364,73.1651,0.36032502780867587,3.4827899999999996,0.3470804684315536,2.6361,3.9978,0.013845761957730764,1608.4081333333336,31.930907629341775,1534.8327,1668.402,-1.955899666295901
motor-0150,failure,110,139,FAILURE,68.79400000000001,2.1327611194568115,63.9921,73.1651,-0.09726949944382757,3.6172500000000003,0.3562531457171057,2.6361,4.1993,0.027201624026696312,1583.1688866666666,41.8434637846481,1516.6576,1668.402,-4.101968542825409
motor-0150,failure,120,149,FAILURE,69.18927666666667,2.439660643297662,63.9921,73.7671,-0.012414838709680777,3.941846666666666,0.4089277440113622,3.3516,4.9125,0.030972057842046635,1559.6666799999998,28.386348252383552,1513.1574,1615.2312,-1.150448275862119
motor-0150,failure,130,159,FAILURE,69.42229666666667,2.601276645224205,63.9921,74.042,0.19597741935483667,4.150293333333334,0.4122904259001037,3.3516,4.9125,0.031160978865405965,1527.09432,40.88124162627973,1457.9268,1613.3953,-3.2146949944383048
motor-0150,failure,140,169,FAILURE,71.13307000000002,2.0289412505294475,67.1574,74.5269,0.11820429365962004,4.376326666666667,0.3282317300661564,3.5714,4.9125,0.013905361512791913,1517.33168,42.636989907093586,1457.9268,1613.3953,-2.2437705895439786
motor-0150,failure,150,179,FAILURE,72.24438,1.7489474696513894,68.9161,75.8695,0.09702825361512595,4.61612,0.3473044220852939,4.0109,5.4801,0.028743581757508272,1504.2877633333337,28.033931211200517,1457.9268,1574.2087,1.8973937041156475
motor-0151,degrading,0,29,NORMAL,54.15907333333334,1.1029324306693598,51.7044,56.2183,-0.04115599555061317,1.5593499999999996,0.24597746610885585,1.1595,2.0151,-0.01750760845383762,1788.2413766666664,16.644259916954013,1760.6097,1827.8761,0.4085529032257532
motor-0151,degrading,10,39,DEGRADATION,54.075426666666665,1.1742881125553848,51.7044,56.1271,0.018043515016683276,1.5070466666666664,0.18638002169999038,1.1595,1.8377,0.010248809788654018,1793.5000566666663,20.389923949599606,1760.6097,1827.8761,1.5850805116796274
motor-0151,degrading,20,49,DEGRADATION,54.27482333333333,1.0953499013810861,51.7044,56.1271,0.07487868743047678,1.5896900000000003,0.17381817770302388,1.1938,2.0443,0.010137107897664055,1786.8851100000002,27.815858601912083,1743.936,1827.8761,-1.7947071190211958
motor-0151,degrading,30,59,DEGRADATION,54.381796666666666,0.9255842949126183,52.6663,56.1271,-0.007474282536152603,1.734906666666667,0.16283882201599087,1.4354,2.1265,0.009261357063403745,1773.3128333333334,27.379854017109412,1743.8529,1825.2091,-2.3770000444939257
motor-0151,degrading,40,69,DEGRADATION,55.14746,1.4119086612572833,52.6663,58.509,0.09532707452725132,1.8641666666666665,0.2168951272440721,1.5142,2.3629,0.018228342602892075,1762.5714266666666,14.711263968264435,1743.8529,1793.5848,0.9460751501668039
motor-0151,degrading,50,79,DEGRADATION,56.027033333333335,1.77397703768178,52.6663,58.8019,0.18000124582869748,2.0088933333333334,0.1725056364940642,1.6799,2.3629,0.010019176863181274,1753.7926433333332,22.85957874280399,1702.4247,1793.5848,-1.2003690989989446
motor-0151,degrading,60,89,DEGRADATION,57.21446,0.9869932034889263,55.0267,59.023,0.05889539488320219,2.090903333333333,0.13989546926981666,1.8575,2.4051,0.002849276974415972,1755.730276666667,24.686067142670908,1702.4247,1795.0584,-0.6394042491657925
motor-0151,degrading,70,99,DEGRADATION,58.15209000000001,1.2586029920378647,56.3419,62.2026,0.0919887652947705,2.16893,0.15852400060138108,1.8635,2.5278,0.007586941045606209,1737.4207199999998,23.814348449361365,1692.4958,1795.0584,-0.4092018242492207
motor-0151,degrading,80,109,DEGRADATION,58.58721666666667,1.251875887374179,56.9208,62.2026,0.05252945494994299,2.1647133333333333,0.1537243371175242,1.8315,2.5278,-0.0008550389321468916,1738.15096,22.759748630958118,1692.4958,1795.0584,-1.3796501001113008
motor-0151,degrading,90,119,DEGRADATION,59.235946666666656,1.1039059732704692,57.0125,62.2026,-0.0008579755283658867,2.2752566666666665,0.2107059288571529,1.8315,2.7193,0.00864402669632924,1728.9107733333333,13.120847787038073,1692.4958,1754.148,0.4980690100110853
motor-0151,degrading,100,129,DEGRADATION,59.62414333333333,1.3574018566568835,57.0125,62.6072,0.08668064516128976,2.35735,0.2500765066268054,1.8315,2.8647,0.02102048943270296,1717.539403333333,27.724239886309856,1642.2965,1754.148,-2.2657376418242956
motor-0151,degrading,110,139,DEGRADATION,59.529720000000005,1.4115599095563274,56.6812,62.6072,-0.046341045606231174,2.5375933333333336,0.18848835142316414,2.0517,2.9811,0.009833014460511665,1701.2180999999998,29.612207362842764,1642.2965,1754.148,-2.6808246941046003
motor-0151,degrading,120,149,DEGRADATION,60.133706666666654,1.6524548536310726,56.6812,62.6072,0.022166629588429895,2.6713099999999996,0.20340730624373682,2.3453,3.0228,0.013828676307007728,1699.0461633333332,27.680833580578028,1642.2965,1747.2327,1.516146407119016
motor-0152,degrading,0,29,NORMAL,56.04786333333333,1.2244899908351874,54.0701,58.0531,-0.022869121245830213,1.49232,0.19459906029235255,1.1284,1.8787,-0.01284084538375977,1800.447053333333,19.384659754777466,1761.8499,1832.8425,-1.3835440711902656
motor-0152,degrading,10,39,NORMAL,56.11655666666666,0.995755430710217,54.0701,58.0531,-0.006417597330367462,1.458706666666667,0.1595620609320677,1.1284,1.785,0.0074322135706340105,1791.6559366666668,15.103703107703618,1761.8499,1824.3285,-0.6277961512792152
motor-0152,degrading,20,49,DEGRADATION,56.05794333333333,0.8566324578189235,54.0701,57.2739,0.04572260289210112,1.490076666666667,0.1483276725886156,1.1284,1.785,0.005801624026696304,1778.2055033333336,20.997059659048833,1721.6025,1809.786,-1.449749477196946
motor-0152,degrading,30,59,DEGRADATION,56.721289999999996,1.0003983654358228,55.1647,60.1521,0.05169417130144508,1.6162466666666664,0.16295433252567693,1.3329,1.9646,0.007820022246941017,1771.8851866666664,20.390876595800293,1721.6025,1801.3209,-1.0904149944383181
motor-0152,degrading,40,69,DEGRADATION,57.73692666666667,1.6097535753303642,55.4691,60.7517,0.15287354838709552,1.734496666666667,0.21682063321761813,1.3329,2.0651,0.02101092324805336,1766.0557333333338,20.040532167141244,1721.6025,1802.9562,0.23144649610676013
motor-0152,degrading,50,79,DEGRADATION,57.93486666666666,1.5161940215186482,55.3182,60.7517,-0.0025869632925471947,1.7864866666666663,0.18189519094491996,1.4667,2.0651,-0.0023554616240267097,1758.8902733333332,21.675057740637193,1723.7718,1802.9562,-1.5790007119021243
motor-0152,degrading,60,89,DEGRADATION,58.316096666666674,2.0359739352430055,55.0274,63.4792,-0.010736218020023414,1.842613333333333,0.1729904655047658,1.4667,2.1035,-0.0003966629588432035,1756.4247833333334,21.728299973614817,1723.7718,1802.9562,-0.6416912347052812
motor-0152,degrading,70,99,DEGRADATION,58.747209999999995,2.36562366524489,55.0274,63.4792,0.19640518353726197,1.847266666666667,0.17562993354082773,1.4667,2.1235,0.015063537263626196,1750.2710266666666,18.075619612043443,1711.7939,1781.4982,0.6800406229143163
motor-0152,degrading,80,109,DEGRADATION,58.576739999999994,2.602229344568486,53.9906,63.4792,-0.08596600667408291,1.8987833333333335,0.11889738456145937,1.6003,2.1235,-0.00565007786429368,1756.39398,17.293682924860178,1711.7939,1788.2274,-0.17030798665188934
motor-0152,degrading,90,119,DEGRADATION,58.815866666666665,2.168860398816751,53.9906,62.1564,-0.08203399332591947,1.9673833333333337,0.1666689634841739,1.6003,2.2319,0.0070519021134593796,1760.1102099999996,18.450310877296886,1711.7939,1800.3681,0.9495987319243305
motor-0152,degrading,100,129,DEGRADATION,59.17105666666666,2.5475699439116926,53.9906,63.1832,0.23384669632925342,2.0292199999999996,0.19111060218278492,1.6003,2.3411,0.013812458286985472,1754.3684366666664,33.12753698465454,1676.6017,1806.6271,-1.1917012013348416
motor-0152,degrading,110,139,DEGRADATION,60.376776666666665,1.4770923048754336,57.7109,63.1832,0.040550545050054405,2.168993333333333,0.1101800584901319,1.9266,2.4345,0.004552436040044497,1744.7768066666665,37.857843282151656,1675.3048,1806.6271,-2.261005962180242
motor-0152,degrading,120,149,DEGRADATION,61.00057666666667,1.5313418892555926,57.561,63.2954,-0.0203872525027822,2.2694933333333336,0.1572735322791332,1.9266,2.6051,0.012455216907675164,1731.0609833333333,33.81416748058012,1675.3048,1806.6271,-0.8256470077864783
motor-0152,degrading,130,159,DEGRADATION,60.873419999999996,1.4094270418388697,57.561,63.2954,0.07687768631813031,2.4995433333333335,0.2790284533679117,2.1358,3.1078,0.027229610678531687,1707.2579899999998,37.81584643645526,1640.3741,1768.7487,-2.9070534149054756
motor-0152,degrading,140,169,DEGRADATION,61.08782666666668,1.3884825313829328,57.561,63.2954,-0.007253125695217753,2.61541,0.20748126718654222,2.3064,3.1078,0.0071044493882090705,1698.7186199999999,33.10541667658429,1640.3741,1761.2423,-1.5366657619577937
motor-0152,degrading,150,179,DEGRADATION,61.91771000000001,1.6448519064746627,59.2807,65.2655,0.09645132369299084,2.671876666666667,0.19552295804386305,2.3291,3.1078,-0.007449010011123507,1692.1103166666664,26.521608676876834,1640.3741,1735.0868,1.9109270077863836
motor-0153,failure,0,29,FAILURE,59.30457666666667,2.6298482725160324,55.7172,65.8208,0.28313644048943215,2.277226666666667,0.585385235512099,1.4891,3.2661,0.06464093437152389,1758.1600433333335,49.99211893775982,1677.6632,1825.4924,-4.953573503893244
motor-0153,failure,10,39,FAILURE,62.99434999999999,3.9215509072092036,57.4462,69.9768,0.4360123025583976,2.8341899999999995,0.5734860366507045,1.813,3.9564,0.05852892102335925,1701.55855,58.658107975560384,1563.4788,1810.7945,-5.422575639599596
motor-0153,failure,20,49,FAILURE,67.29897333333334,4.271439988648116,59.9569,75.2914,0.4751967519466062,3.466930000000001,0.5056956628579421,2.6184,4.399,0.04972901001112343,1648.1440333333333,62.9154330005886,1532.2351,1758.2612,-6.1938152614015705
