session_id,scenario,window_start,window_end,state,pressure_mean,pressure_std,pressure_min,pressure_max,pressure_trend,flow_rate_mean,flow_rate_std,flow_rate_min,flow_rate_max,flow_rate_trend,vibration_mean,vibration_std,vibration_min,vibration_max,vibration_trend
pump-0000,failure,0,29,NORMAL,4.518379999999999,0.11676152448473777,4.2955,4.7411,0.005491612903225708,90.75952333333333,4.107186590167964,84.6985,97.7732,-0.33013746384872267,1.3109166666666663,0.23444582186272567,0.9197,1.7131,-0.017101913236929958
pump-0000,failure,10,39,DEGRADATION,4.5399199999999995,0.10218341809380485,4.3368,4.7411,-0.003673370411568469,89.24592999999999,3.2813952122179155,84.6985,95.9303,-0.11032193548387223,1.27642,0.20318065590339388,0.9197,1.7404,0.015396173526140129
pump-0000,failure,20,49,DEGRADATION,4.44058,0.15084766134525696,4.0199,4.6581,-0.011015350389321556,88.17999666666668,1.7269203655608696,84.6985,91.7893,0.06119842046718376,1.5177799999999997,0.3105347478141536,0.9197,2.0357,0.0340864516129032
pump-0000,failure,30,59,DEGRADATION,4.290000000000001,0.2072010585558546,3.9505,4.6581,-0.01990353726362646,86.99138333333333,3.5215266335386737,79.2721,91.7893,-0.31432206896551934,1.7452533333333333,0.2271967938936541,1.3749,2.1308,0.018017886540600617
pump-0000,failure,40,69,DEGRADATION,4.029906666666667,0.2726884167364324,3.5829,4.5782,-0.02876569521690777,84.30246666666666,3.700771473205133,78.0468,90.4213,-0.312947497219135,1.9707033333333335,0.25760666979374236,1.5768,2.5673,0.01538213570634034
pump-0000,failure,50,79,DEGRADATION,3.9204466666666664,0.18730102817538294,3.5829,4.2678,-0.00679176863181323,83.40504666666668,3.4550823558668213,78.0468,90.5556,0.04203497219132209,2.1293333333333333,0.30332754719756144,1.5768,2.5909,0.02436760845383756
pump-0000,failure,60,89,FAILURE,3.8099133333333337,0.15941860981565345,3.5829,4.1882,0.0013247608453836254,81.18008666666667,4.953548767010935,69.4862,90.5556,-0.2726827141268096,2.3003666666666667,0.2549145861307709,1.5768,2.6356,0.01420329254727469
pump-0000,failure,70,99,FAILURE,3.8284099999999994,0.15260391727169614,3.4814,4.1882,-0.010955172413793244,79.55793666666663,5.638431076607708,69.4862,90.5556,-0.4333556173526167,2.5087933333333337,0.3619821974750814,2.0987,3.3539,0.02440720800889872
pump-0000,failure,80,109,FAILURE,3.7470133333333338,0.12240320456952455,3.4814,4.0059,-0.0004781312569522294,77.96373666666668,4.271211543616427,69.4862,86.0225,0.19667001112346905,2.7125399999999997,0.40154204727940185,2.0987,3.3539,0.03283163515016679
pump-0000,failure,90,119,FAILURE,3.669983333333333,0.18143918555691202,3.3167,4.0059,-0.013336707452725397,79.19907666666667,4.3035046516905515,70.7368,88.5692,0.19020505005561628,2.95614,0.34400753344464224,2.1333,3.3878,0.02149454949944377
pump-0000,failure,100,129,FAILURE,3.4689899999999994,0.34422181545238145,2.5623,4.0059,-0.030776084538376016,76.31995,6.998620289778549,63.2111,88.5692,-0.5981028476084554,3.0249166666666674,0.2274441588366008,2.6284,3.3878,-0.0011658509454950416
pump-0000,failure,110,139,FAILURE,3.3191,0.305052551756797,2.5623,3.8302,-0.01483248053392663,72.56339000000001,6.647266686959886,63.2111,88.5692,-0.5436043826473879,3.176936666666667,0.29845818633250604,2.6284,3.809,0.012082202447163447
pump-0000,failure,120,149,FAILURE,3.26115,0.2726457283117905,2.5623,3.6947,0.004404694104560506,68.50401000000001,2.984731901232225,62.6821,73.8295,0.04261773081201105,3.3376233333333327,0.3682238664031554,2.6284,4.1038,0.028126251390433794
pump-0000,failure,130,159,FAILURE,3.324103333333334,0.20110529660409796,2.9357,3.7235,0.0020018020022247182,68.63896333333334,4.124697162175128,60.6582,77.3451,-0.06219357063403843,3.6081333333333334,0.31631877311064266,2.9608,4.4242,0.02375172413793099
pump-0000,failure,140,169,FAILURE,3.19001,0.28310890407521033,2.6795,3.7235,-0.024458665183537363,64.31233999999999,7.026404092592454,51.4676,77.3451,-0.5630698109010028,3.744306666666667,0.28725231061830564,3.2357,4.4242,0.01814335928809777
pump-0000,failure,150,179,FAILURE,3.117316666666667,0.3427390378342618,2.6681,3.7897,-0.00847966629588435,62.06613333333334,6.579344970756757,51.4676,77.3451,-0.3576655839822047,3.9182766666666664,0.31564398265908516,3.3253,4.5401,0.016687319243603903
pump-0000,failure,160,189,FAILURE,3.0802066666666663,0.2989518890315891,2.6681,3.7897,0.02016596218020015,59.71938333333333,3.912638778632082,51.4676,66.2871,0.21750342602891887,4.00365,0.309629675311223,3.3971,4.5401,0.011546407119021093
pump-0000,failure,170,199,FAILURE,2.958513333333333,0.4185942098129033,2.2487,3.7897,-0.024768409343715325,59.116730000000004,4.50615023970203,50.1354,66.2871,-0.33297377085650826,4.148916666666667,0.31486426925828775,3.5034,4.5897,0.008878064516128865
pump-0000,failure,180,209,FAILURE,2.7782700000000005,0.39150870330896437,2.2487,3.5257,-0.02814062291434937,57.74133666666666,3.8944491585232206,50.1354,66.2864,-0.19667312569521936,4.311636666666667,0.37990212553878777,3.5149,5.3798,0.03194427141268068
pump-0001,failure,0,29,DEGRADATION,4.576366666666667,0.15047715072026346,4.3113,4.9016,-0.008990077864293709,89.49087333333333,2.174363965382879,86.4106,93.5446,-0.15847047830923455,1.5318399999999999,0.23450271867649353,1.0771,2.1021,-0.006268832035595117
pump-0001,failure,10,39,DEGRADATION,4.466393333333333,0.20164295001038074,4.0633,4.9016,-0.020299710789766466,87.78962666666665,1.8306533656836532,83.6427,92.2886,-0.13104978865406197,1.65859,0.3610299926137255,1.0771,2.3343,0.031499065628476056
pump-0001,failure,20,49,DEGRADATION,4.2797133333333335,0.13665317104098085,4.0633,4.4816,-0.013343359288098008,86.88978666666668,1.6173291703161576,82.8512,89.2012,-0.08236298109010114,1.8625033333333332,0.2859881588263557,1.1951,2.3343,0.021837041156840903
pump-0001,failure,30,59,DEGRADATION,4.134766666666667,0.16869381599678024,3.608,4.3834,-0.015045116796440536,83.62193333333332,4.788162571337314,73.9181,89.2012,-0.4353221357063422,1.9651800000000001,0.1338247196895999,1.6797,2.3343,-0.01035755283648504
pump-0001,failure,40,69,DEGRADATION,3.9471366666666663,0.20514170303042287,3.608,4.2529,-0.020577997775305952,81.1537066666667,4.544318453698225,73.9181,89.024,-0.3669725472747511,2.09128,0.30325993844665117,1.6797,2.7453,0.02372324805339264
pump-0001,failure,50,79,FAILURE,3.8692333333333333,0.1708346751166818,3.608,4.1919,-0.004273815350389448,80.01358666666667,3.5064903973187906,73.9181,86.1425,0.21308133481646074,2.31582,0.38873882011791244,1.6797,2.9783,0.03941468298109008
pump-0001,failure,60,89,FAILURE,3.889043333333333,0.17812577145252054,3.651,4.2325,0.015564338153503837,78.80535333333333,4.33453406782731,71.1912,86.1425,-0.19264778642936842,2.5431866666666676,0.2505009896631593,2.0667,3.0843,0.0035759288097885933
pump-0001,failure,70,99,FAILURE,3.808010000000001,0.2834530994127013,3.1864,4.2325,-0.017747875417130184,76.13248999999999,5.909978254914874,66.0314,86.1425,-0.5653601557285878,2.4640733333333333,0.30512788786925976,1.794,3.0843,-0.024674616240267032
pump-0001,failure,80,109,FAILURE,3.7978899999999998,0.2849631781476338,3.1864,4.2325,-0.008111701890990124,72.91813333333333,4.043677532752691,64.8543,82.9765,-0.08596743047831047,2.60777,0.49019694555691934,1.794,3.6268,0.024302447163514953
pump-0001,failure,90,119,FAILURE,3.5937700000000006,0.3008697582565143,3.003,4.0929,-0.005486740823136919,71.82995333333335,3.7734157996642184,64.8543,79.1678,-0.0014782647385997133,2.7608166666666674,0.5026196727038138,1.794,3.6268,0.03545612903225796
pump-0001,failure,100,129,FAILURE,3.4647766666666673,0.3891642195640407,2.8807,4.0929,-0.03867641824249173,72.24463,3.7410162091023693,64.8543,79.1678,-0.03667668520578617,3.0798766666666664,0.3041535814719633,2.2815,3.6268,0.008382714126807495
pump-0001,failure,110,139,FAILURE,3.2425366666666666,0.25228790363832787,2.8807,4.027,-0.013837219132369367,68.42508,5.516043044030747,58.0154,77.2949,-0.4378612235817581,3.3105166666666666,0.4354443899308179,2.7505,4.2761,0.03887908787541708
pump-0001,failure,120,149,FAILURE,3.1715333333333335,0.15185701242360267,2.8807,3.4321,0.0077798887652947325,65.95873999999999,5.343081918992695,58.0154,77.2949,-0.3870286985539507,3.642163333333333,0.44186348833346956,2.9383,4.3393,0.041561490545049984
pump-0001,failure,130,159,FAILURE,3.1900533333333327,0.15061110125824795,2.9208,3.4321,-0.003071813125695274,62.34537000000001,2.9409373240686367,54.8846,68.5264,-0.006335951056731001,3.9866033333333335,0.35206143638417553,3.2304,4.5697,0.02151454949944375
pump-0001,failure,140,169,FAILURE,3.152333333333333,0.1888440579478799,2.7354,3.4321,-0.004220689655172514,60.85126333333332,3.8195872338498678,54.8846,68.5264,-0.2760773081201347,4.07572,0.2777168466862126,3.5929,4.5697,0.004282358175750782
pump-0001,failure,150,179,FAILURE,3.048063333333333,0.1890825278078919,2.6728,3.4311,-0.010972658509455026,58.041160000000005,3.792248956367009,51.5206,65.1604,-0.2980077864293682,4.304493333333334,0.38021733428249793,3.5929,5.0645,0.02493210233592865
pump-0001,failure,160,189,FAILURE,2.7849633333333332,0.35335040255939837,2.1759,3.4311,-0.033747919911012315,55.41153666666666,3.7943727516313186,45.0627,63.3554,-0.18969043381535117,4.513596666666667,0.43308529528129774,3.6057,5.3632,0.0382615572858731
pump-0002,failure,0,29,NORMAL,4.428326666666666,0.0898970037814881,4.2643,4.6178,-0.007379933259177065,90.16829000000001,3.4006820831856657,83.838,95.8415,-0.28158676307007985,1.5438133333333335,0.13783747853500836,1.2665,1.7728,0.0003072747497218854
pump-0002,failure,10,39,DEGRADATION,4.346453333333333,0.11195107482983609,4.154,4.6178,-0.010158576195773135,89.91709333333333,3.24097507775395,83.838,94.993,0.02401450500555989,1.6231566666666668,0.1893704776064339,1.2665,2.0411,0.010654705228031138
pump-0002,failure,20,49,DEGRADATION,4.3600666666666665,0.126074822581231,4.154,4.6376,0.008488275862068897,89.29511333333333,3.1578990746732583,83.838,94.6712,0.16836907675194487,1.7634000000000003,0.22546706485279247,1.3601,2.1849,0.019565072302558387
pump-0002,failure,30,59,DEGRADATION,4.306093333333334,0.20050443708030224,3.8669,4.6376,-0.005242758620689769,87.76880333333331,5.077175988314983,77.858,94.6712,-0.49227944382647676,1.8437700000000001,0.1689765548826227,1.5646,2.1849,0.0020112347052279912
pump-0002,failure,40,69,DEGRADATION,4.250546666666667,0.23511637080863215,3.8462,4.6376,-0.01987786429365972,84.14939000000001,4.662721394375464,77.3967,93.1659,-0.4288815795328172,1.9410199999999997,0.20274667510631747,1.5646,2.3972,0.00940289210233591
pump-0002,failure,50,79,DEGRADATION,4.120313333333333,0.1536097473759035,3.8462,4.5073,-0.005230967741935608,81.67805000000001,2.2417066194828728,77.3967,85.8984,0.027629566184647868,2.082346666666667,0.26740830420081485,1.5839,2.5534,0.026717997775305855
pump-0002,failure,60,89,DEGRADATION,4.01962,0.1473780770671133,3.686,4.2797,-0.01032066740823146,80.93598333333333,2.5064064044076244,72.8731,85.1942,-0.08073038932146899,2.296086666666666,0.21412145732945329,1.8291,2.6978,0.018439777530589507
pump-0002,failure,70,99,DEGRADATION,3.8373433333333336,0.25621961502239093,3.4011,4.2797,-0.02794569521690783,78.97815999999999,3.8789239544492227,71.3648,85.1942,-0.3205565294771984,2.4747966666666668,0.17042021101448684,2.1547,2.7893,0.01449670745272518
pump-0002,failure,80,109,FAILURE,3.692143333333333,0.18884888788540838,3.4011,4.0584,-0.0093457397107899,77.22822666666667,3.876141169508093,71.3648,85.0998,-0.06069317018910061,2.6025366666666665,0.27976600160769277,2.1099,3.2804,0.012028720800889828
pump-0002,failure,90,119,FAILURE,3.6933466666666663,0.18562106334022427,3.4011,3.9998,0.014741846496106657,78.38747666666667,4.604531623063187,71.3648,85.6537,0.4104135928809781,2.746236666666667,0.3160505270610311,2.1099,3.3149,0.01131116796440481
pump-0002,failure,100,129,FAILURE,3.7809899999999996,0.20133052484244246,3.3133,4.1052,0.002343781979977666,76.94709999999999,6.276255018400704,62.6757,85.6537,-0.29011510567297133,2.7465300000000004,0.353328795080918,2.0053,3.3149,-0.007201401557285963
pump-0002,failure,110,139,FAILURE,3.698423333333334,0.25335895442807804,3.2735,4.1052,-0.022268275862069097,74.44177999999998,7.0686539359532,62.6757,85.6537,-0.6500237597330392,3.034636666666667,0.5390356144593376,2.0053,4.23,0.040300800889877635
pump-0002,failure,120,149,FAILURE,3.6454733333333333,0.2389113084156732,3.2735,4.1052,-0.005226963292547392,70.27199333333333,3.853704755940128,62.6757,79.7479,-0.0648929922135727,3.2998366666666668,0.5698146233547264,2.0053,4.23,0.04830209121245818
pump-0002,failure,130,159,FAILURE,3.4598033333333333,0.2710409741267094,2.715,3.9049,-0.010119844271412807,71.00582000000001,3.2645306685035145,64.6018,77.5087,0.1725418909899874,3.5084033333333338,0.34443315798892277,2.9638,4.23,-0.013231256952169155
pump-0002,failure,140,169,FAILURE,3.3410199999999994,0.3316903670594008,2.715,3.9049,-0.02988769744160183,70.32386666666666,3.2831663647900773,63.2606,76.3459,-0.11244378197998024,3.2894999999999994,0.3981382331134083,2.4199,4.0965,-0.02884876529477206
pump-0002,failure,150,179,FAILURE,3.1384033333333337,0.2155488706895853,2.715,3.6459,-0.009122424916574097,69.85705,3.80186743296414,60.5349,76.3459,-0.2186262736373757,3.3681566666666662,0.5095988053906284,2.4199,4.6583,0.03727245828698552
pump-0002,failure,160,189,FAILURE,3.185393333333333,0.22815273237217407,2.758,3.7798,0.0131404226918798,66.22907333333335,4.187395590016412,59.6775,74.6209,-0.2931379310344849,3.6580500000000002,0.5951749186863752,2.4199,4.6583,0.05942627363737483
pump-0002,failure,170,199,FAILURE,3.13778,0.2838828307594526,2.6388,3.7798,-0.011682758620689758,64.1631,4.605131643938098,53.7008,74.6209,-0.41448703003337145,4.078720000000001,0.31927983379265695,3.5335,4.9291,0.020082491657397013
pump-0002,failure,180,209,FAILURE,3.0384133333333336,0.3245431966455142,2.5992,3.7798,-0.026559466073414983,62.674483333333335,2.61669745787616,53.7008,67.9441,0.08115957730811757,4.184983333333333,0.2440700105616328,3.7155,4.9291,0.006502669632925344
pump-0002,failure,190,219,FAILURE,2.9006933333333333,0.2349311798993247,2.5992,3.372,-0.0027088765294772405,62.384726666666666,3.217031296804901,53.7008,67.9441,-0.02584662958843251,4.232966666666667,0.23936958639077122,3.8163,4.9291,0.0048016017797551675
pump-0002,failure,200,229,FAILURE,2.834426666666667,0.22945632980785008,2.4285,3.298,-0.005021401557285917,61.003816666666665,4.231201304758366,52.3201,67.9441,-0.2821828031145725,4.295473333333333,0.23014968163253144,3.8163,4.7991,0.007725561735261336
pump-0002,failure,210,239,FAILURE,2.704493333333333,0.29207653213194346,2.2489,3.298,-0.02690082313681878,59.588023333333346,3.882896535807887,52.3201,67.0453,-0.03202244716351532,4.499163333333334,0.3131033913191545,3.962,5.1446,0.027416974416017786
pump-0002,failure,220,249,FAILURE,2.5154666666666676,0.20220969039313844,2.1632,2.986,-0.013881646273637449,57.642689999999995,4.182298938968853,50.6046,66.2693,-0.10583615127920064,4.724859999999999,0.3065358713103574,4.1291,5.3102,0.02351862068965506
pump-0003,healthy,0,29,NORMAL,4.511849999999999,0.16538186871601135,4.1956,4.8147,-0.0102003781979979,88.14332666666665,2.4906619953917652,83.2965,93.527,-0.1917796218020045,1.4531400000000003,0.19524295053428517,1.1078,1.9963,-0.011500244716351542
pump-0003,healthy,10,39,NORMAL,4.482643333333333,0.15182776575961188,4.1956,4.7316,-0.0041054282536152195,88.14174000000001,2.5684301440893162,83.2965,93.527,-0.012656507230257501,1.4582766666666669,0.18250894349471086,1.1078,1.8317,0.013409276974415973
pump-0003,healthy,20,49,NORMAL,4.502273333333333,0.13142815257352164,4.2264,4.7169,0.012632614015572778,88.91725666666667,2.698557481283082,83.2965,93.1963,0.22785172413792998,1.5242700000000002,0.17523001673990296,1.1644,1.8317,0.009170567296996628
pump-0003,healthy,30,59,NORMAL,4.5410666666666675,0.10531234601043796,4.3196,4.7169,-0.0012985984427142485,89.047,2.4212427770327647,84.1481,93.1963,-0.14157806451613134,1.5280133333333334,0.16874457963311165,1.2062,1.8317,-0.013540022246941072
pump-0003,healthy,40,69,NORMAL,4.5023599999999995,0.12349629306177569,4.2884,4.7169,-0.009829454949944503,87.53652666666669,3.220655371083483,81.7577,93.1963,-0.2991679644048951,1.4319600000000001,0.13494861145389137,1.2062,1.7655,-0.006338954393770895
pump-0003,healthy,50,79,NORMAL,4.4704,0.10410163303234013,4.2884,4.6563,0.0005288542825360503,86.61175666666666,2.1646580135875713,81.7577,89.8235,0.11072051167964152,1.4102500000000002,0.11911419660700959,1.1296,1.6995,0.004896307007786378
pump-0003,healthy,60,89,NORMAL,4.464283333333333,0.09775988639973404,4.2884,4.6563,0.003365583982202409,86.56086,2.346619115607245,81.7577,89.8235,0.06859385984426909,1.4120200000000003,0.12616178872120248,1.1296,1.6995,0.0008862736373748286
pump-0003,healthy,70,99,NORMAL,4.48452,0.0829578865047401,4.3165,4.6563,-0.003956840934371667,86.88368666666666,2.738572721538641,81.8809,90.9885,-0.08958068965517502,1.3974266666666668,0.1471901399173494,1.1296,1.6995,-0.005212502780867667
pump-0003,healthy,80,109,NORMAL,4.49518,0.07242268245055083,4.3684,4.6085,0.004428209121245709,87.00724999999998,2.9628848728618093,81.8809,92.0718,0.1443860066740801,1.4414133333333337,0.17427393137114786,1.1624,1.8834,0.013015439377085632
pump-0003,healthy,90,119,NORMAL,4.565756666666667,0.11169616132864883,4.3684,4.8202,0.009605228031145554,88.85853333333333,3.425794908760431,81.8809,93.1549,0.2982571746384861,1.5052933333333336,0.17190939073309003,1.1624,1.8834,0.011124671857619553
pump-0003,healthy,100,129,NORMAL,4.499276666666666,0.1922613441530969,4.1582,4.8202,-0.015155661846496284,88.81115999999999,2.959020401934847,83.7724,93.1549,-0.17772694104560882,1.5168766666666664,0.14500434633332737,1.2664,1.8834,-0.01121127919911018
pump-0003,healthy,110,139,NORMAL,4.4342,0.1994985864611577,4.1582,4.8202,-0.014497975528364883,88.70081666666667,2.9228707196958865,83.7724,93.1549,-0.1320038487208037,1.4860666666666669,0.12114810036571859,1.2664,1.7111,-0.0038643826473860033
pump-0003,healthy,120,149,NORMAL,4.4230133333333335,0.18240886442884907,4.1582,4.7289,0.01839839822024459,89.62952999999999,4.049875710780105,83.7724,96.4356,0.3853861846496093,1.5321266666666666,0.162109987217184,1.2664,1.8569,0.013135305895439342
pump-0003,healthy,130,159,NORMAL,4.496529999999999,0.14015394666817868,4.2126,4.7289,0.006185962180200093,90.11904,3.6456082339896767,83.789,96.4356,-0.08251114571746554,1.5539533333333333,0.1637362609673116,1.1463,1.8569,-0.0064473859844271725
pump-0003,healthy,140,169,NORMAL,4.504366666666666,0.1242312422684228,4.3083,4.7289,-0.011264382647386075,88.78374666666666,4.94071308130944,79.9789,96.4356,-0.4272566407119049,1.5618166666666666,0.17660521148092498,1.1463,1.8569,-0.008023604004449413
pump-0003,healthy,150,179,NORMAL,4.478836666666666,0.10627170047676018,4.3083,4.6784,0.005045139043381439,87.85867666666668,4.1005137909521645,79.9789,95.6592,0.252041802002222,1.4827033333333333,0.14116452454100814,1.1463,1.7541,0.0008173303670745248
pump-0003,healthy,160,189,NORMAL,4.479956666666667,0.128241825427155,4.2441,4.6789,0.002931056729699528,88.79803,4.321091835801843,79.9789,95.6592,0.26769078976640465,1.5009666666666668,0.11465136525814057,1.2842,1.7541,-0.0019490989988876718
pump-0003,healthy,170,199,NORMAL,4.4603600000000005,0.14455382296339775,4.2249,4.6789,-0.011477018909900038,88.74772,3.863338158242601,82.7429,95.6592,-0.33648204671857795,1.4497533333333337,0.09791684817004456,1.2381,1.625,-0.0049643604004449785
pump-0003,healthy,180,209,NORMAL,4.449936666666667,0.13976662568566064,4.2249,4.6806,0.0023250945494993707,87.68920666666666,3.383907572017231,82.7429,94.7629,-0.0733004671857645,1.4888000000000003,0.12469657306170581,1.2381,1.7339,0.0029937708565071944
pump-0003,healthy,190,219,NORMAL,4.529983333333334,0.17558401613535962,4.2249,4.7916,0.018092391546162285,88.45104333333335,3.6866698380049647,82.7429,94.0846,0.3619937931034453,1.5007999999999997,0.13327004164477477,1.2381,1.7339,0.005616907675194621
pump-0003,healthy,200,229,NORMAL,4.587916666666667,0.12335942359175033,4.4017,4.7916,-0.0009547274749722761,88.19485333333334,4.014492581446487,81.7296,94.0846,-0.19619225806451684,1.4885699999999997,0.14647244598672246,1.1766,1.7339,-0.011068809788654108
pump-0004,degrading,0,29,NORMAL,4.43136,0.16210239685663716,4.1512,4.6946,-0.013373214682981149,89.70103333333331,3.1041655383622095,84.555,94.8426,-0.2635198220244725,1.5976099999999998,0.17583254220991062,1.2759,1.8943,-0.011927808676307067
pump-0004,degrading,10,39,NORMAL,4.376990000000001,0.14654740382097076,4.1512,4.65,-0.005046251390433947,88.63067666666667,2.637815314192577,84.555,94.4207,-0.06099899888765495,1.5788466666666667,0.18654868307108352,1.2759,2.0142,0.0029726807563959477
pump-0004,degrading,20,49,DEGRADATION,4.43168,0.18380774992729038,4.1512,4.7573,0.018961824249165614,88.51415999999999,2.320825050077379,84.555,92.7401,0.19464222469410308,1.6144966666666665,0.18460875111675745,1.2759,2.0142,0.01584700778642933
pump-0004,degrading,30,59,DEGRADATION,4.424946666666666,0.20958157160293348,3.974,4.7573,-0.007871056729699817,87.84194,3.687234595972074,79.4147,92.7401,-0.21811132369299344,1.6741033333333333,0.1489267392228661,1.4455,2.0142,-0.001388498331479446
pump-0004,degrading,40,69,DEGRADATION,4.30525,0.28487009056761287,3.8486,4.7573,-0.030121846496106858,86.46425666666666,3.7568916697790966,79.4147,92.7401,-0.24801065628476263,1.7849666666666666,0.2450847177791567,1.4474,2.3444,0.012914037819799726
pump-0004,degrading,50,79,DEGRADATION,4.102663333333333,0.16403653146648628,3.8294,4.5089,-0.008579466073415051,85.55573333333334,3.1115327426991506,79.4147,91.1187,0.12756640711902073,1.90793,0.28604539983482813,1.4474,2.3927,0.023974616240266953
pump-0004,degrading,60,89,DEGRADATION,4.072413333333333,0.1196176345230455,3.8294,4.2823,0.006223181312569397,85.44535333333333,2.362621141547855,80.0624,91.0365,0.019047474972190517,1.968503333333333,0.2281462900324166,1.4944,2.3927,-0.005746496106785361
pump-0004,degrading,70,99,DEGRADATION,4.042986666666667,0.13416707925402396,3.8147,4.2823,-0.0033451835372637277,84.15376333333334,3.1774637353800843,77.8626,91.0365,-0.26278120133481897,1.93363,0.22897762066775582,1.5571,2.3927,-0.006899199110122383
pump-0004,degrading,80,109,DEGRADATION,3.9974533333333326,0.14038721863316317,3.7312,4.2823,-0.009019977753059039,82.93481000000001,2.5147334511302257,77.8626,87.0677,0.007991078976638743,1.9771566666666667,0.2768023249942497,1.5571,2.4349,0.019072280311457142
pump-0004,degrading,90,119,DEGRADATION,4.000443333333333,0.14742666806095692,3.7312,4.314,0.012008654060066652,83.06820999999998,2.56202476742517,77.8626,87.0677,0.15376037819799585,2.06328,0.24592784768436998,1.5571,2.4349,0.009416418242491604
pump-0004,degrading,100,129,DEGRADATION,3.9988933333333345,0.15464928264373629,3.7312,4.314,0.0018172636262513,82.96534666666666,2.675668915833114,76.8029,87.0677,-0.1214264293659658,2.0576466666666664,0.19671761272330335,1.7574,2.4349,-0.018143225806451686
pump-0004,degrading,110,139,DEGRADATION,3.9133500000000003,0.2316583184347155,3.5024,4.314,-0.02169452725250289,82.44975666666667,2.612356863279254,76.8029,85.85,-0.0977199777530599,2.058326666666667,0.19812351691698682,1.7574,2.5899,0.009734949944382579
pump-0004,degrading,120,149,DEGRADATION,3.8659133333333338,0.18931592067816758,3.5024,4.1439,0.0021287208008898668,81.73893000000001,2.49613992358201,76.8029,85.7844,0.11724131256951971,2.19199,0.27611697442690236,1.7574,2.5899,0.027980489432702944
pump-0004,degrading,130,159,DEGRADATION,3.791416666666667,0.1904903708560853,3.5024,4.1439,0.0014944827586206293,81.36969666666666,3.133941470681218,74.4945,85.7844,-0.11128869855395082,2.2357066666666667,0.23668173557660835,1.748,2.5899,-0.008001779755283713
pump-0004,degrading,140,169,DEGRADATION,3.7819433333333334,0.18834960168674517,3.552,4.1439,-0.018262402669633054,79.59299666666666,3.522922243865485,73.9667,85.7844,-0.2434155061179112,2.3666199999999997,0.29807029081521474,1.748,2.8105,0.009992791991101159
pump-0004,degrading,150,179,DEGRADATION,3.739933333333333,0.13938096075943163,3.552,4.0548,0.007051479421579418,78.73068333333336,2.795072182739155,73.9667,84.5346,-0.011863470522805293,2.5333066666666664,0.4210228053469577,1.748,3.1037,0.04611937708565069
pump-0005,healthy,0,29,NORMAL,4.450966666666667,0.12840372614877216,4.1494,4.6422,-0.007400756395995619,91.77560333333332,2.8711753314027257,86.6935,97.7606,-0.004893192436042437,1.5469100000000002,0.11683997703411846,1.3118,1.7751,-0.005113348164627392
pump-0005,healthy,10,39,NORMAL,4.443003333333333,0.13090286852811472,4.1484,4.6381,-0.004223337041156976,92.14290666666668,2.437192571372962,87.7371,97.7606,-0.16583697441601972,1.628226666666667,0.1981285457025873,1.3118,2.0976,0.007714438264738566
pump-0005,healthy,20,49,NORMAL,4.433496666666667,0.12299621805387169,4.1484,4.6095,0.007807897664071158,91.16521333333334,1.589034540579767,87.7371,94.7689,0.0378283870967721,1.5898666666666665,0.2085747768920191,1.2898,2.0976,0.004924449388209131
pump-0005,healthy,30,59,NORMAL,4.41304,0.12961843644584925,4.1484,4.6095,-0.005832569521690796,90.83229000000003,1.6164092329089592,87.5527,94.6248,-0.10329225806451764,1.5687233333333335,0.22548068015291733,1.2718,2.0976,-0.017657152391546225
pump-0005,healthy,40,69,NORMAL,4.363133333333333,0.12778390961132605,4.151,4.6095,-0.009954527252502898,90.30854666666664,1.522165449556066,87.5527,93.253,-0.06788760845383936,1.4566200000000002,0.12230701914989724,1.2718,1.7183,-0.004240044493882109
pump-0005,healthy,50,79,NORMAL,4.361176666666667,0.14408673471982844,4.151,4.736,0.011033971078976601,90.34698999999999,1.505465666241955,87.5527,93.7634,0.12572460511679398,1.4932033333333334,0.14606725501935364,1.2718,1.8086,0.012276818687430448
pump-0005,healthy,60,89,NORMAL,4.442760000000001,0.1477132212543391,4.151,4.736,0.011896062291434807,89.86874000000002,2.8370040794941884,81.1844,93.7634,-0.13323007786429472,1.5247166666666665,0.12444203760073293,1.2946,1.8086,0.001067563959955474
pump-0005,healthy,70,99,NORMAL,4.423636666666667,0.17365404973362672,4.0686,4.736,-0.011474371523915528,89.75401000000001,2.9697021952097034,81.1844,93.7634,-0.11376157953281499,1.4840233333333335,0.15493473181382614,1.1818,1.8086,-0.014596863181312597
pump-0005,healthy,80,109,NORMAL,4.400343333333333,0.1625319100634977,4.0686,4.6911,-0.003441001112347227,90.81189333333332,4.000227886502912,81.1844,97.0417,0.3112577975528342,1.4780300000000002,0.14587275768056673,1.1818,1.7724,0.007572569521690728
pump-0005,healthy,90,119,NORMAL,4.40378,0.1776030393884069,4.0686,4.6911,0.013298642936596071,92.79048333333334,3.3068509516944085,86.2586,97.0417,0.183991078976639,1.5013200000000002,0.15509850719247215,1.1818,1.7724,0.009118531701890954
pump-0005,healthy,100,129,NORMAL,4.463603333333334,0.12692681745355824,4.2446,4.6911,-0.00048407119021149465,91.84593333333332,4.227184017391353,84.9077,97.0417,-0.38025890989989153,1.5268233333333332,0.13392016199545492,1.2323,1.7724,-0.008876818687430484
pump-0005,healthy,110,139,NORMAL,4.474923333333334,0.10832707781939334,4.2446,4.6851,-0.003729988876529615,90.80946,3.9035868037485733,84.9077,96.95,-0.0826586874304805,1.5216999999999998,0.14672066657427643,1.2323,1.8538,0.0044620689655172074
pump-0005,healthy,120,149,NORMAL,4.47147,0.10119894317629999,4.2446,4.7741,0.00720558398220232,91.09420999999999,3.71001865883448,84.9077,96.4289,0.3824583537263601,1.5670033333333333,0.1784147293682771,1.2323,1.9286,0.012951835372636231
pump-0005,healthy,130,159,NORMAL,4.498903333333334,0.107181417802818,4.2631,4.7741,0.0011697219132368658,92.42882000000003,2.9092845589480136,85.344,96.4289,-0.054618865406006335,1.5186700000000002,0.23064860740962648,1.0957,1.9286,-0.01646898776418248
pump-0005,healthy,140,169,NORMAL,4.44301,0.14595066369610427,4.2041,4.7741,-0.00952109010011132,90.92712,3.7384173922842447,83.8905,96.2173,-0.3388735038932151,1.48209,0.2384270948668936,1.0957,1.9286,-0.008330745272525057
pump-0005,healthy,150,179,NORMAL,4.404046666666667,0.13671555076955297,4.2041,4.6706,-0.0033581757508343315,89.37460999999999,2.746176757402917,83.8905,94.7417,-0.045981512791993584,1.4719733333333334,0.21608229749076832,1.0957,1.7873,0.017620823136818665
pump-0005,healthy,160,189,NORMAL,4.367203333333333,0.10774034677047502,4.2041,4.6417,0.005432680756395907,89.21896333333332,2.252559330107768,83.8905,93.1127,0.15991352614015444,1.5720633333333331,0.1717518257706612,1.0979,1.7988,0.0063728809788653655
pump-0005,healthy,170,199,NORMAL,4.4008199999999995,0.09516576905589524,4.2358,4.6417,0.001300600667408086,89.47057666666664,1.6970226998449047,85.9336,93.1127,-0.08395539488320486,1.6045466666666666,0.12615419594906688,1.2286,1.805,-0.0021468743047830994
pump-0005,healthy,180,209,NORMAL,4.380956666666666,0.0706542222533248,4.2358,4.5405,-0.000790233592881101,90.13122333333332,2.2406075206936373,85.9336,94.739,0.08201822024471463,1.5873266666666666,0.13139149118400154,1.2286,1.805,0.0023760622914349057
pump-0005,healthy,190,219,NORMAL,4.451983333333333,0.13618216007327175,4.2632,4.7749,0.009906807563959947,90.39355666666667,2.182675724225251,85.9336,94.739,0.15609568409343488,1.5711566666666665,0.11995037497046664,1.3339,1.805,-0.004760600667408253
pump-0006,failure,0,29,DEGRADATION,4.447546666666667,0.12491435928489392,4.2146,4.6439,-0.006704249165739777,92.51337666666667,2.330594737498469,88.2777,96.5073,-0.16904077864293923,1.42128,0.14597072857254637,1.2093,1.7457,-0.002182024471635174
pump-0006,failure,10,39,DEGRADATION,4.400636666666667,0.14734644319501652,4.1044,4.6439,-0.010822046718576263,92.20403333333334,2.6964471018154414,86.8236,97.4898,-0.07653597330367314,1.5896566666666667,0.3461350070741505,1.2093,2.4108,0.03196829810900999
pump-0006,failure,20,49,DEGRADATION,4.281643333333333,0.12245658192010563,4.0498,4.5418,-0.004716996662958979,89.52918,3.620989533115683,82.2291,97.4898,-0.20488338153504182,1.86919,0.3716976229410137,1.2138,2.4108,0.03758311457174639
pump-0006,failure,30,59,DEGRADATION,4.193573333333332,0.1551875079451378,3.9455,4.5418,-0.012974549499443898,86.42168,5.52729757677897,77.3633,97.4898,-0.5947783314794238,2.06968,0.22203703054520735,1.5132,2.4108,0.006696418242491608
pump-0006,failure,40,69,FAILURE,3.987,0.24012933459561608,3.5221,4.3565,-0.02091519466073423,81.64367333333333,4.404260708899458,71.6688,89.215,-0.30234331479421817,2.153846666666667,0.171958201768789,1.6979,2.501,0.004023581757508288
pump-0006,failure,50,79,FAILURE,3.9621233333333334,0.24565623905956246,3.5221,4.4378,0.0021376863181311358,80.99401333333334,3.996632975287517,71.6688,87.0786,0.15255123470522589,2.3522933333333333,0.36336662838271516,1.6979,3.065,0.03383546162402664
pump-0006,failure,60,89,FAILURE,3.80437,0.2900799270890697,3.4297,4.4378,-0.006873170189099093,76.69510333333334,8.046052205087216,58.1218,87.0786,-0.5035686540600691,2.53753,0.3135370729275886,1.929,3.065,0.01564202447163511
pump-0006,failure,70,99,FAILURE,3.7679766666666663,0.3043266147670223,3.4161,4.4378,-0.025048832035595173,74.74009000000002,7.700695570070278,58.1218,86.8036,-0.5641681646273651,2.9732966666666667,0.4604739626973736,2.1898,3.8651,0.03342929922135702
pump-0006,failure,80,109,FAILURE,3.531416666666666,0.14885090993638198,3.2537,3.9017,-0.007217552836485039,70.25108,4.137268806543757,58.1218,76.2416,0.0640477419354829,3.333846666666667,0.5747690502763311,2.1898,4.1181,0.057148342602892026
pump-0006,failure,90,119,FAILURE,3.481736666666667,0.1714459943798306,3.1411,3.9017,-0.00935748609566196,70.05571666666667,4.115351376013421,60.6562,76.4797,-0.30063748609566293,3.72764,0.23205573985575104,3.1298,4.1941,0.011191902113459324
pump-0006,failure,100,129,FAILURE,3.3283200000000006,0.2055013826393065,2.8204,3.6404,-0.01583141268075644,66.94510333333334,4.686705417346911,58.7489,76.4797,-0.4156239154616261,3.7021766666666664,0.24368501757163666,3.2672,4.1941,-0.018008654060066805
pump-0006,failure,110,139,FAILURE,3.2685933333333335,0.20898292583100872,2.8204,3.6404,-0.010842224694104651,63.52822666666667,4.78395666395738,56.4103,76.4797,-0.38150763070078025,3.775673333333334,0.3468922646714523,3.2672,4.5948,0.0159533259176863
pump-0006,failure,120,149,FAILURE,3.12586,0.21138018450176452,2.6954,3.468,-0.007270878754171389,62.54177333333333,3.44061618279181,56.4103,69.0125,0.03352364849833127,4.010190000000001,0.4854341804680287,3.2672,4.8423,0.04696838709677415
pump-0006,failure,130,159,FAILURE,3.0490233333333325,0.24931799999643472,2.5082,3.468,-0.016131679644048994,60.918206666666656,4.786306153735769,49.4147,67.7944,-0.12346669632925632,4.478876666666667,0.43872024699371037,3.5761,5.3004,0.03308469410456052
pump-0007,failure,0,29,DEGRADATION,4.441713333333333,0.14762686687125154,4.1241,4.7301,-0.014226518353726413,88.57315666666666,2.260115104986667,83.2637,91.5489,-0.11586164627363987,1.5719133333333335,0.16717408039392814,1.2985,1.9135,-0.011125072302558412
pump-0007,failure,10,39,DEGRADATION,4.331996666666666,0.10724767435965943,4.1241,4.5762,-0.008560645161290402,87.80364333333334,2.5064462354341903,83.2637,92.1242,-0.02477239154616317,1.6790466666666668,0.33194908418142816,1.2985,2.3282,0.03053499443826469
pump-0007,failure,20,49,DEGRADATION,4.263593333333334,0.10812117564206479,3.951,4.4607,-0.003038798665183671,86.90950666666667,3.4489075661657784,77.719,93.1112,-0.07731786429366078,1.8857933333333332,0.33764250515728744,1.2985,2.3282,0.029622691879866492
pump-0007,failure,30,59,DEGRADATION,4.17491,0.1667096324951461,3.6907,4.4607,-0.013487897664071253,84.07427333333332,5.0509642117740485,75.6964,93.1112,-0.4153687208008917,2.0625966666666664,0.1900333891422475,1.5234,2.3282,5.537263626247355e-05
pump-0007,failure,40,69,DEGRADATION,3.9815799999999997,0.262780792550242,3.5408,4.4607,-0.026593370411568555,80.45825333333332,5.028102138629336,74.0327,93.1112,-0.4523057174638509,2.210463333333333,0.2689513580350337,1.8514,2.8938,0.02122969966629584
pump-0007,failure,50,79,FAILURE,3.8247599999999995,0.17150653748472677,3.5408,4.1669,-0.012281468298109088,79.03890666666668,2.7449344576186565,74.0327,84.1604,0.13481953281423642,2.409316666666667,0.31065996639770344,1.9028,2.8938,0.03145483870967738
pump-0007,failure,60,89,FAILURE,3.797373333333334,0.1457649178948381,3.5408,4.1278,0.00938509454949942,79.23706,2.8504569442576506,74.0327,84.1604,0.09349005561735195,2.698363333333334,0.20438326983608243,2.2879,3.0685,0.016869076751946564
pump-0007,failure,70,99,FAILURE,3.745726666666667,0.2366228066400663,2.9782,4.1278,-0.01542522803114576,78.84358333333333,3.5876670745842003,70.2377,84.1604,-0.3032738820912128,2.838356666666667,0.17283706331558504,2.5533,3.2136,0.010719799777530554
pump-0007,failure,80,109,FAILURE,3.7276866666666666,0.25474748246493467,2.9782,4.1278,-0.011893170189099035,75.92724000000001,4.494256771747694,64.4225,82.0967,-0.3720219799777544,3.1299966666666674,0.36023457124798863,2.6182,3.8947,0.030531546162402615
pump-0007,failure,90,119,FAILURE,3.661773333333333,0.22454735051258612,2.9782,3.9168,0.006891924360400412,72.46111333333333,4.592514214729104,62.8308,80.8304,-0.3498313681868763,3.4406366666666672,0.4193765066407777,2.6182,4.0298,0.040316017797552776
pump-0007,failure,100,129,FAILURE,3.5397600000000002,0.3203045713067486,2.8434,3.9168,-0.02401922135706351,68.44329666666667,5.126120099157732,60.9435,80.8304,-0.4770183982202457,3.661986666666666,0.2629453780202691,2.9608,4.0298,0.002956484983314727
pump-0007,failure,110,139,FAILURE,3.33641,0.3287048071345069,2.8404,3.9168,-0.028669032258064626,65.18231999999999,3.6329459357753535,59.1445,74.6265,-0.2692579310344845,3.8503399999999997,0.3333712171138954,3.0305,4.4772,0.016337575083425898
pump-0007,failure,120,149,FAILURE,3.1707733333333334,0.15962198038560424,2.8404,3.4457,0.0026713236929921543,63.813793333333344,2.7255976013751955,59.1445,69.7705,0.03970562847608191,3.958863333333334,0.39008054935985836,3.0305,4.8239,0.024187341490544963
pump-0007,failure,130,159,FAILURE,3.1130300000000006,0.16481794026541324,2.8137,3.4457,-0.006235795328142407,60.64628666666667,5.654117973992249,49.7282,69.7705,-0.4666440934371539,4.0454566666666665,0.2998140197781878,3.5286,4.8239,-0.009927675194660774
pump-0007,failure,140,169,FAILURE,3.091586666666667,0.18972153055348134,2.6144,3.4457,-0.01136542825361522,57.75261000000001,5.966955060238009,48.2774,69.7705,-0.5022309899888794,4.10641,0.2841564725639731,3.6837,4.8239,0.005704983314794151
pump-0007,failure,150,179,FAILURE,2.8111,0.3462813345629052,2.0361,3.3071,-0.026372591768631864,56.36969333333334,4.57547976434773,48.2774,70.1763,0.2980383982202438,4.285436666666667,0.4035485699667664,3.6837,5.2547,0.04182382647385976
pump-0007,failure,160,189,FAILURE,2.694483333333333,0.3390288611935896,2.0361,3.3071,-0.019714816462736463,56.886473333333335,4.358652585982151,48.2774,70.1763,0.05298860956618348,4.6232066666666665,0.3398021276501304,4.0461,5.2547,0.02919733036707438
pump-0008,failure,0,29,DEGRADATION,4.602390000000001,0.17624330975481967,4.2785,4.877,-0.015265383759733067,91.97055666666667,2.8031208940135923,86.9342,96.7728,-0.2633561957730808,1.5731666666666662,0.12814989747253888,1.2927,1.9206,-0.00634642936596221
pump-0008,failure,10,39,DEGRADATION,4.437259999999999,0.21013311431883674,4.0549,4.862,-0.021030344827586322,89.99296333333332,1.8686705005579658,86.651,93.7663,-0.1198404226918818,1.72173,0.319416204086977,1.2927,2.3912,0.02875001112347048
pump-0008,failure,20,49,DEGRADATION,4.278156666666666,0.14282962737315943,3.8903,4.6032,-0.01246351501668526,88.97280333333333,2.3808224744799635,82.0817,93.5233,-0.09008972191323854,1.9116800000000005,0.33016003129795507,1.2927,2.3912,0.028703982202447142
pump-0008,failure,30,59,DEGRADATION,4.033696666666667,0.28175572101063395,3.5021,4.3574,-0.028447274749722033,85.78457666666668,4.819355171021903,75.6859,93.5233,-0.45751650723025805,2.0930100000000005,0.1468394868555458,1.7196,2.3912,-0.0022613348164627744
pump-0008,failure,40,69,DEGRADATION,3.8284,0.28043611512547145,3.4912,4.3187,-0.027109810901001202,83.25311666666666,4.428710080454829,75.6859,93.5233,-0.3619607786429383,2.2120766666666665,0.22484799114562315,1.8594,2.7472,0.016798064516129
pump-0008,failure,50,79,FAILURE,3.7827133333333336,0.2280093956153756,3.4912,4.2883,0.016639555061179014,82.26325666666668,3.446023289211622,75.6859,91.4277,0.20576104560622638,2.4507033333333337,0.34127806598464866,1.8887,3.0839,0.03613755283648493
pump-0008,failure,60,89,FAILURE,3.85809,0.220129780432665,3.4912,4.2883,0.011529321468298057,80.14188,5.458019808953916,70.8503,91.4277,-0.3813626251390459,2.7858666666666663,0.2798315235200558,2.2115,3.2967,0.027225583982202393
pump-0008,failure,70,99,FAILURE,3.855476666666666,0.23425053779139018,3.3561,4.2883,-0.019406874304783096,75.60490333333334,7.769875456680255,64.4933,91.4277,-0.832781646273639,3.034626666666667,0.2716010418896723,2.602,3.6443,0.020904961067853126
pump-0008,failure,80,109,FAILURE,3.6490266666666664,0.23417643339062869,3.2887,4.0827,-0.02133704115684101,72.10863333333333,3.785194763050141,64.4933,79.5178,0.03185392658509249,3.2623200000000008,0.2913560632628056,2.6196,3.7544,0.022738687430478268
pump-0008,failure,90,119,FAILURE,3.5054299999999996,0.17818734176889972,3.0436,3.8012,-0.007050745272525089,71.95400333333332,4.594688194896603,64.4933,80.3415,0.17408367074527062,3.344933333333332,0.2578277672314515,2.6196,3.7544,0.007779888765294727
pump-0008,failure,100,129,FAILURE,3.311923333333334,0.2694771031501975,2.6815,3.7362,-0.02213644048943276,71.70690666666668,5.042128675928672,60.2799,80.3415,-0.3768126362625153,3.5413533333333334,0.30298915242775415,3.0245,4.2448,0.017636218020022167
pump-0008,failure,110,139,FAILURE,3.1634433333333325,0.27747442366619823,2.6815,3.7362,-0.02488500556173536,66.46706999999999,6.840641710402614,55.1755,80.3415,-0.6523278976640717,3.782433333333333,0.45170389145496137,3.0245,4.632,0.04840400444938806
pump-0008,failure,120,149,FAILURE,3.0110266666666665,0.18226003938207502,2.6815,3.3927,-0.005091479421579562,61.54894,4.926606433411678,54.4255,73.4543,-0.3438759065628499,4.163193333333333,0.36878575255680485,3.3824,4.8359,0.035309632925472706
pump-0008,failure,130,159,FAILURE,2.9014733333333336,0.23153057815809602,2.3117,3.3927,-0.01686358175750843,58.149046666666656,3.961977472738694,46.263,63.9677,-0.1394065850945512,4.391603333333333,0.3059967641259554,3.8451,4.9496,0.01672785317018894
pump-0008,failure,140,169,FAILURE,2.6901733333333335,0.33050550165197284,2.1615,3.3927,-0.03400729699666311,56.30967,4.707675080132443,46.263,63.3951,-0.20389933259176937,4.529666666666667,0.27572101036293106,3.8451,4.9502,0.010127919911012128
pump-0009,healthy,0,29,NORMAL,4.554156666666667,0.09350740677733618,4.2942,4.7279,-0.0008590656284761732,92.04880333333334,3.299943632698729,87.2426,99.1365,-0.31636482758620765,1.4349800000000004,0.15637574705390433,1.139,1.7778,-0.01217454949944385
pump-0009,healthy,10,39,NORMAL,4.51317,0.1269532805142637,4.2302,4.7279,-0.006172969966629688,90.14051333333333,1.7550727055658466,86.861,93.9689,0.0032537486095639517,1.3930099999999999,0.12614879666489093,1.139,1.7207,0.0029799110122357966
pump-0009,healthy,20,49,NORMAL,4.495233333333333,0.10794572813327172,4.2302,4.6991,-0.0020599332591770005,91.44406666666666,2.68577781376064,86.861,96.6921,0.25138429365961884,1.4104400000000001,0.11795948061375426,1.139,1.7207,0.005422602892102317
pump-0009,healthy,30,59,NORMAL,4.470233333333335,0.09551182940115614,4.2287,4.6076,0.0024810233592880387,91.94701666666668,2.8291405210868454,86.861,96.6921,0.029139599555058696,1.4266300000000003,0.10331892098417082,1.253,1.7207,-0.0033043604004449802
pump-0009,healthy,40,69,NORMAL,4.453036666666667,0.12364764853764472,4.1922,4.5982,-0.0051431590656286046,92.01499666666669,2.710534963124847,87.5861,96.6921,-0.17377884315906758,1.38806,0.1025654152236513,1.2255,1.6007,-0.0045971523915461845
pump-0009,healthy,50,79,NORMAL,4.537453333333333,0.2032497588901126,4.1922,4.9424,0.014704293659621634,91.22373333333331,2.303797360494672,87.5861,95.7473,0.0361106562847587,1.4650500000000002,0.16583122293464522,1.2255,1.7539,0.013426941045606202
pump-0009,healthy,60,89,NORMAL,4.569243333333333,0.21048462918280336,4.1922,4.9424,0.009839577308119999,90.15102666666667,2.429881455535548,85.8024,94.4588,-0.11115007786429679,1.4808033333333335,0.17364760576779886,1.159,1.7539,0.0037716351501668106
pump-0009,healthy,70,99,NORMAL,4.585706666666666,0.17742594686860835,4.286,4.9424,-0.01598006674082331,89.54123666666668,2.5653921394182397,85.7576,94.4588,-0.1472546607341497,1.4849466666666664,0.16784560908432752,1.159,1.7539,-0.015589143492769781
pump-0009,healthy,80,109,NORMAL,4.490716666666667,0.1235544686452993,4.286,4.82,-0.005509299221357186,90.39665666666666,3.542573257740136,85.7576,98.8152,0.3261251390433796,1.4705633333333334,0.1700579988971083,1.159,1.8666,0.00856949944382645
pump-0009,healthy,90,119,NORMAL,4.547226666666666,0.1721424312080616,4.286,4.9326,0.0165462958843158,92.51092333333332,3.3755890603649568,85.7576,98.8152,0.249362736373748,1.44822,0.17034224842944862,1.1952,1.8666,0.0007776195773080913
pump-0009,healthy,100,129,NORMAL,4.596016666666667,0.1675445474758545,4.3508,4.9326,0.004809944382647341,92.51899666666667,3.1976893437275757,87.7146,98.8152,-0.2667952169076774,1.4507900000000002,0.18229692144045292,1.0613,1.8666,-0.010576707452725296
pump-0009,healthy,110,139,NORMAL,4.55976,0.19872023483614673,4.2448,4.9326,-0.016324894327030104,91.81573666666665,2.749657460543445,87.7146,96.4231,-0.0983420912124606,1.3576799999999996,0.1139015961257787,1.0613,1.6107,0.00020662958843156422
pump-0009,healthy,120,149,NORMAL,4.551326666666667,0.18020490732003444,4.2448,4.8286,0.005984026696329164,91.30779333333335,2.15471649673197,87.7146,94.3229,0.16951799777530335,1.4213666666666667,0.14560903665485722,1.0613,1.7537,0.01061833147942156
pump-0009,healthy,130,159,NORMAL,4.5642933333333335,0.16891508109763975,4.2448,4.8286,0.010945450500556047,91.50701666666667,2.0818611201011685,87.5699,94.3229,-0.15194912124583165,1.4506733333333335,0.1300759750641481,1.1598,1.7537,0.0059506117908787355
pump-0009,healthy,140,169,NORMAL,4.5401966666666675,0.2120674963045702,4.1272,4.8286,-0.02031579532814248,90.04607666666668,2.701217010988855,85.2659,94.0241,-0.19582289210233783,1.4660499999999999,0.13615109192853844,1.1976,1.7537,-0.0076115906562847935
pump-0010,degrading,0,29,NORMAL,4.434220000000001,0.20264882333731915,3.9646,4.6452,-0.013132324805339332,91.32642000000003,2.5866713564476385,86.4391,97.0018,-0.23867323692992412,1.4514000000000002,0.2439147842997632,1.1098,1.8346,-0.024592347052280313
pump-0010,degrading,10,39,NORMAL,4.41633,0.21046193978959715,3.9646,4.6452,-0.0056155061179088556,89.81377333333333,1.9321110751253987,84.6033,93.328,-0.028245383759737057,1.4438900000000001,0.2512263167610697,1.1098,1.9163,0.015584983314794172
pump-0010,degrading,20,49,DEGRADATION,4.432613333333333,0.22748344955671443,3.9646,4.7279,0.017031457174638442,90.15161333333332,2.433638858819351,84.6033,94.8708,0.11167884315906323,1.5453933333333332,0.2528371161219984,1.1098,1.9163,0.023672836484983303
pump-0010,degrading,30,59,DEGRADATION,4.470966666666667,0.19205968574609536,4.1176,4.7279,-0.005910255839822151,88.70197333333334,3.833907529395507,81.2909,94.8708,-0.23935848720801084,1.644466666666667,0.1661454770842576,1.2691,1.9163,-0.005597597330367114
pump-0010,degrading,40,69,DEGRADATION,4.345336666666667,0.2583805171748744,3.9695,4.7279,-0.026950367074527363,87.82344000000003,3.6830200215402944,81.2909,94.8708,-0.2341682313681888,1.66214,0.1592181241777037,1.2691,1.9444,0.005858642936596183
pump-0010,degrading,50,79,DEGRADATION,4.1935433333333325,0.1742876007892957,3.9695,4.6641,-0.008445406006674172,86.95549666666666,2.71243385055849,81.2909,91.9314,0.2004922135706321,1.7666599999999997,0.23741060156053131,1.2691,2.1783,0.023874616240266957
pump-0010,degrading,60,89,DEGRADATION,4.149973333333333,0.14121969393663036,3.8921,4.4484,0.005834215795328057,87.07842333333335,2.2773519371825004,83.1444,91.9314,-0.07755931034482892,1.8917199999999998,0.14584063082694074,1.5832,2.1783,0.006665583982202416
pump-0010,degrading,70,99,DEGRADATION,4.1312066666666665,0.15345573723028044,3.8921,4.4484,-0.007295439377085688,85.22151333333333,3.373967245319505,79.467,91.9314,-0.34754914349277094,1.97329,0.1473392510500851,1.7694,2.4382,0.0023484538375973278
pump-0010,degrading,80,109,DEGRADATION,4.062906666666667,0.15686764470583334,3.855,4.4228,-0.011368097886540697,83.72387666666667,2.2777184532895087,79.467,87.353,-0.009256218020024446,2.0677333333333334,0.23735958562672138,1.7694,2.683,0.01621721913236925
pump-0010,degrading,90,119,DEGRADATION,3.983033333333333,0.06903791872748065,3.855,4.1498,-0.0007064293659622761,82.61188333333332,2.513499130705151,78.2771,87.353,0.0011556173526131755,2.0817666666666668,0.2264219487790194,1.806,2.683,-0.004204093437152437
pump-0010,degrading,100,129,DEGRADATION,3.9762733333333333,0.0873812296141962,3.7894,4.193,0.0008478754171300411,81.15885999999999,3.767408043611238,74.1774,87.353,-0.3215782424916598,2.10859,0.20609409558095865,1.806,2.683,-0.010344093437152438
pump-0010,degrading,110,139,DEGRADATION,3.9358266666666664,0.11263545011328459,3.7337,4.193,-0.007303626251390495,80.39773666666666,3.694975921841559,74.1774,87.835,0.06477230255839606,2.1338866666666667,0.19924147783252585,1.806,2.4862,0.018967919911012182
pump-0010,degrading,120,149,DEGRADATION,3.8833900000000003,0.1248019266678203,3.7142,4.193,-0.009702625139043483,81.19170333333332,4.123072979908984,74.1774,88.9521,0.3464206674082301,2.348313333333333,0.22004606295551443,1.9355,2.6806,0.023102869855394875
pump-0010,degrading,130,159,DEGRADATION,3.8094266666666665,0.11247534821264418,3.4678,3.9835,-0.005061134593993414,82.12904,3.2959582859010825,76.6264,88.9521,-0.09853650723025834,2.4061199999999996,0.18268791129500966,1.9789,2.6806,-0.004951056729699754
pump-0010,degrading,140,169,DEGRADATION,3.7190166666666666,0.1490796969931035,3.4543,3.9596,-0.012402736373748662,80.86009333333332,2.97233425934717,76.0981,88.9521,-0.2936516129032275,2.436856666666668,0.18439375022549492,1.9789,2.6806,-0.005380400444938853
pump-0011,healthy,0,29,NORMAL,4.388660000000001,0.08426943534481135,4.2343,4.5914,-0.0031635150166852153,91.69604000000001,3.006360997241238,84.5282,96.7029,-0.21432996662959186,1.3121233333333333,0.1019584480179167,1.1468,1.5375,-0.007226718576195809
pump-0011,healthy,10,39,NORMAL,4.365503333333335,0.08517265399697775,4.2343,4.5914,-0.00622676307007796,90.86398333333334,2.619586569045242,84.5282,96.7029,-0.03623784204672034,1.2718733333333332,0.07162352468909142,1.1468,1.4022,-2.7007786429387456e-05
pump-0011,healthy,20,49,NORMAL,4.343446666666666,0.07359482650899368,4.1925,4.5531,0.003518131256952017,91.28893333333333,1.988524622483267,87.2049,95.321,0.180060244716349,1.2378766666666663,0.0898544106998773,1.0225,1.3991,-0.0053693659621802375
pump-0011,healthy,30,59,NORMAL,4.3695666666666675,0.07470223706303725,4.1925,4.5531,0.0035350834260288308,90.55364333333334,3.0801996318077967,82.5262,95.321,-0.1921451612903236,1.161966666666667,0.1458245643077858,0.8668,1.3991,-0.011645962180200265
pump-0011,healthy,40,69,NORMAL,4.3437833333333336,0.10728952444463319,4.0751,4.5531,-0.0057703003337041476,90.34490666666666,3.085131139182832,82.5262,95.0924,-0.09829205784204771,1.14441,0.137858009923254,0.8668,1.4127,0.0024917241379310224
pump-0011,healthy,50,79,NORMAL,4.31548,0.08874612254440566,4.0751,4.4909,-0.00401793103448286,90.51851333333336,3.2649879335900907,82.5262,95.4499,0.27989628476084455,1.2566066666666666,0.22307269358265758,0.8668,1.6445,0.021764760845383733
pump-0011,healthy,60,89,NORMAL,4.299576666666667,0.10463073698594605,4.0751,4.5313,0.004231345939933165,91.21891,2.24181714350212,87.4715,95.4499,-0.0619270522803144,1.38768,0.15788605469346137,1.1058,1.6445,0.006316262513904306
pump-0011,healthy,70,99,NORMAL,4.303446666666667,0.1015150259266523,4.0819,4.5313,-0.0021265406006675037,90.62019666666669,2.3777037960300182,87.0448,95.4499,-0.2252195995550622,1.3963133333333333,0.15107298618732456,1.0733,1.6445,-0.011862024471635193
pump-0011,healthy,80,109,NORMAL,4.347926666666666,0.12113719201338993,4.0819,4.5313,0.004125962180200229,90.36908333333331,2.1938295850078133,87.0448,94.6165,0.16318791991101048,1.3986866666666666,0.16184535362156338,1.0733,1.7411,0.003308075639599515
pump-0011,healthy,90,119,NORMAL,4.38594,0.1380595900327102,4.0889,4.701,0.009168587319243575,91.61134333333331,2.517638628514602,87.0448,96.4568,0.1881463181312536,1.3595199999999996,0.1555066609505844,1.0733,1.7411,0.00272694104560617
pump-0011,healthy,100,129,NORMAL,4.366226666666667,0.16052468124524932,4.0477,4.701,-0.01216520578420477,90.89011,3.5699929052543875,83.3312,96.4568,-0.282739866518355,1.4379866666666667,0.15477283080552465,1.1089,1.7411,0.00029886540600664475
pump-0011,healthy,110,139,NORMAL,4.333396666666666,0.16236648973507092,4.0477,4.701,-0.006681757508342738,89.44060999999998,4.203937863269785,79.9786,96.4568,-0.1790593770856516,1.3827066666666668,0.13564823117985073,1.1089,1.7159,0.003172769744160148
pump-0011,healthy,120,149,NORMAL,4.3570899999999995,0.17185437701728754,4.0477,4.7081,0.016235750834260213,89.7283,4.360806921430941,79.9786,95.3742,0.3451930144605096,1.3974299999999997,0.15059394886028232,1.1298,1.7159,-0.0033530812013348437
pump-0011,healthy,130,159,NORMAL,4.4640233333333335,0.13817653125219528,4.1729,4.7081,0.009210967741935458,91.20993333333332,3.598583011439673,79.9786,95.3742,0.16831319243603796,1.3314533333333334,0.1340560398573008,1.0623,1.643,-0.0010614905450500969
pump-0011,healthy,140,169,NORMAL,4.403436666666666,0.19448625569832842,4.1177,4.7081,-0.017065161290322713,92.20710333333336,1.7160082757149584,88.903,95.3742,-0.11670204671857813,1.2962066666666665,0.15478853086998692,1.0507,1.643,-0.0027464738598442884
pump-0012,failure,0,29,NORMAL,4.534136666666666,0.16931398344167825,4.2688,4.752,-0.016919221357063523,91.22368666666668,3.0912423686638073,82.7814,96.4185,-0.16266220244716464,1.36764,0.13903917337690602,1.1209,1.6394,-0.007498464961067888
pump-0012,failure,10,39,DEGRADATION,4.416123333333333,0.1316870448787158,4.2688,4.7358,-0.010576440489432876,91.49893333333333,3.141968338938011,82.7814,95.368,0.13695443826473705,1.4008,0.15965841662749883,1.1209,1.7368,0.00970558398220244
pump-0012,failure,20,49,DEGRADATION,4.4286933333333325,0.1449816423628255,4.2688,4.7806,0.012525739710789657,92.05528333333334,2.732206128763998,86.9005,96.6416,0.09610520578420209,1.5089600000000005,0.20075426869683244,1.1209,2.0133,0.015781179087875387
pump-0012,failure,30,59,DEGRADATION,4.354306666666667,0.2354719274610505,3.8762,4.7806,-0.010556218020022304,91.39626333333332,3.9292201456509006,82.4824,96.6416,-0.3641133926585123,1.5818333333333334,0.16171786199702523,1.3184,2.0133,-0.0004331479421579918
pump-0012,failure,40,69,DEGRADATION,4.211110000000001,0.3181960562818674,3.8058,4.7806,-0.030939332591768814,88.7877066666667,4.085516075188325,81.6851,96.6416,-0.3144683426028953,1.706556666666667,0.23140704495662084,1.3184,2.143,0.012430634037819788
pump-0012,failure,50,79,DEGRADATION,4.093543333333333,0.19259757991441348,3.8058,4.4618,0.003483626251390323,87.82790333333332,3.112882113999108,81.6851,92.8935,0.03969279199109992,1.92359,0.3490183284107966,1.3184,2.4891,0.03798671857619575
pump-0012,failure,60,89,DEGRADATION,4.041626666666666,0.21748550899363894,3.533,4.4618,-0.00013187986651845866,86.34225666666664,3.2739312948078534,79.7663,91.9607,-0.1456180867630719,2.1050233333333335,0.22045246151696493,1.6985,2.4891,0.00976887652947716
pump-0012,failure,70,99,DEGRADATION,3.960393333333333,0.28902828804269115,3.4305,4.4618,-0.0267973303670746,83.53781666666666,5.044518432257821,74.5201,91.873,-0.546283314794218,2.233786666666667,0.17126673491629626,1.7317,2.4891,0.001527208008898742
pump-0012,failure,80,109,FAILURE,3.7762033333333336,0.21508547678126066,3.4305,4.3822,-0.013767853170189135,80.04534333333335,2.991192225817139,74.5201,85.9385,-0.21082440489432863,2.273063333333333,0.2047176925806745,1.7317,2.5887,0.017305650723025548
pump-0012,failure,90,119,FAILURE,3.7397766666666663,0.13585427654496393,3.4305,4.0508,0.009119132369299211,81.42303666666666,4.897374940004991,74.5201,93.878,0.43559170189098845,2.452533333333334,0.19631502800912168,2.1231,2.9214,0.015159421579532794
pump-0012,failure,100,129,FAILURE,3.737703333333333,0.138365430372699,3.4206,4.0508,-0.0027223804226919595,80.61914,6.086083314119189,68.9005,93.878,-0.18211119021134767,2.5003999999999995,0.18197141716947382,2.1231,2.9214,0.0013107007786428676
pump-0012,failure,110,139,FAILURE,3.698103333333333,0.1648020074378815,3.3688,4.0508,-0.014156017797552937,79.59932,6.711465645813389,68.9005,93.878,-0.5278914794215808,2.6477366666666664,0.24330114602187053,2.2114,3.1946,0.014176218020022216
pump-0012,failure,120,149,FAILURE,3.632153333333333,0.1608091907268432,3.2515,3.961,0.000440355951056685,76.06544000000002,4.064230651722415,68.9005,84.6098,-0.0014952169076760161,2.7783666666666673,0.2860786271095569,2.2114,3.2698,0.026280311457174604
pump-0012,failure,130,159,FAILURE,3.575053333333334,0.21933190941787034,3.0868,3.961,-0.004857174638487305,74.2439,4.416136449356309,65.7106,84.6098,-0.28728729699666483,3.0223566666666666,0.23964381441816704,2.684,3.7109,0.01479352614015567
pump-0012,failure,140,169,FAILURE,3.4637900000000004,0.2805131777653234,2.9033,3.961,-0.020139288097886617,72.95741000000001,4.3845243660211715,65.7106,84.6098,-0.24640255839822206,3.1608899999999998,0.25465114876368944,2.6926,3.8431,0.014282113459399273
pump-0012,failure,150,179,FAILURE,3.379726666666666,0.22464803720981452,2.9033,3.8656,-0.0065352614015573626,71.94670666666666,4.196018039040769,65.3512,80.0847,0.10845606229143212,3.331836666666667,0.2815409070139226,2.7905,3.9821,0.016564071190211277
pump-0012,failure,160,189,FAILURE,3.2596133333333333,0.19798255938900838,2.7729,3.6549,-0.003660689655172513,70.17872333333334,5.667592893088641,59.6168,80.0847,-0.35479272525027983,3.364446666666666,0.2404545580538845,3.0496,3.9821,0.002333748609566103
pump-0012,failure,170,199,FAILURE,3.08694,0.3229658409181999,2.5761,3.6549,-0.031460022246941166,67.47227333333333,5.978831257078779,57.5868,80.0847,-0.4862805784204685,3.4457466666666665,0.2523401933017322,3.0854,4.0443,0.003633548387096734
pump-0012,failure,180,209,FAILURE,2.9653466666666666,0.23166976746126275,2.5761,3.4443,-0.003687919911012283,64.46880333333334,2.6588986273121105,57.5868,68.6403,0.020251635150165846,3.5856033333333337,0.339818346064809,3.0854,4.2537,0.031693726362625074
pump-0012,failure,190,219,FAILURE,3.0163366666666667,0.27377656155258345,2.5761,3.51,0.024328342602892017,65.29292666666667,2.7115046539923595,57.5868,70.9011,0.16453330367074312,3.9305066666666666,0.39555511957529027,3.146,4.8802,0.039392791991101184
pump-0012,failure,200,229,FAILURE,2.9937200000000006,0.29824716193117407,2.4968,3.51,-0.018430656284760892,62.409890000000004,6.181426897319097,47.5527,70.9011,-0.46449363737486193,4.107666666666666,0.27589483664775044,3.4133,4.8802,0.008911635150166795
pump-0012,failure,210,239,FAILURE,2.93717,0.30519962008495355,2.4968,3.51,-0.02010876529477208,60.41216,6.161374148981162,47.5527,70.9011,-0.42509517241379463,4.243800000000001,0.2958478685631068,3.7205,4.9636,0.006815572858731769
pump-0012,failure,220,249,FAILURE,2.742376666666667,0.1781463792939827,2.3805,3.0894,0.0010551501668520067,58.02727,4.690168190527215,47.5527,64.6539,0.20744625139043246,4.396976666666668,0.40034207263566773,3.7205,5.2022,0.03576874304783084
pump-0013,failure,0,29,NORMAL,4.562473333333333,0.15319887931124757,4.2591,4.8637,-0.0073273414905452245,86.75695333333333,2.5548585957913383,82.1812,91.717,-0.1247996885428263,1.440316666666667,0.12046665675152143,1.2262,1.7024,-0.011389521690767545
pump-0013,failure,10,39,DEGRADATION,4.55633,0.14717260195656878,4.2591,4.8637,-0.008490967741935557,85.73850666666667,2.3554907471598274,82.1812,90.1473,-0.03330264738598532,1.4932999999999998,0.2218268273526296,1.2262,2.0996,0.014958175750834227
pump-0013,failure,20,49,DEGRADATION,4.4310366666666665,0.12778347176202226,4.1139,4.6598,-0.005360066740823263,84.8000266666667,2.6214970540937537,79.6648,90.1473,-0.13228120133481774,1.6561166666666667,0.28745206450622146,1.2262,2.1698,0.027841490545050022
pump-0013,failure,30,59,DEGRADATION,4.337643333333333,0.19085163466828237,4.0213,4.6598,-0.019710011123470574,82.43314333333335,3.409378505601214,76.4673,89.5365,-0.3013176195773101,1.8035733333333335,0.1895753094565734,1.3717,2.1698,0.0054463181312569215
pump-0013,failure,40,69,DEGRADATION,4.11418,0.21489397447733768,3.766,4.476,-0.023035906562847687,80.38925999999998,2.572587305366591,76.4673,88.1637,-0.20193890989989122,1.97103,0.2610537430619731,1.5201,2.4695,0.01665546162402667
pump-0013,failure,50,79,DEGRADATION,3.9819833333333334,0.14627476219620236,3.766,4.3895,-0.010890433815350566,79.40911999999999,1.455916762593247,75.9628,82.4241,0.03996587319243364,2.215246666666667,0.4018177934780335,1.5201,2.8305,0.04411746384872076
pump-0013,failure,60,89,FAILURE,3.8765433333333332,0.11433347623897773,3.5616,4.0312,-0.0037276307007786625,77.93558333333334,3.562563543487875,69.944,82.4241,-0.2672290322580647,2.4948199999999994,0.2738325320337231,1.793,2.8305,0.021616507230255773
pump-0013,failure,70,99,FAILURE,3.7547800000000007,0.23426060758622363,3.1535,4.0312,-0.02296974416017805,74.63790666666668,5.38893787030019,65.1128,82.4241,-0.5094904560622924,2.62195,0.1879041471069758,2.1774,3.018,-0.003208075639599629
pump-0013,failure,80,109,FAILURE,3.5713666666666666,0.2795270306945088,2.9842,4.0312,-0.022207563959955615,71.54883999999998,4.1751328099115605,65.1128,82.1669,-0.15298745272525266,2.6320266666666665,0.2156163258094237,2.1774,3.0265,0.0006021802002223977
pump-0013,failure,90,119,FAILURE,3.4952799999999997,0.2825271602282985,2.9842,4.0887,-0.0005552836484984236,70.30144333333332,3.5447993957047674,64.7276,79.4935,0.061193704115682715,2.6435333333333335,0.25803529129860425,2.0954,3.2081,0.0007296106785316264
pump-0013,failure,100,129,FAILURE,3.483836666666667,0.2844837423396204,2.9842,4.0887,-0.000801001112347117,68.30572000000001,4.753540946031704,58.9491,79.4935,-0.3593825139043398,2.7441133333333334,0.28360072488545507,2.0954,3.2843,0.012478576195773012
pump-0013,failure,110,139,FAILURE,3.4018933333333337,0.314765978607741,2.8291,4.0887,-0.02514674082313688,64.47406666666667,5.457194993482355,55.2702,74.14,-0.5504937486095671,3.14214,0.5873396754860001,2.0954,4.2467,0.05874220244716348
pump-0013,failure,120,149,FAILURE,3.30286,0.21068714816048936,2.8291,3.7066,-0.008227052280311599,62.83903999999999,3.4220182575589315,55.2702,68.617,0.10882647385984381,3.6328199999999997,0.5704468449674635,2.4592,4.4685,0.057430478309232424
pump-0013,failure,130,159,FAILURE,3.1947400000000004,0.1472594051325755,2.8291,3.3906,0.0012778197997774842,61.4809,3.857644496062332,55.2375,68.617,-0.03183844271412792,3.947483333333333,0.26773814581083183,3.4328,4.4685,-0.002392146829811019
pump-0013,failure,140,169,FAILURE,3.0966366666666674,0.222158157601491,2.6464,3.3823,-0.020744449388209216,61.131106666666675,4.609918864284803,51.8028,68.617,-0.30080703003337195,3.940233333333333,0.2496904007410422,3.4328,4.4685,-0.013982202447163672
pump-0013,failure,150,179,FAILURE,3.049896666666667,0.20060782883249823,2.6464,3.3997,0.0016496774193547274,58.512773333333335,3.9315907938927506,51.7568,65.0385,-0.08674665183537425,3.99888,0.3291607058363235,3.4328,4.7535,0.02177414905450487
pump-0013,failure,160,189,FAILURE,2.964593333333333,0.22559287508449574,2.5395,3.3997,0.0021100333704115164,56.28741000000001,4.806069279244734,47.8126,65.0385,-0.21954226918798742,4.193110000000001,0.32532072518260097,3.6576,4.7535,0.030726607341490464
pump-0013,failure,170,199,FAILURE,2.8904399999999995,0.31081758594605513,2.1396,3.3997,-0.027341802002224788,54.81652666666666,4.019554812574259,47.8126,65.0385,-0.20599012235817754,4.4901100000000005,0.31623690523614306,3.8522,5.0567,0.027157619577308088
pump-0014,failure,0,29,NORMAL,4.62409,0.12497053346022548,4.4207,4.834,-0.005842246941045688,90.50171999999999,2.8052702605869073,84.8606,94.6702,-0.2665707230255858,1.6809766666666666,0.19576026270812869,1.3628,2.0473,-0.017573904338153534
pump-0014,failure,10,39,DEGRADATION,4.581903333333332,0.11830588738050558,4.3861,4.834,-0.00789848720800893,88.65499,2.5655167447449387,84.0243,92.7699,-0.21893612903226023,1.6182766666666666,0.17379315806121048,1.3628,1.9548,0.0037670967741935133
pump-0014,failure,20,49,DEGRADATION,4.519986666666667,0.0827204437985086,4.3682,4.6752,0.0004324360400443893,87.96179333333335,2.1119232716386467,84.0243,91.9964,0.08801219132369063,1.7238300000000002,0.2475678979593275,1.3628,2.1962,0.02339784204671853
pump-0014,failure,30,59,DEGRADATION,4.426706666666666,0.17215922074895923,4.0064,4.6752,-0.014277953281423846,86.57110333333334,3.884507372755121,76.386,91.9964,-0.22663481646273867,1.8706066666666668,0.20424113515374145,1.3726,2.2217,0.013662157953281384
pump-0014,failure,40,69,DEGRADATION,4.294723333333334,0.19506912908561988,4.0064,4.6752,-0.019369187986651965,85.32718000000001,3.991880210410462,76.386,91.9964,-0.2820877864293661,2.0544700000000002,0.18597548431625788,1.7199,2.3738,0.013034682981090045
pump-0014,failure,50,79,DEGRADATION,4.21175,0.11784428072672852,4.0064,4.4422,0.00028865406006664334,84.21489666666666,2.926593686123095,76.386,89.6581,0.09667966629588169,2.2257866666666666,0.2569041413099879,1.7199,2.7051,0.027266117908787548
pump-0014,failure,60,89,DEGRADATION,4.168466666666666,0.12469110455664253,3.8826,4.4422,-0.0026240266963293195,83.83315333333333,2.3545178079220848,77.912,88.5086,-0.08364849833148177,2.4361966666666666,0.18180904356555594,2.0357,2.7051,0.017432502780867568
pump-0014,failure,70,99,DEGRADATION,4.038010000000001,0.2478188065906217,3.5116,4.4422,-0.02599993325917696,81.53690666666665,4.256041081328463,73.5421,88.5086,-0.4208267408231381,2.543983333333333,0.12976886396803955,2.2665,2.839,0.0060844271412680145
pump-0014,failure,80,109,FAILURE,3.9959366666666662,0.25454621385691223,3.5116,4.5994,0.0032152391546161267,78.88114333333334,3.2736628041266287,73.5421,85.2524,-0.17862493882091524,2.695623333333334,0.24444555587878644,2.3922,3.418,0.018118286985539425
pump-0014,failure,90,119,FAILURE,3.9975566666666666,0.2610021732774568,3.5116,4.5994,0.01811268075639593,76.81865666666667,3.2823818126154802,69.0402,84.1362,-0.05848674082313946,2.787586666666667,0.3008632355222035,2.3922,3.418,0.010535572858731837
pump-0014,failure,100,129,FAILURE,4.077683333333333,0.22118308567539455,3.723,4.5994,-0.006566384872080145,76.71637333333334,3.200042020446329,69.0402,84.1362,-0.09966295884316058,2.9988166666666674,0.3302875071644232,2.4118,3.7313,0.010976618464961011
pump-0014,failure,110,139,FAILURE,3.873683333333333,0.31316339088228196,3.1732,4.3158,-0.026580088987764212,74.79260666666666,3.4733498031855192,66.8751,81.6736,-0.15847563959955802,3.2241833333333334,0.4452623998522919,2.4118,4.1904,0.03597964404894323
pump-0014,failure,120,149,FAILURE,3.798566666666667,0.26629521504442316,3.1732,4.2693,-0.006148476084538488,74.97380999999999,3.2039652472470213,66.8751,81.3139,0.013388453837595246,3.43913,0.345834576206602,2.7665,4.1904,0.016066362625139018
pump-0014,failure,130,159,FAILURE,3.6846333333333328,0.2697730544159088,3.0884,4.0617,0.0014058286985537726,73.52859666666667,3.8227662563021325,65.7988,81.3139,-0.01100509454950014,3.4898166666666666,0.3139383602804149,2.9284,4.1904,-0.010134037819799852
pump-0014,failure,140,169,FAILURE,3.556376666666666,0.36433758583977516,2.984,4.0617,-0.036257196885428326,72.30315,4.667253391217722,62.1704,81.3139,-0.3827416017797564,3.6228899999999995,0.39272434043062143,2.9284,4.3176,0.02019966629588426
pump-0014,failure,150,179,FAILURE,3.3770299999999995,0.2806998731148033,2.984,4.0617,-0.01621488320355968,68.89100666666668,4.121913964890044,61.5195,79.5543,-0.3332005339265877,3.7306999999999997,0.3676266738599544,2.9284,4.3176,0.02121187986651827
pump-0014,failure,160,189,FAILURE,3.2124133333333336,0.17278896904091476,2.8347,3.4461,-0.001987141268075715,65.33312333333333,4.8452717639422005,53.1548,73.9989,-0.4260776640711915,3.8672166666666663,0.2183246727289936,3.5349,4.3176,-0.013224271412680826
pump-0014,failure,170,199,FAILURE,3.226136666666667,0.16917323760637262,2.8347,3.4461,-0.007800600667408287,61.17803666666667,5.31690238845159,53.1477,68.9348,-0.5113001334816485,3.876826666666667,0.23568335386464792,3.5349,4.389,0.013139443826473758
pump-0014,failure,180,209,FAILURE,3.1505399999999995,0.1863852669427853,2.8347,3.4462,-0.0038934371523916445,59.35698000000001,4.288260514194537,53.1477,68.6235,-0.07604449388209233,4.035773333333333,0.28978988472493106,3.5948,4.4821,0.025385761957730752
pump-0014,failure,190,219,FAILURE,3.15658,0.21623647148434513,2.7439,3.5833,-0.004583715239154688,59.24649,3.477382889123179,53.1477,67.96,0.20231116796440393,4.379213333333333,0.3805100776005224,3.66,5.2298,0.03492800889877634
pump-0014,failure,200,229,FAILURE,3.014983333333334,0.2820646463529633,2.5161,3.5833,-0.02098751946607352,59.23914666666666,3.346733432341983,53.9904,67.96,-0.20350901001112506,4.589276666666667,0.3114713680616924,3.9936,5.2298,0.01586956618464948
pump-0014,failure,210,239,FAILURE,2.927056666666667,0.2760108387767086,2.5161,3.5833,-0.02024153503893223,58.237096666666666,4.579701964209995,47.7643,66.8149,-0.10976438264738646,4.872559999999999,0.312096684378415,4.2248,5.3355,0.0176222024471634
pump-0014,failure,220,249,FAILURE,2.7784833333333334,0.19165971248253738,2.5161,3.0918,-0.007612969966629662,57.06285999999999,4.686537717092791,47.7643,66.1505,0.0753270300333691,5.030246666666666,0.32632143839404043,4.2248,5.385,0.027947808676306897
pump-0015,failure,0,29,NORMAL,4.52617,0.20968158105406715,4.1861,4.9004,-0.014271924360400529,89.01730666666667,2.751774838891356,85.0922,94.5844,-0.1033081646273648,1.4975699999999998,0.1968750604655992,1.1884,2.1289,-0.00253119021134597
pump-0015,failure,10,39,DEGRADATION,4.415126666666667,0.1936624984060902,4.1674,4.9004,-0.015837063403782176,88.05234000000002,2.202773540425796,85.0922,94.5844,0.03465797552836243,1.6689766666666668,0.3355950393786469,1.1884,2.3196,0.023805717463848682
pump-0015,failure,20,49,DEGRADATION,4.3234900000000005,0.09670488560564039,4.145,4.5463,0.0007435595105672265,87.77662999999998,2.112007020371854,85.0922,94.5844,-0.011192191323694464,1.8232033333333335,0.28329151709070916,1.3776,2.3196,0.021565850945494965
pump-0015,failure,30,59,DEGRADATION,4.2207,0.1837781252851746,3.8106,4.5463,-0.014431101223581948,85.38740999999999,3.4435354968743,78.8117,91.4845,-0.32794066740823347,1.9845999999999997,0.19073697421667707,1.5433,2.3196,0.0018138375973303113
pump-0015,failure,40,69,DEGRADATION,4.126493333333333,0.18463582522239702,3.8106,4.5463,-0.01510420467185773,82.01488333333333,3.957455092529654,75.5518,88.2059,-0.4066966184649629,2.11575,0.2876740919281169,1.7223,2.7956,0.025061468298108965
pump-0015,failure,50,79,DEGRADATION,4.065876666666667,0.11372192601057883,3.8106,4.2634,0.005095639599554924,79.52453666666666,1.7207184951803,75.5518,83.1991,-0.06320665183537486,2.4205966666666665,0.40415322051859937,1.7223,3.0182,0.041577641824249126
pump-0015,failure,60,89,FAILURE,3.999496666666666,0.17376206429738597,3.5812,4.2634,-0.010052658509455071,78.58508,2.297120783415621,70.736,81.9413,0.020307541713012266,2.6739233333333337,0.2633831716762144,2.1503,3.0182,0.016032591768631775
pump-0015,failure,70,99,FAILURE,3.9648833333333338,0.2179158325031836,3.566,4.2634,-0.013992636262513996,76.62468333333332,4.092266396923455,68.8098,81.9413,-0.33526204671857845,2.9185633333333327,0.23121227113244278,2.5126,3.4102,0.013160333704115642
pump-0015,failure,80,109,FAILURE,3.7064866666666676,0.28993492112694685,3.1892,4.2287,-0.02269730812013355,74.13215333333332,3.8181727853109115,68.2391,81.9045,-0.2680589098998907,3.029686666666667,0.25993389638307834,2.5126,3.5353,0.022492280311457117
pump-0015,failure,90,119,FAILURE,3.643796666666667,0.2817293352177267,3.1892,4.2287,-0.016915706340378315,72.60644333333333,2.9211619599836562,65.9063,78.1903,0.0022370411568387524,3.309693333333333,0.2551165771868923,2.8646,3.7612,0.020979354838709594
pump-0015,failure,100,129,FAILURE,3.3532400000000004,0.2687322082172759,2.8752,3.7594,-0.017188787541713123,71.35371666666667,4.385710075619328,56.7629,77.9973,-0.26879735261401727,3.5408266666666663,0.3319694664004842,2.8646,4.2538,0.03237695216907668
pump-0015,failure,110,139,FAILURE,3.2770300000000003,0.2854242715093912,2.8752,3.7594,-0.02261190211345949,70.07592666666666,4.5087413768466345,56.7629,77.9973,-0.32304427141268205,3.799983333333334,0.25829211122723483,3.323,4.279,0.020482291434927642
pump-0015,failure,120,149,FAILURE,3.2230900000000005,0.23251350835309906,2.8752,3.73,0.02011971078976637,66.69986333333334,3.963870892152714,56.7629,73.5504,-0.2711002669632937,4.017556666666666,0.2808396869904411,3.4723,4.5612,0.02231050055617343
pump-0015,failure,130,159,FAILURE,3.260473333333333,0.21310878119453974,2.909,3.73,0.0025438932146828715,62.98787000000001,5.866312879662999,48.1291,70.5906,-0.5537536596218043,4.057823333333333,0.2644221746668679,3.5937,4.5612,-0.0009378642936597078
pump-0015,failure,140,169,FAILURE,3.134933333333333,0.33089207538947735,2.4592,3.73,-0.029660066740823266,58.04194333333334,5.648304371088332,48.1291,66.0069,-0.47069399332591955,4.10566,0.3036191601332169,3.5937,4.6956,-0.004392391546162514
pump-0015,failure,150,179,FAILURE,2.9623866666666667,0.2386186647258666,2.4592,3.3342,-0.008129966629588498,58.13224333333335,6.233306234558743,48.1291,69.4228,0.28565679644048764,4.291403333333333,0.4593739126850322,3.5937,5.1836,0.037260489432702895
pump-0015,failure,160,189,FAILURE,2.8493166666666663,0.20207548933230093,2.4592,3.1428,0.00269661846496101,57.51664333333334,5.899305167372586,49.1422,69.4228,0.0960035372636252,4.596236666666668,0.4786000609300235,3.6627,5.4987,0.04188620689655166
pump-0016,degrading,0,29,NORMAL,4.558013333333333,0.16381520632170327,4.3042,4.8153,-0.01153628476084554,88.63102666666667,1.8332138133040805,85.3664,91.893,-0.0921688097886558,1.4826933333333334,0.13217589778607733,1.2253,1.8415,-0.00031942157953282664
pump-0016,degrading,10,39,NORMAL,4.514566666666667,0.140144611820156,4.3042,4.8116,-0.005864872080089034,88.80981666666666,1.798721535069345,85.3664,91.6908,0.07103468298108864,1.5444533333333332,0.17531498649256683,1.2253,1.8415,0.00911924360400444
pump-0016,degrading,20,49,DEGRADATION,4.439099999999999,0.08347010243194862,4.3009,4.6414,0.0010680311457173892,88.11151666666667,2.0979824133491256,83.8262,91.6908,-0.02602129032258266,1.6795800000000003,0.20572904737380507,1.3539,2.0612,0.01658553948832033
pump-0016,degrading,30,59,DEGRADATION,4.418109999999999,0.098921812053763,4.2317,4.6414,-0.00874071190211358,86.29767999999997,3.7017017784076915,79.8862,91.6908,-0.36716387096774394,1.7599899999999997,0.16175436387724856,1.4696,2.0612,0.002974749721913182
pump-0016,degrading,40,69,DEGRADATION,4.309936666666667,0.11395573258458253,4.0765,4.4663,-0.009600289210233637,83.66694000000001,2.7433431797231154,79.2184,89.1405,-0.18020565072302697,1.9076833333333334,0.2093197093496507,1.4836,2.3607,0.011821156840934339
pump-0016,degrading,50,79,DEGRADATION,4.26049,0.09408104786122798,4.0765,4.4663,-0.002968298109010139,83.24911,2.2017892368632066,79.2184,86.2682,0.17816914349276713,2.0241,0.2340151761460497,1.551,2.4624,0.022386473859844252
pump-0016,degrading,60,89,DEGRADATION,4.23622,0.10673224255116166,4.0476,4.4664,0.002205650723025489,83.16175999999999,2.570125978572515,78.7194,87.0466,-0.05005939933259396,2.0797933333333334,0.18969032646805045,1.6412,2.4624,-0.0114718576195774
pump-0016,degrading,70,99,DEGRADATION,4.1857766666666665,0.1393206342299023,3.9601,4.4664,-0.010793748609566304,82.25605333333333,3.131523184089314,76.5751,87.0466,-0.29887586206896594,2.10611,0.20724238200715606,1.6412,2.4624,-0.0013694104560623187
pump-0016,degrading,80,109,DEGRADATION,4.116960000000001,0.16121264135710123,3.8724,4.4664,-0.009076840934371557,80.48519333333334,2.750890812922646,75.8614,87.0466,-0.09216716351501875,2.227046666666667,0.3101254947418688,1.6412,2.7196,0.02969272525027806
pump-0016,degrading,90,119,DEGRADATION,4.090996666666667,0.1314002599777574,3.8724,4.3631,0.008244738598442615,79.51672666666666,3.125382119670417,73.6888,85.5891,-0.07797784204672169,2.427963333333333,0.19812220720779608,1.9001,2.7196,0.01577715239154608
pump-0016,degrading,100,129,DEGRADATION,4.051493333333333,0.16697501596213601,3.7668,4.3631,-0.004241690767519546,77.95696666666666,3.6479258605709384,72.7305,85.5891,-0.24771070077864607,2.4428866666666664,0.18398806434718046,1.9679,2.7196,-0.013837641824249253
pump-0016,degrading,110,139,DEGRADATION,3.9962666666666666,0.1671705303641232,3.7193,4.3631,-0.013097486095661975,77.31781666666667,3.376431428306453,72.7305,84.4397,-0.04643583982202444,2.395926666666666,0.16897558390357928,1.9679,2.7057,-0.0020385761957731124
pump-0016,degrading,120,149,DEGRADATION,3.9020700000000006,0.10747492467237806,3.7193,4.2182,-0.0022767741935484334,77.85919666666668,3.0771838389977435,72.7305,83.1814,0.2612399777530566,2.3842633333333336,0.16957279947627868,1.9679,2.7337,0.009456395995550555
pump-0016,degrading,130,159,DEGRADATION,3.8977999999999997,0.10562251338295892,3.7193,4.1233,0.00019461624026687914,77.02262666666665,4.225431266110268,68.7927,83.1814,-0.2550529477196891,2.396,0.17929352656096276,1.875,2.7337,-0.009274927697441647
pump-0017,failure,0,29,NORMAL,4.496526666666667,0.16311535168571817,4.1134,4.6935,-0.010286896551724293,90.90022333333334,3.2123063032327543,84.5451,96.3589,-0.3080377975528386,1.4627966666666665,0.18250688842403243,0.9431,1.802,-0.009209098998887688
pump-0017,failure,10,39,DEGRADATION,4.428376666666667,0.17724900880462538,4.1134,4.6807,-0.013075394883203606,89.69369666666665,2.8435677148590797,84.5451,96.3589,-0.09027873192436331,1.4694199999999995,0.18549726035712763,0.9431,1.8094,0.011361601779755247
pump-0017,failure,20,49,DEGRADATION,4.359546666666666,0.13246912780803763,4.1134,4.5406,0.002727741935483778,89.65129999999999,2.7377477983432525,84.5451,94.3109,0.2570862291434897,1.54562,0.18744474456934412,0.9431,1.8183,0.01440173526140152
pump-0017,failure,30,59,DEGRADATION,4.337603333333333,0.12444236278516876,4.0839,4.5359,-0.0027983314794217122,89.16435,3.490761811099881,81.4312,94.3109,-0.1959567741935499,1.69148,0.14295738385966636,1.4086,2.0342,0.01008845383759728
pump-0017,failure,40,69,DEGRADATION,4.23665,0.1836626794788025,3.8773,4.5359,-0.018477842046718703,87.78171,3.492759586568572,81.4312,94.3109,-0.2934615572858735,1.9100766666666664,0.3023868236584098,1.5163,2.5281,0.030287408231368156
pump-0017,failure,50,79,DEGRADATION,4.10993,0.1498114796446966,3.8568,4.4564,-0.009885228031145799,86.06480333333333,2.2199315463144855,81.4312,92.4558,0.05559361512791959,2.1615233333333332,0.2974071055902255,1.6619,2.6435,0.025285005561735234
pump-0017,failure,60,89,DEGRADATION,4.03892,0.09888758398639669,3.8568,4.2615,0.0015034037819798894,84.78214666666666,3.0589139238988428,77.8491,92.4558,-0.20279443826474036,2.2704299999999993,0.211541190866775,1.917,2.6435,-0.006389966629588473
pump-0017,failure,70,99,FAILURE,3.925676666666667,0.19785897955081258,3.5186,4.2615,-0.014849276974416122,81.66677,4.737212649800865,73.9886,92.4558,-0.47257181312569696,2.3039466666666666,0.23075142575700136,1.9334,2.71,-0.0021426028921023845
pump-0017,failure,80,109,FAILURE,3.8787166666666675,0.21172610149803345,3.4793,4.2643,-0.005647808676307029,81.59761,4.651332274832663,73.9886,89.9771,0.237004605116795,2.386493333333333,0.3109910276662156,1.9334,3.0058,0.024082669632925446
pump-0017,failure,90,119,FAILURE,3.8481033333333334,0.20342197109020013,3.4793,4.2643,0.012052880978865293,81.13646333333334,4.908070661300855,73.9886,89.9771,0.17984856507230104,2.63465,0.3175540980158604,1.9424,3.2215,0.027456173526140083
pump-0017,failure,100,129,FAILURE,3.7865733333333336,0.2568019677148566,3.354,4.2643,-0.015388743047831051,78.92542666666667,7.726356392631366,60.3983,89.9771,-0.7389489210233611,2.808956666666666,0.25758641615754674,2.3168,3.232,0.011766251390433751
pump-0017,failure,110,139,FAILURE,3.7235099999999997,0.22074595858890222,3.354,4.1901,-0.01102502780867641,76.48060666666666,6.044328251781904,60.3983,85.3654,-0.008567474972192296,2.9019266666666668,0.18963911153088178,2.4782,3.232,0.0010235817575082737
pump-0017,failure,120,149,FAILURE,3.719403333333334,0.225230086035493,3.354,4.3018,0.019115216907675137,76.51571666666665,5.876471709514326,60.3983,85.3654,0.4894243159065605,2.9640833333333334,0.20528050253792304,2.4782,3.3663,0.00890053392658507
pump-0017,failure,130,159,FAILURE,3.74557,0.2420710021873748,3.0931,4.3018,-0.0086642269187988,76.52179666666666,5.721261494430713,63.1825,85.3654,-0.4286805561735284,3.203963333333333,0.35959253096000504,2.5765,4.1099,0.03436460511679639
pump-0017,failure,140,169,FAILURE,3.5248399999999993,0.4293976677471208,2.6148,4.3018,-0.04279443826473869,72.63834666666666,6.131565975710355,62.5045,83.6036,-0.6254303893214698,3.5084733333333333,0.3690237886942008,2.8947,4.1099,0.03483581757508335
pump-0017,failure,150,179,FAILURE,3.2921466666666666,0.30195087319334285,2.6148,3.9411,-0.014570812013348249,69.55217333333333,3.8503082168343643,62.5045,78.6674,0.04170932146829646,3.8238166666666666,0.25512602648277355,3.2497,4.2466,0.01947058954393766
pump-0017,failure,160,189,FAILURE,3.0847633333333335,0.23307976958305265,2.6148,3.4772,-0.002365228031145729,69.49119,4.808047495075313,58.1939,78.4575,0.03784816462736256,3.92118,0.16263076461727646,3.5748,4.2466,0.0022257619577307534
pump-0017,failure,170,199,FAILURE,3.076783333333333,0.21832510938709934,2.6383,3.4772,-0.011318776418242572,66.28661666666666,7.387820273489933,54.2668,78.4575,-0.5819555728587328,4.00693,0.3394524445338403,3.5834,5.1479,0.008421557285873066
pump-0017,failure,180,209,FAILURE,2.8883366666666666,0.23876275042160344,2.493,3.4108,-0.013674371523915542,63.62317666666668,6.420875477725412,54.2668,78.4575,-0.3246858064516151,4.196846666666667,0.45284078786650345,3.5834,5.1479,0.03639617352614004
pump-0017,failure,190,219,FAILURE,2.90448,0.20590668987027436,2.493,3.2153,0.0007484760845383317,61.403773333333326,3.6805139017020725,54.2668,72.0247,0.2696294104560611,4.427136666666667,0.43052143383214836,3.5834,5.1479,0.03087624026696314
pump-0017,failure,200,229,FAILURE,2.8463499999999997,0.19184990270173885,2.493,3.1212,0.006621334816462703,61.64040333333333,4.461275242161395,52.1957,72.0247,-0.20275864293659754,4.630223333333333,0.23625423549407298,4.226,5.2174,0.007442068965517137
pump-0017,failure,210,239,FAILURE,2.724046666666667,0.3342568002133822,1.9282,3.1212,-0.03461170189099001,59.37600000000001,4.6650186145394965,52.1957,69.369,-0.34524035595105906,4.663780000000001,0.21012515064440362,4.3278,5.2174,0.006836751946607252
pump-0018,failure,0,29,DEGRADATION,4.466283333333333,0.1750865939724938,4.1107,4.7847,-0.013041268075639703,90.15250333333333,4.289683995469701,81.0837,96.8667,-0.36461412680756583,1.5712733333333333,0.2232369129173956,1.2895,2.1443,0.010470834260289202
pump-0018,failure,10,39,DEGRADATION,4.320973333333333,0.21780553395683547,4.0124,4.7847,-0.023397864293659743,88.30372666666668,3.50452352271873,81.0837,96.5726,-0.21548783092325036,1.7443566666666663,0.30865833395880016,1.2895,2.1731,0.028072369299221345
pump-0018,failure,20,49,DEGRADATION,4.158873333333333,0.11310047725609096,3.9773,4.4258,-0.009599377085650807,86.10208333333335,2.4817154255451785,81.0837,90.5557,-0.07333074527252666,1.95603,0.2724966815088458,1.2895,2.2839,0.022957575083426003
pump-0018,failure,30,59,FAILURE,3.9621533333333327,0.22130893600475238,3.3868,4.1782,-0.02011848720800904,82.57553666666668,5.779753305489969,71.5548,90.5557,-0.5920658731924378,2.1103433333333332,0.10325262767708254,1.8273,2.3431,0.005206963292547245
pump-0018,failure,40,69,FAILURE,3.8559866666666665,0.219881403993658,3.3868,4.1782,-0.01444453837597339,79.81938666666665,5.282111497039377,71.3975,88.7103,-0.23600111234705598,2.3402,0.3333831369460669,1.9864,3.2157,0.03012952169076748
pump-0018,failure,50,79,FAILURE,3.832516666666666,0.21399343149317043,3.3868,4.2408,0.015282024471635049,76.91290666666667,4.363450374182747,66.7065,87.921,0.026935305895438442,2.6635733333333333,0.4624475176949513,2.0481,3.6174,0.047538509454949925
pump-0018,failure,60,89,FAILURE,3.900263333333333,0.2055123540217365,3.5648,4.2721,0.005254171301445927,73.91148333333334,6.947783142369145,60.6328,87.921,-0.5693871190211363,2.918516666666667,0.3231562058647317,2.3398,3.6174,0.015665739710789713
pump-0018,failure,70,99,FAILURE,3.712076666666666,0.4037121703089413,2.8827,4.2721,-0.03720286985539495,70.43616666666668,5.339782480047498,60.6328,81.1395,-0.3308109454949959,3.1039399999999997,0.36933698397714426,2.3509,3.9917,0.01822349276974412
pump-0018,failure,80,109,FAILURE,3.421873333333333,0.38572481808782916,2.8827,4.2721,-0.03682166852057857,66.58623333333333,3.391242929697343,60.6328,75.057,-0.06700934371524021,3.3508799999999996,0.48691293910376493,2.3509,4.1432,0.0494577975528364
pump-0018,failure,90,119,FAILURE,3.083146666666666,0.21958303324457673,2.5487,3.6218,-0.01672903225806457,66.22113,3.605799936782405,58.789,75.057,-0.20008767519466183,3.720376666666666,0.4263001483175388,2.6574,4.3167,0.03995050055617348
pump-0018,failure,100,129,FAILURE,2.9138333333333333,0.22971440722969222,2.4478,3.2666,-0.021355951056729765,61.14168666666667,5.97567524333629,50.2397,70.5761,-0.5205357953281429,3.9725433333333333,0.2227027176654016,3.4336,4.4869,0.012647052280311336
pump-0018,failure,110,139,FAILURE,2.8093733333333333,0.18345804049488323,2.4478,3.19,-0.0038428031145718803,59.129690000000004,5.6923340828609135,50.2397,70.5761,-0.27828011123470603,4.156163333333334,0.26205954219519567,3.7236,4.7661,0.01961995550611785
pump-0019,healthy,0,29,NORMAL,4.507596666666668,0.13393021188497975,4.2569,4.7421,-0.006393526140155876,89.47336333333332,3.267019438212077,82.8729,94.8419,-0.25027721913237155,1.4105866666666664,0.24178447114918047,0.8858,1.8852,-0.015325428253615152
pump-0019,healthy,10,39,NORMAL,4.456983333333333,0.1646547136349951,4.1327,4.7292,-0.007867786429366098,88.57592333333332,3.0248905081763793,82.8729,94.8419,-0.07650195773081543,1.381563333333333,0.2221327808366478,0.8858,1.8852,0.006762380422691829
pump-0019,healthy,20,49,NORMAL,4.460780000000001,0.16648934980952984,4.1327,4.7292,0.009111412680756237,88.89082666666668,3.2557603499984795,82.8729,95.2264,0.2780498331479404,1.4322433333333329,0.2098901278976429,1.0026,1.8136,0.00877701890989987
pump-0019,healthy,30,59,NORMAL,4.459053333333332,0.15887196046572286,4.1327,4.7292,0.0018923692992212516,89.24823,2.8574770349791665,84.1752,95.2264,-0.09429452725250526,1.4697266666666666,0.1700557907145639,1.1735,1.8136,-0.007805828698553982
pump-0019,healthy,40,69,NORMAL,4.452773333333334,0.11824530979657875,4.207,4.6665,-0.011543136818687494,89.04433,2.9173618652417233,84.0456,95.2264,-0.16965274749722006,1.3823400000000001,0.1816035950451789,1.1735,1.8136,-0.01260387096774195
pump-0019,healthy,50,79,NORMAL,4.473486666666667,0.15364511649324303,4.207,4.8231,0.010753192436039926,89.11203666666667,2.67488295774891,84.0456,94.5942,0.24033172413792897,1.4058699999999997,0.1529013650473184,1.205,1.7688,0.008600823136818668
pump-0019,healthy,60,89,NORMAL,4.528596666666667,0.14719440542659523,4.2618,4.8231,0.008313926585094427,89.94808333333334,2.452302055223939,84.0456,94.5942,0.07116073414905331,1.3482833333333337,0.1804227888106772,1.0412,1.7688,-0.001178665183537289
pump-0019,healthy,70,99,NORMAL,4.504006666666666,0.17532474047384825,4.1911,4.8231,-0.016429632925472813,90.31362333333331,2.2615517570440185,86.0349,94.5942,-0.10065995550612057,1.3999566666666667,0.18327464396970528,1.0412,1.7688,-0.005322558398220292
pump-0019,healthy,80,109,NORMAL,4.4898,0.17473676010883726,4.1911,4.8081,0.0021600444938818914,90.15541,2.127265790375053,86.0349,93.2825,0.10173043381534753,1.4658066666666665,0.25068635640754144,1.0412,1.848,0.026335928809788633
pump-0019,healthy,90,119,NORMAL,4.5128966666666654,0.18588983024600594,4.1911,4.8081,0.01584037819799774,90.5678,2.1977024325417673,86.0349,96.5009,0.07346522803114426,1.5657666666666665,0.17338532104983848,1.181,1.848,0.005518264738598408
pump-0019,healthy,100,129,NORMAL,4.498943333333333,0.21856050372583083,4.0115,4.8081,-0.016572213570634178,90.10197333333332,2.2828287389309097,86.3554,96.5009,-0.16923350389321618,1.4608966666666667,0.28492719594466387,0.9683,1.848,-0.029289810901001155
pump-0019,healthy,110,139,NORMAL,4.376476666666666,0.22571932376786497,4.0115,4.7704,-0.01898627363737499,89.09416666666668,2.2103810382425513,85.7154,96.5009,-0.12302429365962367,1.311626666666667,0.1991252602983582,0.9683,1.6526,-0.007284538375973342
pump-0019,healthy,120,149,NORMAL,4.325850000000001,0.17633473802213037,4.0115,4.5798,0.010509299221356998,90.22504,3.2074171294672595,85.7154,95.8014,0.28552640711901917,1.3414,0.23222282402899158,0.9683,1.7447,0.02400765294771965
pump-0020,failure,0,29,DEGRADATION,4.582223333333333,0.12510176306600243,4.213,4.7863,-0.010035261401557461,87.69726,4.319115827620278,79.1469,93.5754,-0.4344112569521714,1.628496666666667,0.14375646880131074,1.3771,1.9404,-0.002497908787541753
pump-0020,failure,10,39,DEGRADATION,4.4652899999999995,0.16484066721130025,4.1484,4.7863,-0.015670500556173597,85.15994333333335,3.473018012112168,79.1469,93.5754,-0.25253817575083576,1.70601,0.24390726290949186,1.3771,2.3221,0.02405537263626248
pump-0020,failure,20,49,DEGRADATION,4.375326666666666,0.11696922938201401,4.1484,4.603,-0.003752925472747637,83.60656666666667,2.0805028014614364,79.1469,86.5825,0.03353668520578159,1.873933333333333,0.2193631256362128,1.512,2.3221,0.018014638487207996
pump-0020,failure,30,59,DEGRADATION,4.254373333333333,0.16079700024841542,3.8877,4.554,-0.010266251390433934,81.91686666666666,3.410941464985226,76.1243,86.3118,-0.2942947719688555,2.0943,0.242553121329466,1.5517,2.5829,0.019655973303670714
pump-0020,failure,40,69,DEGRADATION,4.11531,0.22334893679323098,3.7563,4.554,-0.023411056729699814,79.67082333333333,3.528588993321394,74.7053,86.2835,-0.3309226473859856,2.3366366666666667,0.3422271823251657,1.847,2.9629,0.03539361512791988
pump-0020,failure,50,79,FAILURE,4.01603,0.17248648285203877,3.6717,4.2948,-0.0016181757508344006,78.13417666666666,2.046707327503265,74.7053,82.1473,0.08839250278086516,2.6648233333333335,0.34315100726777553,1.98,3.2722,0.03396941045606227
pump-0020,failure,60,89,FAILURE,3.945383333333333,0.16365289300494779,3.6717,4.2948,-0.00024958843159073523,77.01887000000004,4.742551809532501,65.1923,83.8614,-0.18608656284761,2.7383833333333336,0.2884603047022049,2.1153,3.2722,-0.0036431813125695897
pump-0020,failure,70,99,FAILURE,3.856453333333333,0.26237918963888035,3.2562,4.2948,-0.018073904338153604,75.48613999999999,5.644140412297814,65.1923,83.8614,-0.342672614015574,2.878876666666667,0.33015046133879966,2.1153,3.4614,0.008793704115684071
pump-0020,failure,80,109,FAILURE,3.7500600000000004,0.21883171860282652,3.2562,4.2425,-0.0025893659621802623,73.01286,5.295482088825026,65.1923,83.8614,-0.1211535928809802,2.996753333333333,0.4099458279117159,2.1153,3.7393,0.0368771968854282
pump-0020,failure,90,119,FAILURE,3.6398566666666667,0.24024569601879556,3.1606,4.2425,-0.0019421802002225423,71.84958,3.812711851984971,65.6574,79.2004,-0.04205833147942278,3.2587833333333327,0.26204108594306774,2.7774,3.7393,0.00858858731924363
pump-0020,failure,100,129,FAILURE,3.4826700000000006,0.31249272007520423,2.9918,4.2425,-0.02500651835372644,68.51925,5.653325592236248,56.9883,77.9511,-0.4457491657397112,3.3192600000000003,0.25437775924793427,2.8356,3.7393,-0.0017178197997776091
pump-0020,failure,110,139,FAILURE,3.24438,0.2834905564564718,2.7503,4.0195,-0.024153859844271455,64.06818000000001,5.964788219733092,56.1718,76.4526,-0.6109912347052303,3.39535,0.2621903897933713,2.8862,3.8345,0.012785561735261313
pump-0020,failure,120,149,FAILURE,3.047733333333333,0.233154913213416,2.5148,3.4607,-0.011912480533926633,60.662119999999994,3.564738764846591,56.1718,69.4471,-0.16368129032258213,3.6731466666666663,0.42406623754105,2.9158,4.3899,0.04113370411568398
pump-0020,failure,130,159,FAILURE,3.0129233333333336,0.23064379272424007,2.5148,3.4607,-0.004117753058954436,58.41750666666666,2.9021713746702757,52.7584,66.2004,-0.15829352614015718,3.9838666666666667,0.34883597227859914,3.2595,4.4554,0.029246540600667326
pump-0020,failure,140,169,FAILURE,2.9528033333333332,0.2307939058746762,2.5148,3.4095,-0.008228320355951136,55.23863333333334,5.4058847094213505,43.4635,66.2004,-0.539894771968855,4.28232,0.45890279246626225,3.5945,5.3057,0.02016694104560623
pump-0020,failure,150,179,FAILURE,2.8513333333333337,0.2478591459321649,2.3026,3.2458,-0.02064111234705232,52.749050000000004,3.6045357097921316,43.4635,59.5429,-0.11417354838709766,4.632366666666666,0.616669099995199,3.5945,5.6674,0.055513058954393686
pump-0021,degrading,0,29,NORMAL,4.5701366666666665,0.1211202969044504,4.3025,4.7798,-0.0073285205784205795,90.30866333333337,3.201885441473855,84.6791,96.6349,-0.2537244716351515,1.3601266666666667,0.17903178290149738,1.0026,1.7306,-0.010390255839822055
pump-0021,degrading,10,39,NORMAL,4.515363333333332,0.15136463806172024,4.2219,4.7774,-0.008102847608453976,90.18492666666666,3.1657651104625906,84.6791,96.6349,0.06942144605116479,1.3738066666666666,0.1884730059068289,1.0026,1.6786,0.012329299221357039
pump-0021,degrading,20,49,NORMAL,4.51634,0.1535403846984022,4.2219,4.7502,0.010392836484983202,90.60822,2.799000935738798,86.7918,95.2986,0.18604507230255704,1.5263200000000003,0.20421452021505881,1.1185,1.8715,0.020235639599555044
pump-0021,degrading,30,59,DEGRADATION,4.4942400000000005,0.17091049236369313,4.2219,4.7502,-0.0025178642936597526,90.56314666666668,2.940062118814649,83.9881,95.2986,-0.22592307007786536,1.5931466666666663,0.13648409121782493,1.2664,1.8715,-0.004355728587319287
pump-0021,degrading,40,69,DEGRADATION,4.434436666666667,0.18825903162634425,4.1243,4.7502,-0.019450967741935585,88.32229000000001,2.9561774916661094,83.7318,94.9131,-0.2650959955506126,1.6087933333333335,0.1431199169306013,1.2664,1.8715,-0.0053658731924360855
pump-0021,degrading,50,79,DEGRADATION,4.33024,0.11876329287003341,4.1243,4.5924,-0.0013925250278087175,87.61197333333335,2.1418732553434525,83.7318,93.2073,0.10387919911012114,1.6450066666666667,0.1850272789497688,1.2664,2.007,0.014982869855394874
pump-0021,degrading,60,89,DEGRADATION,4.2749733333333335,0.11152765556379077,4.1078,4.5924,-0.0011272969966630382,87.05315999999999,2.5361581573448198,82.0521,93.2073,-0.008616240266966798,1.6801766666666669,0.18023658282626445,1.3541,2.007,-0.00223352614015575
pump-0021,degrading,70,99,DEGRADATION,4.23543,0.1385942619062323,4.062,4.5924,-0.006445806451612977,86.62869000000002,2.8558262658817344,81.8004,93.2073,-0.22929070077864533,1.7208433333333333,0.18547353393109453,1.3541,2.007,-0.005713481646273697
pump-0021,degrading,80,109,DEGRADATION,4.246630000000001,0.13450972988350443,4.062,4.4955,0.00882395995550605,85.83327666666666,2.0706701710128113,81.8004,89.3029,0.05495882091212291,1.7599733333333336,0.22302047878066164,1.3541,2.2247,0.017100467185761938
pump-0021,degrading,90,119,DEGRADATION,4.2788900000000005,0.14752553530377938,4.062,4.4955,0.0069145050055616514,85.75237,1.8539685398535402,81.8004,88.9679,0.05480518353726236,1.8406566666666666,0.17228162734958777,1.4534,2.2247,0.008253503893214645
pump-0021,degrading,100,129,DEGRADATION,4.240030000000001,0.1825082850174205,3.9197,4.4955,-0.017210834260289312,86.09352666666668,1.6943873366565927,82.7619,89.3816,-0.07620315906563052,1.8772466666666667,0.13658881782765217,1.6768,2.2247,-0.003233281423804277
pump-0021,degrading,110,139,DEGRADATION,4.11803,0.1774296558263772,3.8502,4.4918,-0.014846251390433987,85.12877666666667,1.8151594922913945,80.9903,89.3816,-0.06752095661846791,1.976063333333333,0.2328792111565326,1.6768,2.4159,0.020202157953281362
pump-0021,degrading,120,149,DEGRADATION,4.092113333333333,0.1481321903646274,3.8502,4.3847,0.00886175750834255,86.02987333333334,2.362093190644451,80.9903,91.2069,0.11111777530589263,2.1100866666666667,0.22665583268226053,1.7737,2.4159,0.018286985539488283
pump-0021,degrading,130,159,DEGRADATION,4.0621100000000006,0.1599965027742794,3.8502,4.3847,-0.0035036929922136746,84.28505,3.672218544399738,76.6913,91.2069,-0.19768585094549743,2.1556033333333335,0.1753707871593467,1.8384,2.4159,-0.011561935483871029
pump-0021,degrading,140,169,DEGRADATION,4.00646,0.18515284244825048,3.7117,4.3847,-0.017622736373748702,82.25119333333333,4.636401420206072,75.3092,91.2069,-0.46560449388209374,2.1492266666666664,0.17920958481311453,1.8384,2.529,0.0019373526140155104
pump-0021,degrading,150,179,DEGRADATION,3.92854,0.1096819845431935,3.7117,4.1416,0.0028511234705227506,80.76052666666668,2.8367954644790463,75.3092,86.4348,0.16922438264738396,2.21888,0.22884452859237572,1.8384,2.5803,0.0218864071190211
pump-0021,degrading,160,189,DEGRADATION,3.947603333333333,0.12641861804690352,3.7117,4.2142,0.005790545050055544,80.93144333333333,3.783705210300553,73.8917,88.0243,0.08926969966629343,2.27966,0.19287652284989648,1.7881,2.5803,-0.0004819577308120402
pump-0021,degrading,170,199,DEGRADATION,3.8716733333333333,0.21497825306037088,3.4376,4.2142,-0.0173043826473861,80.44578999999999,4.1599185844877615,73.8917,88.0243,-0.3413805784204697,2.306923333333333,0.1838077667625126,1.7881,2.5817,-0.00442124582869861
pump-0021,degrading,180,209,DEGRADATION,3.848439999999999,0.19672316691228814,3.4376,4.2142,-0.004161646273637457,78.73515,3.387629950348768,73.8917,88.0243,-0.1282874082313694,2.41515,0.30113607084948607,1.7881,2.9917,0.028831034482758592
pump-0021,degrading,190,219,DEGRADATION,3.8352466666666674,0.18044627590750906,3.4376,4.114,0.0145306340378197,79.52602,3.2199054532082156,74.365,87.6266,0.30738767519465976,2.564223333333333,0.23273506351405,1.9724,2.9917,0.012623470522803068
pump-0022,degrading,0,29,NORMAL,4.454876666666666,0.15956866794232788,4.1441,4.761,-0.012399666295884397,93.37451666666665,2.9604324830541597,88.44,98.4083,-0.209756596218022,1.4219533333333334,0.18900363794264793,1.05,1.7374,-0.008908520578420492
pump-0022,degrading,10,39,NORMAL,4.383086666666667,0.1407928235229181,4.1441,4.7125,-0.00930887652947734,92.69272000000001,2.6489304732791057,88.44,97.953,-0.12937588431590935,1.460866666666667,0.22908916071162239,1.05,1.7961,0.019948965517241356
pump-0022,degrading,20,49,DEGRADATION,4.36998,0.12210703337646044,4.1441,4.615,0.009867497219132246,92.33339666666667,2.3581536077311736,88.44,97.1845,0.19777368186873956,1.5887833333333334,0.20811835428161757,1.05,1.7961,0.015597975528364815
pump-0022,degrading,30,59,DEGRADATION,4.34835,0.16073771544558754,4.0359,4.615,-0.005939466073414958,91.81275000000001,2.9099109639013583,86.4234,97.1845,-0.18409728587319277,1.6498199999999998,0.12052467631153382,1.3864,1.8332,-0.008643292547274774
pump-0022,degrading,40,69,DEGRADATION,4.2496133333333335,0.21610386042106905,3.9384,4.615,-0.021508431590656428,90.89659666666667,3.3731365644340903,83.1366,97.1845,-0.17683953281424147,1.6916866666666666,0.18416769121886958,1.3864,2.1031,0.00776938820912121
pump-0022,degrading,50,79,DEGRADATION,4.134546666666667,0.13637821119551646,3.9384,4.5157,-0.004228120133481732,89.20566333333333,2.6084329431650892,83.1366,93.628,0.030131902113458363,1.8459266666666667,0.28916122830620905,1.3864,2.4293,0.026214816462736348
pump-0022,degrading,60,89,DEGRADATION,4.09,0.09687339504046848,3.929,4.3164,0.0017747719688541836,88.53641,3.048213335638873,81.8667,93.628,-0.16548669632925592,1.859763333333333,0.2694993685624431,1.4708,2.4293,-0.010222269187986714
pump-0022,degrading,70,99,DEGRADATION,4.0458533333333335,0.13805365800618571,3.7545,4.3164,-0.011408943270300414,86.08935999999999,3.528352289723916,79.258,93.3474,-0.34875515016685527,1.9156799999999996,0.2753347857911649,1.4708,2.4293,-0.005478843159065656
pump-0022,degrading,80,109,DEGRADATION,3.93709,0.14449211131869213,3.644,4.2356,-0.013295995550611847,85.14548333333333,2.5671273749833476,79.258,89.1528,-0.011757753058956799,1.9698766666666665,0.31780224740482177,1.4708,2.4161,0.03247855394883201
pump-0022,degrading,90,119,DEGRADATION,3.84922,0.1063112643765153,3.644,4.1194,-0.005494015572858844,84.40859,2.810343901298677,79.258,89.2699,0.033887141268073795,2.1722899999999994,0.18549986585799283,1.6468,2.4161,0.009421601779755246
pump-0022,degrading,100,129,DEGRADATION,3.836956666666666,0.12290350600731002,3.5999,4.1009,-0.0004035817575084549,83.30703999999999,3.7772348499574844,75.6199,89.2699,-0.34720614015573104,2.1663,0.16847591717116922,1.7868,2.4161,-0.015185717463848758
pump-0022,degrading,110,139,DEGRADATION,3.7870299999999997,0.15450188596475664,3.496,4.1009,-0.008276462736373792,81.80305,3.056750204247424,75.6199,89.2699,-0.13102395995550864,2.1979233333333332,0.23708245778397202,1.7868,2.7088,0.010972480533926533
pump-0022,degrading,120,149,DEGRADATION,3.800593333333333,0.15434084128606043,3.496,4.1009,-0.001576195773081249,81.72338666666666,2.82055637487043,75.6199,87.5202,0.19582113459399084,2.3168700000000007,0.286648568982997,1.7868,2.7088,0.028286073414905393
pump-0022,degrading,130,159,DEGRADATION,3.7888933333333332,0.12863567657881264,3.496,4.0055,0.0071897219132368,81.39499666666669,3.0044465990132387,76.177,87.5202,-0.18749666295884435,2.4453433333333336,0.20432252557061725,1.9093,2.7088,0.0012094549499443235
pump-0022,degrading,140,169,DEGRADATION,3.7572100000000006,0.16596663188725613,3.3456,4.0055,-0.015437085650723078,81.13133666666666,2.9652566190785046,76.177,87.5202,-0.15566622914349557,2.4239166666666665,0.18220605200950074,2.0138,2.6691,-0.01047993325917689
pump-0023,degrading,0,29,NORMAL,4.470143333333334,0.09472182671145842,4.2701,4.6425,-0.00205194660734165,90.32911666666665,3.116384931303505,85.706,96.8097,-0.2611475194660747,1.54337,0.23074869324295927,1.2253,1.9599,-0.01580585094549502
pump-0023,degrading,10,39,NORMAL,4.439366666666667,0.11280770166772984,4.1935,4.6425,-0.008653214682981249,89.48881333333334,1.9629533320540822,85.706,93.1098,0.13714162402669486,1.4906333333333328,0.17007432166229236,1.2253,1.7584,0.014683337041156808
pump-0023,degrading,20,49,NORMAL,4.4167499999999995,0.12440259576605842,4.1935,4.7287,0.004463870967741766,91.15302000000001,2.5905824694329525,85.706,95.6559,0.26256631813125525,1.5708333333333335,0.13062834642178126,1.2824,1.7584,0.008391768631813084
pump-0023,degrading,30,59,DEGRADATION,4.393516666666668,0.15387552779943786,4.0527,4.7287,-0.0008331701890990797,90.23759,3.8844159767246014,83.1418,95.6559,-0.28100798665183835,1.6368566666666666,0.1091976363704311,1.4422,1.8946,0.0018352169076751666
pump-0023,degrading,40,69,DEGRADATION,4.326016666666667,0.19255390255429497,4.0527,4.7287,-0.014092703003337197,88.81112666666665,3.992398209007825,83.1418,95.6559,-0.27453490545050224,1.8031300000000001,0.29384793476672016,1.4422,2.3712,0.027674416017797507
pump-0023,degrading,50,79,DEGRADATION,4.284963333333334,0.16198615883943782,4.0527,4.5855,0.00015245828698550712,87.5659,2.6276240612639654,83.1418,92.2202,0.20178536151279053,2.0182966666666666,0.31205616960555177,1.4542,2.5117,0.029371457174638457
pump-0023,degrading,60,89,DEGRADATION,4.216276666666667,0.14327393967113802,4.034,4.5583,0.00013212458286977923,87.25085,3.20044633353433,78.5194,92.2202,-0.1558646718576215,2.071353333333333,0.25822155439768296,1.5739,2.5117,-0.013070567296996679
pump-0023,degrading,70,99,DEGRADATION,4.193906666666666,0.17339312353403433,3.8163,4.5583,-0.0134480978865407,85.18203666666666,4.245017555007545,78.5194,92.2202,-0.4322284093437182,1.9766500000000002,0.25786211140840365,1.5417,2.5117,-0.013162691879866578
pump-0023,degrading,80,109,DEGRADATION,4.1012200000000005,0.11522782476468084,3.8163,4.2844,-0.0045680533926585895,83.38601333333334,2.8070800395587048,78.5194,88.9734,-0.011845917686318135,1.9265666666666668,0.1885954300141502,1.5417,2.2242,0.013256551724137911
pump-0023,degrading,90,119,DEGRADATION,4.128633333333334,0.13853191770210296,3.8163,4.3795,0.003323692992213514,83.6552366666667,2.7383846276571333,79.469,89.8629,0.17128656284760652,2.0767100000000003,0.21961365827288606,1.5417,2.4728,0.018772035595105617
pump-0023,degrading,100,129,DEGRADATION,4.06154,0.18552932310913375,3.6001,4.3795,-0.011223003337041173,83.01859666666664,3.413469684010032,77.1366,89.8629,-0.26405105672970103,2.13511,0.1500333726208939,1.8777,2.4728,-0.0026115016685206048
pump-0023,degrading,110,139,DEGRADATION,4.007523333333334,0.201345806484488,3.6001,4.3795,-0.015514460511679751,82.64050000000002,3.1670077864339583,77.1366,89.8629,-0.11673641824249359,2.2010833333333335,0.1646359662676685,1.8777,2.4818,-0.000808876529477253
pump-0023,degrading,120,149,DEGRADATION,3.988033333333333,0.18359519662077825,3.6001,4.3011,0.012276351501668453,82.69997,3.43800391168577,77.1366,90.4669,0.24717110122357996,2.1985699999999997,0.150553669610984,1.8777,2.4818,0.00847139043381531
pump-0023,degrading,130,159,DEGRADATION,4.00685,0.19626589065177205,3.667,4.3011,0.00040393770856496527,82.53432666666666,3.6097062774260302,76.3781,90.4669,-0.2324960622914363,2.2703866666666666,0.11551435043125831,2.0592,2.5006,-0.0010608231368187072
pump-0023,degrading,140,169,DEGRADATION,3.9634999999999994,0.21694490852134174,3.638,4.3011,-0.01813183537263636,82.47859333333332,3.6912529310008306,76.3781,90.4669,-0.10535746384872297,2.375963333333333,0.201064544335616,2.0592,2.8826,0.016555528364849786
pump-0023,degrading,150,179,DEGRADATION,3.8129966666666673,0.1781957771353992,3.523,4.2681,-0.012071256952169165,81.78145333333332,2.6696002643009225,76.3781,86.5068,0.2222670967741917,2.54454,0.24890879266644372,2.0592,2.9649,0.024637686318131194
pump-0023,degrading,160,189,DEGRADATION,3.7696533333333333,0.10376499002821496,3.523,3.993,0.0011122135706339584,81.48257666666665,3.444005151533443,73.1467,86.5068,-0.2640564849833175,2.622726666666667,0.17551423101529087,2.2637,2.9649,-0.003938642936596244
pump-0024,degrading,0,29,NORMAL,4.378289999999999,0.17793823713112747,4.0354,4.7022,-0.010176218020022344,90.62801666666668,3.0177427088342403,84.0429,94.8269,-0.29596972191323995,1.4578266666666666,0.12310672316688835,1.2025,1.6476,-0.006766852057842092
pump-0024,degrading,10,39,NORMAL,4.364226666666666,0.18490758220136777,4.0354,4.7022,-0.009123337041156955,90.33371333333335,2.8634695238158585,84.0429,95.736,0.07708680756395932,1.4012033333333336,0.11394530700686573,1.2025,1.6441,-0.006812703003337067
pump-0024,degrading,20,49,DEGRADATION,4.330103333333333,0.173434530362965,4.0354,4.7661,0.01355018909899879,90.91786000000002,3.215776851980456,84.0429,95.736,0.27799626251390264,1.3408900000000001,0.08779387355239164,1.1556,1.5488,-0.0007181979977753402
pump-0024,degrading,30,59,DEGRADATION,4.36952,0.15242530935948054,4.0877,4.7661,-0.001087519466073509,90.69085000000001,3.9770594782871105,80.9557,95.736,-0.3208013570634059,1.34608,0.10388731523466503,1.1161,1.5777,0.000724671857619541
pump-0024,degrading,40,69,DEGRADATION,4.292199999999999,0.1830566269400446,4.0413,4.7661,-0.015147230255839878,88.71494,4.191625045699262,80.7751,94.8843,-0.3054910789766425,1.50181,0.265387708017283,1.1161,2.0495,0.0235206896551724
pump-0024,degrading,50,79,DEGRADATION,4.266256666666666,0.16349813797784427,4.0413,4.6572,0.0038286318131255763,88.20771666666666,3.7983596810626348,80.7751,94.1329,0.23533911012235645,1.6655000000000004,0.26987643839357295,1.1161,2.0495,0.022402803114571733
pump-0024,degrading,60,89,DEGRADATION,4.268223333333334,0.18092093795050057,3.9158,4.6572,0.007730300333704053,88.31467666666664,3.5216434060140487,80.7751,94.1329,0.00013893214682827854,1.7827033333333333,0.1648160560207112,1.4285,2.0495,-0.0036904783092324782
pump-0024,degrading,70,99,DEGRADATION,4.217063333333334,0.23062653429781707,3.8539,4.6572,-0.01831103448275867,87.86419333333332,3.4681067259561407,81.8079,94.1329,-0.3003733036707487,1.7150266666666667,0.14730266106067316,1.4712,2.0279,-0.011351323692992256
pump-0024,degrading,80,109,DEGRADATION,4.1138933333333325,0.18400946340398422,3.8539,4.5882,-0.01262447163515028,85.75875666666667,2.7664604642856454,80.7051,91.2598,-0.07022547274749935,1.8117833333333335,0.30933086610007454,1.3541,2.471,0.021244160177975507
pump-0024,degrading,90,119,DEGRADATION,4.101349999999999,0.152402212910443,3.8539,4.4566,0.0127698553948831,85.89632666666668,2.5776170458950816,80.7051,90.7297,0.07216329254727201,1.8897299999999997,0.32774236950181873,1.3541,2.471,0.01529724137931031
pump-0024,degrading,100,129,DEGRADATION,4.08788,0.17154765013449375,3.7741,4.4566,-0.008219888765294866,84.36101333333335,3.4831450677736,79.6117,90.7297,-0.18832783092324923,2.0520033333333334,0.28868889192731717,1.3541,2.471,0.0022721913236929407
pump-0024,degrading,110,139,DEGRADATION,4.029916666666666,0.20556990714163934,3.6245,4.4566,-0.016848431590656437,82.45985666666667,3.6881598484595117,76.8735,90.7297,-0.38001305895439474,2.1342233333333334,0.2693039678917157,1.6177,2.5095,0.019336218020022205
pump-0024,degrading,120,149,DEGRADATION,3.9167200000000006,0.10272043743416726,3.6245,4.0977,0.0006305672969966166,81.25359666666665,2.315534339122518,76.8735,87.3872,0.10071784204671731,2.22792,0.19026766129149045,1.7862,2.5095,0.008869855394883172
pump-0024,degrading,130,159,DEGRADATION,3.893206666666667,0.10950160100300922,3.6245,4.0859,-0.001127919911012362,79.87812666666667,3.491487010423432,71.3238,87.3872,-0.1646418242491671,2.2592399999999997,0.12394997270404436,2.0439,2.5095,-0.006456240266963386
pump-0024,degrading,140,169,DEGRADATION,3.795223333333334,0.16392565730300496,3.4773,4.0859,-0.015305116796440548,79.69292333333333,3.8404778067911756,71.3238,87.3872,-0.1897739488320374,2.1969399999999997,0.0778144056928621,2.0571,2.3234,-0.002524360400444974
pump-0024,degrading,150,179,DEGRADATION,3.78599,0.15790490038838784,3.4773,4.0347,0.002135817575083357,79.89224,3.981743993746124,71.3238,86.8102,0.32455261401557184,2.3557699999999997,0.2648024976594191,2.0571,2.8595,0.02367187986651828
pump-0024,degrading,160,189,DEGRADATION,3.7930399999999995,0.1638536920548329,3.4773,4.0835,0.011902914349276842,80.692,3.45455509619787,72.0873,86.8102,0.05080102335928638,2.402536666666666,0.24818653399319543,2.0808,2.8595,0.006831612903225798
pump-0025,failure,0,29,NORMAL,4.4975000000000005,0.12555931665949766,4.2034,4.6977,-0.0010221134593994164,90.75508,2.769734797461061,86.6964,96.4599,-0.19374144605116897,1.4176099999999998,0.13877163338857595,1.1846,1.7288,-0.002479488320355998
pump-0025,failure,10,39,DEGRADATION,4.453953333333333,0.13037421200358437,4.1772,4.6659,-0.010224827586207052,89.37359333333333,1.9449717007252887,85.0178,94.4557,-0.0751094549499464,1.4676966666666664,0.16308778512063848,1.1851,1.9996,0.010907964404894289
pump-0025,failure,20,49,DEGRADATION,4.3960799999999995,0.11246232376519116,4.1772,4.69,0.0023791768631812624,88.97408333333331,2.1883917674985796,84.0298,92.6597,0.0017036040044464632,1.61898,0.229492951816245,1.1851,2.0217,0.0221998665183537
pump-0025,failure,30,59,DEGRADATION,4.325406666666667,0.16923645772179893,3.9771,4.69,-0.00628240266963306,86.95863333333335,3.896795530717801,79.532,92.6597,-0.34882696329255,1.7388466666666664,0.15335585356360618,1.4698,2.0217,0.006165472747497183
pump-0025,failure,40,69,DEGRADATION,4.262736666666666,0.18175817355914303,3.9771,4.69,-0.012531457174638645,85.08855333333331,3.743440532249564,79.532,92.6597,-0.2963020689655201,1.8040266666666667,0.11017932635279433,1.5934,2.0217,-0.0014428476084538781
pump-0025,failure,50,79,DEGRADATION,4.148266666666666,0.13909126819785955,3.9537,4.5233,-0.008197864293659703,83.75222999999998,2.170827521499579,79.532,88.0377,0.08944313681868578,1.906816666666667,0.2280606338722714,1.5934,2.5023,0.019037931034482685
pump-0025,failure,60,89,DEGRADATION,4.048536666666667,0.14106344549724975,3.7094,4.3548,-0.012262269187986773,83.23602333333335,2.349115641638123,78.1015,88.0377,-0.13833052280311686,2.0022766666666665,0.20859683551983452,1.5934,2.5023,0.00891766407119018
pump-0025,failure,70,99,FAILURE,3.919530000000001,0.17870864771092268,3.4739,4.2617,-0.013630901001112429,81.43396666666666,3.7433183623921473,70.2299,88.0377,-0.34761352614015745,2.17716,0.21904725000175948,1.8626,2.5743,0.008393815350389291
pump-0025,failure,80,109,FAILURE,3.8685000000000005,0.14059461819951244,3.4739,4.0641,0.0018605116796439876,79.44922999999999,4.35385545251945,68.7054,85.7985,-0.02300843159065765,2.3626066666666663,0.3201618891887179,1.8626,2.977,0.032631145717463804
pump-0025,failure,90,119,FAILURE,3.8864900000000002,0.19352071956253164,3.4392,4.3897,0.008633971078976592,78.69467333333334,5.74357724163454,68.7054,91.135,0.012308209121243883,2.7336433333333336,0.40185946936985595,1.8845,3.6353,0.040696796440489395
pump-0025,failure,100,129,FAILURE,3.7742299999999998,0.30298850599761484,3.17,4.3897,-0.02557034482758628,76.64682333333332,6.697772177258313,64.054,91.135,-0.35635922135706477,2.8735799999999996,0.3045388956001078,2.2805,3.6353,0.007057975528364814
pump-0025,failure,110,139,FAILURE,3.564773333333333,0.3436711761100848,3.1156,4.3897,-0.03307123470522812,75.10189333333334,5.9025211982074985,64.054,91.135,-0.23139426028921156,3.0073666666666674,0.2945759781259988,2.2805,3.6353,0.003850144605116786
pump-0025,failure,120,149,FAILURE,3.4457033333333333,0.24206214420176392,3.1156,3.9816,0.003709343715239088,72.81278,4.231189968901578,64.054,83.6113,-0.0106977975528373,2.97925,0.2696128542311488,2.2805,3.6259,0.01883864293659614
pump-0025,failure,130,159,FAILURE,3.4541366666666673,0.22383629953358522,3.1156,3.9816,0.005571368186874219,71.52341666666666,4.52124166640709,65.7324,83.6113,-0.29449061179087976,3.1352299999999995,0.21854692730242933,2.5488,3.6259,0.00883655172413787
pump-0025,failure,140,169,FAILURE,3.4153833333333337,0.2755461692509785,2.8084,3.9816,-0.022986896551724204,66.74640000000001,5.7303414848797045,55.5226,78.8184,-0.5653461179087894,3.312806666666667,0.3368850020737376,2.5488,3.9833,0.029560489432702914
pump-0025,failure,150,179,FAILURE,3.2244400000000004,0.24417405076434037,2.8084,3.6491,-0.021139888765294844,64.88455333333333,4.401750138731438,55.5226,72.5382,-0.05794398220244901,3.5631633333333337,0.3056601255025297,2.8946,4.1602,0.02427236929922129
pump-0025,failure,160,189,FAILURE,3.0026333333333337,0.2516561640192604,2.4482,3.4446,-0.021490500556173582,63.27226,3.8849100114502875,55.5226,72.5382,0.1739756173526122,3.8360533333333335,0.2600892792014995,3.3724,4.3078,0.01744627363737475
pump-0025,failure,170,199,FAILURE,2.932606666666666,0.19482101517946046,2.4482,3.299,-0.005037864293659683,63.32118666666668,3.909230333516931,57.3331,72.5382,-0.19456048943270443,4.016476666666667,0.27835699342550907,3.5845,4.6276,0.019200200222469294
pump-0025,failure,180,209,FAILURE,2.868160000000001,0.1909445654284684,2.4482,3.1743,0.0011195105672969303,61.38416666666668,3.0895905275978275,56.459,67.2505,-0.1041023359288103,4.2187,0.2738511043127877,3.5883,4.773,0.018890500556173487
pump-0025,failure,190,219,FAILURE,2.908553333333333,0.16074232948694284,2.5392,3.1784,-0.0011614682981090872,60.82885333333333,2.73636172520293,56.459,67.6973,0.05617494994438162,4.355789999999999,0.27643977204206094,3.763,4.8978,0.016645539488320295
pump-0025,failure,200,229,FAILURE,2.8717366666666666,0.14667997700966398,2.5392,3.1784,0.002721624026696277,59.539406666666665,3.4609345627959454,50.7889,67.6973,-0.20686157953281528,4.39683,0.22383031690695215,3.9336,4.8978,-0.0032458064516129688
pump-0025,failure,210,239,FAILURE,2.787546666666666,0.1935782369540084,2.347,3.1784,-0.01544048943270309,57.33163333333333,4.463466607046839,47.5714,67.6973,-0.3966177975528381,4.369433333333333,0.351004460877003,3.6907,4.9569,0.0025915461624026145
pump-0026,failure,0,29,DEGRADATION,4.520200000000001,0.1676123046398047,4.1895,4.8517,-0.011193993325917853,94.19906999999998,3.36329929554795,88.2514,100.3803,-0.2213331924360428,1.3487366666666665,0.19618131321702265,1.0012,1.7111,-0.019171946607341523
pump-0026,failure,10,39,DEGRADATION,4.3816999999999995,0.18907036432679414,4.0805,4.7276,-0.019675550611790906,92.85619666666665,3.2016042335557686,88.2514,98.9066,-0.25577101223581866,1.4290666666666667,0.3411421534916037,1.0012,2.1483,0.024184872080088963
pump-0026,failure,20,49,DEGRADATION,4.304860000000001,0.12543396031378423,4.0805,4.5281,-0.0015461179087876674,90.30997,2.4420541180394277,84.6311,97.2954,-0.07361777530589825,1.6620333333333333,0.4018065507457814,1.0948,2.2451,0.038895706340378165
pump-0026,failure,30,59,DEGRADATION,4.16753,0.19838740072561734,3.7813,4.489,-0.012144582869855517,88.85176999999999,3.29900834980756,83.7449,97.2954,-0.2766210233592913,1.9394799999999999,0.24449305429807203,1.1355,2.3373,0.013053437152391505
pump-0026,failure,40,69,DEGRADATION,4.011913333333333,0.28126958803886987,3.6208,4.489,-0.030016907675194802,87.75784333333334,2.8052154868724233,83.7449,97.2954,-0.08224006674082507,2.0958233333333336,0.19130248070064906,1.7475,2.4406,0.013046028921023283
pump-0026,failure,50,79,FAILURE,3.8543700000000003,0.15762799064041041,3.6208,4.1953,-0.0016791323692993217,86.21807333333332,2.937383451978232,75.6653,90.2948,-0.06855991101223866,2.2780500000000004,0.25624834926297574,1.7475,2.8525,0.025628320355951008
pump-0026,failure,60,89,FAILURE,3.864553333333333,0.16317646426151317,3.6208,4.1893,0.011058064516128969,85.25578666666667,3.3776980228881053,75.6653,90.2948,-0.2558420912124599,2.4082833333333338,0.21871797987870648,1.9685,2.8525,0.011246874304783053
pump-0026,failure,70,99,FAILURE,3.817963333333333,0.21908363012532198,3.4238,4.1893,-0.014593259176863292,81.54722666666667,4.416822125535759,71.81,89.4383,-0.38110972191323905,2.5879566666666665,0.25151992987082,1.9685,3.0126,0.015447096774193531
pump-0026,failure,80,109,FAILURE,3.7013733333333336,0.23530346212686476,3.3043,4.1542,-0.021220289210233702,77.77095333333335,4.512821563702937,70.9716,86.6204,-0.4467538153503911,2.874786666666667,0.49287102960330526,1.9685,3.8341,0.0484616685205784
pump-0026,failure,90,119,FAILURE,3.47464,0.18878324007531314,3.0779,3.818,-0.014615483870967774,75.11488333333334,2.834222279577866,70.958,80.3016,-0.11839201334816651,3.1888933333333336,0.368418341864547,2.6051,3.8341,0.026705139043381464
pump-0026,failure,100,129,FAILURE,3.3054266666666665,0.23470051545651865,2.7995,3.7836,-0.02040035595105683,71.72104666666668,4.211152433062578,63.0067,78.7547,-0.33058901001112556,3.42931,0.28189560520400697,2.8198,3.8341,0.007213637374860858
pump-0026,failure,110,139,FAILURE,3.15779,0.16987217812225758,2.7733,3.4925,-0.010631479421579606,69.24926666666667,5.0770003380824065,60.9048,78.368,-0.41415163515016834,3.6420266666666667,0.3665117841973919,3.0784,4.4894,0.030411701890989937
pump-0026,failure,120,149,FAILURE,3.0728633333333333,0.1549218480037238,2.7702,3.3226,-0.004314727474972261,65.66585,3.2997419635228042,59.4791,73.4806,-0.0983854727474997,3.7513533333333333,0.32040974364432523,3.0784,4.4894,0.0017779755283647777
pump-0026,failure,130,159,FAILURE,2.963386666666666,0.2168189440267822,2.5551,3.3226,-0.0197924805339267,65.00392666666667,3.2130791933318763,59.4791,73.4806,-0.013754616240269024,3.9180866666666665,0.3047470084439805,3.2404,4.609,-0.0015010901001112856
pump-0026,failure,140,169,FAILURE,2.76415,0.26034384411133416,2.2324,3.3226,-0.026356106785317076,65.36492,2.7655331629904567,59.4791,70.5652,0.16298424916573867,4.058286666666666,0.4000078463674876,3.2404,4.7864,0.03609677419354825
pump-0026,failure,150,179,FAILURE,2.6855499999999997,0.17546792631893346,2.2324,3.0302,0.0015772413793102783,65.09350333333333,2.669921118121075,61.2961,70.5652,-0.039760689655174986,4.437693333333333,0.38253565753912266,3.624,5.0174,0.03974549499443819
pump-0027,degrading,0,29,NORMAL,4.396423333333333,0.09440196213827098,4.1505,4.6007,-0.007133058954393813,91.68498,2.4537759857547443,87.2166,96.904,-0.15311216907675498,1.5296033333333334,0.11120177601499397,1.3031,1.6974,0.002335728587319209
pump-0027,degrading,10,39,NORMAL,4.37253,0.07501303953313712,4.1505,4.4837,-0.0007475194660735363,92.35209333333334,3.0954330749168015,87.2166,98.597,0.20671599555060943,1.61675,0.1956505588202259,1.3163,2.1159,0.014983470522803084
pump-0027,degrading,20,49,NORMAL,4.379376666666667,0.09312273866009071,4.1505,4.5582,0.005271835372636252,92.82488666666667,3.071743343416279,87.2166,98.597,0.11754562847608259,1.5835333333333332,0.23203670303543694,1.2036,2.1159,-0.011172324805339322
pump-0027,degrading,30,59,NORMAL,4.37479,0.11304058076637785,4.1281,4.5582,-0.00417354838709693,92.84391000000001,3.158140889864373,86.9229,98.597,-0.29890800889877917,1.4849466666666666,0.26656788720490865,1.1663,2.1159,-0.024667586206896602
pump-0027,degrading,40,69,DEGRADATION,4.330626666666666,0.1237908206972104,4.1281,4.5582,-0.007228164627363807,91.36693999999997,2.3049642540395285,86.9229,96.2887,-0.08945539488320632,1.4635366666666665,0.22153939827689542,1.1663,1.946,0.0164577308120133
pump-0027,degrading,50,79,DEGRADATION,4.352549999999999,0.1398513037717799,4.1281,4.6099,0.006592858731924297,92.36074666666666,2.9814781558519288,86.9229,98.5743,0.23782878754171172,1.6036666666666666,0.254970248373326,1.1663,2.0614,0.021620645161290288
pump-0027,degrading,60,89,DEGRADATION,4.349326666666666,0.12682725504489256,4.1564,4.6099,0.0007415795328140749,90.93813333333333,4.489813845905961,81.395,98.5743,-0.26601334816462846,1.741576666666667,0.14397245959634855,1.4534,2.0614,-0.0004884315906562807
pump-0027,degrading,70,99,DEGRADATION,4.305149999999999,0.1690664124932368,4.0101,4.6099,-0.01609706340378209,88.21131666666666,5.734622614847661,80.8377,98.5743,-0.5782275194660749,1.71903,0.15309833909397363,1.3912,2.0614,-0.006730433815350428
pump-0027,degrading,80,109,DEGRADATION,4.232296666666667,0.10781074307425124,4.0101,4.4217,-0.0004962180200223647,85.30908333333333,2.596078531051958,80.8377,89.7238,0.04205911012235674,1.809396666666667,0.23159650757777459,1.3912,2.3863,0.01664171301446047
pump-0027,degrading,90,119,DEGRADATION,4.253156666666667,0.13062199580809072,4.0101,4.5721,0.011657508342602754,86.02405999999999,3.138595396734023,80.8377,92.8113,0.1942685205784196,1.8873866666666668,0.21736492163078097,1.3912,2.3863,0.01082109010011119
pump-0027,degrading,100,129,DEGRADATION,4.232083333333333,0.17316128528693187,3.8492,4.5721,-0.009493904338153607,85.23318333333333,3.9761078414351663,77.4155,92.8113,-0.29239699666295926,1.97921,0.1472584289607899,1.7139,2.3863,-0.004428587319243661
pump-0027,degrading,110,139,DEGRADATION,4.101276666666666,0.2328986956931179,3.7849,4.5721,-0.022550500556173688,83.28920000000001,4.435211203614397,77.4155,92.8113,-0.30430166852058066,1.907543333333333,0.12637935401885164,1.6198,2.1265,-0.003845005561735324
pump-0027,degrading,120,149,DEGRADATION,4.019640000000001,0.1540562183100702,3.7849,4.3872,-0.0003241824249166433,82.97260000000003,3.814198947004906,77.4155,90.6443,0.2923872302558378,1.9594999999999996,0.17977141040777314,1.6198,2.2989,0.006285962180200146
pump-0027,degrading,130,159,DEGRADATION,3.9916933333333335,0.1346315092721199,3.7849,4.2424,0.0034965517241378427,84.34290999999999,3.659590724142979,77.661,90.6443,0.15712803114571622,1.869176666666667,0.23299961328055652,1.4645,2.2989,-0.01041417130144609
pump-0027,degrading,140,169,DEGRADATION,3.9760633333333337,0.15319773384601867,3.713,4.2424,-0.013398598442714285,85.15527333333334,2.947078183889182,79.7054,90.6443,-0.1716294994438285,1.92456,0.26496111739901257,1.4645,2.4497,-0.004088320355951104
pump-0027,degrading,150,179,DEGRADATION,3.914926666666666,0.11833107490802619,3.713,4.1645,-0.003349499443826565,85.83901999999999,3.34132820261644,79.7054,90.3854,0.1936841824249149,1.9503933333333334,0.26654080604832137,1.4645,2.4497,0.023667497219132316
pump-0027,degrading,160,189,DEGRADATION,3.9328499999999997,0.13490617912707578,3.713,4.2363,0.010379154616240133,85.1929933333333,3.532372585947803,79.2194,90.3854,-0.0077426918798679505,2.1120699999999997,0.17613783267657177,1.744,2.4497,0.007999888765294737
pump-0027,degrading,170,199,DEGRADATION,3.8835666666666664,0.18088729333175643,3.5744,4.2363,-0.011204493882091349,83.22361333333336,4.992413922057702,75.2716,90.3854,-0.5443134149054534,2.1329966666666667,0.11621770227560957,1.8834,2.4296,-0.0044449610678532255
pump-0027,degrading,180,209,DEGRADATION,3.8501733333333332,0.1927102521634199,3.5517,4.2363,-0.008146073414905558,80.48985666666665,3.4851934810646545,74.3427,86.1987,-0.09579650723025741,2.239476666666667,0.21144617547315026,1.8834,2.6242,0.01531285873192433
pump-0027,degrading,190,219,DEGRADATION,3.834526666666667,0.17768682924991624,3.5517,4.2354,0.01322371523915455,80.71488666666666,3.750058171969544,74.3427,85.9302,0.2661957730812003,2.3241133333333335,0.250024651762359,1.8834,2.8115,0.01358095661846493
pump-0027,degrading,200,229,DEGRADATION,3.857873333333333,0.16514865007689958,3.5517,4.2354,-0.0047791323692993465,81.55897666666668,3.3525163403711478,74.3427,85.9302,-0.036581067853171244,2.3672400000000002,0.21879933516047687,2.0545,2.8115,-0.013771746384872118
pump-0027,degrading,210,239,DEGRADATION,3.8098499999999995,0.18388126921105005,3.4669,4.2354,-0.014398375973303809,80.26164333333332,3.5058065285735434,74.2532,85.9302,-0.3413210011123495,2.371476666666667,0.2346472823670077,2.0545,2.8725,0.004112769744160076
pump-0028,failure,0,29,DEGRADATION,4.50372,0.09607541274089504,4.3324,4.7613,-0.005025139043381592,86.83257333333336,2.760390376369899,82.1422,91.5883,-0.22809486095662015,1.521096666666667,0.24534711802306183,0.9928,2.0265,-0.00666262513904341
pump-0028,failure,10,39,DEGRADATION,4.41199,0.15471399494982133,4.1201,4.7613,-0.009692836484983399,85.48215333333332,2.902837484914065,80.9671,91.2933,-0.15718055617352833,1.6307066666666665,0.3438758612574537,0.9928,2.2313,0.02525103448275861
pump-0028,failure,20,49,DEGRADATION,4.314633333333332,0.17769953354531415,3.9473,4.6249,-0.009889388209121398,83.44754333333334,2.729482973957196,78.6258,87.9583,-0.05431686318131515,1.829103333333333,0.36387979469721715,0.9928,2.2313,0.033158776418242455
pump-0028,failure,30,59,DEGRADATION,4.13357,0.23533642181637193,3.7387,4.6249,-0.01911659621802021,82.49062333333332,3.287186788089305,76.7126,87.9583,-0.15291775305895525,2.081606666666667,0.15321777079989413,1.6736,2.3889,0.009854994438264719
pump-0028,failure,40,69,FAILURE,3.92299,0.27610268301243773,3.4542,4.4593,-0.02975183537263636,80.47753333333334,3.0635044147004065,75.6684,87.6896,-0.15264329254727607,2.249936666666667,0.2067685219165518,1.9421,2.8526,0.01942382647385979
pump-0028,failure,50,79,FAILURE,3.8353266666666674,0.18501304987006253,3.4542,4.2453,0.003790789766407057,81.30819666666666,3.5653601062149223,75.6684,88.9134,0.12542898776418018,2.4541033333333337,0.25061614803431076,2.0628,2.9958,0.023767452725250243
pump-0028,failure,60,89,FAILURE,3.8134099999999993,0.2008583470176599,3.4542,4.2453,0.00923935483870962,79.83167999999999,4.592062819648703,69.9573,88.9134,-0.12064458286985674,2.6323033333333337,0.21161846088866845,2.3082,3.1373,0.013432992213570595
pump-0028,failure,70,99,FAILURE,3.74697,0.28561201556190413,3.1205,4.2453,-0.020324249165739803,76.09283666666667,7.850640814162173,61.6401,88.9134,-0.8287793325917706,2.729216666666667,0.2313224633613337,2.3082,3.1548,0.007023426028920968
pump-0028,failure,80,109,FAILURE,3.6049066666666665,0.24939859921196209,3.1205,4.0828,-0.013951234705228115,70.19254333333333,5.79096002896948,60.6257,82.6432,-0.48491512791991365,2.93946,0.3842519126822923,2.3082,3.6464,0.03368204671857614
pump-0028,failure,90,119,FAILURE,3.474933333333334,0.17423891133217698,3.1205,3.8337,-0.0014908120133482051,66.76408999999998,3.030604665557683,60.6257,71.8243,-0.048457953281426304,3.2429966666666674,0.44247826574370364,2.3118,3.9196,0.04110026696329251
pump-0028,failure,100,129,FAILURE,3.333126666666667,0.2753121233961354,2.712,3.8337,-0.026744738598442844,63.07814,5.686988276325762,51.0991,70.7996,-0.47252952169077006,3.524896666666666,0.2966270447136531,2.6593,4.011,0.0180146162402669
pump-0028,failure,110,139,FAILURE,3.1269233333333335,0.2568961731690234,2.712,3.566,-0.025297597330367193,60.695730000000005,5.113596692097778,51.0991,70.7996,-0.3105605561735273,3.789886666666667,0.35244485311731943,3.1555,4.6426,0.02667675194660727
pump-0028,failure,120,149,FAILURE,2.9688133333333337,0.15137920318047507,2.712,3.2819,-0.006477775305895517,60.39461333333333,4.789518560268409,51.0991,68.7112,0.385119199110121,4.073196666666667,0.4312167177366336,3.3191,4.7869,0.04612109010011123
pump-0028,failure,130,159,FAILURE,2.914730000000001,0.1306862863246689,2.7258,3.1801,-0.004707474972191397,59.16548999999999,6.323674282269236,46.8708,68.7112,-0.3747951724137954,4.4011966666666655,0.3133371426896098,3.6284,4.9278,0.02574591768631807
pump-0028,failure,140,169,FAILURE,2.8769133333333334,0.15578663984936436,2.5384,3.1801,-0.007248587319243665,56.45798666666668,7.288376342082112,46.8708,68.7112,-0.6865442046718601,4.54303,0.19120877969730724,4.284,5.0026,0.0010313459399330835
pump-0029,failure,0,29,DEGRADATION,4.44866,0.17234252058038377,4.0678,4.8042,-0.012261223581757576,89.26215333333333,3.1915425150161423,84.3084,95.3965,-0.2826174860956644,1.4300099999999998,0.23711471956277477,0.8631,1.9087,-0.007305472747497262
pump-0029,failure,10,39,DEGRADATION,4.331549999999999,0.22750662078278072,3.972,4.8042,-0.019798242491657462,86.00149666666668,3.5928802998414637,79.3178,93.563,-0.37209332591768834,1.5381666666666667,0.321671132611485,0.8631,2.0045,0.02848458286985537
pump-0029,failure,20,49,DEGRADATION,4.190173333333333,0.16427766521620904,3.7616,4.4037,-0.004711501668520714,83.42663333333331,2.5956354731655886,79.2018,89.5064,-0.22813228031145805,1.8083366666666665,0.29701132804808794,1.286,2.2983,0.030848431590656256
pump-0029,failure,30,59,DEGRADATION,4.10217,0.1835207438774519,3.7616,4.4037,-0.009083937708565104,80.61747,2.8300559327982673,73.6542,84.7005,-0.2437072525027829,2.089,0.19851495493622973,1.6838,2.5396,0.018519288097886513
pump-0029,failure,40,69,FAILURE,3.8881766666666673,0.3279656472694798,3.2953,4.4037,-0.03496189098998902,78.13602666666667,3.5868197208607464,71.6685,84.7005,-0.3601286763070095,2.27534,0.26653758284089446,1.7939,2.9869,0.02293210233592878
pump-0029,failure,50,79,FAILURE,3.729710000000001,0.23651425658227593,3.2953,4.1579,-0.015007274749722053,76.8762,3.236855211260873,69.9915,82.7945,-0.04695670745272686,2.5012799999999995,0.27911900257775357,1.935,2.9869,0.022934860956618428
pump-0029,failure,60,89,FAILURE,3.6134366666666664,0.1752983713241195,3.2953,3.8991,0.0028920355951055523,75.14033666666666,3.850346992456942,66.9453,82.7945,-0.12100918798665354,2.663713333333334,0.2899996629116815,1.935,3.3003,0.018807652947719616
pump-0029,failure,70,99,FAILURE,3.59499,0.17514528512066777,3.3002,3.8991,-0.013353303670745343,71.97698333333334,6.420402674603483,56.4393,82.7945,-0.6370046496106802,2.873713333333334,0.25261011821030094,2.3189,3.3003,0.01805187986651829
pump-0029,failure,80,109,FAILURE,3.513656666666667,0.17734052494815983,3.0198,3.8919,-0.011182358175750924,68.62090666666667,4.417507658543319,56.4393,79.9326,-0.22057908787542102,3.265496666666667,0.5440104144121589,2.3189,4.433,0.057164605116796406
pump-0029,failure,90,119,FAILURE,3.3119099999999997,0.26871375023743516,2.5231,3.6711,-0.02055076751946614,66.29128999999999,3.8659295120621806,56.4393,76.497,-0.0349128587319263,3.593186666666666,0.4163108788180081,2.9444,4.433,0.033724315906562725
pump-0029,failure,100,129,FAILURE,3.038513333333334,0.38909938724644066,2.3655,3.6711,-0.038512569521690944,64.37139666666666,4.847775529558778,55.0572,76.497,-0.4093996218020043,3.8217866666666667,0.27846055463725716,3.2066,4.433,-0.00014927697441607124
pump-0029,failure,110,139,FAILURE,2.7959000000000005,0.24816607611302016,2.3655,3.3579,-0.013878665183537305,61.05992666666666,4.762509674876146,54.6945,76.497,-0.3606311457174655,3.972916666666667,0.3694303859396998,3.2066,4.8046,0.03179904338153494
pump-0029,failure,120,149,FAILURE,2.6787900000000002,0.15037696709713674,2.3415,2.9231,0.003112280311457119,57.16795666666667,4.169942919008472,49.0625,65.022,-0.2878555506117933,4.24259,0.41400522649680005,3.2066,4.9397,0.037702758620689565
pump-0030,degrading,0,29,NORMAL,4.551536666666666,0.12555673215279572,4.3224,4.7613,-0.006103381535039024,87.46936333333335,3.344698218921336,81.4666,93.0473,-0.25698204671857794,1.4474933333333335,0.16596194530340044,1.0841,1.7241,-0.014047430478309263
pump-0030,degrading,10,39,DEGRADATION,4.494913333333333,0.11010136158205419,4.3224,4.7613,-0.008886184649610813,86.96963666666667,3.292987315238586,81.4666,93.0473,0.11422889877641652,1.4675933333333335,0.18968131507581046,1.0841,1.779,0.013858197997775292
pump-0030,degrading,20,49,DEGRADATION,4.447673333333333,0.08489780497097019,4.2601,4.6105,0.0025660066740822033,87.55461,3.005409039088246,81.4666,93.2858,0.20102097886540254,1.5969599999999997,0.2193495089273433,1.0841,1.9092,0.021637686318131222
pump-0030,degrading,30,59,DEGRADATION,4.385016666666667,0.1486071736342346,4.0021,4.6105,-0.008365895439377177,86.52647333333334,4.131357677159195,77.8648,93.2858,-0.32030696329254854,1.6169499999999999,0.21046573394894158,1.1508,1.9092,-0.015727897664071264
pump-0030,degrading,40,69,DEGRADATION,4.319303333333333,0.16142038591481833,4.0021,4.6105,-0.011184271412680897,84.26897666666666,4.318969644308181,77.8648,93.2858,-0.27506827586207055,1.6993333333333334,0.30561331377339496,1.1508,2.1971,0.008720222469410406
pump-0030,degrading,50,79,DEGRADATION,4.227860000000001,0.10904229943772588,4.0021,4.4494,-0.002839199110122452,83.42377666666665,3.390741302103254,77.8648,88.0602,0.1937414238042246,1.8256300000000003,0.39002427287712915,1.1508,2.5004,0.03572482758620687
pump-0030,degrading,60,89,DEGRADATION,4.255183333333333,0.10869213735235052,4.0861,4.4961,0.004342402669632902,83.16208999999999,3.589100903322909,76.5035,88.0602,-0.03953283648498473,1.943776666666667,0.2560301123999979,1.3944,2.5004,-0.006927630700778679
pump-0030,degrading,70,99,DEGRADATION,4.193226666666666,0.1569965836854067,3.8853,4.4961,-0.008096907675194751,82.40903666666667,3.3040226574569496,76.5035,87.6492,-0.3143934371523926,1.9453400000000005,0.2529629282457544,1.517,2.5004,-0.006715239154616293
pump-0030,degrading,80,109,DEGRADATION,4.201413333333333,0.16863345997227905,3.8853,4.4961,-0.0055120800889878795,80.53270666666667,2.0907633310880085,76.5035,85.9315,-0.06613610678531887,1.9833966666666667,0.27943357646416717,1.517,2.4426,0.02677185761957727
pump-0030,degrading,90,119,DEGRADATION,4.143773333333333,0.13914802653609173,3.8853,4.4455,0.004681245828698474,79.89984000000001,1.546008020160312,77.1716,82.7744,-0.05331167964405004,2.137893333333333,0.21563913209083574,1.517,2.4426,0.014315906562847574
pump-0030,degrading,100,129,DEGRADATION,4.120496666666667,0.16484348634049475,3.7337,4.4455,-0.011902135706340395,77.76102333333333,3.323502402053526,71.1207,82.7744,-0.3300541713014479,2.194143333333334,0.13357947617637808,1.8451,2.4426,-0.007923403781980027
pump-0030,degrading,110,139,DEGRADATION,3.9624499999999996,0.19892053647960367,3.6736,4.4455,-0.019882602892102457,76.44459,3.3174290065601495,71.1136,82.7744,-0.12068763070078017,2.2346600000000003,0.19645447750899783,1.8451,2.7519,0.010230122358175721
pump-0030,degrading,120,149,DEGRADATION,3.865726666666667,0.13896078327675362,3.6234,4.1857,-0.005186251390433893,75.90993333333334,2.8584281516634653,71.1136,81.2345,0.20480796440489255,2.416623333333334,0.30145580514489273,1.8451,2.8906,0.02721679644048939
pump-0031,degrading,0,29,NORMAL,4.471553333333333,0.10254983417289808,4.24,4.6727,-0.008449477196885463,91.93390666666666,3.3426646396683126,85.4289,98.1798,-0.2477345939933265,1.3904533333333338,0.09081201364479384,1.153,1.5105,-0.0012145050055617516
pump-0031,degrading,10,39,NORMAL,4.45353,0.1122774603382175,4.24,4.6915,0.0002758398220243531,90.88629666666665,2.8222843170598924,85.4289,94.9323,-0.04893537263626389,1.45024,0.12079298986282276,1.2798,1.7916,0.005759999999999966
pump-0031,degrading,20,49,DEGRADATION,4.507056666666667,0.15063537805649183,4.24,4.7227,0.015213414905450482,89.81601666666668,2.333709559204449,85.4289,94.3645,0.03590275862068789,1.4016366666666669,0.15350714529153214,1.0696,1.7916,-0.0035649610678531894
pump-0031,degrading,30,59,DEGRADATION,4.54522,0.13173307203078,4.2669,4.7227,-0.0006151724137932207,89.21267333333334,2.702690579642607,81.6185,94.3645,-0.23100355951057022,1.40923,0.16006263388644668,1.0696,1.7916,-0.007641312569521718
pump-0031,degrading,40,69,DEGRADATION,4.459023333333334,0.19251951015128027,4.1497,4.7227,-0.0209057397107899,87.82399666666666,2.393639306785567,81.6185,90.9942,-0.11283165739710968,1.4760366666666664,0.24687722654973443,1.0696,2.1394,0.024294927697441574
pump-0031,degrading,50,79,DEGRADATION,4.335593333333333,0.14600415960589008,4.1123,4.6367,-0.008505717463848938,88.38548666666664,3.130528866260282,81.6185,95.1695,0.17736258064515953,1.72075,0.29875371880530627,1.2357,2.2064,0.03152496106785314
pump-0031,degrading,60,89,DEGRADATION,4.266713333333333,0.09003804282388389,4.1123,4.4905,0.0021122135706339086,87.86948333333335,3.7212995299208167,79.6561,95.1695,-0.12357608453837737,1.8115,0.22008246484745972,1.4305,2.2064,-0.003263982202447193
pump-0031,degrading,70,99,DEGRADATION,4.223903333333334,0.12281260381392274,3.9923,4.4905,-0.007075973303670818,85.69188666666666,4.973994326610713,78.2887,95.1695,-0.5192791101223598,1.7513766666666666,0.23371854395594904,1.4305,2.2064,-0.020063692992213618
pump-0031,degrading,80,109,DEGRADATION,4.164816666666667,0.09938287942207258,3.9644,4.3481,-0.006404961067853265,84.10011666666666,4.020658280355207,78.2887,93.336,0.08188162402669437,1.6839466666666667,0.1885525633757217,1.4305,2.1766,0.009663715239154585
pump-0031,degrading,90,119,DEGRADATION,4.11567,0.07551822804241813,3.9636,4.2206,0.0016695661846495243,84.42284666666666,3.785013700348021,78.2887,93.336,0.30115323692992146,1.8239899999999998,0.2681317230392555,1.4537,2.3858,0.020710011123470512
pump-0031,degrading,100,129,DEGRADATION,4.10423,0.08671326369131777,3.9347,4.2331,-0.0023355061179088955,85.10748333333332,3.2275682806186383,79.3009,93.336,-0.1297393325917706,1.9475200000000001,0.20806082508087229,1.4636,2.3858,0.005415083426028875
pump-0031,degrading,110,139,DEGRADATION,4.100923333333332,0.10485388145202615,3.9145,4.3682,-0.00013875417130156792,83.76336666666666,2.2431541019040337,79.9777,89.5583,-0.17554407119021356,2.040233333333333,0.18254180769225326,1.7196,2.3858,-0.0002394660734149299
pump-0031,degrading,120,149,DEGRADATION,4.121593333333334,0.15461063122854413,3.9001,4.4556,0.0072936151279197935,82.09346333333333,1.4204065322959096,79.551,85.501,-0.07121439377085888,2.102466666666666,0.21203496776606343,1.7196,2.4697,0.01162166852057838
pump-0031,degrading,130,159,DEGRADATION,4.114233333333334,0.16343083620364363,3.865,4.4556,-0.0009025583982203025,81.68460999999999,1.5061151202901677,78.4779,84.6682,-0.04784349276974765,2.170736666666667,0.18745872342702238,1.7606,2.4697,0.0018474972191323455
pump-0031,degrading,140,169,DEGRADATION,3.980026666666667,0.24508396375301433,3.6172,4.4556,-0.020906562847608532,80.77868666666667,2.206274357483421,75.745,84.6682,-0.1076179310344852,2.2121033333333333,0.18465683394400062,1.7606,2.4697,-0.0017751946607341973
pump-0031,degrading,150,179,DEGRADATION,3.893913333333333,0.19483913832241762,3.6172,4.3145,-0.005327074527252606,79.93446333333334,2.6216025418921824,74.2388,84.6682,-0.1643091212458313,2.2782199999999992,0.18242695414877702,1.991,2.5926,0.014469365962180158
pump-0031,degrading,160,189,DEGRADATION,3.8602866666666666,0.18966028706318272,3.6172,4.1872,0.010602447163514904,78.62492666666667,2.4852814567547243,74.2388,83.0353,-0.13117001112347276,2.333493333333334,0.17875635547365087,1.991,2.5926,0.004212547274749644
pump-0032,failure,0,29,NORMAL,4.465143333333333,0.15923573653200115,4.1964,4.7388,-0.010390055617352728,88.58847333333334,2.367382560963807,84.5931,93.7972,-0.20274246941045895,1.5308133333333331,0.21991530602080023,1.1874,1.9356,-0.02190767519466075
pump-0032,failure,10,39,DEGRADATION,4.3804,0.1731963740959955,4.1244,4.7388,-0.016305361512792136,86.97986666666667,1.886455896177332,83.6433,91.2675,-0.15281646273637559,1.5144500000000003,0.2003764968752573,1.1874,1.8769,0.010967007786429348
pump-0032,failure,20,49,DEGRADATION,4.267493333333333,0.09087037629991908,4.082,4.5155,-0.002237241379310484,85.18453666666669,2.063410390184711,80.5055,89.0353,-0.17907597330367261,1.6526500000000002,0.266979806664599,1.1874,2.2091,0.027467252502780832
pump-0032,failure,30,59,DEGRADATION,4.22077,0.11292164289157913,3.9839,4.4166,-0.005646162402669714,82.51539333333332,3.43941346714168,74.9784,87.5656,-0.351200667408233,1.8934800000000003,0.16513373247159405,1.5482,2.3737,0.013308565072302526
pump-0032,failure,40,69,DEGRADATION,4.1172666666666675,0.16491242389691435,3.8208,4.3905,-0.015893170189099016,80.32379333333333,2.7697644188550683,74.9784,86.0613,-0.20482763070078033,2.052033333333333,0.18039386784354822,1.7535,2.4668,0.015560845383759693
pump-0032,failure,50,79,DEGRADATION,4.008116666666666,0.148555246924802,3.7942,4.3494,-0.01144113459399345,78.26272000000002,1.8208936568619278,74.9784,81.8351,-0.049326362625141694,2.2211533333333335,0.19142007511114284,1.902,2.5546,0.0166950834260289
pump-0032,failure,60,89,FAILURE,3.894673333333333,0.11288606035389054,3.6608,4.1002,-0.006312480533926687,77.23910666666669,2.455162059000497,69.9884,81.8351,-0.17502264738598516,2.3371566666666665,0.16557458477140216,2.0058,2.5781,0.007407942157953211
pump-0032,failure,70,99,FAILURE,3.780243333333333,0.17591625788678233,3.3643,4.1002,-0.014533325917686404,76.25202,2.033778168729324,69.9884,79.9037,-0.053822647385986334,2.5796966666666665,0.38308710539800506,2.0058,3.6079,0.028217463848720713
pump-0032,failure,80,109,FAILURE,3.7578933333333335,0.17413053137102513,3.3643,4.0666,0.0026589543937707567,74.69266333333334,2.8038396880567595,67.9521,79.9037,-0.1571549054505018,2.90582,0.5197126381633091,2.0058,3.6562,0.04903452725250275
pump-0032,failure,90,119,FAILURE,3.7723866666666654,0.19124160414396124,3.3643,4.0739,0.011331390433815243,73.17109000000002,3.104790152259354,67.2187,79.9037,-0.2560629810901025,3.134566666666667,0.3737759920356339,2.2402,3.6562,0.01071252502780863
pump-0032,failure,100,129,FAILURE,3.679263333333333,0.2879801677006403,3.1675,4.0739,-0.02429857619577313,68.34043,5.232780335866712,57.428,75.854,-0.49206903225806703,3.2184966666666663,0.3243807089242858,2.6427,3.9909,-0.005076685205784289
pump-0032,failure,110,139,FAILURE,3.4619100000000005,0.31030017332683957,2.9551,4.0739,-0.030965939933259284,65.99911666666667,4.4688756633023,57.428,73.4518,-0.22855383759733278,3.2750200000000005,0.3445163967070363,2.6427,3.9909,0.026676484983314732
pump-0032,failure,120,149,FAILURE,3.317793333333334,0.18712189954382377,2.9551,3.7321,0.0063149721913236005,64.94694,3.4928372306383437,57.428,71.203,0.28218424916573887,3.5968766666666667,0.43964120726135564,2.702,4.376,0.0419420022246941
pump-0032,failure,130,159,FAILURE,3.3273599999999997,0.23886461521121116,2.8974,3.7321,0.006308120133481556,66.77779333333334,2.6992922237669803,60.1661,71.7766,0.10313454949944179,3.82519,0.33124023542840725,3.278,4.4913,0.018753793103448255
pump-0032,failure,140,169,FAILURE,3.15605,0.39928564107248665,2.3662,3.7321,-0.03168785317018917,63.819250000000004,6.112550453329607,47.8874,71.7766,-0.5452995105672985,4.054453333333334,0.341037323209971,3.4465,4.633,0.014900422691879826
pump-0032,failure,150,179,FAILURE,2.9893400000000003,0.3347489264110243,2.3662,3.7226,-0.020006006674082425,60.56764666666667,6.144470440362528,47.8874,71.7766,-0.4557987986651849,4.193073333333333,0.39571257408488913,3.4465,4.719,0.03447928809788648
pump-0032,failure,160,189,FAILURE,2.8514399999999998,0.18780240254054256,2.3662,3.257,0.01103492769744151,57.55491333333334,3.9186826620462933,47.8874,65.1254,0.026346162402669314,4.532993333333334,0.3726004490365279,3.7302,5.1626,0.035355595105672856
pump-0032,failure,170,199,FAILURE,2.791796666666666,0.23957560877982179,2.3684,3.257,-0.018685094549499504,55.035169999999994,5.403215844300504,43.8595,64.8324,-0.4232671190211366,4.7273733333333325,0.29584642742852624,3.9839,5.4604,0.020882046718576082
pump-0032,failure,180,209,FAILURE,2.601856666666667,0.29645337315597464,2.0339,3.257,-0.02913523915461635,52.280699999999996,5.008731452373945,43.8595,62.5415,-0.38376511679644104,4.8670833333333325,0.24233418397374779,4.3254,5.4604,0.0038236929922135453
pump-0033,degrading,0,29,NORMAL,4.72445,0.15425424413394057,4.47,5.064,-0.0031523692992213893,91.81259000000001,2.609916809191436,86.5589,97.1915,-0.2314260511679676,1.5667499999999999,0.12880949693248553,1.3339,1.7484,-0.003313526140155774
pump-0033,degrading,10,39,NORMAL,4.638816666666668,0.1787999572769027,4.2881,4.972,-0.017024849833148097,91.20430666666665,2.4014901241983533,86.5589,96.095,0.04607110122357919,1.5377699999999996,0.1177069132775698,1.3339,1.7484,0.004167541713014426
pump-0033,degrading,20,49,DEGRADATION,4.554446666666665,0.11856171032654501,4.2881,4.8059,-0.0020892992213572283,91.15661333333334,2.4008331061992263,86.5589,96.095,0.13249303670744975,1.6363466666666668,0.18038829550598776,1.3339,2.0708,0.010747986651835338
pump-0033,degrading,30,59,DEGRADATION,4.495166666666667,0.12434445794735782,4.2881,4.6988,-0.0013606674082315162,90.82927666666664,2.863504767667685,85.0568,96.095,-0.21993203559510746,1.6427833333333333,0.17942863220666752,1.3307,2.0708,0.0011647385984426759
pump-0033,degrading,40,69,DEGRADATION,4.418073333333334,0.18023097205777067,4.0603,4.6988,-0.017090322580645176,87.42919333333332,4.224444160670399,81.0126,93.4436,-0.4644821357063417,1.7509333333333332,0.19206421553451566,1.3307,2.0708,0.004481779755283629
pump-0033,degrading,50,79,DEGRADATION,4.377233333333333,0.14466645622104515,4.0603,4.6176,4.364849833147421e-05,85.58387666666665,2.932187136443072,81.0126,92.3522,-0.11532607341490765,1.7996799999999997,0.18677343922517461,1.3307,2.0665,0.016210545050055612
pump-0033,degrading,60,89,DEGRADATION,4.32863,0.13153971554882832,4.0603,4.5727,0.0030696996662957533,83.47945,2.9964864790562076,77.0949,88.5188,-0.063580088987766,1.9078633333333335,0.11866460433601178,1.6962,2.2766,0.004227074527252469
pump-0033,degrading,70,99,DEGRADATION,4.28707,0.17606153498138088,3.8734,4.5727,-0.017125361512792096,83.89661666666669,2.891921055063956,77.0949,88.5188,-0.14307588431590904,1.9359566666666665,0.17371250517897543,1.6214,2.3942,0.005223203559510522
pump-0033,degrading,80,109,DEGRADATION,4.215916666666667,0.12510453517847475,3.8734,4.4221,-0.0030134149054506865,84.57462333333332,3.6803116442934853,77.0949,91.6569,0.27400255839821697,2.1102366666666668,0.3006598615083534,1.6214,2.6256,0.02805875417130144
pump-0033,degrading,90,119,DEGRADATION,4.226746666666666,0.1429969434016763,3.8734,4.5503,0.008971790878754105,85.38122999999999,2.8848242240097277,80.3714,91.6569,0.00631882091212357,2.16838,0.27280056866998403,1.6214,2.6256,0.006396218020022207
pump-0033,degrading,100,129,DEGRADATION,4.194606666666667,0.1688296437898932,3.8636,4.5503,-0.012554126807563987,83.48821999999998,4.888836889990636,74.5096,91.6569,-0.5034488542825386,2.160013333333333,0.27413757097891966,1.6923,2.6256,-0.021381802002224778
pump-0033,degrading,110,139,DEGRADATION,4.1289533333333335,0.1847095841825456,3.8097,4.5503,-0.012267942157953373,81.14053666666668,3.793103388386465,74.5096,87.0679,-0.1368363737486107,2.22359,0.34715255277759377,1.6923,2.7892,0.02618404894327028
pump-0033,degrading,120,149,DEGRADATION,4.130956666666667,0.18322759377949113,3.8097,4.5022,0.0156962625139042,81.22090999999999,4.039278930481694,74.5096,88.0016,0.27025741935483555,2.38726,0.3714471524546482,1.6923,2.8033,0.029769388209121193
pump-0033,degrading,130,159,DEGRADATION,4.170373333333333,0.17523184629386163,3.8097,4.5022,0.0038004449388208796,82.13435000000003,3.446745311618872,76.8196,88.0016,-0.015655461624029136,2.5161666666666664,0.20640408964509935,2.084,2.8033,-0.014930411568409366
pump-0033,degrading,140,169,DEGRADATION,4.06482,0.2806120232634375,3.4978,4.5022,-0.028888275862069095,81.10562999999999,3.716338841220842,74.9231,88.0016,-0.2945498776418258,2.4538733333333336,0.18991023657390232,2.084,2.8033,-0.006077241379310412
pump-0033,degrading,150,179,DEGRADATION,3.8825,0.21418598771472738,3.4978,4.4152,-0.01609904338153515,79.66245,2.384681580945347,74.9231,84.9158,-0.012011412680758834,2.5483766666666665,0.25641884184972746,2.1488,3.0728,0.02483899888765288
pump-0033,degrading,160,189,DEGRADATION,3.8165633333333333,0.14934614264259463,3.4978,4.116,0.006977063403781904,78.84997666666666,1.9304909825712433,74.9231,82.7164,0.004351301446049188,2.6523833333333333,0.24350284472442796,2.1895,3.1063,0.00756727474972189
pump-0034,degrading,0,29,NORMAL,4.352296666666666,0.15162463626410536,4.0664,4.6768,-0.009987030033370555,90.67050666666667,3.1321977549247357,85.9358,97.4064,-0.3104130812013374,1.3832999999999998,0.22192588702838012,0.9218,1.7451,-0.018936507230255858
pump-0034,degrading,10,39,DEGRADATION,4.30099,0.1354446389981285,4.0664,4.5662,-0.010265606229143612,89.77850333333332,2.3960079612393237,85.9358,94.0977,-0.019261067853172796,1.394126666666667,0.23852256767209448,0.9218,1.8523,0.013596040044493845
pump-0034,degrading,20,49,DEGRADATION,4.29221,0.1298968728132694,4.0664,4.6208,0.010220266963292429,88.99815333333335,2.277120715103956,85.4977,93.4584,0.07396507230255595,1.5669100000000002,0.2666299299903645,1.0746,1.9131,0.02854097886540598
pump-0034,degrading,30,59,DEGRADATION,4.302653333333334,0.12787329857671187,4.0051,4.6208,-0.002555728587319366,89.13272333333333,2.3312113116980377,84.7611,93.4584,-0.15251165739710867,1.7366833333333334,0.12361357283441365,1.4543,1.9781,0.0052375305895438875
pump-0034,degrading,40,69,DEGRADATION,4.1943600000000005,0.22461972843007358,3.8708,4.6208,-0.023143003337041296,87.10888999999997,2.355602331938337,82.4136,93.4533,-0.15619948832035968,1.8065633333333333,0.14045125959642452,1.6137,2.2421,0.002821824249165702
pump-0034,degrading,50,79,DEGRADATION,4.10953,0.16379245027371273,3.8708,4.4487,-0.001701957730812079,87.00348,2.649910352370435,82.4136,92.3682,0.05642536151279046,1.83927,0.17929133674925107,1.6137,2.2421,0.008589610678531659
pump-0034,degrading,60,89,DEGRADATION,4.028700000000001,0.15995839875834383,3.747,4.4067,0.0020124582869854766,85.74453,3.3699002067469794,79.3401,92.3682,-0.040521579532814905,1.8707599999999998,0.17392994681767715,1.5644,2.2421,-0.0010488987764183005
pump-0034,degrading,70,99,DEGRADATION,3.86209,0.3395234821039629,3.314,4.4067,-0.03389061179087882,82.85820666666667,5.73477799360669,73.083,92.3682,-0.5500500556173545,1.9239333333333333,0.1885096113081653,1.5644,2.3465,0.0035306340378197334
pump-0034,degrading,80,109,DEGRADATION,3.6887033333333337,0.25276629849636906,3.314,4.3483,-0.015493815350389429,81.33192333333334,4.383717369743274,73.083,91.1493,-0.0473943715239164,2.0384766666666665,0.24484206430994562,1.5644,2.4541,0.020969721913236865
pump-0034,degrading,90,119,DEGRADATION,3.6220866666666667,0.16485636320412042,3.314,3.8874,0.015355906562847525,79.98578,3.5662951748651803,73.083,86.5548,0.14857757508342415,2.1920066666666664,0.21283218417857344,1.7485,2.4692,0.015873637374860902
pump-0034,degrading,100,129,DEGRADATION,3.710933333333334,0.1191864794718297,3.4801,3.9123,0.0003700111234704537,79.3860033333333,4.197608109029342,72.575,86.5548,-0.4137501001112367,2.31029,0.13735331654775088,1.9869,2.4733,0.00558885428253611
pump-0034,degrading,110,139,DEGRADATION,3.70074,0.13401017026081763,3.3371,3.9123,-0.008289966629588606,77.76981333333332,2.961011435273802,72.575,82.5074,-0.04030847608454066,2.4143266666666667,0.18082649129913334,1.9869,2.811,0.015566051167964385
pump-0035,degrading,0,29,NORMAL,4.563973333333332,0.1194900300815466,4.2985,4.8074,-0.00890166852057851,88.98342333333332,2.854367592267837,83.5002,93.5655,-0.2195456062291451,1.62388,0.16854689436474352,1.3489,1.9672,-0.011521779755283672
pump-0035,degrading,10,39,NORMAL,4.482946666666666,0.10480546020551072,4.1827,4.6672,-0.007043426028921161,88.8626133333333,2.6167294018466807,83.5002,93.324,-0.003140111234707266,1.5749466666666665,0.10538996389072769,1.3489,1.7863,0.0010769299221356956
pump-0035,degrading,20,49,NORMAL,4.53958,0.16592310950156003,4.1827,4.8741,0.00906251390433806,89.60783333333332,3.34842318605174,83.5002,97.669,0.23737005561734867,1.5886400000000003,0.12179491122374532,1.3079,1.819,0.0045611123470522446
pump-0035,degrading,30,59,DEGRADATION,4.523269999999999,0.17483007016338278,4.1827,4.8741,-0.0019244716351502187,89.07684333333333,3.883830307542915,82.1111,97.669,-0.276982625139045,1.6144933333333333,0.1242061134655707,1.3079,1.819,-0.0039118131256952494
pump-0035,degrading,40,69,DEGRADATION,4.495383333333334,0.18427347626708396,4.252,4.8741,-0.017532658509455082,86.85948,4.348400290635626,81.0589,97.669,-0.3856035595105701,1.6141200000000002,0.16638813539432432,1.2851,1.9275,-2.3626251390465272e-05
pump-0035,degrading,50,79,DEGRADATION,4.374153333333333,0.08186527441812898,4.2063,4.5717,-0.0032680756395996515,85.26442333333334,2.191835624415198,81.0589,90.1731,0.13069123470522753,1.7491233333333334,0.2544517893869529,1.2851,2.2277,0.022079755283648483
pump-0035,degrading,60,89,DEGRADATION,4.3439766666666655,0.11560641759387275,4.0769,4.6729,-0.001525361512792122,84.64147333333335,2.8306478418592134,79.5913,90.1731,-0.05038473859844396,1.8551900000000003,0.23151886366629684,1.2851,2.2277,0.015485361512791947
pump-0035,degrading,70,99,DEGRADATION,4.243636666666666,0.18824068012933756,3.8781,4.6729,-0.015960155728587392,84.44445999999999,3.0874869822775493,79.558,90.1731,-0.17594758620689918,1.9769900000000002,0.12968792375031174,1.6679,2.2277,-0.0001921913236930007
pump-0035,degrading,80,109,DEGRADATION,4.194403333333334,0.1725128719513095,3.8781,4.6729,-0.008928787541713027,84.13746,2.7636057484863255,79.558,89.8576,0.15450197997775206,1.96832,0.12471699803956157,1.6679,2.2099,0.0063646718576195705
pump-0035,degrading,90,119,DEGRADATION,4.1756633333333335,0.14231341816177734,3.8781,4.5089,0.008849632925472618,84.11842666666668,3.2080312085902296,77.9016,89.8576,-0.04957170189099194,2.0023866666666668,0.11246043669763255,1.7232,2.2099,0.001462335928809765
pump-0035,degrading,100,129,DEGRADATION,4.196443333333333,0.11970748147973972,3.9587,4.5089,-0.0060829143492770275,82.62324666666667,4.057289013017876,76.4837,89.8576,-0.4064595328142398,1.9780933333333333,0.1706427631697935,1.5572,2.2099,-0.0037771746384872456
pump-0035,degrading,110,139,DEGRADATION,4.1075333333333335,0.16907420724508967,3.8071,4.5089,-0.016524760845383797,80.17923,3.434014187618722,75.1583,87.551,-0.18165190211346113,2.1107299999999998,0.2810648088371553,1.5572,2.6141,0.021425250278086727
pump-0035,degrading,120,149,DEGRADATION,4.033379999999999,0.1241349196103444,3.7218,4.2242,-0.0018096996662960152,80.44458333333334,3.0682978801591108,75.1583,86.1357,0.22427815350389113,2.19162,0.26731946730457173,1.5572,2.6141,0.016507452725250244
pump-0035,degrading,130,159,DEGRADATION,4.009176666666667,0.12345400947541378,3.7218,4.2242,0.004271434927697293,79.77566,3.523028373298556,74.7058,86.1357,-0.09230567296996811,2.2663233333333332,0.16262244962557357,2.0198,2.6141,-0.010490255839822079
pump-0035,degrading,140,169,DEGRADATION,3.9847866666666665,0.15277081905768378,3.7218,4.2242,-0.008994304783092384,77.37106333333334,5.103554541917058,68.7979,86.1357,-0.5564817575083434,2.219513333333333,0.14142919013493013,2.0078,2.6225,0.0016070745272524375
pump-0035,degrading,150,179,DEGRADATION,3.981933333333333,0.1646272098476501,3.7309,4.3564,0.0008616685205783565,75.24338333333334,3.0425216518630647,68.7979,80.6279,0.016693503893211795,2.3762766666666666,0.2738893130242377,2.0078,2.8141,0.02588140155728579
pump-0035,degrading,160,189,DEGRADATION,3.990323333333334,0.18180496818171815,3.7309,4.3792,0.007503870967741855,75.61450666666666,3.4255361361333727,68.7979,81.1722,0.24327959955505962,2.525376666666667,0.22399106780306116,2.0078,2.8141,0.01550057842046713
pump-0036,failure,0,29,DEGRADATION,4.40979,0.15197616556552546,4.0029,4.6346,-0.011881134593993384,85.80122666666666,2.429572032263204,79.7234,89.7949,-0.15779110122358544,1.4900533333333332,0.20020978619660149,1.0691,1.7902,-0.011231546162402685
pump-0036,failure,10,39,DEGRADATION,4.31519,0.1922223891746224,3.9207,4.6346,-0.018462758620689752,84.35911666666667,2.6623222766453774,79.7234,88.9644,-0.18143254727475241,1.61805,0.3269385260768962,1.0691,2.1931,0.023165583982202427
pump-0036,failure,20,49,DEGRADATION,4.179573333333333,0.13252931482841396,3.9104,4.4174,-0.007616329254727628,83.70217999999998,2.9520186289385104,77.1324,89.5459,-0.05581214682981253,1.7568066666666662,0.3518391431069349,1.0691,2.2126,0.025472925472747477
pump-0036,failure,30,59,DEGRADATION,4.088119999999999,0.15976443993162767,3.7505,4.361,-0.01253072302558412,80.33624666666667,5.259559150266831,70.3749,89.5459,-0.4277774860956636,1.9526000000000001,0.1846562969411008,1.5866,2.2128,-0.0034524582869855857
pump-0036,failure,40,69,DEGRADATION,3.9150199999999993,0.2262558970133891,3.5163,4.361,-0.022366674082313874,77.76583333333335,5.34915228264151,70.3749,89.5459,-0.4806013793103465,2.067293333333333,0.2725219892453125,1.5866,2.528,0.018928320355951034
pump-0036,failure,50,79,FAILURE,3.8693400000000002,0.19674125918745838,3.5163,4.2449,0.0010513904338153043,74.77243,2.3679116187265103,70.3749,79.1962,-0.00522329254727661,2.1813966666666667,0.23154609257961772,1.6257,2.528,0.016786985539488267
pump-0036,failure,60,89,FAILURE,3.7350933333333334,0.22695748343883468,3.3394,4.2449,-0.004969610678531742,73.42011666666666,3.1728127209237473,67.3136,79.1962,-0.2333027586206918,2.3289433333333336,0.1743615700841852,1.876,2.6781,-0.000718909899888816
pump-0036,failure,70,99,FAILURE,3.6767833333333337,0.2679785129238703,3.1996,4.2449,-0.02302694104560632,69.96264000000001,4.901526984971112,61.4108,79.1962,-0.5128778197997791,2.387263333333333,0.258572953578332,1.876,3.0434,0.012913214682981055
pump-0036,failure,80,109,FAILURE,3.501006666666667,0.18297728444323968,3.0664,3.8334,-0.007843826473859925,66.83621,3.2425751492036903,61.4108,74.3958,-0.18810284760845505,2.63486,0.3693282628412472,1.876,3.3808,0.03163897664071186
pump-0036,failure,90,119,FAILURE,3.430423333333334,0.17794835895718614,3.0664,3.8334,-0.007795528364849874,66.29406333333333,2.5481073351912698,61.4108,70.3978,0.1809896551724123,2.830546666666666,0.3613421810724874,2.0997,3.5664,0.02842300333704113
pump-0036,failure,100,129,FAILURE,3.235283333333333,0.31588779767857805,2.5214,3.749,-0.029728298109010065,65.26848333333334,4.047367361473656,55.5823,70.3978,-0.21712598442714331,3.2220266666666664,0.4160504968817554,2.3591,3.9664,0.0376294104560622
pump-0036,failure,110,139,FAILURE,3.01017,0.29780179443157606,2.5214,3.526,-0.026811056729699738,61.51082,6.4829625745436275,49.1096,70.3978,-0.6740765739710808,3.51384,0.4970591511413237,2.3591,4.6308,0.049316351501668486
pump-0036,failure,120,149,FAILURE,2.8558733333333337,0.18878423121530985,2.5214,3.1876,-0.00386006674082322,57.341870000000014,4.291113419937379,49.1096,67.8908,-0.2870702335928825,3.9903199999999996,0.3812835317713053,3.3847,4.6773,0.03460507230255834
pump-0036,failure,130,159,FAILURE,2.833953333333333,0.15734743453757213,2.5213,3.1559,0.0003542602892101361,54.570609999999995,2.7555335028931633,49.1096,59.4904,-0.0724418909899895,4.093323333333333,0.39151204126508743,3.3847,4.6773,0.012450255839821983
pump-0036,failure,140,169,FAILURE,2.704216666666667,0.2631398957251109,2.2557,3.1559,-0.0245618909899889,54.859469999999995,2.8819290482996505,49.9036,60.2985,-0.0030571078976652476,4.394806666666667,0.4516696432374244,3.4048,5.1901,0.023443337041156784
pump-0037,failure,0,29,NORMAL,4.448696666666668,0.09444118975437685,4.2401,4.5895,-0.006365672969966722,85.09451333333332,2.9548691293900347,78.3987,89.9194,-0.19732774193548613,1.455243333333333,0.17467680762546078,1.0943,1.7553,-0.015195439377085718
pump-0037,failure,10,39,DEGRADATION,4.425356666666667,0.09982009044052984,4.2201,4.5895,-0.00116340378198004,85.18342333333335,3.3593403357091143,78.3987,91.4107,0.1440551501668502,1.4520533333333332,0.17588195991124905,1.0943,1.7553,0.0070452947719688045
pump-0037,failure,20,49,DEGRADATION,4.4072733333333325,0.09802180347022577,4.2201,4.5555,0.0013710344827585136,86.27322666666667,2.975299672182433,79.9146,91.4107,0.25955256952168926,1.5125066666666667,0.17705028086833285,1.0943,1.7986,0.016078798665183518
pump-0037,failure,30,59,DEGRADATION,4.302059999999999,0.21786054805769678,3.826,4.5555,-0.019365695216907775,84.10191333333333,5.879421176994287,72.3347,91.4107,-0.4952451167964419,1.69641,0.1611689989834687,1.4248,2.0562,0.013288654060066726
pump-0037,failure,40,69,DEGRADATION,4.148476666666667,0.22373179282842712,3.826,4.5343,-0.02251272525027819,80.42220666666668,5.939697258723619,72.2258,89.128,-0.49705036707452815,1.8726900000000002,0.25401057241776376,1.4821,2.4427,0.026879621802002228
pump-0037,failure,50,79,DEGRADATION,4.033053333333334,0.12192176106922922,3.826,4.3509,-0.0007153281423805197,76.89394,2.9670922928685584,72.2258,85.2338,0.008204182424915146,2.07539,0.22681977478459264,1.6629,2.4951,0.018611635150166853
pump-0037,failure,60,89,DEGRADATION,3.9360599999999994,0.16954994662340647,3.5304,4.2322,-0.011047030033370547,75.52529999999999,3.354672833327666,69.21,80.9461,-0.1909903003337057,2.247276666666666,0.17840564767468048,1.9075,2.5099,0.010402246941045551
pump-0037,failure,70,99,DEGRADATION,3.8204066666666665,0.21638013453693525,3.5194,4.2322,-0.020842135706340487,73.15904333333333,3.8351166229710536,66.5036,80.1602,-0.38038057842046946,2.3145533333333335,0.15804906144049768,2.0404,2.5767,0.003990166852057786
pump-0037,failure,80,109,FAILURE,3.6668933333333333,0.12826397762254038,3.4603,3.9896,-0.007972903225806568,72.63310999999997,3.2393417724747726,66.5036,79.0017,0.1331016462736359,2.530003333333333,0.3116799196647455,2.0706,3.2869,0.02376460511679643
pump-0037,failure,90,119,FAILURE,3.7759533333333333,0.23978188245894544,3.4603,4.282,0.020904605116796374,72.61407666666666,4.5574952594367995,64.8042,80.8745,0.07662952169076498,2.6649999999999996,0.37398079629841957,2.0706,3.2869,0.01721659621801994
pump-0037,failure,100,129,FAILURE,3.769283333333333,0.24739923481872142,3.4375,4.282,0.0002526585094548415,71.90455,5.182962004024983,62.6874,80.8745,-0.4198639599555072,2.724753333333333,0.38579032969851496,1.819,3.2869,-0.015337975528364906
pump-0037,failure,110,139,FAILURE,3.6817933333333333,0.32639199431903276,3.2138,4.282,-0.03379764182424927,69.19346,4.883635671614609,62.6874,80.8745,-0.2493698331479431,2.736653333333334,0.414327997069418,1.819,3.446,0.010630656284760792
pump-0037,failure,120,149,FAILURE,3.5046000000000004,0.1614470026561864,3.2138,3.8205,-0.0038801334816464276,68.45548000000001,3.384084467365829,62.6874,74.7789,0.1444362180200204,2.8768900000000004,0.42190525504351484,1.819,3.446,0.03783788654060065
pump-0037,failure,130,159,FAILURE,3.3873866666666665,0.1857441909963509,3.0387,3.8205,-0.006763648498331496,66.63893333333333,4.693677370984172,56.7739,74.7789,-0.26162291434927837,3.14678,0.30251599010079894,2.3327,3.624,0.02055305895439376
pump-0037,failure,140,169,FAILURE,3.2861866666666666,0.2813243557809305,2.6205,3.8205,-0.02267964404894334,66.19442333333333,4.495893580419309,56.7739,74.7789,-0.1953320355951072,3.35496,0.227834167177211,2.9614,3.9564,0.013780066740823035
pump-0037,failure,150,179,FAILURE,3.2365633333333337,0.2407761318228108,2.6205,3.6277,0.005882958843159031,64.24485333333334,3.5400924681645756,56.5807,71.2991,0.08272863181312495,3.6364700000000005,0.3797488838254388,3.0716,4.4956,0.03430796440489427
pump-0037,failure,160,189,FAILURE,3.240596666666667,0.2252939834724596,2.6205,3.5703,0.011234282536151162,63.64925333333333,5.1070794449622126,49.5101,71.2991,-0.326207119021136,3.82439,0.3151460046285424,3.281,4.4956,0.018299154616240185
pump-0037,failure,170,199,FAILURE,3.2120599999999997,0.2197590113434866,2.7382,3.5703,-0.02183639599555071,59.06372666666665,6.510761399351759,48.7774,69.2108,-0.6422607341490562,3.92745,0.24395081710596223,3.5589,4.4956,-0.007100667408231451
pump-0037,failure,180,209,FAILURE,3.0782599999999998,0.1887193411744894,2.7382,3.4296,-0.013243826473859988,56.690629999999985,5.337071067926676,48.7774,67.0593,-0.23211917686318304,3.982743333333333,0.24516019345635123,3.5589,4.4691,0.0135694104560622
pump-0037,failure,190,219,FAILURE,2.997466666666666,0.1437698492576088,2.7382,3.3263,0.001785583982202381,54.46562333333333,4.216176369151187,47.3573,62.5255,0.043987830923245846,4.157583333333333,0.30923190120397054,3.593,4.72,0.02442872080088979
pump-0037,failure,200,229,FAILURE,2.8681800000000006,0.25647924594399446,2.3044,3.3263,-0.021396484983314833,53.86089666666666,4.899100336965508,44.2832,62.5255,-0.3012624026696342,4.29609,0.20501354808890063,3.8414,4.72,0.00216909899888755
pump-0037,failure,210,239,FAILURE,2.641173333333333,0.35580557137602864,1.9015,3.2404,-0.03069236929922147,51.297913333333334,4.506549668037498,41.8479,61.1656,-0.11227385984427322,4.45452,0.2844726541046315,3.9921,4.9886,0.013120133481646215
pump-0037,failure,220,249,FAILURE,2.5137166666666664,0.26000362444054936,1.9015,2.9091,0.0021877419354838414,50.917100000000005,3.655512446338178,41.8479,57.0993,0.09696262513904201,4.591653333333334,0.3340479164564403,3.9921,5.1085,0.02971021134593986
pump-0038,failure,0,29,DEGRADATION,4.561016666666666,0.16955850530782052,4.025,4.795,-0.011444827586206987,87.84344333333334,4.020192542294737,79.8456,92.8378,-0.3534739710789802,1.6768899999999998,0.13794848156709327,1.4103,2.0243,0.0002892324805338752
pump-0038,failure,10,39,DEGRADATION,4.405636666666666,0.24641987133526566,3.9859,4.795,-0.02417799777530601,86.53624666666666,4.0387237884207385,79.8456,92.5425,-0.2017370411568428,1.8383833333333333,0.3260916180905129,1.4103,2.6269,0.03027793103448272
pump-0038,failure,20,49,DEGRADATION,4.2483933333333335,0.16728523133325973,3.9859,4.5872,-0.009889655172413886,83.13332999999999,3.821204576321451,76.8784,90.8094,-0.14131125695217214,2.1123466666666664,0.3958713281975456,1.4103,2.7145,0.037777441601779704
pump-0038,failure,30,59,FAILURE,4.12991,0.14087153095403393,3.7891,4.3917,-0.005629032258064595,80.43916666666665,5.504338817656082,70.1618,90.8094,-0.5290592213570651,2.352383333333334,0.22844693633800875,1.8303,2.7145,0.00943588431590651
pump-0038,failure,40,69,FAILURE,4.02407,0.24227601910493193,3.5788,4.3917,-0.014980889877641968,76.68310333333334,4.244044831563661,68.6718,86.6406,-0.26237127919911285,2.537296666666667,0.26432357125731754,2.1446,3.2413,0.01389884315906557
pump-0038,failure,50,79,FAILURE,3.8903733333333332,0.25242370191582425,3.346,4.3224,-0.013549855394883221,76.15277,3.678854004818167,68.6718,82.387,0.19697897664071096,2.8333199999999996,0.4471322775197513,2.2564,3.8299,0.04473165739710788
pump-0038,failure,60,89,FAILURE,3.662036666666667,0.30142320026095465,3.1518,4.2941,-0.019919799777530632,75.64185666666667,5.002297254241185,64.9318,82.387,-0.1144114571746418,3.02623,0.36302188010274716,2.442,3.8299,0.012130389321468236
pump-0038,failure,70,99,FAILURE,3.4674000000000005,0.2934890196696746,2.8038,4.0737,-0.027037419354838776,70.7843,8.873645187783127,54.7281,82.387,-0.8986918353726394,3.335963333333333,0.3775485173972862,2.5492,3.9857,0.017081490545050065
pump-0038,failure,80,109,FAILURE,3.288706666666667,0.15791935902718057,2.8038,3.5276,-0.004392925472747558,65.67925666666666,6.760452517136376,54.7281,82.1526,-0.47921497219132486,3.6528599999999996,0.6147801886853544,2.5492,4.6955,0.06265779755283639
pump-0038,failure,90,119,FAILURE,3.174083333333333,0.20465591461985377,2.608,3.4791,-0.012853904338153567,60.710893333333345,3.1217050502285173,54.7281,66.3137,-0.0658343937708576,4.069536666666667,0.3807055979654386,3.4609,4.6955,0.026081757508342497
pump-0038,failure,100,129,FAILURE,3.0604299999999998,0.22632301569511956,2.5328,3.4423,-0.015060711902113572,59.93139999999999,3.1283410141266033,53.6353,66.3137,-0.2653222246941058,4.399736666666667,0.35426749355379605,3.6704,5.0006,0.020297775305895355
pump-0038,failure,110,139,FAILURE,2.8346399999999994,0.25587764862657825,2.3416,3.2473,-0.021773659621802055,55.88012333333334,4.819035288774669,42.0967,61.2965,-0.3919083648498349,4.5249033333333335,0.3453549695442198,3.8537,5.1073,0.022684471635150125
pump-0039,failure,0,29,NORMAL,4.664296666666667,0.14590859806361264,4.48,4.9516,-0.013040467185762038,90.09084666666668,2.4247970656989475,84.257,94.4008,-0.24313348164627693,1.4650066666666668,0.1605567250399545,1.2259,1.8821,-0.012704204671857663
pump-0039,failure,10,39,DEGRADATION,4.503273333333334,0.1248469621398757,4.2461,4.7508,-0.012047208008898838,89.15377666666667,2.131936854081024,84.257,92.4252,-0.059035083426030664,1.4133,0.12323541428231309,1.2259,1.7412,0.006384204671857594
pump-0039,failure,20,49,DEGRADATION,4.4173100000000005,0.11955674064365139,4.2461,4.6358,-0.010236240266963384,88.2412366666667,2.777170458636312,82.4656,92.9306,-0.017948008898777585,1.5283300000000002,0.16624700528631087,1.241,1.8638,0.015012525027808653
pump-0039,failure,30,59,DEGRADATION,4.24547,0.16634355843654824,3.9506,4.4977,-0.015129899888765373,86.57990333333333,3.9906709260042432,80.4495,92.9306,-0.3374614682981117,1.6435466666666665,0.1479272337633909,1.2891,1.8638,0.012740912124582855
pump-0039,failure,40,69,DEGRADATION,4.122343333333332,0.1767718127668801,3.8394,4.4633,-0.01658969966629596,84.11839333333334,3.750703622516123,78.4253,92.9306,-0.2843640489432727,1.90025,0.3138937014871967,1.5975,2.6276,0.02849056729699662
pump-0039,failure,50,79,DEGRADATION,4.015373333333333,0.10919544536696066,3.7469,4.2135,-0.0028351501668521183,82.50028999999998,1.726899831750528,78.4253,85.5616,0.054541290322579095,2.18177,0.3818514372108609,1.6276,2.6651,0.03967081201334814
pump-0039,failure,60,89,FAILURE,3.9390666666666667,0.14898964244388116,3.6041,4.2135,-0.0097644048943271,81.62428666666666,2.723992940242117,75.0609,85.6621,-0.11195474972191395,2.37124,0.22490748260859028,1.8107,2.6651,0.004763114571746367
pump-0039,failure,70,99,FAILURE,3.8561266666666656,0.17970374682299262,3.4774,4.199,-0.012763381535039002,79.72009666666668,3.56337833116116,73.2358,85.6621,-0.3228307675194682,2.61939,0.431470551602308,2.1293,3.7077,0.02562938820912115
pump-0039,failure,80,109,FAILURE,3.7478100000000003,0.13449588928042872,3.4774,4.0017,-0.005974393770856633,79.24591333333333,3.699628624761621,73.2358,85.6621,0.09455310344827533,2.81823,0.5086191968785029,2.1293,3.7077,0.04469092324805337
pump-0039,failure,90,119,FAILURE,3.714046666666667,0.12827853479397436,3.4774,4.0017,-0.002575928809788771,77.42717999999996,4.714804538500687,69.5316,85.1997,-0.09995043381535192,2.990833333333334,0.3882871740806739,2.2645,3.7077,-0.00302776418242496
pump-0039,failure,100,129,FAILURE,3.5831700000000004,0.21574536866408045,3.0717,3.8774,-0.017683670745272616,76.41766333333334,5.39225632924866,66.951,85.1997,-0.4108592436040074,2.94878,0.27002886561748657,2.532,3.6895,-0.01126398220244723
pump-0039,failure,110,139,FAILURE,3.4353433333333334,0.2710275947615338,2.8025,3.8235,-0.02015170189099008,71.90569333333333,4.401421418961026,65.7647,83.8974,-0.3397515016685224,3.1363133333333337,0.4687425944185382,2.532,4.0506,0.03862678531701888
pump-0039,failure,120,149,FAILURE,3.3456233333333336,0.20687433977068195,2.8025,3.6234,0.0033606896551723366,71.11899666666665,4.1792263676014905,63.0081,79.6642,-0.11888549499443943,3.5069133333333338,0.5343514777954883,2.532,4.4647,0.04717588431590652
pump-0039,failure,130,159,FAILURE,3.255443333333333,0.26529656950079267,2.5869,3.6234,-0.009670233592881036,69.04128,3.977732976742739,62.5159,79.6642,-0.09499208008898963,3.675826666666666,0.38929875668380387,2.9065,4.4647,-0.015152614015573024
pump-0039,failure,140,169,FAILURE,3.1633299999999998,0.2749500368551834,2.5869,3.6234,-0.02474538375973315,67.98492333333333,4.921019556195194,58.8908,79.6642,-0.41539997775305976,3.6698166666666667,0.42990673491144826,2.9065,4.4647,-0.008831212458287056
pump-0039,failure,150,179,FAILURE,3.058736666666666,0.2235767034425148,2.5869,3.5073,-0.0029675862068965853,62.234486666666655,6.528733564673082,47.964,71.2397,-0.5711530144605134,3.903876666666666,0.6337886786005429,2.9065,5.1219,0.060999310344827536
pump-0039,failure,160,189,FAILURE,3.037853333333334,0.18508017313826158,2.6796,3.5073,-0.000841868743047936,60.77111666666667,6.022729514159027,47.964,70.7505,-0.16124669632925664,4.1255033333333335,0.4901314364421944,3.0197,5.1219,0.022692880978865352
pump-0039,failure,170,199,FAILURE,2.9855166666666673,0.20964622754111797,2.6701,3.5073,-0.01570680756396006,55.37842666666667,7.337563120543193,40.0967,68.3728,-0.33391813125695347,4.348293333333333,0.299509643621407,3.8009,5.1219,-0.00872832035595123
pump-0039,failure,180,209,FAILURE,2.9357399999999996,0.1537824103509024,2.6701,3.4477,-0.0011816685205785198,55.31615,7.093918318426002,40.0967,68.3728,-0.4434947497219144,4.331943333333333,0.28461960659019186,3.8009,4.8661,0.024034104560622837
pump-0040,failure,0,29,NORMAL,4.472683333333333,0.17580407671293882,4.2215,4.7719,-0.00549661846496117,93.15256333333333,1.727031999217797,90.0765,96.8223,-0.11063530589544077,1.5265666666666668,0.11574704987841183,1.3305,1.7794,-0.007192925472747561
pump-0040,failure,10,39,DEGRADATION,4.424326666666667,0.18408050038562526,4.1936,4.7719,-0.015899176863181368,93.84365333333335,2.4160836758044804,90.0765,97.9251,0.1509079421579517,1.5265000000000002,0.13914210960980383,1.3305,1.8997,0.010916573971078931
pump-0040,failure,20,49,DEGRADATION,4.301843333333333,0.09914534678384503,4.1543,4.6394,-0.0028810456062291663,93.41832666666669,2.578666646535677,89.7013,97.9251,0.013583181312568974,1.6774166666666668,0.20853987641589208,1.3376,2.1135,0.02035107897664068
pump-0040,failure,30,59,DEGRADATION,4.244486666666667,0.12261514243989423,3.902,4.4674,-0.008178109010011222,91.88389666666666,4.157675761086021,83.565,97.9251,-0.42305919911012546,1.8557066666666666,0.20219976909537318,1.3376,2.1273,0.01859310344827584
pump-0040,failure,40,69,DEGRADATION,4.076976666666666,0.22308841996442177,3.6625,4.3937,-0.02187214682981098,88.15002,3.3500775920765387,81.6879,95.597,-0.3297721468298136,2.02604,0.15711416570973688,1.7597,2.3842,0.012256329254727439
pump-0040,failure,50,79,DEGRADATION,3.9522866666666676,0.18293684289636378,3.6625,4.3856,-0.010834972191323792,85.67611333333336,1.8902564733801486,81.5265,89.218,-0.10311897664071372,2.1954299999999995,0.2001865449191495,1.8753,2.6142,0.01937265850945492
pump-0040,failure,60,89,DEGRADATION,3.854193333333333,0.14137107420622583,3.6625,4.2997,0.0017176418242490852,83.65996666666666,2.5231730567327766,78.1527,87.3479,-0.2173711679644072,2.2765166666666667,0.18042192786786074,1.8753,2.6142,0.006236907675194622
pump-0040,failure,70,99,FAILURE,3.8098066666666663,0.1731090599079731,3.517,4.2997,-0.009960622914349309,80.92500333333334,3.5411584159691145,75.2535,87.3479,-0.36088958843159175,2.3670533333333332,0.17668914083465598,1.9441,2.6457,0.001122402669632869
pump-0040,failure,80,109,FAILURE,3.8216733333333335,0.19692048637852677,3.517,4.2997,0.0020416017797552223,80.59322,3.327323836699196,75.2535,87.0495,0.12287292547274474,2.5146233333333337,0.314017342072412,1.9441,3.16,0.02713630700778636
pump-0040,failure,90,119,FAILURE,3.7461,0.23770383673807202,3.1322,4.152,-0.004798309232480599,80.73994999999998,4.109621129394613,74.9336,87.0495,0.16855810901000992,2.7784399999999994,0.3446300041106888,1.9441,3.3677,0.02908409343715235
pump-0040,failure,100,129,FAILURE,3.6996566666666673,0.25990037537914834,3.1322,4.152,-0.021146496106785397,79.47971999999999,5.578038414496621,69.7999,87.0495,-0.5106708342602916,2.905713333333333,0.25194182097372314,2.4197,3.3677,-0.003225406006674128
pump-0040,failure,110,139,FAILURE,3.6089100000000003,0.18581310027372486,3.1322,3.9469,-0.0014808676307008363,77.35880333333334,4.671718680919855,69.7999,86.3217,-0.222966473859844,3.025543333333333,0.2941195898307732,2.5407,3.6306,0.006203092324805301
pump-0040,failure,120,149,FAILURE,3.6414666666666666,0.14247393289846236,3.2992,3.8891,0.009543181312569472,76.01773333333334,3.381580144087804,69.7999,83.4867,0.1699684983314773,3.1561333333333326,0.34047385835365135,2.5407,3.703,0.03056391546162396
pump-0040,failure,130,159,FAILURE,3.5856099999999995,0.24587245385904188,2.8385,3.8891,-0.016334749721913365,74.53928333333333,5.175205629929651,63.5307,83.4867,-0.41610502780867864,3.41626,0.28115096964679553,2.6628,4.2447,0.016852903225806414
pump-0040,failure,140,169,FAILURE,3.364993333333333,0.35534868691032045,2.7927,3.8847,-0.03301877641824263,71.55056333333332,5.699867982359084,62.061,83.4867,-0.41909377085650973,3.4574599999999993,0.24735696149492128,3.0605,4.2447,-0.0060591768631814355
pump-0040,failure,150,179,FAILURE,3.068129999999999,0.3208071228947388,2.4301,3.7987,-0.026784849833147995,69.12319333333333,3.809080664494022,62.061,77.2037,0.0602397330367071,3.670716666666667,0.4121899692159214,3.0605,4.5403,0.0240237374860956
pump-0040,failure,160,189,FAILURE,2.916843333333333,0.20279383074662027,2.4301,3.2451,-0.005000378197997816,67.13199666666667,4.505295320285773,60.123,75.1153,-0.20911939933259382,3.9066433333333337,0.5277552132591606,3.0606,4.8255,0.04244838709677413
pump-0040,failure,170,199,FAILURE,2.7558,0.2753950955748244,2.1547,3.211,-0.018787319243604092,63.77847666666666,5.386005902687899,55.2099,74.4699,-0.5387818242491663,4.212196666666667,0.3409353570041622,3.557,4.8255,0.008045406006673968
pump-0040,failure,180,209,FAILURE,2.6721599999999994,0.269239219035167,2.1547,3.1007,-0.016164760845383836,59.521820000000005,3.1462756768810545,54.3735,66.5253,-0.2608826696329266,4.482526666666668,0.44167592111059084,3.557,5.2953,0.02620836484983305
pump-0040,failure,190,219,FAILURE,2.66081,0.2558916324670791,2.1547,3.116,0.014639132369299169,58.30205,2.595808287958364,54.3735,66.4044,0.03219802002224545,4.51102,0.3678606342987336,3.8168,5.2953,0.009767652947719556
pump-0040,failure,200,229,FAILURE,2.710383333333333,0.20145194312512574,2.2092,3.116,0.00484553948832031,55.77891666666666,4.460152453678636,47.7401,66.4044,-0.27933230255840047,4.613503333333333,0.30788483072228306,4.0424,5.2953,-0.012233081201334865
pump-0041,failure,0,29,NORMAL,4.46205,0.08866311427720851,4.2158,4.6076,-0.0043895661846496455,89.08032000000001,3.453301236729864,82.3624,93.8471,-0.32796645161290616,1.6182466666666666,0.1705125913890884,1.3559,1.9775,-0.012578998887652971
pump-0041,failure,10,39,DEGRADATION,4.460726666666667,0.09918738136588867,4.2158,4.621,0.0015855839822023496,87.98995666666664,2.9566017093597337,82.3624,93.4661,-0.01664456062291517,1.6516966666666666,0.20537865920186438,1.3559,2.0426,0.013210122358175732
pump-0041,failure,20,49,DEGRADATION,4.435746666666668,0.13603249546421706,4.0697,4.6445,-0.0032298553948833524,87.62809,3.7167399288758434,80.6589,94.3509,0.16035717463848428,1.76587,0.2095762441213221,1.3559,2.0649,0.017588453837597277
pump-0041,failure,30,59,DEGRADATION,4.3196200000000005,0.21775347896187566,3.939,4.6445,-0.019434260289210397,85.09877666666668,6.368988198172105,75.0246,94.3509,-0.5693953948832065,1.8988600000000002,0.10981473368056463,1.663,2.0947,0.0011584872080088748
pump-0041,failure,40,69,DEGRADATION,4.142923333333333,0.21822027813401962,3.8187,4.6445,-0.0210595550611792,81.69790666666667,5.9663760065851985,75.0246,94.3509,-0.5041155951056742,2.0513966666666668,0.24443319125865223,1.6931,2.6429,0.02025866518353724
pump-0041,failure,50,79,DEGRADATION,4.003793333333333,0.10840793923365988,3.7699,4.1956,-0.0036343937708566455,78.82487666666667,1.9671529568869042,75.0246,82.4889,0.14485755283648263,2.248946666666667,0.28601900488526205,1.6931,2.6927,0.02715488320355948
pump-0041,failure,60,89,FAILURE,3.91356,0.1521566092331626,3.5516,4.1457,-0.00923599555061189,79.41704666666668,2.0213033454899563,75.5592,83.1347,0.04177388209121044,2.350823333333334,0.20039433572057092,1.9843,2.6927,-0.006236907675194708
pump-0041,failure,70,99,FAILURE,3.7495966666666667,0.24776305412407418,3.2523,4.086,-0.021589877641824348,78.01698000000002,3.1081760522209803,72.4841,83.1347,-0.24691150166852252,2.5705999999999998,0.3631528741453109,1.9843,3.1926,0.023505317018909865
pump-0041,failure,80,109,FAILURE,3.699526666666667,0.23070847106732387,3.2523,4.1768,0.0019591101223580456,76.23912666666666,3.441218327950469,70.5578,83.1347,-0.1531878086763072,2.739676666666667,0.4129865975899084,1.9843,3.2801,0.03594209121245825
pump-0041,failure,90,119,FAILURE,3.707476666666667,0.22156858333758017,3.2523,4.1768,0.018644605116796335,75.66396666666667,4.578456816827647,65.1202,87.3667,0.06628774193548163,2.9474666666666667,0.18678499999256426,2.5464,3.2801,-0.007002536151279321
pump-0041,failure,100,129,FAILURE,3.6911400000000003,0.23560555539573622,3.2519,4.1768,-0.015529966629588483,73.05199666666665,6.346065667875561,64.1768,87.3667,-0.40810031145717574,3.084763333333334,0.33718438327156,2.5464,3.791,0.02268901001112342
pump-0041,failure,110,139,FAILURE,3.55286,0.23377967063027527,3.1074,3.9487,-0.017026251390433886,72.54408666666667,5.986664654086521,64.1768,87.3667,-0.25137236929922446,3.327423333333333,0.47570985532733673,2.5464,4.2187,0.04505946607341485
pump-0041,failure,120,149,FAILURE,3.441086666666666,0.17799686651424204,3.1074,3.8092,0.0029449165739709824,68.57512333333332,4.544417666301029,58.9231,78.2244,-0.11201617352614204,3.838443333333333,0.4880264942830688,2.9747,4.5318,0.048218843159065536
pump-0041,failure,130,159,FAILURE,3.30937,0.2669033659710321,2.7782,3.8092,-0.016427519466073508,67.59151,5.058048178322675,58.9231,78.2244,-0.44187214682981324,4.0226033333333335,0.40494199953683346,3.1278,4.5411,0.01727890989988872
pump-0041,failure,140,169,FAILURE,3.0961633333333336,0.3488673238575885,2.4921,3.8092,-0.03425127919911023,63.890359999999994,3.434008668558268,57.538,70.9412,-0.15972707452725501,4.1342566666666665,0.2855194770744876,3.4027,4.5411,-0.010511612903225895
pump-0041,failure,150,179,FAILURE,2.93927,0.23022962327496718,2.4921,3.3427,-0.0010586206896552404,62.549976666666666,2.812988455442993,57.538,67.6588,-0.10674422691880041,4.220576666666667,0.4088200302360712,3.4027,5.108,0.03521853170189092
pump-0041,failure,160,189,FAILURE,2.8960333333333335,0.22190438231114062,2.4921,3.3427,0.007083737486095631,60.24560999999999,3.9470191295330705,49.5253,67.6588,-0.2847319021134594,4.40725,0.3605088734460406,3.6769,5.108,0.022452658509454843
pump-0041,failure,170,199,FAILURE,2.8869266666666675,0.23682037346666124,2.3101,3.3427,-0.011405472747497283,56.51706333333334,5.027503922390867,48.37,65.5864,-0.5107746162402691,4.524249999999999,0.27472969109047285,4.0796,5.108,-0.007064449388209198
pump-0041,failure,180,209,FAILURE,2.78266,0.21117338942205768,2.2762,3.1122,-0.007125383759733092,52.85388666666666,4.646082946578644,43.1062,62.761,-0.29882976640711995,4.5690766666666685,0.2523112504868188,4.0796,5.007,0.008803448275861938
pump-0042,failure,0,29,DEGRADATION,4.414983333333334,0.17340635721397937,4.0419,4.6701,-0.015266006674082452,93.09331999999999,4.193827760125588,84.4189,98.6127,-0.4146014238042287,1.7369566666666671,0.1540257763781403,1.5001,2.0418,-0.004903337041156873
pump-0042,failure,10,39,DEGRADATION,4.282913333333335,0.20128641075729767,3.9804,4.6701,-0.020445383759733097,89.91125666666669,3.8212991558441947,84.4189,96.3502,-0.36404362625139525,1.8051066666666664,0.25980876420081667,1.5001,2.4094,0.02561499443826472
pump-0042,failure,20,49,DEGRADATION,4.1253166666666665,0.1371334753280743,3.9011,4.4314,-0.011691813125695335,86.63742666666668,2.275882140611757,82.7467,92.0802,-0.1724679421579564,2.0630433333333333,0.29940285200526884,1.5543,2.5178,0.031042291434927684
pump-0042,failure,30,59,FAILURE,4.03958,0.13556325805074673,3.6608,4.3079,-0.009421757508342714,84.46545666666665,3.1872861489239117,76.5702,89.8551,-0.31333350389321657,2.375896666666667,0.3682485342657712,1.7218,3.4076,0.034163581757508305
pump-0042,failure,40,69,FAILURE,3.889333333333333,0.21056553901866804,3.4142,4.1524,-0.01857984427141278,81.09927666666667,3.9105915332323944,74.708,87.7725,-0.3931242936596227,2.6957400000000002,0.37613474500503136,2.1099,3.4076,0.03570807563959949
pump-0042,failure,50,79,FAILURE,3.7626199999999996,0.2244863431629342,3.3129,4.1524,-0.01512974416017806,79.18613666666668,3.143247911262419,74.5194,86.1885,-0.1410436262513933,2.989716666666667,0.3543132861215088,2.1894,3.4943,0.030593303670745198
pump-0042,failure,60,89,FAILURE,3.63761,0.23363486804556094,3.0738,3.9567,-0.007001579532814316,76.43978666666665,3.6031885249718614,68.8795,84.1,-0.17013761957730963,3.2109433333333337,0.2089575757314282,2.7624,3.7038,0.014059644048943207
pump-0042,failure,70,99,FAILURE,3.3901,0.4297063764944617,2.5102,3.9567,-0.03800600667408241,71.32176333333334,8.38879980694431,54.0651,84.1,-0.8231646051167989,3.3497166666666667,0.21229464600460893,2.7624,3.7038,0.00848994438264728
pump-0042,failure,80,109,FAILURE,3.2300166666666663,0.40470205343629717,2.5102,3.9412,-0.02525764182424923,68.11665666666666,6.411954650478189,54.0651,78.0236,-0.1748659176863181,3.6612899999999997,0.4440098139681149,3.0315,4.8279,0.03879512791991091
pump-0042,failure,90,119,FAILURE,3.032533333333333,0.30675128723808515,2.5102,3.6511,-0.0020164627363738505,64.97215,5.344535870884082,54.0651,76.2792,0.05713172413792956,4.0596466666666675,0.52003400640941,3.0315,4.8648,0.0491613348164627
pump-0042,failure,100,129,FAILURE,2.938746666666667,0.3200554178402373,2.4509,3.6511,-0.02577245828698562,64.74347,4.70996955291999,57.1092,73.7481,-0.3998523470522825,4.4258799999999985,0.2976728645118105,3.7216,4.8648,0.01877285873192431
pump-0042,failure,110,139,FAILURE,2.8137100000000004,0.24557536433173968,2.4509,3.6511,-0.012191256952169166,59.723533333333336,4.958157796960032,50.7314,68.1422,-0.43053130144605367,4.7337,0.339966593456867,4.26,5.4784,0.026274527252502733
pump-0043,failure,0,29,DEGRADATION,4.602773333333333,0.2024731734219513,4.2115,4.8928,-0.015469232480534029,88.16729333333336,1.8012511736629688,84.6157,91.8895,-0.02654402669633149,1.5734299999999999,0.13242865538344284,1.2595,1.9459,3.512791991097672e-05
pump-0043,failure,10,39,DEGRADATION,4.4916599999999995,0.2166117749954205,4.1997,4.8928,-0.01932427141268081,87.38965333333331,1.9821003998676638,83.8893,91.471,-0.09781477196885678,1.7350066666666664,0.2926961085418724,1.2595,2.315,0.02779657397107894
pump-0043,failure,20,49,DEGRADATION,4.3513633333333335,0.09108886314412364,4.1661,4.5096,-1.8909899888977915e-06,86.93740999999999,2.097523338026699,82.3533,90.7273,-0.01195054505005725,1.9042999999999999,0.3037725947700571,1.2595,2.315,0.025821090100111188
pump-0043,failure,30,59,DEGRADATION,4.284223333333333,0.14455308294494756,3.9353,4.4772,-0.009470589543937886,84.19044666666666,3.9138235939409545,77.7189,89.8354,-0.32911946607341663,2.0758533333333333,0.18561617697699612,1.6711,2.4365,0.0010348387096773739
pump-0043,failure,40,69,DEGRADATION,4.09551,0.255753123604255,3.6742,4.4772,-0.02632304783092331,82.08276333333335,4.185378380702939,75.6453,89.8354,-0.34973817575083715,2.2058766666666667,0.2653001667084956,1.6711,2.8415,0.018773503893214655
pump-0043,failure,50,79,FAILURE,3.9466233333333336,0.18177429903286357,3.6742,4.3531,-0.012244516129032327,78.44734000000001,2.9235736587950027,72.2962,83.8308,-0.15567773081201539,2.393053333333333,0.31031546715488667,1.6711,2.8961,0.026420556173526125
pump-0043,failure,60,89,FAILURE,3.896156666666667,0.1324847706551797,3.6742,4.2189,0.008691679644048905,77.54083,3.0464589298779874,72.2962,83.8308,-0.1489844938820937,2.5388166666666665,0.2036324762627241,2.1974,2.8961,0.0024968854282535757
pump-0043,failure,70,99,FAILURE,3.801673333333333,0.2544187976982483,3.2367,4.2189,-0.018637285873192508,75.81536666666669,2.9249198145514272,69.2143,83.8308,-0.13315492769744328,2.7041866666666663,0.3285858971748822,2.1974,3.5565,0.01848854282536147
pump-0043,failure,80,109,FAILURE,3.7353066666666668,0.2552552394935095,3.2367,4.2189,-0.01390433815350389,76.44275666666665,2.7353620636256233,69.2143,81.6072,0.057570656284759304,2.891426666666667,0.3941648224904005,2.2247,3.6894,0.036736017797552784
pump-0043,failure,90,119,FAILURE,3.5806599999999995,0.1785196956454199,3.2367,3.9342,-6.85205784205696e-05,74.24488999999998,4.346227361390567,62.6659,81.6072,-0.2591735928809807,3.239609999999999,0.35162848040699624,2.2309,3.7774,0.0294904338153503
pump-0043,failure,100,129,FAILURE,3.5031166666666675,0.22789399302209692,3.0128,3.9342,-0.019663826473859922,71.76057999999999,5.5448208506918135,62.6659,81.6072,-0.5523120800889898,3.486583333333334,0.3555293284510982,2.7654,4.3988,0.02786992213570631
pump-0043,failure,110,139,FAILURE,3.371246666666667,0.20124727034725767,2.8806,3.7849,-0.009357997775306,67.27435666666666,3.6472168469197928,59.7308,73.292,-0.2591130367074548,3.92292,0.492559104676789,3.1682,4.7286,0.04622736373748605
pump-0043,failure,120,149,FAILURE,3.2253766666666666,0.18048692784304968,2.8806,3.5881,-0.006498798665183654,66.07681666666666,2.8612021552817426,59.7308,71.4641,-0.02692700778643108,4.214906666666667,0.44153793188002416,3.1682,4.7286,0.03791154616240258
pump-0043,failure,130,159,FAILURE,3.0808666666666666,0.2966702033497054,2.4331,3.5881,-0.024426562847608517,63.301190000000005,4.091074644422091,54.2918,69.8643,-0.2682388209121254,4.4444099999999995,0.17164127194044365,4.0932,4.867,-0.0019258954393771696
pump-0043,failure,140,169,FAILURE,2.85027,0.27266863302061956,2.4331,3.3383,-0.024690967741935552,59.89447666666667,5.541257477485492,51.0116,69.8643,-0.5425089432703024,4.533723333333333,0.25695911306838076,4.0932,5.0693,0.015345739710789692
pump-0043,failure,150,179,FAILURE,2.772673333333333,0.2256943788006742,2.4331,3.3383,-0.0021463403781980714,56.442919999999994,3.1062938617587355,51.0116,63.0758,-0.13917281423804317,4.890503333333332,0.5408364518554158,4.0932,5.9962,0.052550812013348124
pump-0044,failure,0,29,NORMAL,4.4631300000000005,0.10408605782396278,4.2765,4.6274,-0.002049899888765417,91.96757333333332,2.3387568026529717,87.9753,97.8009,-0.012743403781983083,1.5862133333333333,0.14175995845873482,1.3357,1.9237,-0.009614015572858783
pump-0044,failure,10,39,DEGRADATION,4.411726666666667,0.12833096777040565,4.1773,4.6274,-0.012690545050055669,92.03851666666668,2.3990124061209483,87.3541,97.8009,-0.18417439377085823,1.5915033333333333,0.14397851571984233,1.3357,1.9237,-0.002099599555061238
pump-0044,failure,20,49,DEGRADATION,4.361059999999999,0.1023789483569091,4.1773,4.5552,-0.0034479644048943377,90.59852666666667,1.536688770036261,87.3541,94.1029,-0.056225050055619175,1.6517133333333331,0.17131565745397845,1.3357,1.9289,0.015857753058954364
pump-0044,failure,30,59,DEGRADATION,4.254969999999999,0.16526587296434397,3.7699,4.4767,-0.01007606229143498,88.27099666666666,4.027969792793331,77.6366,94.1029,-0.37457470522803155,1.834216666666667,0.1720783253508575,1.497,2.1472,0.016492747497219105
pump-0044,failure,40,69,DEGRADATION,4.104063333333333,0.2503506520640378,3.6724,4.4767,-0.024364382647385996,86.25641666666665,3.7309563245976967,77.6366,92.8227,-0.2411003559510587,2.0207800000000002,0.19505282258916426,1.6524,2.4736,0.01887434927697436
pump-0044,failure,50,79,DEGRADATION,3.9607733333333335,0.16637988647135865,3.6724,4.3334,-0.007980333704115807,84.46561666666665,2.499144496433841,77.6366,89.4447,0.03185741935483725,2.217656666666667,0.23364860607806373,1.8421,2.8044,0.022856307007786392
pump-0044,failure,60,89,DEGRADATION,3.847316666666667,0.12181152130329136,3.5819,4.0821,-0.00316282536151291,83.73134,2.5086411717102948,77.414,88.5811,-0.1561130144605137,2.359646666666667,0.2312563609695718,1.9732,2.86,0.011839154616240214
pump-0044,failure,70,99,FAILURE,3.7414399999999994,0.21671583483139076,3.2539,4.0821,-0.019891167964404984,81.34982,3.32924086255911,74.4637,86.8635,-0.3521336151279211,2.5115600000000007,0.26680606389910505,2.0263,3.3191,0.01256858731924356
pump-0044,failure,80,109,FAILURE,3.6795766666666676,0.2208313846706477,3.2539,4.0713,-0.004879755283648595,78.90972000000002,2.7690703897878794,74.4637,84.2688,-0.23445606229143723,2.59951,0.25177925033648024,2.0951,3.3191,0.010936173526140128
pump-0044,failure,90,119,FAILURE,3.62335,0.2185714112900709,3.2539,4.0713,0.0008420689655171047,77.64625000000002,2.2072775768277677,72.3324,81.0584,-0.046730923248055355,2.705533333333333,0.2612993026312079,2.1779,3.3191,0.005664249165739661
pump-0044,failure,100,129,FAILURE,3.646803333333333,0.20294422630094433,3.3889,4.0713,-0.008923359288097937,75.68613666666667,4.586656376452847,61.3103,81.0584,-0.3311104115684126,2.7751966666666665,0.2616963997756857,2.1779,3.2715,0.010914816462736352
pump-0044,failure,110,139,FAILURE,3.50215,0.18473685203553733,3.1373,3.9478,-0.01074952169076768,73.57865333333334,4.963982928102079,61.3103,81.0584,-0.3506362180200244,3.1637766666666667,0.5959559484186356,2.1779,4.5324,0.05571957730812006
pump-0044,failure,120,149,FAILURE,3.4564033333333333,0.17204727932234856,3.1373,3.9478,-0.006433837597330441,71.4039,4.113994600466397,61.3103,78.2269,-0.06316943270300492,3.5230400000000004,0.5465411650248009,2.4658,4.5324,0.05064418242491652
pump-0044,failure,130,159,FAILURE,3.38091,0.1440741807773574,3.0909,3.7077,0.000264226918798596,70.67749666666667,3.9082777586795046,61.2554,76.7291,-0.09688553948832161,3.7817466666666673,0.299845780064056,3.1464,4.5324,-0.0043816685205784476
pump-0044,failure,140,169,FAILURE,3.4003933333333336,0.13444875835135936,3.0909,3.7077,-0.005318309232480598,69.24657,4.5698666556148,59.9109,76.7291,-0.286565628476088,3.8117933333333336,0.2534731727202879,3.3406,4.4042,0.007330678531701865
pump-0044,failure,150,179,FAILURE,3.209326666666667,0.26952617304365,2.6713,3.586,-0.02358469410456072,68.26626333333333,4.160289044804726,59.9109,76.7291,-0.15871352614015663,3.9429533333333335,0.32027784888888106,3.3406,4.4042,0.026284271412680672
pump-0044,failure,160,189,FAILURE,3.0117533333333335,0.29872237025185927,2.5398,3.4731,-0.029600355951056794,65.12107,5.222717995268364,53.2813,74.3678,-0.3504539043381555,4.04622,0.2447251783804301,3.5346,4.4042,0.0007809121245828461
pump-0044,failure,170,199,FAILURE,2.760153333333334,0.19474490790661395,2.4182,3.2596,-0.015199599555061262,62.62226333333333,5.4424994641851425,52.0533,74.3678,-0.47793087875417245,4.100339999999998,0.27798534805513286,3.4637,4.7603,-0.004399555061179167
pump-0044,failure,180,209,FAILURE,2.611146666666667,0.2200352710110106,2.1391,2.9743,-0.01571937708565076,60.71529666666667,4.1571803035618045,52.0533,69.4182,0.07363677419354764,4.248349999999999,0.414824085406493,3.4637,5.2396,0.036685672969966575
pump-0044,failure,190,219,FAILURE,2.6372233333333335,0.23561959126712895,2.1391,3.1114,0.010041401557285804,60.06996666666667,3.8323295026509516,52.0533,68.3436,-0.08148511679644192,4.53115,0.4380210426832636,3.4637,5.3013,0.04082142380422688
pump-0044,failure,200,229,FAILURE,2.6744566666666665,0.2562523439675994,2.1391,3.1114,0.011579510567296938,57.17495666666666,5.77350324388254,47.2201,68.3436,-0.5531253170189121,4.587126666666666,0.3583879601152299,3.7716,5.3013,-0.012882224694104636
pump-0045,failure,0,29,NORMAL,4.438619999999999,0.19284685530233567,4.0069,4.7421,-0.015692369299221458,88.56692666666665,3.8204654246076117,82.6476,95.3425,-0.3974655394883208,1.4233966666666664,0.16611121672609053,1.079,1.7452,-0.014075439377085702
pump-0045,failure,10,39,DEGRADATION,4.334736666666667,0.2045139709707437,4.0069,4.7421,-0.01727339265850955,86.89438,2.3626755033788847,82.6476,91.7134,-0.029383047830924675,1.444,0.20987427347501808,1.079,1.8609,0.012368809788654032
pump-0045,failure,20,49,DEGRADATION,4.286223333333334,0.15399638238896676,4.0069,4.5923,0.006803537263626166,85.73747,2.4720737872145597,81.4528,89.8896,-0.001003670745274468,1.5648466666666665,0.269198616555798,1.079,2.1292,0.024689388209121237
pump-0045,failure,30,59,DEGRADATION,4.1886600000000005,0.23294445060285646,3.7616,4.5923,-0.014090144605116837,84.21831333333331,4.191016184390394,74.4461,89.8896,-0.4043952391546178,1.8043733333333332,0.2233957832089844,1.3482,2.2026,0.017546651835372625
pump-0045,failure,40,69,DEGRADATION,4.094953333333334,0.25327042166208213,3.7616,4.5923,-0.02375799777530603,82.20145666666667,3.4005636345252452,74.4461,89.5513,-0.1667650500556197,1.9483199999999998,0.25112758430726007,1.4452,2.6187,0.017466473859844244
pump-0045,failure,50,79,DEGRADATION,3.9592533333333337,0.10749132285393502,3.7616,4.2648,0.0012985094549498551,81.97810666666665,3.0183623017494465,74.4461,86.8193,0.1760610901001081,2.1792233333333337,0.2922635268421673,1.7181,2.6786,0.024928609566184607
pump-0045,failure,60,89,DEGRADATION,3.906776666666666,0.15986499863600193,3.4509,4.2648,-0.009912547274749828,80.49802333333332,4.624330621447342,69.5572,86.8193,-0.32544077864293874,2.310306666666667,0.25002359346447467,1.7181,2.6786,0.013900022246940971
pump-0045,failure,70,99,FAILURE,3.736506666666666,0.29084763930430807,3.1239,4.2648,-0.029536151279199223,77.60182333333333,5.545014981986573,69.5572,86.8193,-0.5588709454949972,2.4193233333333333,0.2501169668819415,1.9586,3.1636,-0.0001662068965517414
pump-0045,failure,80,109,FAILURE,3.5631600000000008,0.21783632173415585,3.1239,3.9649,-0.015448053392658603,73.63683666666665,3.1521171563975146,69.5572,82.6792,-0.18493314794215934,2.525533333333333,0.3286778831757453,1.9586,3.1636,0.023804271412680728
pump-0045,failure,90,119,FAILURE,3.63107,0.28805262962405553,3.1239,4.1608,0.024899911012235713,73.22008000000001,2.46299401439251,69.7966,78.5368,0.040815839822023345,2.7725166666666667,0.45607436607300017,1.9586,3.7994,0.040336129032258035
pump-0045,failure,100,129,FAILURE,3.753839999999999,0.2764732821328913,3.3026,4.2396,0.01065201334816448,72.06968666666667,2.859769833830844,66.9816,78.5368,-0.12422941045606477,2.883003333333333,0.3217545425562094,2.4353,3.7994,0.0009675862068964857
pump-0045,failure,110,139,FAILURE,3.694753333333333,0.34171309577220216,3.105,4.2396,-0.03210344827586206,71.04406,3.2659254421577564,62.8544,78.5368,-0.2430678086763084,3.0776133333333333,0.41913360378550196,2.5804,4.0017,0.017279999999999907
pump-0045,failure,120,149,FAILURE,3.60311,0.28488882550918,3.105,4.2396,-0.007206740823136948,70.93062,3.487904964913274,62.8544,79.1699,0.18701423804226838,3.26549,0.4633229358665508,2.5804,4.0017,0.04663103448275855
pump-0045,failure,130,159,FAILURE,3.4618800000000007,0.23734624272006777,3.086,3.8831,0.0003726362625137977,68.81328333333333,5.2193863270237255,60.0017,79.1699,-0.2729474304783103,3.5807266666666666,0.3085337744162793,2.7666,4.0865,0.020581490545050016
pump-0045,failure,140,169,FAILURE,3.3700433333333333,0.321716109516173,2.6925,3.8831,-0.030936218020022357,65.45462666666666,6.985448107885102,52.7781,79.1699,-0.6565963070077878,3.57015,0.3333897816370502,2.7379,4.1691,-0.010594371523915546
pump-0045,failure,150,179,FAILURE,3.1893999999999996,0.22445326165299237,2.6925,3.7028,-0.009475150166852112,62.59217000000001,4.309688571358723,52.7781,70.9926,0.0029325250278072475,3.771680000000001,0.49186091218283784,2.7379,4.5924,0.03172591768631809
pump-0045,failure,160,189,FAILURE,3.054426666666667,0.17154298962326875,2.6925,3.4831,-0.002428120133481726,62.49823333333334,4.369436188520844,52.7781,70.9926,0.09544498331479233,4.046733333333333,0.5794495435804187,2.7379,4.7366,0.05533539488320344
pump-0045,failure,170,199,FAILURE,2.961796666666667,0.23858415074956027,2.4341,3.4831,-0.018510233592881044,61.09788666666667,5.486336596414365,51.5132,70.9926,-0.5524081423804236,4.270336666666667,0.2901393061770309,3.4022,4.7366,-0.01291730812013354
pump-0045,failure,180,209,FAILURE,2.811243333333334,0.19574924722432235,2.4341,3.2041,-0.012613770856507316,59.61842333333332,4.706059606414077,51.5132,68.5295,-0.13314253615128094,4.28264,0.3045880689280743,3.4022,4.7366,-0.008199955506117946
pump-0045,failure,190,219,FAILURE,2.637656666666667,0.2335219385601466,2.1497,3.0631,-0.016060444938820972,56.444043333333326,4.369783839404671,48.0328,66.4732,-0.05625337041156931,4.22628,0.2761317287093245,3.4022,4.7616,0.016979844271412626
pump-0046,failure,0,29,DEGRADATION,4.4093100000000005,0.13911963041449843,4.0567,4.6019,-0.01003753058954397,91.51030333333334,3.6588690920814444,85.1154,97.1805,-0.3301414238042302,1.4842066666666665,0.2439592150795338,0.9338,1.8953,-0.013206629588431629
pump-0046,failure,10,39,DEGRADATION,4.279763333333334,0.1975739295948621,3.9749,4.6019,-0.01947802002224708,89.1741333333333,3.0849785563094105,85.1154,95.411,-0.23683110122358428,1.518176666666667,0.2742676049449191,0.9338,1.9686,0.010632324805339233
pump-0046,failure,20,49,DEGRADATION,4.150536666666666,0.15278552611058702,3.9279,4.4838,-0.01110035595105684,86.85689333333333,2.056850120116247,81.5317,90.0893,-0.05668614015572981,1.657556666666667,0.35114389992644834,0.9338,2.1807,0.035118776418242466
pump-0046,failure,30,59,DEGRADATION,4.049903333333334,0.11098715986795749,3.8389,4.2796,-0.005052925472747613,84.71099666666666,3.5813889191656094,78.2957,89.812,-0.33087962180200525,1.8984833333333329,0.20099959549434143,1.4405,2.2234,0.014706140155728563
pump-0046,failure,40,69,DEGRADATION,3.9274800000000005,0.1939781695621099,3.5702,4.2757,-0.01775403781979987,81.68031,3.6637959101956907,77.125,89.812,-0.364160200222472,2.0895133333333336,0.22279074147928343,1.6393,2.591,0.01780173526140148
pump-0046,failure,50,79,FAILURE,3.8496933333333336,0.15926550564666817,3.5702,4.1574,-0.004845250278086829,79.91605000000003,2.1841531626315343,76.2984,85.6325,0.010050478309230079,2.358016666666667,0.4172415432203377,1.7324,3.3884,0.0424613348164627
pump-0046,failure,60,89,FAILURE,3.8684633333333327,0.2049119135682995,3.5457,4.3005,0.014377953281423744,77.65783333333334,3.7336844139387133,67.6954,85.6325,-0.2096884538375996,2.6651233333333333,0.40063718473063487,2.085,3.3884,0.033370878754171274
pump-0046,failure,70,99,FAILURE,3.87841,0.1906436157686203,3.5457,4.3005,-0.006728120133481684,75.28080333333332,5.460550934565933,63.9117,85.6325,-0.35444892102336034,2.816033333333333,0.3490177658642736,2.085,3.4457,0.00407826473859838
pump-0046,failure,80,109,FAILURE,3.8139800000000004,0.23754733759821436,3.3943,4.3005,-0.01874487208008911,72.91834,4.0481780728783825,63.9117,78.4611,0.02893423804226688,3.0014366666666663,0.38344131014044674,2.3556,3.7347,0.021129321468298042
pump-0046,failure,90,119,FAILURE,3.5855366666666666,0.2133548897702813,3.1413,4.0201,-0.01772718576195783,70.2279,5.570376459151272,58.4748,78.4611,-0.22923096774193674,3.088996666666666,0.39700425059297406,2.3556,3.7347,0.022446073414905385
pump-0046,failure,100,129,FAILURE,3.3424233333333344,0.3221258518895302,2.7934,4.0201,-0.03125706340378213,68.26548666666666,5.225781764338126,58.4748,77.0128,-0.4118817352614032,3.29513,0.28167498072542163,2.5917,3.7347,0.0058898553948831325
pump-0046,failure,110,139,FAILURE,3.080026666666667,0.25163682948955535,2.7085,3.545,-0.02395296996662964,65.37259,3.94865021269716,58.4748,74.3685,-0.06303588431590858,3.4767833333333327,0.4065463656077728,2.5917,4.2331,0.03434271412680751
pump-0046,failure,120,149,FAILURE,2.9860833333333336,0.17519496393700615,2.7085,3.545,0.0012155951056728878,65.02107666666667,4.80142393161885,52.4611,76.7735,-0.07860046718576484,3.717736666666667,0.37721652710641174,3.1903,4.4823,0.020236863181312466
pump-0046,failure,130,159,FAILURE,2.963286666666667,0.16256065274912693,2.5614,3.2095,0.00298077864293655,60.97234000000001,7.368523735575081,49.2483,76.7735,-0.5193135038932158,3.8563966666666674,0.30056119119998775,3.2982,4.4823,-0.005565717463848862
pump-0046,failure,140,169,FAILURE,2.843786666666667,0.29189851973283837,2.3343,3.2095,-0.02683630700778646,57.87703,6.750745191959676,49.2483,76.7735,-0.4629688320355965,3.9863433333333327,0.3939291084136276,3.3769,4.993,0.017494482758620616
pump-0046,failure,150,179,FAILURE,2.7339266666666666,0.3143878718327976,2.2852,3.2797,-0.007493125695216951,55.704629999999995,3.3903209566008154,49.2483,62.355,0.2577135706340366,4.335003333333333,0.5464483613806117,3.4137,5.2534,0.05769434927697441
pump-0047,failure,0,29,NORMAL,4.400783333333333,0.11054300545740361,4.1286,4.6528,-0.009598642936596291,88.24350333333334,3.1721337563731806,82.8959,93.6524,-0.30973982202447314,1.4240133333333338,0.1115653970647809,1.1151,1.6064,-0.0029101223581758004
pump-0047,failure,10,39,DEGRADATION,4.3681,0.10445286337227268,4.1286,4.5802,0.002065406006673958,87.44663,2.6773020784800017,82.8959,92.3101,-0.021452747497219805,1.4763699999999997,0.20025035189315732,1.1151,2.1528,0.012231924360400416
pump-0047,failure,20,49,DEGRADATION,4.404296666666666,0.1238826366185171,4.1286,4.6152,0.008941112347052287,86.72762666666667,2.4682343130172137,81.4871,91.0036,0.11286718576195567,1.6469866666666664,0.30874457591276894,1.1151,2.1951,0.025699755283648495
pump-0047,failure,30,59,DEGRADATION,4.309303333333333,0.253288789702365,3.7113,4.6152,-0.017976440489432827,85.35771666666665,4.313440929318753,73.6659,91.0036,-0.39609132369299455,1.7257933333333333,0.26185215158346303,1.3203,2.1951,0.00208191323692986
pump-0047,failure,40,69,DEGRADATION,4.108056666666666,0.32910769937649414,3.5319,4.6152,-0.030205406006674228,81.78914333333336,4.540404121271097,73.6659,89.6002,-0.4360140378198013,1.8174733333333335,0.237342618638588,1.3203,2.1951,-0.0008947274749722502
pump-0047,failure,50,79,DEGRADATION,3.9942966666666666,0.2216945232872376,3.5319,4.4112,0.003254749721913171,79.79501,2.750512351465935,73.6659,85.072,0.005445583982202291,1.9368000000000003,0.30776010137768023,1.3203,2.4831,0.0336324360400445
pump-0047,failure,60,89,DEGRADATION,3.92893,0.19782244252527734,3.5319,4.3107,0.001320823136818586,78.61167999999999,2.7147091232027045,73.9098,85.072,-0.043210856507231936,2.0441066666666665,0.22377967130391643,1.6241,2.4831,0.0058114794215794975
pump-0047,failure,70,99,DEGRADATION,3.8788033333333343,0.2211100879401229,3.464,4.3107,-0.02379041156840947,76.66901000000001,4.091636238747689,70.7347,85.072,-0.41845265850945756,2.1906800000000004,0.21619928522854404,1.7224,2.6293,0.004731167964404856
pump-0047,failure,80,109,FAILURE,3.7396466666666672,0.15384932614592617,3.464,4.1439,-0.004011390433815439,73.90952666666666,2.6850067889341034,70.6269,81.0098,-0.16638825361513032,2.305116666666667,0.31335460752246097,1.7224,2.9549,0.030177730812013328
pump-0047,failure,90,119,FAILURE,3.7908866666666663,0.1978257562154692,3.464,4.1439,0.01629864293659612,72.79115,2.2771907922921164,69.4364,81.2328,0.04688981090099955,2.51353,0.2104878858746983,2.0293,2.9549,0.012976307007786377
pump-0047,failure,100,129,FAILURE,3.761816666666667,0.23994594402814057,3.3299,4.1439,-0.006330567296996732,72.74996,3.633376010416024,65.025,81.7741,-0.1037882536151287,2.6129833333333328,0.1694328895331587,2.2573,2.9549,0.0007831145717463062
pump-0047,failure,110,139,FAILURE,3.6348066666666665,0.30486869953400525,3.0774,4.128,-0.03059159065628483,72.21260666666667,4.131750487540225,64.9213,81.7741,-0.15005388209121526,2.7039333333333335,0.24017252040055614,2.2573,3.221,0.014377842046718532
pump-0047,failure,120,149,FAILURE,3.413543333333334,0.20119842723595585,3.0704,3.9167,-0.012969098998887716,71.10159,3.7726364264574093,64.9213,81.7741,-0.11391566184649797,2.82506,0.26722158171325405,2.3428,3.3007,0.014185939933259135
pump-0047,failure,130,159,FAILURE,3.3163933333333335,0.13981879447659706,3.0704,3.5851,-0.002173971078976768,70.17375,2.9922745229173078,63.4357,75.4371,-0.09293381535039007,3.0022033333333336,0.2718825781881256,2.4345,3.6036,0.010523537263626221
pump-0047,failure,140,169,FAILURE,3.1954100000000003,0.20005160559215715,2.8115,3.5851,-0.015410700778643028,68.79495666666666,2.7613475522750766,63.2263,73.054,-0.20267090100111437,3.0838433333333337,0.24944813045779457,2.4345,3.6036,0.010906941045606165
pump-0047,failure,150,179,FAILURE,3.007063333333333,0.24648102494016766,2.5236,3.4549,-0.023210611790878903,66.55255000000001,3.439975997954055,60.352,73.0004,-0.32989038932146975,3.2549099999999997,0.24247423553854133,2.7473,3.7267,0.014499154616240227
pump-0047,failure,160,189,FAILURE,2.8964700000000003,0.1649078533605965,2.5236,3.1626,-0.0030153281423805065,64.53732333333333,2.75859099211697,59.7828,70.0142,-0.2331233592880991,3.432013333333333,0.3017772696690208,2.7473,3.9427,0.028589810901001003
pump-0047,failure,170,199,FAILURE,2.849266666666666,0.16413634034613486,2.5236,3.146,0.0015631590656283744,61.129919999999984,3.768783727004421,52.3509,66.2138,-0.324201290322583,3.691976666666667,0.27463581058477343,3.2041,4.1455,0.022949121245828593
pump-0047,failure,180,209,FAILURE,2.8276033333333332,0.17571313645320383,2.4651,3.146,-0.013228587319243664,59.121020000000016,3.8964487456657255,50.97,66.2138,-0.26263421579532964,4.041416666666667,0.39831159752412715,3.2416,4.8,0.0371259844271412
pump-0047,failure,190,219,FAILURE,2.78394,0.1638977111900387,2.4471,3.1285,-0.002510300333704185,58.57437666666667,4.135698927926882,50.97,70.0022,0.22622169076751833,4.240173333333333,0.2936573932701546,3.6767,4.8,0.015455483870967675
pump-0047,failure,200,229,FAILURE,2.71505,0.24809805689149067,2.1463,3.0898,-0.0073260734149055125,58.20642000000001,4.612493494224861,48.8788,70.0022,-0.09791928809788715,4.2383299999999995,0.3322051175102515,3.3317,4.8,-0.02693911012235831
pump-0047,failure,210,239,FAILURE,2.6519366666666664,0.289829451555374,2.0722,3.0898,-0.01672229143492777,55.88788333333334,6.093452826768708,45.9173,70.0022,-0.4996269410456069,4.242626666666667,0.43468314508642064,3.3317,5.3225,0.01357797552836472
pump-0047,failure,220,249,FAILURE,2.5574166666666667,0.2774556782422895,2.0722,3.0898,-0.004960378197997818,52.66430666666666,4.562689879441245,42.9909,62.5763,-0.22697352614015734,4.427206666666667,0.5329305407732691,3.3317,5.3225,0.045491434927697354
pump-0048,failure,0,29,DEGRADATION,4.4120833333333325,0.16097110938163892,3.9528,4.6517,-0.013646473859844433,89.05596000000001,3.3781990154124046,82.7139,94.9783,-0.3114498776418261,1.6308666666666667,0.1212339180629286,1.3536,1.9013,-0.00513753058954396
pump-0048,failure,10,39,DEGRADATION,4.264713333333334,0.21276326395524411,3.7845,4.6208,-0.01948169076751955,87.17199,3.1317027928748282,82.5617,93.1865,-0.24440411568409476,1.7595266666666667,0.2352783839530431,1.3536,2.3123,0.014361290322580636
pump-0048,failure,20,49,DEGRADATION,4.192253333333333,0.15840263409706573,3.7845,4.4489,0.0025523470522802144,85.45356666666666,2.083688261126303,81.317,89.8366,-0.015397241379311366,1.9985200000000003,0.39040400305324746,1.3536,2.5469,0.042417352614015566
pump-0048,failure,30,59,DEGRADATION,4.0928233333333335,0.23648649811117944,3.552,4.4489,-0.00689203559510581,82.48037666666667,5.0208817955071945,72.9838,89.8366,-0.4694504783092342,2.239286666666666,0.20815394100414136,1.7243,2.5469,0.012109010011123467
pump-0048,failure,40,69,FAILURE,3.9567900000000007,0.3086450964565396,3.4417,4.4489,-0.028827875417130264,80.69568333333332,4.247006388040352,72.9838,89.8366,-0.24837626251390402,2.5026033333333335,0.28012872693737706,2.0358,3.0673,0.01953964404894321
pump-0048,failure,50,79,FAILURE,3.8210366666666657,0.2279828567872788,3.4417,4.3409,-0.006341423804226995,77.74776666666666,3.17970524371189,69.1602,82.3566,-0.031208097886542316,2.7213366666666663,0.3901995553417365,2.0358,3.3228,0.040997530589543946
pump-0048,failure,60,89,FAILURE,3.7260766666666663,0.16064938361399203,3.4417,4.136,6.47608453836115e-05,75.52606666666665,5.530340424141074,64.0626,82.3566,-0.48504364849833403,2.974416666666667,0.2123606681777228,2.3491,3.3528,0.011221379310344773
pump-0048,failure,70,99,FAILURE,3.5806,0.2957268176318588,3.0395,4.136,-0.02984146829810905,69.59553,6.996480049050856,56.2991,80.3057,-0.6590378420467197,3.06905,0.20226432994145715,2.6543,3.5757,0.0031038709677417976
pump-0048,failure,80,109,FAILURE,3.4145066666666666,0.2655030394469252,2.9715,4.0423,-0.010360756395995643,67.88967666666667,6.0122062560363165,56.2991,78.982,0.09368367074527104,3.321963333333334,0.44228547755443604,2.6543,4.1866,0.042132658509454884
pump-0048,failure,90,119,FAILURE,3.34152,0.24336730182997057,2.9293,4.0423,0.009664160177975488,66.46575333333332,5.716974248600001,56.2991,78.982,0.0908402224694086,3.6942266666666668,0.49097535439390666,2.6543,4.3845,0.05134901001112341
pump-0048,failure,100,129,FAILURE,3.2864733333333334,0.27595429565217655,2.9293,4.0423,-0.012746963292547332,65.48985666666665,6.075450527309798,54.0724,78.982,-0.5069923692992232,3.937796666666667,0.23831407915232838,3.5182,4.3845,0.0017049388209120719
pump-0048,failure,110,139,FAILURE,3.1918766666666665,0.2315333016844205,2.8975,3.7177,-0.01764011123470531,62.91836333333333,3.6995216936322386,54.0724,71.8667,-0.05082311457174745,4.069730000000001,0.2809095811229419,3.5724,4.6151,0.008743959955505967
pump-0048,failure,120,149,FAILURE,3.0135033333333334,0.12508895363789013,2.7539,3.3258,-0.0067831145717464,60.17386,4.760176642072573,49.03,68.7494,-0.18049383759733187,4.3203233333333335,0.4887953911971301,3.5724,5.2065,0.04858329254727468
pump-0048,failure,130,159,FAILURE,2.87871,0.24419162878089545,2.165,3.3258,-0.021716640711902217,56.600629999999995,7.097441981970217,46.0428,68.7494,-0.6799957063403799,4.5054066666666674,0.35760996344558904,3.6449,5.2065,0.005400845383759619
pump-0049,degrading,0,29,NORMAL,4.638843333333332,0.14205401480501073,4.4774,4.9643,-0.004816974416017946,91.25794666666665,2.9487420698475635,87.0208,96.9908,-0.20101815350389604,1.6285966666666665,0.24090964486481,1.2763,2.2152,-0.016908053392658558
pump-0049,degrading,10,39,NORMAL,4.67949,0.16080420879649465,4.4774,4.9643,-0.002590367074527374,91.09413333333333,2.903488824194476,87.0208,97.6973,0.10682883203559419,1.5718533333333329,0.1667575340293672,1.2763,2.0069,0.013167786429365919
pump-0049,degrading,20,49,DEGRADATION,4.614346666666666,0.12353453156461512,4.4749,4.9006,0.0026556618464959646,91.89608333333335,3.2467403916423967,87.0208,99.7457,0.1880948832035564,1.6271133333333336,0.12739976905613115,1.3903,2.0069,0.00413566184649607
pump-0049,degrading,30,59,DEGRADATION,4.573606666666667,0.1648324501493023,4.2284,4.9006,-0.014391991101223689,90.64808,4.4931199905633505,83.9062,99.7457,-0.36383995550611936,1.6900800000000005,0.12854020486472964,1.487,2.0069,0.000461090100111194
pump-0049,degrading,40,69,DEGRADATION,4.368076666666667,0.21614535492477172,3.9399,4.6716,-0.021561757508342695,88.56605999999998,4.212767362641015,83.5381,99.7457,-0.3167545717463874,1.7802333333333331,0.22026091548181873,1.487,2.3441,0.020599777530589503
pump-0049,degrading,50,79,DEGRADATION,4.267640000000001,0.1783946236110643,3.9399,4.5338,-0.004655216907675316,86.55285,1.7122210370840942,83.5381,89.6535,0.09393288097886407,1.9266133333333333,0.21695283317399253,1.5753,2.3441,0.016218954393770826
pump-0049,degrading,60,89,DEGRADATION,4.174313333333334,0.17045325015642518,3.9351,4.5313,0.0004881868743047253,86.08961666666667,2.655967571976151,80.633,89.6535,-0.15683717463848953,1.978103333333333,0.1768288937237225,1.6147,2.3441,-0.005012124582869868
pump-0049,degrading,70,99,DEGRADATION,4.107456666666667,0.20975067847857418,3.766,4.5313,-0.01631788654060076,84.01685000000002,3.4779957680394036,78.2632,89.6466,-0.3239508120133499,2.0343666666666667,0.1866950371297772,1.6147,2.3811,0.005757330367074458
pump-0049,degrading,80,109,DEGRADATION,4.062896666666666,0.1620712034535712,3.766,4.3847,0.000557619577308044,82.95749333333333,2.9817022327224803,78.2632,89.6466,-0.033873459399334456,2.1227633333333333,0.23076384246430134,1.6147,2.5946,0.019753303670745223
pump-0049,degrading,90,119,DEGRADATION,4.065243333333333,0.13991297219660828,3.766,4.2913,0.010732124582869736,82.27970666666667,2.540405272252616,78.2632,88.7522,0.04517695216907457,2.27278,0.14995633008757359,1.9648,2.5946,0.0071509232480533305
pump-0049,degrading,100,129,DEGRADATION,4.069493333333333,0.1257558956426651,3.8841,4.2913,-0.009256062291435023,81.27765000000001,3.2992268436458465,76.0709,88.7522,-0.30224220244716554,2.3461466666666673,0.15488076646963697,2.072,2.6574,0.004879110122358104
pump-0049,degrading,110,139,DEGRADATION,3.9899766666666667,0.12382180659677393,3.772,4.2294,-0.010843893214683044,81.47715999999998,3.2580949186705217,76.0709,87.1961,0.12272111234705062,2.4914766666666663,0.2346087490317065,2.1004,2.9607,0.023058887652947665
pump-0049,degrading,120,149,DEGRADATION,3.9894366666666667,0.13363074617101495,3.772,4.3121,0.010310545050055485,81.2483,3.462993332653126,76.0709,87.1961,0.12787479421579462,2.6509333333333336,0.23377008267859165,2.1834,3.038,0.020775617352613976
pump-0049,degrading,130,159,DEGRADATION,3.98596,0.1965518635542962,3.4597,4.3471,-0.0019605784204672658,80.59348333333334,4.270091328772202,72.4993,87.1961,-0.4357882313681885,2.720013333333333,0.15646345842471407,2.3992,3.038,-0.006203826473859883
pump-0050,failure,0,29,NORMAL,4.412130000000001,0.12818354847639377,4.0757,4.6015,-0.012249855394883257,91.67563,3.2949133520372476,86.5229,97.218,-0.2939208231368206,1.6314266666666666,0.15260167088061508,1.3024,1.8061,-0.005257931034482817
pump-0050,failure,10,39,DEGRADATION,4.38454,0.1575385256585405,4.0757,4.7185,-0.0001753948832036683,90.27561999999999,2.466003505323271,86.5229,96.1619,-0.1224461846496138,1.68356,0.18823880152614658,1.3024,1.9838,0.010580734149054484
pump-0050,failure,20,49,DEGRADATION,4.402476666666667,0.17506459128625126,4.0757,4.7185,0.010555928809788522,89.27239333333335,1.72995800911146,86.5229,92.5091,0.041166718576194784,1.7692233333333334,0.19020056551499057,1.3024,2.0288,0.015872458286985507
pump-0050,failure,30,59,DEGRADATION,4.326336666666666,0.25147217935367894,3.9208,4.7185,-0.0175651835372637,86.86039,4.984176370230759,73.1461,92.5091,-0.46944460511680053,1.8293133333333331,0.11137856087336656,1.5439,2.0288,-0.005241913236929954
pump-0050,failure,40,69,DEGRADATION,4.142743333333333,0.28625654307902826,3.6648,4.7057,-0.030237041156840994,83.04306999999999,5.294162130759377,73.1461,92.5091,-0.5040124805339289,1.8655666666666666,0.14945170977795988,1.5439,2.1585,0.006309410456062247
pump-0050,failure,50,79,DEGRADATION,3.9643533333333325,0.11412477888502373,3.6648,4.1913,-0.003976240266963373,80.95298999999999,3.168797683806902,73.1461,85.5735,0.06086578420467112,1.9793433333333335,0.23295706426053894,1.5439,2.4257,0.024674193548387086
pump-0050,failure,60,89,DEGRADATION,3.9484800000000004,0.12570919722385737,3.6648,4.1969,0.00421784204671848,80.62374666666668,2.6598755386588206,76.0554,85.5735,0.03954353726362412,2.1824333333333334,0.20369551023252544,1.7437,2.6248,0.01824351501668517
pump-0050,failure,70,99,DEGRADATION,3.8652533333333334,0.21124985480599878,3.4413,4.1969,-0.017423893214683083,79.52750666666665,3.928995102137723,71.1684,85.5735,-0.36735328142380624,2.3480566666666665,0.17735653297493412,2.0425,2.8151,0.01264318131256948
pump-0050,failure,80,109,FAILURE,3.7513833333333326,0.23180840088793636,3.3379,4.1969,-0.018553481646273736,78.7512,3.9807129595923727,71.1684,87.5898,0.061533793103445894,2.522346666666666,0.21476138500412242,2.1678,2.8481,0.0189713459399332
pump-0050,failure,90,119,FAILURE,3.794623333333333,0.2799937245526923,3.3379,4.3544,0.022225250278086705,78.83120000000002,3.9448722233637254,71.1684,87.5898,0.23305330367074414,2.68842,0.2154212128211457,2.3167,3.105,0.017172992213570583
pump-0050,failure,100,129,FAILURE,3.8711033333333336,0.2681830835869821,3.3379,4.3544,0.009906229143492666,77.18140333333334,5.5587953918982205,66.3404,87.5898,-0.4335913904338178,2.8232533333333336,0.14664295353757106,2.5321,3.1481,0.003964938820912082
pump-0050,failure,110,139,FAILURE,3.8621366666666663,0.27169808425693565,3.396,4.3544,-0.02411939933259187,74.54624,5.094194936042397,66.3404,83.0861,-0.29670295884316095,2.956623333333333,0.2710959838425416,2.5321,3.6522,0.015438153503893142
pump-0050,failure,120,149,FAILURE,3.682453333333333,0.20108115730277218,3.3947,4.1958,-0.01497094549499455,72.62542,3.396550634629197,66.3404,80.1798,0.19420560622914104,3.1416833333333334,0.31679405306216774,2.6663,3.7595,0.02803183537263622
pump-0050,failure,130,159,FAILURE,3.499133333333334,0.19639905521383977,3.0009,3.9209,-0.01484084538375981,73.46960333333332,3.1335871033565073,66.7363,80.1798,0.05441830923247799,3.373903333333333,0.30048021840972416,2.6859,3.8364,0.023742803114571682
pump-0050,failure,140,169,FAILURE,3.3759266666666665,0.21083693688620012,3.0009,3.7691,-0.017211345939933315,70.3394,5.2704965347994825,61.8642,78.0918,-0.493118175750837,3.431310000000001,0.22881644222680617,2.9515,3.8364,0.0002702335928809198
pump-0050,failure,150,179,FAILURE,3.303113333333333,0.15257602418321017,3.0009,3.544,0.002195506117908666,67.04988666666667,5.094541759486869,59.5837,77.288,-0.36998175750834444,3.54894,0.2630786429948277,2.9515,3.9503,0.01089761957730802
pump-0050,failure,160,189,FAILURE,3.3275833333333336,0.14122882397804712,3.0566,3.5615,0.00708278086763062,64.81443,3.29748808318797,59.2337,71.8443,0.11583659621801938,3.6633700000000005,0.3240643301876959,2.9515,4.2091,0.027019688542825267
pump-0050,failure,170,199,FAILURE,3.2469166666666665,0.22230367830715006,2.729,3.5615,-0.017761090100111378,65.08322666666668,4.058446633211064,57.6494,71.8443,-0.04269846496107012,3.84124,0.20592592778310684,3.4509,4.2091,0.004132502780867651
pump-0050,failure,180,209,FAILURE,3.0805533333333335,0.25979003539183115,2.6775,3.5615,-0.02457281423804232,64.15878333333335,4.565797473613515,55.4757,71.8443,-0.23432638487208182,4.132226666666667,0.4145975823480992,3.4509,4.9966,0.03114028921023357
pump-0050,failure,190,219,FAILURE,3.0087499999999996,0.18441247562642465,2.6775,3.379,0.007438909899888742,62.60201,4.229654854268055,55.4757,70.2216,-0.1281556173526154,4.19171,0.403643730163123,3.4576,4.9966,0.013213592880978819
pump-0050,failure,200,229,FAILURE,3.001046666666666,0.19962364878830252,2.4707,3.379,0.003090901001112266,60.115050000000004,4.251748463769542,53.9498,67.8148,-0.19977902113459628,4.389956666666667,0.33755494830060223,3.5677,4.9966,-0.0065083203559511095
pump-0050,failure,210,239,FAILURE,2.8262233333333326,0.39782075501690733,1.902,3.379,-0.03707761957730815,60.47804333333334,4.118768351880881,53.9498,67.7822,0.01843050055617218,4.380303333333333,0.3118183215520787,3.5677,4.785,0.024510723025583877
pump-0050,failure,220,249,FAILURE,2.671,0.3248415808769971,1.902,3.2282,-0.014766362625139102,59.96569333333333,3.744236035199823,53.9498,67.3293,0.1420371523915452,4.6835933333333335,0.31628284908009513,3.8588,5.3767,0.028503893214682868
pump-0051,degrading,0,29,NORMAL,4.324656666666667,0.19913399121083156,3.8437,4.5779,-0.017248698553948914,88.21041333333334,3.414598393636098,84.0326,95.6667,-0.24896769744160344,1.7014333333333334,0.13757155552253122,1.4807,2.065,-0.007661846496106807
pump-0051,degrading,10,39,NORMAL,4.258883333333333,0.190982419929747,3.8437,4.5294,-0.007771635150166986,87.39572,2.2626405056040153,84.0326,91.5766,0.17840213570633878,1.6656033333333333,0.10282988697628505,1.4807,1.8644,-0.0001385761957730982
pump-0051,degrading,20,49,NORMAL,4.289553333333333,0.22483263068830164,3.8437,4.6936,0.020470700778642884,88.09670666666665,2.300793015742373,84.0326,91.8149,0.1120538375973274,1.6639866666666667,0.1260459856119539,1.4611,1.9572,0.0044879199110122135
pump-0051,degrading,30,59,NORMAL,4.349603333333333,0.17662778845797616,4.035,4.6936,0.0012492769744159116,88.81407666666664,1.9029641754700004,85.3117,91.8149,-0.07977715239154863,1.6232933333333335,0.18960275830154882,1.2023,1.9572,-0.009294905450500608
pump-0051,degrading,40,69,DEGRADATION,4.358016666666667,0.16443240978860854,4.107,4.6936,-0.01250645161290336,88.44797333333332,1.7943481971518849,85.3117,91.8149,-0.002793192436042057,1.675653333333333,0.23323997046437434,1.2023,2.0921,0.007668164627363698
pump-0051,degrading,50,79,DEGRADATION,4.284423333333334,0.11098881229905799,4.107,4.582,-0.0011178420467187048,88.06058,1.9322730496145384,84.6198,90.8343,0.013186874304780898,1.7983133333333334,0.2954534500654131,1.2023,2.2095,0.030284093437152357
pump-0051,degrading,60,89,DEGRADATION,4.284013333333334,0.10976905068774565,4.0285,4.4422,-0.0034157508342603426,87.70714,1.9797956814782685,84.6198,90.8274,-0.06527915461624254,1.8658599999999999,0.2153207879730458,1.5164,2.2095,-0.0068246496106785905
pump-0051,degrading,70,99,DEGRADATION,4.233756666666666,0.1406963223478931,3.9408,4.416,-0.010221690767519486,86.66595333333335,1.9069623273211829,83.7262,90.5694,-0.046688409343716986,1.8609933333333333,0.2006508857582133,1.5164,2.2095,-0.011792569521690808
pump-0051,degrading,80,109,DEGRADATION,4.170353333333333,0.13878779661371143,3.9302,4.416,-0.008009165739710902,87.52352333333332,2.4043083271055097,83.7262,93.3392,0.1478210233592857,1.8717000000000001,0.22179090152664066,1.5164,2.3563,0.01958407119021134
pump-0051,degrading,90,119,DEGRADATION,4.15944,0.12389483336012584,3.9302,4.4869,0.005452057842046633,87.45448666666668,2.643419241781793,83.2838,93.3392,0.04135688542825271,1.9935,0.17976160138731892,1.6293,2.3563,0.009137041156840896
pump-0051,degrading,100,129,DEGRADATION,4.140336666666666,0.10746285709749002,3.9302,4.4869,-0.0006003781979978981,85.60336666666667,4.578763140582352,76.5994,93.3392,-0.4458159733036729,2.026686666666667,0.15214300670385372,1.7316,2.3563,-0.007713859844271474
pump-0051,degrading,110,139,DEGRADATION,4.08977,0.14055374333921766,3.8506,4.4869,-0.011427563959955558,83.10939666666668,3.4088565498793812,76.5994,90.2166,-0.18627223581757765,2.054303333333333,0.1692097130453476,1.7316,2.3507,0.007143159065628441
pump-0051,degrading,120,149,DEGRADATION,4.0667800000000005,0.11351726858353607,3.8506,4.2989,0.004839154616240192,82.19935000000001,2.2556133042922046,76.5994,85.7314,0.1791577530589519,2.0263933333333335,0.16331309997125834,1.7316,2.3507,0.002274527252502744
pump-0051,degrading,130,159,DEGRADATION,4.0636133333333335,0.12258364146800159,3.8506,4.2989,0.005456818687430409,82.17088333333331,2.1923384592839574,77.4968,85.7314,-0.12207953281423975,2.01949,0.1659510215897048,1.7921,2.3507,-0.01080589543937715
pump-0051,degrading,140,169,DEGRADATION,4.043026666666666,0.14383239999697175,3.7753,4.2989,-0.011959510567297143,81.34331666666665,2.645092750117134,75.6336,85.7314,-0.17230921023359602,2.013136666666666,0.16890167451969076,1.7921,2.5595,0.011633125695216875
pump-0051,degrading,150,179,DEGRADATION,3.9547366666666663,0.14798662435804424,3.609,4.1872,-0.0070849610678532845,80.29066000000002,2.166094414162657,75.6336,84.4388,0.03312961067853085,2.19939,0.2757721225335633,1.7921,2.722,0.02956989988876526
pump-0051,degrading,160,189,DEGRADATION,3.8991099999999994,0.1284472611619259,3.609,4.184,0.0006137708565071866,81.22436666666665,2.684217883646721,75.6336,87.6254,0.12170505005561545,2.27135,0.22230528671176492,1.7797,2.722,-0.0011760400444939584
pump-0051,degrading,170,199,DEGRADATION,3.8267833333333328,0.15719262298919193,3.5778,4.184,-0.007350545050055719,79.55371000000001,3.807154346520946,73.829,87.6254,-0.29556918798665466,2.238676666666666,0.23785498058457574,1.7797,2.722,-0.02181488320355957
pump-0051,degrading,180,209,DEGRADATION,3.7946000000000004,0.12568316514155745,3.5778,4.1128,-0.0031389988876530037,78.46144666666666,3.7886805743542022,73.829,87.6254,-0.24776391546162688,2.1867533333333333,0.1971388964382445,1.7797,2.5347,0.009640177975528342
pump-0051,degrading,190,219,DEGRADATION,3.8530266666666666,0.18117786276351638,3.5778,4.1614,0.017651568409343676,77.33912000000001,2.876774681525593,73.829,85.3409,0.17296124582869635,2.3285133333333334,0.24507266913214854,1.7972,2.7005,0.022891835372636213
pump-0051,degrading,200,229,DEGRADATION,3.868336666666666,0.18013372899660474,3.5859,4.1614,-0.004471746384872144,77.10196666666667,3.1230985171069396,71.991,85.3409,-0.16801966629588616,2.4338433333333334,0.15939208613423134,2.0577,2.7005,0.004210700778642875
pump-0051,degrading,210,239,DEGRADATION,3.7615966666666667,0.2593199587168117,3.3435,4.1614,-0.027552369299221478,77.13601666666665,3.6210289647265865,71.991,85.3409,-0.07291383759733254,2.50622,0.17982331958527148,2.1168,2.8616,0.004330678531701822
pump-0052,healthy,0,29,NORMAL,4.392456666666666,0.09803582570786169,4.2317,4.586,-0.006284738598442798,89.75965333333332,2.9109916304395114,82.654,94.8779,-0.2123274749721933,1.440766666666667,0.11526367260426082,1.137,1.5931,-0.01008097886540606
pump-0052,healthy,10,39,NORMAL,4.372396666666666,0.10927714150523693,4.202,4.586,-0.0032515016685206737,89.45076666666664,2.636386756191553,82.654,94.8779,-0.037981979977753696,1.4161533333333334,0.12135443333017913,1.137,1.6696,-0.0007834927697441874
pump-0052,healthy,20,49,NORMAL,4.398403333333333,0.12288704158245856,4.202,4.6931,0.010718464961067802,89.37886333333331,2.582741018954259,82.654,93.3608,0.18397323692992057,1.5108066666666666,0.2149465281309646,1.137,1.9876,0.017328765294771942
pump-0052,healthy,30,59,NORMAL,4.413693333333333,0.11361407170279965,4.202,4.6931,-0.0005384649610679215,89.63364,2.5854146925396693,84.7446,93.3608,-0.18132249165739897,1.54183,0.20799892171194861,1.0879,1.9876,-0.003499599555061186
pump-0052,healthy,40,69,NORMAL,4.397446666666667,0.11384032013697476,4.204,4.6931,-0.009279243604004549,89.40708333333333,2.75219298004135,84.6411,93.3608,-0.06859098998887905,1.4673333333333334,0.2529948633646321,1.0879,1.9876,-0.024633770856507264
pump-0052,healthy,50,79,NORMAL,4.4105333333333325,0.12627613744840663,4.204,4.6848,0.010048142380422585,89.81332999999998,2.866951419324482,84.6411,94.1251,0.19110129032257958,1.3787533333333333,0.19389508285553692,1.0879,1.7856,0.00040974416017793236
pump-0052,healthy,60,89,NORMAL,4.4043866666666664,0.13768605529327296,4.1376,4.6848,0.0004826251390433322,90.66469666666666,1.9170706315423605,84.6411,94.1251,0.003605094549496084,1.39909,0.18365613765948582,1.1064,1.7856,0.010324961067853152
pump-0052,healthy,70,99,NORMAL,4.351306666666665,0.18299664647807679,4.0316,4.6848,-0.01892387096774204,89.91020666666668,2.286898304973111,84.4851,94.1251,-0.20830949944382873,1.4499433333333331,0.15203661770186228,1.1677,1.7856,-0.003708943270300384
pump-0052,healthy,80,109,NORMAL,4.268253333333334,0.10982458356650192,4.0316,4.4808,-0.001629988876529582,89.27369999999999,1.9301252943785805,84.4851,92.7365,-0.008119822024472862,1.4535033333333334,0.10776604747734275,1.2118,1.6571,0.0018838042269187791
pump-0052,healthy,90,119,NORMAL,4.345673333333334,0.1796099828950372,4.0316,4.7294,0.018221802002224615,90.25171333333334,2.7164642407282957,84.4851,95.4869,0.22199150166851858,1.4645166666666667,0.11958217002918492,1.2118,1.6684,0.006899822024471627
pump-0052,healthy,100,129,NORMAL,4.405749999999999,0.14135745647117454,4.1376,4.7294,0.00031664071190203166,89.57144999999998,3.667957968111595,81.3451,95.4869,-0.24845310344827554,1.4833366666666665,0.12177830809393857,1.2152,1.6684,-0.00048091212458288655
pump-0052,healthy,110,139,NORMAL,4.378406666666667,0.16059573039848296,4.1376,4.7294,-0.015950789766407254,88.96607666666667,3.5815305476554147,81.3451,95.4869,-0.2170236484983346,1.4767333333333332,0.12407383643979457,1.2152,1.6684,0.00045152391546157895
pump-0052,healthy,120,149,NORMAL,4.303036666666667,0.0992040304400761,4.1376,4.4859,-0.0017280311457175206,88.83586333333336,3.4320771079608465,81.3451,96.5064,0.3137308787541704,1.4656100000000003,0.11286671003149394,1.2152,1.6509,0.0035413793103447975
pump-0052,healthy,130,159,NORMAL,4.344813333333334,0.12606928712242152,4.1948,4.6391,0.011151145717463767,90.68148,2.460329928607137,86.6349,96.5064,0.11241797552836118,1.4609433333333335,0.09153887947509276,1.2867,1.6165,-0.00203877641824249
pump-0053,failure,0,29,DEGRADATION,4.480956666666668,0.1180773240531626,4.2689,4.7394,-0.0036091879866518755,90.27909666666666,2.906377587477046,83.8437,93.7161,-0.15528598442714325,1.5685633333333335,0.18539398674774277,1.2312,1.9015,-0.012622580645161335
pump-0053,failure,10,39,DEGRADATION,4.406223333333333,0.17080790513192173,4.1094,4.7394,-0.01697506117908802,88.89424000000002,3.2394308916433667,83.8437,93.7161,-0.27370318131257326,1.6284099999999997,0.2763954333317876,1.2312,2.4265,0.021192680756395965
pump-0053,failure,20,49,DEGRADATION,4.27588,0.16867513430655195,3.9127,4.6938,-0.01475092324805351,86.50824333333334,3.0366602330722183,82.3656,93.7161,-0.24144522803114846,1.9120833333333331,0.39488055331820143,1.2547,2.5226,0.04172318131256948
pump-0053,failure,30,59,DEGRADATION,4.11116,0.18734094693899675,3.6771,4.4508,-0.017981713014460565,84.15609333333335,2.708117961848945,79.8666,90.0142,-0.2582096996662969,2.2396933333333333,0.2779626340995414,1.6386,2.7068,0.026120177975528347
pump-0053,failure,40,69,FAILURE,3.9528999999999996,0.24597744205516084,3.4592,4.4508,-0.018520266963292686,80.63709666666668,4.243049248004186,72.262,87.5665,-0.3775850278086788,2.5127799999999993,0.22979353979895376,2.1536,3.05,0.01944476084538372
pump-0053,failure,50,79,FAILURE,3.8545066666666665,0.2264331806270647,3.4592,4.3806,-0.0024645606229144437,78.03463,3.7697985771258398,72.262,83.9008,-0.24000638487208306,2.7972566666666663,0.3726567273719281,2.219,3.7045,0.03741604004449386
pump-0053,failure,60,89,FAILURE,3.829863333333333,0.2280137897632997,3.4592,4.3806,0.0020926140155728204,73.90965333333334,4.7967169489650825,63.5416,82.7067,-0.30089988876529544,2.976293333333333,0.37328035749137517,2.2791,3.7045,0.008496329254727387
pump-0053,failure,70,99,FAILURE,3.7117533333333337,0.28558643960960206,3.1835,4.3806,-0.02307830923248067,72.14590000000001,4.458342900525562,63.5416,82.2091,-0.28756182424916693,3.18932,0.37452820846143664,2.2791,3.7045,0.007818509454949904
pump-0053,failure,80,109,FAILURE,3.5877933333333334,0.2296379729535649,3.1835,4.0337,-0.015550656284760923,70.95058666666667,4.384305934256363,62.2716,82.4808,0.16766771968854055,3.413296666666666,0.5015696159612896,2.2791,4.3642,0.03861159065628476
pump-0053,failure,90,119,FAILURE,3.3271866666666665,0.2503581990313523,2.7281,3.7003,-0.016983359288097962,68.91807,6.159959213130664,57.0103,82.4808,-0.42399321468298146,3.7211966666666663,0.35457206083139464,2.7637,4.3642,0.02526444938820906
pump-0053,failure,100,129,FAILURE,3.0016366666666667,0.4618304511999567,2.3392,3.7003,-0.05049532814238049,66.35776666666666,6.403237110469118,57.0103,82.4808,-0.513739844271415,3.8295533333333336,0.3625839229137933,2.9936,4.4484,-0.001150433815350482
pump-0053,failure,110,139,FAILURE,2.7355033333333334,0.28814846923456355,2.3392,3.4289,-0.01815672969966635,63.15860000000001,3.4970411205284213,57.0103,71.2642,-0.027472169076753695,4.045043333333334,0.49466033644871477,2.9936,5.0879,0.03019357063403775
pump-0053,failure,120,149,FAILURE,2.7483166666666667,0.28771329141274576,2.3392,3.3037,0.028964249165739676,62.586616666666664,3.4460672220260338,56.4588,71.2642,-0.09055793103448462,4.389423333333332,0.6121413614971264,2.9936,5.1361,0.06017172413793097
pump-0053,failure,130,159,FAILURE,2.8099166666666666,0.24352273690333084,2.3441,3.3037,-0.005185650723025624,58.918786666666655,6.874539744241469,41.6934,71.2642,-0.6060088987764207,4.86823,0.36848948438184764,3.8801,5.7888,0.03122120133481634
pump-0054,healthy,0,29,NORMAL,4.595736666666668,0.13679795925215968,4.2932,4.7837,-0.006101423804226967,87.94747333333333,2.1848535172765136,83.0627,91.8627,-0.2196581535038958,1.4869933333333332,0.1264978285276954,1.2743,1.7254,-0.005659621802002236
pump-0054,healthy,10,39,NORMAL,4.60345,0.16170751528608673,4.2932,4.8849,-0.0039057842046719415,87.69847666666668,2.030796631978582,83.0627,91.129,0.05320754171301151,1.5342666666666667,0.1691845350169125,1.2743,1.8538,0.011404894327030003
pump-0054,healthy,20,49,NORMAL,4.626593333333333,0.18158214290568941,4.2932,4.917,0.011887919911012132,89.13137333333334,3.2944578504849944,83.0627,95.1815,0.2672955283648475,1.5492233333333334,0.18338482976759254,1.1093,1.8538,0.000465606229143471
pump-0054,healthy,30,59,NORMAL,4.67566,0.14040870485835272,4.4109,4.917,0.0024556173526139435,89.48418,3.2041073854663478,82.9736,95.1815,-0.13360048943270408,1.4779966666666666,0.2404763834327373,1.1072,1.8538,-0.02444002224694106
pump-0054,healthy,40,69,NORMAL,4.664446666666667,0.11886804093428788,4.4625,4.917,-0.008775483870967894,89.09728,3.621338271817937,82.9736,95.1815,-0.188607208008902,1.38952,0.20649270592444663,1.1072,1.7461,-0.0012570411568409666
pump-0054,healthy,50,79,NORMAL,4.65437,0.1098353165728886,4.4625,4.8933,0.0033234482758619337,89.30366666666666,3.580155659403031,82.9736,95.1335,0.30066456062291363,1.4517166666666668,0.23335237743711879,1.1072,1.7965,0.021724427141268047
pump-0054,healthy,60,89,NORMAL,4.6393200000000006,0.11160246233842688,4.4409,4.8933,0.0006543270300332679,89.42526000000001,3.8378358987498844,83.3446,95.1335,-0.04192169076752097,1.4484733333333333,0.2571130074932465,0.9296,1.7965,-0.011262513904338176
pump-0054,healthy,70,99,NORMAL,4.607983333333333,0.1428867922128875,4.3574,4.8933,-0.011667163515016746,88.40194,4.320594449579055,80.8646,95.1335,-0.34899421579532913,1.43177,0.2538064080488644,0.9296,1.7965,-0.013412969966629634
pump-0054,healthy,80,109,NORMAL,4.603536666666667,0.13492687027505756,4.3574,4.833,0.005762558398220082,88.43391333333334,4.396020060140257,80.8646,95.8338,0.2691261846496086,1.3913266666666666,0.2199545118629961,0.9296,1.6691,0.015228787541712972
pump-0054,healthy,90,119,NORMAL,4.664086666666667,0.15058023494322073,4.3574,4.8573,0.014977619577307965,89.70700000000001,4.0791725654434705,80.8646,95.8338,0.28827621802002085,1.46687,0.14527683263342436,1.0383,1.6691,0.004202513904338111
pump-0054,healthy,100,129,NORMAL,4.69218,0.12025368019316501,4.4434,4.8573,-0.007945583982202551,90.3671233333333,3.0783177654560316,85.5813,95.8338,-0.2792157285873206,1.3999400000000004,0.16851774110361992,1.1083,1.6691,-0.015658064516129073
pump-0054,healthy,110,139,NORMAL,4.667076666666666,0.1309876245638835,4.4434,4.8573,-0.006949210233592998,89.42899333333335,2.571183078394501,85.5813,94.3328,-0.04554327030033653,1.4105366666666663,0.18430263243432582,1.1083,1.8409,0.006445272525027781
pump-0054,healthy,120,149,NORMAL,4.635336666666666,0.12390628039862317,4.4434,4.8495,0.005311434927697271,90.06331000000002,2.8986286763858984,85.5813,95.0917,0.27347290322580486,1.3936466666666665,0.19930364728780608,1.0712,1.8409,0.0065329477196885205
pump-0054,healthy,130,159,NORMAL,4.641470000000001,0.11640843368645304,4.3342,4.8495,-0.002597085650723146,90.47018333333334,2.6690950252951953,85.2262,95.0917,-0.08292829810901063,1.4476533333333335,0.16892360350827892,1.0712,1.8409,-0.011044493882091257
pump-0054,healthy,140,169,NORMAL,4.5900599999999985,0.13870767005949358,4.2969,4.8336,-0.00758718576195775,90.11724000000001,3.2769389824041575,83.6098,95.0917,-0.1426656284760868,1.3446,0.14096549223125496,1.0712,1.6139,-0.005567697441601804
pump-0054,healthy,150,179,NORMAL,4.523743333333334,0.11328744173806544,4.2969,4.727,-0.0037653170189099728,90.15860666666667,3.2658079085103706,83.6098,95.2233,0.2443567964404879,1.3636400000000002,0.14764071389694647,1.1057,1.6146,0.006035461624026664
pump-0054,healthy,160,189,NORMAL,4.56134,0.13572386083515317,4.2969,4.8082,0.009887919911012148,91.02516333333332,2.9227950102009457,83.6098,95.2233,0.11691419354838478,1.31239,0.16128919027634805,1.1018,1.6146,-0.002439354838709703
pump-0054,healthy,170,199,NORMAL,4.5134566666666665,0.16979143811027572,4.0835,4.8082,-0.006787697441601973,89.91599333333333,3.5215771806519998,82.0428,95.2233,-0.3234628698553977,1.324306666666667,0.16764977767821693,1.1018,1.6173,-0.004054727474972243
pump-0054,healthy,180,209,NORMAL,4.509533333333334,0.1715544332145211,4.0835,4.8082,-0.010327964404894438,89.20509333333332,3.034475408472151,82.0428,93.2765,0.0025204004449367917,1.43,0.2946035867625059,1.1018,2.2924,0.027687830923248044
pump-0054,healthy,190,219,NORMAL,4.5223666666666675,0.18756219294469298,4.0835,4.8932,0.016570545050055552,87.96253,2.8340631209331493,82.0428,92.3568,0.06698987764182243,1.5824233333333333,0.29017691578682747,1.143,2.2924,0.01693915461624024
pump-0054,healthy,200,229,NORMAL,4.568389999999999,0.1531121796809995,4.3191,4.8932,-0.0009399555061180574,88.04178666666665,2.682149673767088,83.0446,92.3568,-0.2205169744160199,1.59368,0.26917711071585065,1.2632,2.2924,-0.01942429365962183
pump-0054,healthy,210,239,NORMAL,4.5926866666666655,0.14348363607820308,4.3191,4.8932,-0.009644048943270459,86.64437666666669,2.1041207895751195,83.0446,91.6692,-0.010975461624028621,1.49624,0.2091565818551578,1.2632,2.137,-0.011090367074527279
pump-0054,healthy,220,249,NORMAL,4.57483,0.12646255084674934,4.3191,4.8811,0.008417775305895358,88.75809333333332,3.8501024156017225,83.0446,94.6859,0.3568845383759702,1.4407466666666664,0.10408042958319409,1.2632,1.6387,0.006936195773081183
pump-0055,failure,0,29,DEGRADATION,4.486753333333334,0.1957450446087688,4.0083,4.7416,-0.018732013348164753,89.58241,3.691675996919738,82.9257,95.2343,-0.3878672080089019,1.5798833333333333,0.13920454035539054,1.2684,1.8556,-0.0010779310344827902
pump-0055,failure,10,39,DEGRADATION,4.32467,0.2182950635416812,3.8968,4.7052,-0.021594727474972288,86.93241666666668,2.3291886430090254,82.9257,92.1183,-0.17526080088987886,1.7572299999999998,0.27444852115955487,1.2684,2.2977,0.01860949944382648
pump-0055,failure,20,49,DEGRADATION,4.185766666666667,0.13006167340492308,3.8968,4.511,-0.007268876529477292,85.39607,2.1844398527082407,78.8581,89.6646,-0.044058798665185674,1.87566,0.30832976999742767,1.2684,2.3479,0.025534015572858712
pump-0055,failure,30,59,DEGRADATION,4.041946666666666,0.18132529283644414,3.6311,4.3293,-0.015051924360400508,82.75465000000001,4.456349689805921,74.437,89.6646,-0.425260222469413,2.080143333333333,0.1730398445124385,1.851,2.4399,0.0039164627363737145
pump-0055,failure,40,69,FAILURE,3.924043333333334,0.21779080740216947,3.5135,4.261,-0.016703515016685395,79.97436333333333,4.442545289094478,73.4875,89.6646,-0.3884234260289228,2.280976666666667,0.3259862089959567,1.859,2.8708,0.029081446051167935
pump-0055,failure,50,79,FAILURE,3.775633333333333,0.15800191208407013,3.5135,4.0979,-0.005291256952169157,78.28731666666665,2.3228854605258134,73.4875,82.7803,0.1032867853170182,2.6196733333333335,0.42377484818657596,1.9117,3.263,0.044959332591768576
pump-0055,failure,60,89,FAILURE,3.66963,0.18726562266826585,3.3006,4.0979,-0.011001357063403933,77.53174,4.1280272817735435,66.8166,82.7803,-0.16982869855394983,2.8936766666666665,0.2601463173976436,2.3796,3.4444,0.008897107897664012
pump-0055,failure,70,99,FAILURE,3.436053333333333,0.3091470046577985,2.6901,3.915,-0.031090989988876695,74.53998,5.795060287946394,66.8166,82.7803,-0.5813726362625166,3.0192566666666667,0.3219672361005421,2.4263,3.7676,0.0005581090100110437
pump-0055,failure,80,109,FAILURE,3.31461,0.2712031174230856,2.6901,3.7496,-0.009648031145717485,71.61309,4.778406836129243,65.8545,82.3778,-0.20631472747497523,3.2191033333333334,0.4609209017342949,2.4263,3.9797,0.03531365962180192
pump-0055,failure,90,119,FAILURE,3.2081033333333338,0.2731932862563712,2.6901,3.6947,0.0011487652947718841,70.53294666666667,4.498860477923518,63.8455,82.5687,0.10519426028921013,3.4676066666666667,0.4175047863464828,2.4263,3.9797,0.034228342602892085
pump-0055,failure,100,129,FAILURE,3.211913333333334,0.2471987590763531,2.7557,3.6947,-0.01207314794215804,68.42976666666665,6.237843015943536,56.9202,82.5687,-0.44309655172414,3.6459166666666665,0.19206182699560284,3.1966,3.9797,-0.0026675639599555777
pump-0055,failure,110,139,FAILURE,3.0830933333333324,0.22994266667053237,2.7008,3.6271,-0.013604716351501752,64.42565666666667,6.904712688576469,53.2886,82.5687,-0.670761312569524,3.9175266666666664,0.4496040783721706,3.1966,4.9213,0.03664044493882087
pump-0055,failure,120,149,FAILURE,2.868593333333334,0.26654281448869627,2.3631,3.2941,-0.023890634037819877,59.47033,3.6231098647570703,52.9455,64.2503,-0.2556736151279205,4.27013,0.5317330352410565,3.1966,4.9292,0.05044620689655163
pump-0055,failure,130,159,FAILURE,2.6804766666666664,0.2599028429796198,2.0373,3.2143,-0.021334126807563993,58.29791666666666,3.1223916706144057,52.9455,63.4723,-0.05713288097886677,4.567983333333333,0.2336752662468913,4.0438,5.017,5.72413793102922e-05
pump-0056,failure,0,29,DEGRADATION,4.527776666666667,0.15801882943356954,4.059,4.756,-0.012960200222469485,88.88195999999999,3.3664155699695377,78.8271,93.2443,-0.23030798665183735,1.4313633333333335,0.17341556155342255,1.1108,1.7468,0.007025383759733003
pump-0056,failure,10,39,DEGRADATION,4.3938266666666665,0.19975713910201612,4.0055,4.6752,-0.01895363737486106,87.33362333333335,3.852388160581548,78.8271,93.2443,-0.27731290322580604,1.6121866666666667,0.29230587031775845,1.2443,2.3927,0.023940289210233584
pump-0056,failure,20,49,DEGRADATION,4.329746666666667,0.15815111704386478,4.0055,4.6377,0.0005376640711901804,84.99363333333332,3.379321182953103,77.8849,90.0938,-0.09832160177975628,1.7789833333333334,0.3028216417666053,1.2881,2.3927,0.026633704115684054
pump-0056,failure,30,59,DEGRADATION,4.227836666666667,0.192388605836093,3.8681,4.6377,-0.008889454949944572,83.26268,3.5848502065776757,77.8849,90.0938,-0.21903666295884466,2.0045866666666665,0.2209054122369019,1.4848,2.3927,0.014625450500556142
pump-0056,failure,40,69,FAILURE,4.101279999999999,0.26563786175920023,3.68,4.6377,-0.02909606229143505,81.24974666666665,3.5251511619346045,75.2496,89.3205,-0.277657664071192,2.126376666666667,0.163645915894314,1.8129,2.4938,0.013032903225806384
pump-0056,failure,50,79,FAILURE,3.8991,0.159359323542741,3.6251,4.2908,-0.01287070077864308,79.64643,1.9690485386179122,75.2496,82.2972,-0.03787859844271579,2.2373166666666666,0.1587673351864993,1.8752,2.5707,0.009699021134593963
pump-0056,failure,60,89,FAILURE,3.7305833333333345,0.187647360907516,3.3542,4.1231,-0.01570649610678542,78.06910666666667,3.9787093222914485,69.824,86.7759,-0.21099586206896748,2.356573333333333,0.1970004956564548,1.998,2.9122,0.0126960622914349
pump-0056,failure,70,99,FAILURE,3.59748,0.21959995355190773,3.1407,4.1231,-0.018754972191323778,75.33453333333334,5.051956019426754,65.8571,86.7759,-0.44409677419355065,2.699796666666667,0.46489837633855224,2.0649,3.5629,0.046002157953281365
pump-0056,failure,80,109,FAILURE,3.5086033333333337,0.1546984755006404,3.1407,3.7994,-0.0010071857619578714,71.52398,4.888779535998733,63.0186,86.7759,-0.37739586206896647,3.0903799999999992,0.4824960016414644,2.2393,3.8313,0.04718113459399325
pump-0056,failure,90,119,FAILURE,3.3619399999999997,0.2382708565197739,2.8074,3.7994,-0.014948342602892196,68.27117666666668,3.331016549411839,62.5605,74.6371,-0.25269185761957863,3.4769666666666668,0.28281944220454314,2.8685,4.0776,0.020821134593993262
pump-0056,failure,100,129,FAILURE,3.2033599999999995,0.310693087145498,2.6339,3.7994,-0.02916253615127923,64.23931666666667,5.485463243098881,53.0514,74.4837,-0.3783113904338169,3.594213333333333,0.24481022273499034,3.1079,4.0776,0.008575083426028854
pump-0056,failure,110,139,FAILURE,3.03886,0.18974186605315474,2.6339,3.3705,-0.005074304783092418,60.843666666666664,6.145515131233689,49.7466,71.8391,-0.41715403781980176,3.6866533333333336,0.25748760582900987,3.2239,4.223,0.008686095661846388
pump-0056,failure,120,149,FAILURE,2.97621,0.17910816350276534,2.6339,3.2817,-0.005126340378198044,55.34987,6.713480074057468,44.9128,71.8391,-0.42167543937708735,3.9593200000000004,0.46363158822496114,3.2855,4.898,0.04346206896551715
pump-0056,failure,130,159,FAILURE,2.8674666666666666,0.25755332177154217,2.2602,3.1742,-0.02257472747497224,53.69354333333333,5.6440975539456755,44.9128,70.0913,-0.23073399332591857,4.295986666666666,0.45898164795071655,3.2855,4.898,0.046496640711901974
pump-0057,healthy,0,29,NORMAL,4.594253333333332,0.17440686479863368,4.3058,4.9346,-0.012087163515016765,87.65211666666666,2.28735761787604,84.0361,92.4841,-0.09633710789766611,1.5715866666666665,0.15153322569287864,1.2093,1.7616,-0.003088053392658528
pump-0057,healthy,10,39,NORMAL,4.51104,0.14743516450743133,4.3058,4.8063,-0.011236395995550713,87.51799333333334,2.1792323373049407,84.0361,92.1651,0.09590251390433577,1.5916833333333333,0.17751491783947496,1.2093,1.9082,0.00923935483870964
pump-0057,healthy,20,49,NORMAL,4.485066666666667,0.10851190206096703,4.3058,4.6733,0.008702513904338027,88.72503333333334,2.1203891449972616,84.9918,92.1651,0.14879408231367988,1.5595666666666665,0.18950164349917628,1.2093,1.9082,-0.0031202224694104894
pump-0057,healthy,30,59,NORMAL,4.4835433333333325,0.10278922668364728,4.3244,4.6733,-0.0009622914349278082,88.58166666666668,2.4142634249163635,83.4917,92.1651,-0.09672467185762244,1.4827466666666667,0.20166159233285405,1.1645,1.9082,-0.017243203559510627
pump-0057,healthy,40,69,NORMAL,4.44341,0.12443937841374811,4.2536,4.6733,-0.012743781979977869,88.46479666666666,2.41004492094834,83.4917,92.3577,-0.07646266963292701,1.3859966666666668,0.11203359461439334,1.1645,1.5988,-0.002571768631813135
pump-0057,healthy,50,79,NORMAL,4.3579,0.09168088495791626,4.153,4.6105,-0.0017817130144605286,88.2924566666667,2.391166903931124,83.4917,92.3842,0.13330427141267903,1.4006099999999997,0.11593278325535593,1.1645,1.705,0.00852509454949942
pump-0057,healthy,60,89,NORMAL,4.388416666666666,0.11935116556708704,4.153,4.6105,0.009153926585094521,88.91864999999999,2.0432511546960312,85.6752,93.7157,0.029714060066738823,1.4278600000000001,0.12735483919610854,1.201,1.705,-0.0011783759733037169
pump-0057,healthy,70,99,NORMAL,4.402196666666667,0.11935561007156537,4.153,4.6105,0.0017727474972189623,87.97975666666665,2.4791635876753992,83.2929,93.7157,-0.17644892102336257,1.484453333333333,0.17722173819508963,1.201,1.9659,0.006122180200222444
pump-0057,healthy,80,109,NORMAL,4.44138,0.10247187711757796,4.2669,4.6034,-0.0009099888765295221,87.88001333333335,2.288435863748182,83.2929,93.7157,0.045950878754169026,1.6573200000000001,0.3036957977977305,1.201,2.2128,0.027537931034482738
pump-0057,healthy,90,119,NORMAL,4.469403333333332,0.12381059858599434,4.2669,4.6852,0.009943604004449285,88.25113333333336,2.3039908942721303,83.2929,92.0006,0.1637403337041126,1.682426666666667,0.2889833420035756,1.2027,2.2128,-0.004885739710789816
pump-0057,healthy,100,129,NORMAL,4.43583,0.17224099231406362,4.0162,4.6852,-0.00898289210233601,88.13075666666667,2.456986769830523,83.3316,92.0006,-0.21399859844271518,1.6279300000000003,0.3002021920306379,1.2027,2.2128,-0.027704271412680816
pump-0057,healthy,110,139,NORMAL,4.3953766666666665,0.1898676919740574,4.0162,4.6852,-0.010248075639599662,87.3467,2.7596362126193377,82.4168,92.0006,-0.11498095661846845,1.5093199999999998,0.16966247552125366,1.2027,1.8704,0.006324582869855369
pump-0057,healthy,120,149,NORMAL,4.37232,0.16767608535506778,4.0162,4.6357,0.0125219577308119,87.19272666666667,2.5466422838623335,82.4168,91.2094,0.19234856507229955,1.6247266666666664,0.20145821888311122,1.2537,2.0725,0.019138331479421563
pump-0057,healthy,130,159,NORMAL,4.44029,0.1293151534043864,4.0376,4.6357,0.007508409343715099,88.02645333333335,1.9784926261733256,82.4168,91.2094,0.06510887652947533,1.6390133333333334,0.19584310341586084,1.173,2.0725,-0.009216729699666333
pump-0057,healthy,140,169,NORMAL,4.425856666666666,0.11493147721819102,4.2154,4.6357,-0.009975105672970056,88.22609666666663,1.8414323822291763,83.0933,91.2297,-0.039277975528368536,1.5762299999999998,0.21341441555496352,1.173,2.0725,-0.015286696329254796
pump-0058,failure,0,29,NORMAL,4.4209233333333335,0.11495251391577115,4.245,4.6613,-0.008767007786429512,86.46885666666668,2.967662782469658,82.0144,93.7871,-0.20878921023359495,1.7766000000000004,0.1279431931236151,1.5061,2.079,-0.008612769744160245
pump-0058,failure,10,39,DEGRADATION,4.354716666666667,0.08195895348011438,4.2095,4.5667,-0.0033530367074527715,86.18843333333334,2.826795263937986,82.0144,92.0455,0.045547630700776866,1.765966666666667,0.1344177600699484,1.5061,2.1992,0.005766540600667375
pump-0058,failure,20,49,DEGRADATION,4.306296666666667,0.08201161496330192,4.128,4.4952,-0.0026896329254728697,86.78508333333335,2.5387739659244115,82.1519,92.0455,0.19136220244716237,1.9050599999999995,0.2200369629554695,1.6053,2.3786,0.01814758620689654
pump-0058,failure,30,59,DEGRADATION,4.247046666666667,0.11350174957046058,4.0218,4.4952,-0.008281779755283767,84.90087333333334,4.867541154623715,73.8148,92.0455,-0.37277232480534134,1.9823499999999996,0.18355094252005355,1.6053,2.3786,0.005282113459399281
pump-0058,failure,40,69,DEGRADATION,4.14265,0.14058022798388115,3.7924,4.4247,-0.013077530589544117,83.58604,4.50227004888275,73.8148,90.108,-0.20895604004449667,2.1170666666666667,0.16476391662685805,1.8195,2.3786,0.0038432035595105376
pump-0058,failure,50,79,DEGRADATION,3.9900233333333337,0.16957124300881785,3.696,4.2638,-0.015520289210233658,81.73573666666667,3.34024733470276,73.8148,88.76,0.14769208008898602,2.2523899999999997,0.27020877033632096,1.8195,2.8535,0.027687897664071134
pump-0058,failure,60,89,DEGRADATION,3.8698466666666667,0.13850203544432918,3.6787,4.2101,-0.011027497219132496,80.90967666666666,4.11952347087891,72.4727,88.76,-0.3433838264738607,2.3818900000000003,0.1802749850459939,2.0605,2.8535,0.005399977753058906
pump-0058,failure,70,99,DEGRADATION,3.78416,0.08077586520737491,3.6001,3.9841,-0.002030745272525135,77.64348666666667,4.429864893931742,70.6663,85.845,-0.4559816240266985,2.5156,0.19438582595789572,2.1503,2.924,0.00649459399332587
pump-0058,failure,80,109,FAILURE,3.80965,0.11299251228879431,3.6001,4.0491,0.0055244271412679775,77.29856333333332,4.820298037222962,70.6663,90.9533,0.2458381090100093,2.7508466666666673,0.40506104785438074,2.1503,3.5446,0.04244832035595102
pump-0058,failure,90,119,FAILURE,3.804933333333333,0.13550251248183146,3.5682,4.0491,0.002640222469410354,76.01099666666666,5.701880411144106,62.8792,90.9533,-0.05045648498331586,2.8929733333333334,0.33346212771800965,2.2852,3.5446,0.006705583982202344
pump-0058,failure,100,129,FAILURE,3.6864466666666664,0.2858880908483053,3.0351,4.0491,-0.020936818687430594,73.87128333333332,7.3354463341632385,62.8792,90.9533,-0.6262053170189129,3.01102,0.31248052888673455,2.2852,3.5446,-0.009485784204671896
pump-0058,failure,110,139,FAILURE,3.5597199999999996,0.26658353337493795,2.9888,3.9455,-0.014153637374861076,68.67255666666667,4.990249652718344,61.2385,77.3252,-0.2730779310344849,3.1131499999999996,0.408309903341404,2.2852,3.7574,0.03601857619577305
pump-0058,failure,120,149,FAILURE,3.5403866666666657,0.24956814798545282,2.9888,3.8881,0.011110700778642839,68.13797333333333,4.198856346588781,61.2385,75.682,0.20265161290322517,3.317370000000001,0.3194153640116059,2.4978,3.7574,0.019022269187986603
pump-0058,failure,130,159,FAILURE,3.4978300000000004,0.2454068664483535,2.9584,3.8881,-0.01234685205784212,67.84155333333334,4.452668024135142,59.7861,75.682,-0.007860022246942983,3.3787533333333335,0.2619613848557752,2.7474,3.7574,-0.01846536151279207
pump-0058,failure,140,169,FAILURE,3.3698133333333335,0.296260174771358,2.7468,3.8881,-0.026627408231368263,68.30616333333334,3.7695438483087336,59.7861,75.682,-0.1964640934371539,3.2665133333333336,0.27543426406716764,2.7474,3.8187,-0.0068369744160178235
pump-0058,failure,150,179,FAILURE,3.0926433333333336,0.22908527914779298,2.6601,3.605,-0.018154816462736503,67.71590333333333,3.2907766876005966,59.7861,72.6433,0.10129314794215558,3.5142133333333336,0.5172968385323415,2.7474,4.623,0.04636262513904331
pump-0058,failure,160,189,FAILURE,3.04782,0.22657012659807266,2.6601,3.4922,0.0007542157953280675,66.69789666666667,4.044222484687947,58.461,72.6433,-0.20778627363737584,3.789353333333333,0.47454981244215966,2.8717,4.623,0.03871572858731915
pump-0058,failure,170,199,FAILURE,2.93486,0.24467657781923738,2.5605,3.4922,-0.006772725250278135,62.129290000000005,7.2194351800931535,48.1398,72.6433,-0.7722524805339278,4.113866666666666,0.2500765154018976,3.6615,4.7135,0.006354171301445921
pump-0058,failure,180,209,FAILURE,2.889153333333333,0.25432540538102405,2.5605,3.4922,-0.019831279199110152,57.56002666666667,5.686895012390818,47.6286,70.1418,-0.3595092324805353,4.206946666666666,0.27445088781460014,3.6615,4.8432,0.021020022246940953
pump-0058,failure,190,219,FAILURE,2.75109,0.1359078642561447,2.5398,3.088,-0.0027806229143493197,56.19058333333332,4.399241529785435,47.6286,66.1068,0.2646466073414897,4.421296666666667,0.280304247183108,3.8154,4.915,0.026049766407118955
pump-0058,failure,200,229,FAILURE,2.6904233333333334,0.17929542043479216,2.2196,2.9747,-0.007139510567297057,55.273726666666676,5.153706850797352,45.8367,66.1068,-0.1975195550611806,4.461356666666666,0.21477738193042786,4.12,4.915,-0.0014393103448277222
pump-0058,failure,210,239,FAILURE,2.592766666666667,0.21155434815248356,2.2196,2.9747,-0.014440578420467262,53.60619333333333,5.155385283302199,45.8367,66.1068,-0.4104008898776431,4.550940000000001,0.24501002646150347,4.12,5.0504,0.0030727030033370043
pump-0058,failure,220,249,FAILURE,2.578956666666667,0.20548828301281696,2.2196,2.977,0.0010546607341489793,52.60408333333333,4.0041995603851825,45.8367,59.6137,0.22371624026696224,4.812966666666666,0.502355617289408,4.12,5.6197,0.05144556173526131
pump-0059,failure,0,29,NORMAL,4.53775,0.18290556534270178,4.2021,4.8434,-0.01699944382647389,91.68629000000001,2.971614821422857,85.6893,96.3205,-0.2902306340378214,1.476873333333333,0.1263942243757821,1.1915,1.7374,-0.0066274082313682245
pump-0059,failure,10,39,DEGRADATION,4.45729,0.15542711335756929,4.2021,4.7583,-0.010691946607341548,90.73833666666665,2.53537337979811,85.6893,96.3205,-0.048610478309234186,1.6026833333333335,0.31525240901361706,1.1915,2.2357,0.026613681868743008
pump-0059,failure,20,49,DEGRADATION,4.389239999999999,0.11022868229276811,4.1878,4.6128,-0.0007438932146830671,89.89439333333333,2.892879114646093,84.5394,95.1369,0.015604627363735775,1.7789599999999999,0.3324309538335241,1.3225,2.2357,0.027519599555061156
pump-0059,failure,30,59,DEGRADATION,4.313106666666666,0.1860340684450626,3.8567,4.6128,-0.017474749721913367,87.63620666666665,5.020499020876533,79.5784,95.1369,-0.48979452725250605,1.9986166666666667,0.20577079333299197,1.4218,2.2357,0.007413281423804188
pump-0059,failure,40,69,DEGRADATION,4.170953333333332,0.20247614959682422,3.786,4.5049,-0.018630300333704275,83.87794333333335,5.060924412178953,75.706,95.1369,-0.45832878754171374,2.1169766666666665,0.20003501307410052,1.7266,2.5353,0.014504894327029961
pump-0059,failure,50,79,DEGRADATION,4.058976666666668,0.12754198964349828,3.786,4.3611,-0.0029870745272525946,82.29422,2.92556934634383,75.706,86.7124,0.16122647385984212,2.335433333333333,0.27516435613808865,1.8928,2.8951,0.026452013348164605
pump-0059,failure,60,89,FAILURE,3.9595233333333324,0.18422390847975062,3.4232,4.2073,-0.009701913236930027,81.63155666666667,3.338253016842125,75.6303,86.7124,-0.01829506117908981,2.4980466666666667,0.20668007117819134,1.9945,2.8951,0.010704427141268017
pump-0059,failure,70,99,FAILURE,3.8558933333333334,0.23249642424968361,3.3423,4.2073,-0.01981428253615135,79.96089,4.497490372296533,71.2438,86.7124,-0.4462803781979993,2.588083333333333,0.2225873193203562,1.967,3.0037,0.0013261624026696024
pump-0059,failure,80,109,FAILURE,3.686523333333333,0.20727308666480448,3.3423,4.197,-0.016215239154616302,76.86808333333335,2.9010321303613464,71.2438,83.9786,-0.20822658509455141,2.6664,0.26291750417193605,1.967,3.2997,0.01785098998887651
pump-0059,failure,90,119,FAILURE,3.5656166666666667,0.16582149254209747,3.2705,3.9897,-0.013133058954393836,75.61672333333333,2.441306289084233,69.6056,81.9367,0.03942840934371355,2.762853333333333,0.30645647405282356,1.967,3.4498,0.013077285873192419
pump-0059,failure,100,129,FAILURE,3.399026666666667,0.20805488047361181,2.8952,3.6801,-0.015940422691879945,73.38452000000001,4.331109043066607,65.4623,79.6129,-0.3240382647386001,2.9802366666666673,0.30005941132086195,2.4542,3.6069,0.01351468298109007
pump-0059,failure,110,139,FAILURE,3.2655733333333328,0.2161092762675607,2.8952,3.6715,-0.015169966629588465,71.94130333333334,4.195143469257704,65.4623,79.6129,-0.2001317686318149,3.22314,0.4875232101141442,2.4542,4.2848,0.035946874304782994
pump-0059,failure,120,149,FAILURE,3.26961,0.23850166645120113,2.8952,3.7764,0.011487096774193527,69.50409666666665,3.059753978397973,64.8927,75.4942,-0.03230053392658469,3.5515199999999996,0.4150843395423794,2.7496,4.2848,0.03037032258064509
pump-0059,failure,130,159,FAILURE,3.207496666666667,0.261000365878841,2.7958,3.7764,-0.006436329254727562,69.83918,3.0558028632314165,64.5931,75.4553,-0.1120529922135718,3.6260700000000003,0.39901588368551605,2.7496,4.2848,-0.0028182202447164803
pump-0059,failure,140,169,FAILURE,3.1751666666666662,0.26899858405244853,2.7958,3.7764,-0.016218197997775383,66.55203333333333,4.684666062473277,55.7287,75.0812,-0.3820377753058969,3.790256666666667,0.3869535473269225,2.9352,4.3575,0.011975862068965424
pump-0059,failure,150,179,FAILURE,3.0476499999999995,0.16322956584720386,2.7958,3.3718,0.007142002224694021,64.40428333333334,4.648461232786848,55.7287,75.0812,-0.368538309232482,3.9228466666666666,0.45836151942423004,2.9352,4.6552,0.03248787541713001
pump-0059,failure,160,189,FAILURE,3.071636666666666,0.17345437725491067,2.7316,3.3718,0.001430456062291334,60.87329666666667,2.881471400226318,53.0015,65.8471,-0.12509305895439476,4.153266666666666,0.3166213872891231,3.2749,4.7131,0.006644137931034402
pump-0059,failure,170,199,FAILURE,2.93209,0.2858630142218472,2.2269,3.3648,-0.023139866518353803,60.791146666666656,4.3379840226948225,49.8862,67.985,0.024031101223579873,4.394336666666667,0.42069936889528237,3.7353,5.1689,0.030565139043381477
pump-0059,failure,180,209,FAILURE,2.7793166666666664,0.28359014097030166,2.2269,3.3648,-0.022561446051168017,59.239866666666664,4.818012477590964,49.8862,67.985,-0.04490429365962314,4.72872,0.5213931430312447,3.7353,5.4553,0.05416760845383748
pump-0060,healthy,0,29,NORMAL,4.503620000000001,0.13446427629671762,4.2119,4.6763,-0.006085739710789858,89.87051999999998,2.5128020718446304,84.2268,94.9991,-0.21311875417130477,1.6831033333333332,0.1644454509015747,1.3937,2.1969,-0.012015817575083444
pump-0060,healthy,10,39,NORMAL,4.475156666666667,0.146882507883758,4.2119,4.6763,-0.009755750834260415,90.00012666666666,2.7993965349616987,84.2268,95.7838,0.08446460511679456,1.6614599999999997,0.1500039123934217,1.3937,2.0027,0.004593993325917644
pump-0060,healthy,20,49,NORMAL,4.545056666666667,0.23034650953629748,4.2119,4.9229,0.01879735261401553,91.03043333333332,3.365171396361395,84.2268,96.364,0.2959225361512784,1.6890500000000002,0.16402393473717997,1.3937,2.0043,0.007585917686318091
pump-0060,healthy,30,59,NORMAL,4.633990000000001,0.1882745979502634,4.3108,4.9229,0.01094315906562837,91.52164333333334,2.774773440563312,85.636,96.364,-0.15566013348164823,1.6846333333333334,0.1713651701938161,1.4383,2.0043,-0.008377975528364919
pump-0060,healthy,40,69,NORMAL,4.675230000000001,0.14154709027976056,4.4082,4.9229,-0.01348002224694117,90.85482666666665,2.638113199483467,85.636,96.364,-0.1601421579532832,1.6860300000000001,0.1482548957033123,1.4383,2.0043,0.0016912347052279741
pump-0060,healthy,50,79,NORMAL,4.609226666666666,0.0903607102426467,4.4082,4.8151,-0.0013569744160178527,92.12148333333332,4.3847874459380085,85.636,100.9851,0.381858487208006,1.62497,0.1363831371541218,1.3836,1.8327,-0.0006100333704116268
pump-0060,healthy,60,89,NORMAL,4.569506666666667,0.08760956543412113,4.4062,4.7652,0.0005773081201334181,92.6186,4.218571036105315,85.9454,100.9851,-0.03544382647386292,1.608846666666667,0.1398558894799294,1.3541,1.8327,-0.012460066740823172
pump-0060,healthy,70,99,NORMAL,4.51048,0.13508562074970573,4.2659,4.7652,-0.012197018909900015,91.53232000000001,4.9626385334416625,84.3595,100.9851,-0.49816591768632124,1.52224,0.11075049315164846,1.3476,1.8125,-0.0015828698553949304
pump-0060,healthy,80,109,NORMAL,4.445086666666666,0.12249217045273637,4.2658,4.6598,-0.003229365962180316,89.85079666666667,3.162928961103757,84.3595,96.5524,0.11477087875416957,1.5602966666666667,0.13296691188245127,1.3476,1.8125,0.008837753058954366
pump-0060,healthy,90,119,NORMAL,4.50373,0.18008268499034918,4.2658,4.8423,0.01626502780867627,91.06944333333334,3.8655455583641607,84.3595,99.2954,0.3096731701890978,1.5414133333333335,0.14720128335793214,1.3313,1.8125,-0.0018382202447163828
pump-0060,healthy,100,129,NORMAL,4.54305,0.17674103607632652,4.2658,4.8423,0.0007973526140154155,91.26838333333333,4.046625595981863,81.41,99.2954,-0.25589368186874667,1.5152766666666666,0.1460206142600725,1.2401,1.806,-0.010110233592881013
pump-0060,healthy,110,139,NORMAL,4.516623333333333,0.18135141334498117,4.2863,4.8423,-0.018140400444938972,89.64506666666665,4.0380366775066445,81.41,99.2954,-0.337118620689659,1.5252766666666668,0.16119802662839547,1.2401,1.8892,0.011502580645161256
pump-0060,healthy,120,149,NORMAL,4.517146666666666,0.18935323381330338,4.2863,4.8921,0.010146740823136727,89.05470666666666,3.0768734138118568,81.41,95.6122,0.18328137931034302,1.5963633333333331,0.17521043059386873,1.2401,1.9043,0.010988631813125678
pump-0060,healthy,130,159,NORMAL,4.560313333333332,0.1926674522475333,4.2893,4.8921,0.010649032258064453,89.87942666666667,2.3044317695740575,85.2396,95.6122,0.1332704338153481,1.5878166666666667,0.18149538301443255,1.2328,1.9043,-0.012939199110122377
pump-0060,healthy,140,169,NORMAL,4.540683333333334,0.21880804994840158,4.1956,4.8921,-0.01850137931034494,89.84373666666669,2.569174310355156,85.0947,95.6122,-0.19646783092324835,1.5360833333333337,0.16202673664827325,1.2328,1.9043,-0.0064008231368187195
pump-0060,healthy,150,179,NORMAL,4.509996666666667,0.19239751294881352,4.1956,4.8515,0.0003413793103446794,88.79221333333335,2.3939407935777255,83.8178,92.4861,-0.05036974416018001,1.5532100000000002,0.16572334647437778,1.2328,1.914,0.014742402669632889
pump-0060,healthy,160,189,NORMAL,4.493049999999999,0.16483570153337532,4.1956,4.752,0.012891590656284608,89.3210166666667,2.9230204281511423,83.8178,95.0821,0.1753270967741915,1.5427133333333336,0.18438698206640175,1.1419,1.914,-0.006816507230255871
pump-0060,healthy,170,199,NORMAL,4.502213333333333,0.17816070598073958,3.9989,4.752,-0.01328302558398236,89.01241,3.3665526396547945,81.282,95.0821,-0.11438573971079175,1.4946966666666661,0.19064561448463013,1.1419,1.914,-0.014168698553948854
pump-0060,healthy,180,209,NORMAL,4.451783333333333,0.15785329704788836,3.9989,4.6369,-0.003759666295884398,88.41576333333335,3.429028875496514,81.282,95.0821,-0.24746778642936787,1.4509599999999998,0.13601680435397187,1.1419,1.7487,0.007525917686318115
pump-0060,healthy,190,219,NORMAL,4.486669999999999,0.18484541316101588,3.9989,4.7919,0.01574231368186866,88.33506666666668,3.3281746528022764,81.282,94.4907,0.20450576195772965,1.54219,0.13779858332605116,1.3105,1.8446,0.011063248053392614
pump-0060,healthy,200,229,NORMAL,4.531786666666667,0.156869036106202,4.2399,4.8085,-0.0011248498331479842,88.14379333333332,3.2212444607566746,82.8176,94.4907,-0.07251902113459686,1.5785400000000003,0.1093237168535111,1.4154,1.8446,-0.0033798887652947895
pump-0060,healthy,210,239,NORMAL,4.467779999999999,0.19790435299238202,4.1047,4.8085,-0.01867230255839833,87.86259333333332,3.3405498854662974,82.8176,94.4907,-0.21407368186874481,1.6108399999999998,0.14453192173357415,1.4154,1.9215,0.002943581757508304
pump-0060,healthy,220,249,NORMAL,4.46735,0.20279356786315159,4.1047,4.8085,0.007298709677419254,88.73327333333333,4.216693966994629,82.8176,95.293,0.3572930367074518,1.6549966666666667,0.1684406156153821,1.4154,2.043,0.014371323692992204
pump-0061,healthy,0,29,NORMAL,4.54209,0.0674815942807123,4.3799,4.6766,-0.004373637374861045,89.35172666666668,2.120685631100366,84.8286,93.7414,-0.18743421579533004,1.4337566666666663,0.12477885152897059,1.2291,1.7757,0.006676551724137903
pump-0061,healthy,10,39,NORMAL,4.525446666666667,0.09448129526819345,4.2937,4.7201,-0.00023488320355961832,89.02480666666666,1.9702651024558995,84.8286,92.9086,0.05818260289209965,1.5101966666666669,0.16148197315971696,1.2291,1.8718,0.011297196885428228
pump-0061,healthy,20,49,NORMAL,4.613706666666667,0.1569101567422864,4.2937,4.8545,0.01362380422691868,89.50166666666665,2.6049328850386066,84.8286,93.5074,0.13881592880978572,1.508153333333333,0.19234265731298977,1.0938,1.8718,-0.009410411568409384
pump-0061,healthy,30,59,NORMAL,4.602313333333333,0.17279154634671476,4.2937,4.8545,-0.002732280311457327,89.892,2.4356995929985574,85.086,93.5074,-0.09813557285873314,1.3848333333333334,0.2372122401750991,0.9688,1.8718,-0.020415127919911055
pump-0061,healthy,40,69,NORMAL,4.578506666666667,0.17110855021171664,4.3586,4.8545,-0.015633637374861075,89.85634666666668,2.4289849894874944,85.086,93.5074,-0.03234660734149285,1.3530900000000003,0.20872268899187743,0.9688,1.7075,0.006729321468298083
pump-0061,healthy,50,79,NORMAL,4.550553333333334,0.1405297565958502,4.3586,4.8159,0.010359555061178896,90.73396333333335,2.6510621781320456,85.086,94.7032,0.24019472747496975,1.42099,0.20666656131717745,0.9688,1.7082,0.01926685205784202
pump-0061,healthy,60,89,NORMAL,4.62589,0.13645957484422516,4.3866,4.8473,0.00938364849833133,91.15115666666665,2.8831570245922356,84.1556,96.1808,-0.0424901668520598,1.4822166666666665,0.15586988181029574,1.1269,1.7082,-0.007305161290322631
pump-0061,healthy,70,99,NORMAL,4.563766666666666,0.21731635516505016,4.155,4.8473,-0.020156084538376157,89.94256999999999,3.650759017076677,83.7367,96.1808,-0.31268763070078087,1.4794833333333333,0.17129181354895187,1.1269,1.8044,-0.0028496774193548843
pump-0061,healthy,80,109,NORMAL,4.454489999999999,0.22925413315067325,4.1226,4.8473,-0.012590945494994517,88.60512666666665,2.928470297605143,83.7367,96.1808,-0.024918887652951097,1.534056666666667,0.22606459354696737,1.1269,1.972,0.017292747497219093
pump-0061,healthy,90,119,NORMAL,4.45204,0.22888240153697553,4.1226,4.8188,0.021761245828698487,88.10453000000001,2.201873158343444,83.7367,91.8326,0.0864123025583968,1.6033166666666667,0.2026226691551455,1.2362,1.972,0.0025813793103448136
pump-0061,healthy,100,129,NORMAL,4.545156666666667,0.19872516143882954,4.1226,4.8188,0.010431746384872037,88.50533666666666,1.9035734981841093,84.6653,91.8326,-0.0694936373748631,1.5178033333333336,0.2501682040592334,1.0328,1.972,-0.02306849833147945
pump-0061,healthy,110,139,NORMAL,4.565423333333333,0.15114251482917998,4.2086,4.8188,-0.011585873192436142,88.57852333333334,1.7281573108725437,84.6653,92.4595,0.03753675194660555,1.4935633333333331,0.2260701107817858,1.0328,1.963,0.0006471857619577214
pump-0061,healthy,120,149,NORMAL,4.515833333333333,0.11518965617141538,4.2086,4.7399,-0.0029532369299222747,89.66606333333333,1.971754518947245,84.6653,92.5756,0.15190591768631648,1.4903133333333332,0.21831944444373763,1.0328,1.8966,0.01159497219132367
pump-0061,healthy,130,159,NORMAL,4.497259999999999,0.09173452494381092,4.2086,4.653,0.0010819132369298346,88.66518,3.4214160417776327,79.8615,92.5756,-0.22760026696329505,1.4823833333333336,0.22326344540823417,1.1171,1.8966,-0.019949477196885446
pump-0061,healthy,140,169,NORMAL,4.514123333333333,0.07391049850250557,4.3254,4.6616,-0.001995884315906604,87.64538666666665,3.4490407328930672,79.8615,92.5756,-0.24763234705228113,1.4137266666666666,0.17738013780829268,1.1171,1.8184,-0.00450843159065633
pump-0061,healthy,150,179,NORMAL,4.532299999999998,0.08019313353814436,4.3254,4.6748,0.004346918798665103,87.31482000000003,3.117100239474716,79.8615,92.8546,0.24095746384871972,1.4310866666666666,0.17797563266419994,1.1171,1.7446,0.01872177975528362
pump-0061,healthy,160,189,NORMAL,4.562679999999999,0.08785336419284118,4.3254,4.7104,0.004098687430478215,88.54408666666669,2.144430701411345,84.1409,92.8546,0.09244783092324568,1.4734766666666665,0.14603490378064496,1.164,1.7446,-0.0030155506117909175
pump-0061,healthy,170,199,NORMAL,4.5582699999999985,0.08820622105800324,4.3218,4.7104,-0.005227341490545191,88.69510333333334,2.0913843752378214,83.3215,92.8546,-0.16068731924360655,1.4849333333333334,0.14692765415521872,1.164,1.7446,-0.004343937708565113
pump-0061,healthy,180,209,NORMAL,4.5748033333333336,0.1141955500689741,4.3218,4.8536,0.002946496106785205,89.14389333333335,2.9869488230113497,83.3215,95.5828,0.1682623804226894,1.5495566666666665,0.20781470542021058,1.164,1.861,0.020798375973303636
pump-0061,healthy,190,219,NORMAL,4.624003333333333,0.14740411908159906,4.3218,4.9202,0.012031790878754119,91.01640333333333,3.991781432851197,83.3215,97.8277,0.33090640711901903,1.6248466666666666,0.16094253163439703,1.3656,1.861,0.004256596218019982
pump-0061,healthy,200,229,NORMAL,4.610049999999999,0.1560026426058226,4.3674,4.9202,-0.009026718576195844,91.21417666666667,3.7243442447123782,86.1041,97.8277,-0.18795308120133622,1.5865233333333335,0.2010458201228986,1.1741,1.861,-0.021399310344827623
pump-0061,healthy,210,239,NORMAL,4.564656666666666,0.15748791632658327,4.3674,4.9202,-0.010239087875417266,90.39299,3.6544752899561375,84.4838,97.8277,-0.21470582869855595,1.4423766666666669,0.16382757741669202,1.1255,1.723,-0.010090478309232535
pump-0061,healthy,220,249,NORMAL,4.533096666666667,0.1153133599757152,4.3674,4.7399,0.01010573971078969,89.10455666666665,2.0750579347226807,84.4838,93.3581,0.14516589543937475,1.37052,0.13342371953042434,1.1255,1.6938,-0.0008365739710790092
pump-0062,degrading,0,29,NORMAL,4.520923333333333,0.203699173101469,4.1696,4.9469,-0.008748275862069037,88.37767000000001,2.4945764681471156,83.2884,93.0836,-0.1479242936596234,1.7057666666666662,0.21154537154526032,1.3941,2.0344,-0.016013392658509484
pump-0062,degrading,10,39,NORMAL,4.4697700000000005,0.20242325319323703,4.1696,4.9469,-0.015846607341490685,87.35485333333332,2.741604021460592,83.2884,93.0836,-0.19878954393770992,1.6636299999999997,0.19343531761289098,1.3941,2.027,0.0006238264738598043
pump-0062,degrading,20,49,NORMAL,4.448426666666666,0.16406555586783664,4.1696,4.7247,0.015192436040044386,86.95786666666667,2.5304593464867637,83.2884,92.5844,0.11678531701890768,1.6818199999999999,0.2055268034426005,1.3898,2.0145,0.008370367074527225
pump-0062,degrading,30,59,NORMAL,4.486183333333333,0.16034312807919843,4.2163,4.7247,0.0025682091212457245,87.16255333333334,2.363528347440655,83.29,92.5844,0.016571256952167303,1.6306866666666664,0.23848334635544025,1.2759,2.0145,-0.018523381535038973
pump-0062,degrading,40,69,DEGRADATION,4.453833333333333,0.18298538618030558,4.1897,4.7247,-0.01812324805339283,87.04641000000001,2.393948660456192,81.8143,92.5844,-0.1391885873192449,1.6795099999999998,0.29905386510348486,1.2759,2.1379,0.005726473859844228
pump-0062,degrading,50,79,DEGRADATION,4.3262,0.13337797919196911,4.1351,4.6699,-0.008861223581757581,86.75129333333334,2.305399471087145,81.8143,93.2747,0.06941183537263516,1.7508666666666668,0.35579407464930546,1.2759,2.4455,0.025074749721913196
pump-0062,degrading,60,89,DEGRADATION,4.25831,0.0945176539065587,4.068,4.4389,-0.002676151279199216,85.93141666666665,2.937640527598448,77.8214,93.2747,-0.09083139043381677,1.8664400000000003,0.28481355023945054,1.3598,2.4455,-0.007558487208008924
pump-0062,degrading,70,99,DEGRADATION,4.144986666666666,0.17885157856601533,3.791,4.4389,-0.015441067853170306,84.98019000000002,3.1710038038818777,77.8214,93.2747,-0.2721933481646296,1.870083333333333,0.2655486196328064,1.4158,2.4455,-0.008135061179087945
pump-0062,degrading,80,109,DEGRADATION,4.067923333333334,0.15667313252614673,3.791,4.3827,-0.010476596218020068,83.41233666666669,1.9170697480761867,77.8214,86.7206,-0.04702195773081436,1.911493333333333,0.2248214075413836,1.4158,2.2813,0.015242625139043339
pump-0062,degrading,90,119,DEGRADATION,4.02278,0.12093271242030972,3.791,4.2415,0.0057274304783091635,84.31120333333335,2.3986874257231237,80.3107,89.0637,0.18468598442713946,2.041796666666667,0.17832806375392019,1.6691,2.3406,0.00737715239154615
pump-0062,degrading,100,129,DEGRADATION,3.999553333333334,0.14407887361519114,3.7388,4.2415,-0.009602313681868825,83.67627333333333,2.9199508028884473,78.9428,89.0637,-0.12388378197998064,2.1079266666666667,0.14987946475603503,1.8984,2.4187,-0.002436929922135735
pump-0062,degrading,110,139,DEGRADATION,3.88256,0.2052688425780526,3.4778,4.2415,-0.020115951056729822,83.10669333333333,3.0801971463888824,78.9428,89.0637,-0.22194642936596284,2.2200300000000004,0.2278089801419894,1.8984,2.6694,0.010687942157953219
pump-0062,degrading,120,149,DEGRADATION,3.864123333333333,0.17551107597211324,3.4778,4.1584,0.007716240266963196,81.44455333333335,1.4764677467373117,78.9428,84.5424,0.03256017797552644,2.29186,0.20803047949759668,1.8984,2.6694,0.007980778642936526
pump-0062,degrading,130,159,DEGRADATION,3.926593333333334,0.19852927900494238,3.4778,4.2114,0.016871101223581663,81.16660666666667,1.4963288187947044,77.7773,84.5424,-0.05567906562847904,2.2437933333333335,0.23535368552221336,1.8394,2.6694,-0.0214923692992214
pump-0062,degrading,140,169,DEGRADATION,3.94187,0.17786358658627502,3.5221,4.2114,-0.014660355951056794,80.06739999999999,2.1327985175976325,75.7596,83.6134,-0.1468662513904348,2.184703333333333,0.21546362644822956,1.8394,2.5885,-0.0019472969966629877
pump-0062,degrading,150,179,DEGRADATION,3.902926666666667,0.16414202170342887,3.5221,4.2114,-0.0061751279199110986,79.37723666666668,2.0460576722864428,75.2937,82.0781,-0.010376618464962727,2.25251,0.2807707633758662,1.8394,2.7096,0.028983559510567275
pump-0062,degrading,160,189,DEGRADATION,3.8583066666666666,0.13375472062282098,3.5221,4.0728,0.007298509454949835,78.42853333333333,2.2248780680198075,75.2937,82.0781,-0.05540418242491969,2.4051199999999997,0.218019790233211,1.9305,2.7096,0.007799110122358141
pump-0062,degrading,170,199,DEGRADATION,3.902723333333333,0.10060026734004682,3.6831,4.0728,-0.004101779755283784,77.42427,2.4397299662257703,73.3728,82.0781,-0.20286453837597518,2.3868666666666667,0.2378646566619112,1.838,2.7096,-0.014605250278086785
pump-0062,degrading,180,209,DEGRADATION,3.8205766666666667,0.1424169270916285,3.5455,4.0552,-0.012220444938820995,76.6772,2.034996584763719,73.3728,81.5415,0.030737797552835282,2.401596666666667,0.24534834485323562,1.838,2.7421,0.007632769744160121
pump-0062,degrading,190,219,DEGRADATION,3.8039166666666664,0.12309438406722255,3.5455,4.038,-0.00016157953281435348,77.22994666666666,2.4420916527618064,73.3728,81.4026,0.18063007786429103,2.46568,0.25236959853886254,1.838,2.824,0.01894669632925469
pump-0062,degrading,200,229,DEGRADATION,3.763873333333334,0.12536535388836725,3.5455,4.0178,0.0016855617352613283,76.72476666666668,3.2881561715074032,70.0378,81.4026,-0.1763764182424938,2.5798499999999995,0.12160463190191398,2.3724,2.824,-0.0028879866518354506
pump-0063,failure,0,29,NORMAL,4.637426666666666,0.14165729757254142,4.28,4.84,-0.01003844271412693,89.60094333333333,3.2066058598548643,83.7096,95.1459,-0.3205080533926612,1.5380799999999997,0.1395791971128458,1.358,1.932,-0.007350745272525022
pump-0063,failure,10,39,DEGRADATION,4.560966666666667,0.15001488222469428,4.28,4.803,-0.01179417130144612,87.70522333333335,2.1159279664303843,83.7096,92.7659,-0.11412691879866664,1.5323566666666673,0.1213188682311572,1.358,1.8492,0.0003696329254727166
pump-0063,failure,20,49,DEGRADATION,4.467976666666667,0.12616048954495315,4.1762,4.721,-0.006655328142380546,87.07405666666666,1.6036427656398067,83.7096,89.6594,-0.0011617575083445381,1.6381366666666668,0.22609833330261908,1.358,2.0657,0.022155350389321437
pump-0063,failure,30,59,DEGRADATION,4.376836666666666,0.1379958996572805,4.0668,4.61,-0.009657819799777588,86.48482333333331,1.9410358167197448,81.7025,89.7621,-0.10698342602892295,1.7837433333333332,0.18915398433257727,1.4077,2.1155,0.014560645161290303
pump-0063,failure,40,69,DEGRADATION,4.230913333333333,0.19692012379529816,3.88,4.569,-0.018467408231368308,84.32066333333333,3.1638871432130595,77.9148,89.7621,-0.27642836484983474,1.96284,0.17619224084315785,1.6731,2.4821,0.0123055394883203
pump-0063,failure,50,79,DEGRADATION,4.11459,0.14734017861171925,3.88,4.4033,-0.008519488320355997,83.16726,2.5952330763151132,77.9148,89.7621,-0.0770407119021144,2.059796666666667,0.18500050717648198,1.7089,2.4821,0.015717797552836425
pump-0063,failure,60,89,DEGRADATION,4.017946666666668,0.11979715837846724,3.7724,4.3992,-0.005619132369299345,81.46360333333334,2.5705177281996887,75.1302,86.0552,-0.051778798665184624,2.1873066666666663,0.15949974489704433,1.9013,2.5881,0.005734193548387023
pump-0063,failure,70,99,FAILURE,3.9491266666666665,0.12860842619707652,3.6465,4.178,-0.011134505005561844,81.64518000000001,2.539342750056924,75.1302,86.0552,-0.13481730812013426,2.2709199999999994,0.22961993293266159,1.7779,2.9142,0.009129922135706263
pump-0063,failure,80,109,FAILURE,3.889863333333334,0.10496625325418747,3.6465,4.1012,-0.0035615795328143443,79.69599666666667,2.7672812880133613,70.8346,84.0662,-0.13917403781980078,2.518783333333333,0.41438858259958,1.7779,3.4965,0.029075083426028877
pump-0063,failure,90,119,FAILURE,3.8953700000000007,0.1430721290119078,3.5933,4.252,0.007439799777530544,77.09904333333333,4.729690191311572,67.3993,84.0662,-0.4786026473859871,2.7958666666666665,0.416089900809375,1.7779,3.4965,0.03136707452725247
pump-0063,failure,100,129,FAILURE,3.865319999999999,0.1781844239358012,3.4703,4.252,-0.006584961067853209,74.07504333333334,4.397706191389881,65.312,81.1602,-0.2743627808676331,2.8872233333333335,0.2938543603934136,2.4317,3.4965,-0.017501646273637435
pump-0063,failure,110,139,FAILURE,3.8009700000000004,0.19583726092515352,3.4326,4.252,-0.012062091212458404,72.56928,3.359569246237778,65.312,78.4632,0.024978109010009755,3.1331233333333333,0.47705889551384417,2.4317,4.1363,0.028126473859844184
pump-0063,failure,120,149,FAILURE,3.62216,0.19587326787151604,3.2546,3.9825,-0.01360102335928817,73.91907333333334,3.265456381879194,65.312,78.6792,0.20754202447163275,3.272236666666666,0.5067783029315899,2.4317,4.1363,0.04046872080088982
pump-0063,failure,130,159,FAILURE,3.52145,0.2373729818239641,2.8715,3.8824,-0.013960511679644141,72.09059333333333,4.633383583799447,61.9057,78.6792,-0.3088281646273661,3.5339100000000006,0.25653838354782965,3.0835,4.1363,-0.007821779755283741
pump-0063,failure,140,169,FAILURE,3.2565866666666663,0.32281293317062476,2.731,3.8107,-0.027677597330367187,68.93258999999999,6.178768331328934,58.2392,78.6792,-0.531882202447166,3.5368800000000005,0.2541495431171708,3.0835,4.0582,0.011134638487207933
pump-0063,failure,150,179,FAILURE,3.28597,0.33996801825073686,2.731,3.8107,0.0012082091212457895,65.87771,3.5781531106004962,58.2392,72.7574,0.016865917686316213,3.804126666666667,0.4283204928814664,3.0835,4.5026,0.042202714126807477
pump-0063,failure,160,189,FAILURE,3.2945966666666666,0.38582090532899965,2.731,4.2319,0.020612525027808637,64.57001,3.5841237556154035,57.548,70.4598,-0.012006073414906423,4.091156666666667,0.3915102550239124,3.1732,4.8715,0.02758529477196882
pump-0063,failure,170,199,FAILURE,3.262326666666666,0.43008995798036903,2.5443,4.2319,-0.037470211345940085,62.24386333333333,5.42738285735604,48.7147,70.4598,-0.4348166629588443,4.21182,0.2680854408579474,3.6677,4.8715,-0.011764271412680865
pump-0063,failure,180,209,FAILURE,2.969993333333333,0.44402954025855335,2.5122,4.2319,-0.04214304783092339,59.65211,4.3397397836237435,48.7147,68.8611,-0.13170671857619803,4.29821,0.3771695687176613,3.6677,4.935,0.014225650723025498
pump-0063,failure,190,219,FAILURE,2.7439533333333332,0.15499230246119394,2.5122,3.1529,-0.0009436707452726237,57.85132666666667,3.8694758278896413,48.7147,63.1846,0.03500889877641676,4.454820000000001,0.46049797422645267,3.6677,5.3416,0.04063065628476071
pump-0063,failure,200,229,FAILURE,2.625033333333333,0.19402768588242475,2.2305,3.0032,-0.009357508342602955,56.52738333333334,3.8314705480692686,51.3894,62.6989,-0.3063640711902125,4.6893633333333336,0.36245786650159617,3.686,5.3416,0.016080778642936507
pump-0064,healthy,0,29,NORMAL,4.611249999999999,0.08545117806872722,4.442,4.819,-0.005848520578420582,91.81497333333333,3.7974611450224964,85.5799,99.3148,-0.34897850945495196,1.6111966666666666,0.1311366932716478,1.3355,1.8835,-0.005286829810901036
pump-0064,healthy,10,39,NORMAL,4.600606666666665,0.08153301962327215,4.442,4.8117,0.0020872525027807736,91.05326666666664,2.875459215190197,85.5799,97.3219,0.12731924360400335,1.6213133333333334,0.13116303527374712,1.3355,1.8547,0.010241112347052236
pump-0064,healthy,20,49,NORMAL,4.63999,0.10170627102920775,4.442,4.817,0.007957575083425966,92.38273000000001,3.4492966960575218,85.5799,97.3219,0.3540062513904317,1.6309066666666667,0.14452327594158973,1.2624,1.8547,-0.0016057397107898028
pump-0064,healthy,30,59,NORMAL,4.656876666666666,0.1020737402839514,4.4513,4.817,-0.0028279199110123627,93.39257666666666,2.629350396794276,88.3009,97.3219,-0.12994814238042468,1.5865266666666664,0.1664978356883022,1.2624,1.8547,-0.013655083426028973
pump-0064,healthy,40,69,NORMAL,4.572503333333333,0.17255935497355374,4.1712,4.817,-0.014370789766407314,92.58489,2.7592595103698856,88.3009,97.0719,-0.19622502780867843,1.5285166666666663,0.1442978010535465,1.2624,1.8457,0.00028843159065623043
pump-0064,healthy,50,79,NORMAL,4.575679999999999,0.1901146643475985,4.1712,4.905,0.007804538375973177,92.38674000000002,2.540480162174072,88.3009,96.3173,0.14857815350389145,1.5710933333333337,0.1421469801140902,1.3043,1.8311,0.012264738598442668
pump-0064,healthy,60,89,NORMAL,4.6417399999999995,0.21300224349366223,4.1712,4.944,0.02051897664071181,92.81794999999998,2.0102956243216235,88.7072,96.3173,0.06019699666295719,1.60584,0.13667923909650653,1.3751,1.9126,0.0013155506117908298
pump-0064,healthy,70,99,NORMAL,4.691239999999999,0.14960966011591637,4.3916,4.944,-0.007921913236930046,92.52724666666668,2.098827247890804,88.8461,96.3173,-0.21523101223581997,1.6318733333333335,0.12203762516353535,1.3751,1.9126,-0.002511902113459433
pump-0064,healthy,80,109,NORMAL,4.688243333333333,0.13510170658515847,4.3916,4.944,-0.004077219132369376,91.17257666666667,1.5033384284503462,88.508,94.4022,-0.1014993770856533,1.6875533333333332,0.16950354909427578,1.3751,2.0471,0.01338843159065627
pump-0064,healthy,90,119,NORMAL,4.7013,0.15432260149872196,4.3916,4.9776,0.011671101223581625,91.35967666666669,1.4891263471542264,88.508,93.8209,0.11267953281423454,1.7049233333333333,0.17870138720471335,1.2169,2.0471,-0.004263959955506159
pump-0064,healthy,100,129,NORMAL,4.734830000000001,0.12272886688414696,4.5243,4.9776,-0.005670678531702007,91.12126666666668,1.942608607574419,86.727,93.8209,-0.050797997775307135,1.5926300000000004,0.2648896136758354,1.152,2.0471,-0.025365005561735317
pump-0064,healthy,110,139,NORMAL,4.703563333333333,0.13084516927354328,4.5243,4.9776,-0.011960867630700882,91.37132666666668,2.179701990018106,86.727,96.7916,-0.05944756395995566,1.5030800000000002,0.20273594386130284,1.152,2.007,-0.001626251390433848
pump-0064,healthy,120,149,NORMAL,4.631546666666667,0.07098566866315728,4.516,4.7612,-0.002464115684093503,91.91192000000001,2.7305716130998396,86.727,96.7916,0.21945321468297882,1.5437933333333334,0.20784873655831757,1.152,1.8683,0.019994883203559483
pump-0064,healthy,130,159,NORMAL,4.652876666666668,0.08107980300639336,4.516,4.8597,0.0021381757508341283,91.79276333333334,2.786872776127791,87.5278,96.7916,-0.09637083426029167,1.5575466666666666,0.19337831614624104,1.1525,1.8683,-0.010935572858731984
pump-0064,healthy,140,169,NORMAL,4.593856666666667,0.1416169638692892,4.2513,4.8597,-0.00698280311457191,90.83107666666668,3.0844428786717515,85.9445,96.7803,-0.2833213570634066,1.5742800000000001,0.21372407195571894,1.1525,1.9611,-0.003351145717463894
pump-0064,healthy,150,179,NORMAL,4.596696666666667,0.1450972696350816,4.2513,4.8597,-0.002270500556173639,90.03563333333332,2.1223040871237613,85.9445,93.9755,0.13161526140155574,1.57335,0.21266569187341902,1.1525,1.9611,0.01734916573971075
pump-0064,healthy,160,189,NORMAL,4.556970000000001,0.12544495246920068,4.2513,4.7399,0.007071879866518291,90.29790666666666,2.153451854880645,85.9445,93.9755,0.07073401557285579,1.6595866666666665,0.1528350870128395,1.2832,1.9611,-0.001420645161290352
pump-0064,healthy,170,199,NORMAL,4.606166666666667,0.07472292969512255,4.4228,4.7399,-0.0009315684093438901,90.15575000000003,2.539975258114405,85.2105,93.9755,-0.17472335928809973,1.584356666666667,0.19657374474283745,1.1337,1.8575,-0.014241045606229207
pump-0064,healthy,180,209,NORMAL,4.58645,0.09143793432341604,4.2898,4.7204,-0.000889721913237034,90.50436666666668,3.129130933590917,85.2105,96.713,0.1361143047830905,1.5818166666666669,0.1935652380694656,1.1337,1.882,0.005860533926585063
pump-0064,healthy,190,219,NORMAL,4.582190000000001,0.08897209806075909,4.2898,4.7204,-0.001514015572858797,91.60068666666666,3.315178574147838,85.2105,96.713,0.25748213570633754,1.5875600000000003,0.1848645280559073,1.1337,1.882,0.010884004449388194
pump-0064,healthy,200,229,NORMAL,4.57913,0.10614552950234567,4.2898,4.79,0.0002703225806450861,91.51649333333333,3.44894867497651,84.4202,96.713,-0.27160373748609745,1.6437533333333332,0.10690862682164093,1.4204,1.882,-0.006661624026696397
pump-0064,healthy,210,239,NORMAL,4.543166666666667,0.10916252205872781,4.3408,4.79,-0.005069721913236996,89.77163666666665,3.2941358678195947,84.3832,95.6841,-0.2463430255839841,1.5854066666666669,0.10489312952821178,1.3547,1.7643,-0.002401468298109025
pump-0065,healthy,0,29,NORMAL,4.5094233333333325,0.11318181445012365,4.1428,4.7013,-0.006393125695217024,92.02305333333334,2.526974737735927,87.3497,96.541,-0.16578518353726654,1.4475699999999998,0.10588142156834379,1.1842,1.6552,0.00292914349276971
pump-0065,healthy,10,39,NORMAL,4.457486666666667,0.1153158264169417,4.1428,4.6429,-0.005979577308120323,91.52228666666664,2.1656547665364916,87.3497,95.6966,0.0381640044493857,1.4966666666666664,0.11281201866625538,1.218,1.7215,0.007580511679644018
pump-0065,healthy,20,49,NORMAL,4.4648699999999995,0.12885435744798604,4.1428,4.7255,0.004981690767519328,91.72976,1.8017778746930309,87.3497,95.1477,0.10391804226918532,1.532546666666667,0.13593603577500055,1.2124,1.8497,0.000405116796440423
pump-0065,healthy,30,59,NORMAL,4.4642366666666655,0.11813697553640394,4.2616,4.7255,0.0014526140155727162,91.21475333333335,2.223669811480313,86.3337,95.1477,-0.14246553948832233,1.5053633333333332,0.1632508774521255,1.1797,1.8497,-0.009862313681868759
pump-0065,healthy,40,69,NORMAL,4.432759999999999,0.13037606784478,4.2383,4.7255,-0.011388387096774347,90.21770333333333,2.0583354858531258,86.3337,93.9658,-0.12395517241379495,1.49476,0.17474015680432475,1.1797,1.8497,-0.0007256507230256003
pump-0065,healthy,50,79,NORMAL,4.423806666666667,0.11474289210617314,4.2383,4.6496,0.0036470745272523513,91.16638333333334,3.227702509224721,86.3337,97.6041,0.2988167519466067,1.5542833333333335,0.18063909153029112,1.1797,1.8525,0.015380177975528316
pump-0065,healthy,60,89,NORMAL,4.416259999999999,0.10610885794001056,4.2383,4.6496,0.0039628031145717245,92.07274,2.901995483295359,87.3585,97.6041,0.07326042269187652,1.6274966666666666,0.15598657737838287,1.2813,1.8525,0.0017197552836484885
pump-0065,healthy,70,99,NORMAL,4.397713333333333,0.12868937727031798,4.168,4.6496,-0.012576418242491722,91.67573333333333,3.521858974588404,85.0755,97.6041,-0.3114454282536179,1.6071866666666665,0.1795541918815103,1.2076,1.8525,-0.011138197997775353
pump-0065,healthy,80,109,NORMAL,4.342326666666667,0.10559526799162088,4.168,4.5493,-0.0010400444938821907,91.17359000000003,3.1379141027493604,85.0755,96.0484,0.11827810901000893,1.6335666666666668,0.20136177117042073,1.2076,1.9603,0.007180155728587277
pump-0065,healthy,90,119,NORMAL,4.376893333333332,0.13570078588161866,4.168,4.6458,0.01181610678531696,91.97234333333336,3.2680812709889713,85.0755,96.6084,0.3054210678531684,1.5867800000000003,0.1941801352696339,1.2076,1.9603,0.0001346829810900573
pump-0065,healthy,100,129,NORMAL,4.438283333333333,0.10993273726339316,4.1933,4.6458,0.003363626251390331,92.85507,2.183443317201831,87.5085,96.6084,-0.11931192436040237,1.5059199999999997,0.24751964689696856,1.0957,1.9603,-0.02591114571746389
pump-0065,healthy,110,139,NORMAL,4.444993333333334,0.1338579021035201,4.018,4.6458,-0.009040489432703119,92.02965333333331,2.575556945301131,86.8336,96.6084,-0.09155025583982461,1.4634699999999998,0.1983795909361646,1.0957,1.8481,0.009196774193548366
pump-0065,healthy,120,149,NORMAL,4.427760000000001,0.13941204060864568,4.018,4.5971,-0.000424649610678617,92.35805333333333,2.8068123422289726,86.8336,96.5393,0.18914736373748484,1.4930466666666666,0.20752135590236384,1.0957,1.8481,0.01547684093437149
pump-0065,healthy,130,159,NORMAL,4.415756666666667,0.13971116319830076,4.018,4.5971,-0.00019339265850954946,93.0124666666667,2.4980380687429253,86.8336,96.5393,0.08809170189098774,1.5547666666666664,0.1449934580899735,1.1902,1.8481,-0.01107070077864297
pump-0065,healthy,140,169,NORMAL,4.380296666666666,0.12132493693475473,4.1717,4.5971,-0.0073188209121247206,93.37957999999999,1.6535826878629307,90.5018,96.5393,-0.14030905450500888,1.4197466666666663,0.16558381711051626,1.1206,1.6738,-0.013102691879866542
pump-0065,healthy,150,179,NORMAL,4.398236666666666,0.1301915216986967,4.1717,4.6873,0.004470367074527138,93.12022666666668,1.3988743486421087,90.5018,95.9519,0.040742068965513356,1.4375900000000001,0.18571240552711246,1.1206,1.7548,0.009095995550611781
pump-0065,healthy,160,189,NORMAL,4.438273333333334,0.1436613632431799,4.1717,4.6873,0.011435061179087772,93.21999000000004,1.529310452971097,90.5018,95.8528,0.011261868743045737,1.4523099999999998,0.18409776994847055,1.1206,1.7548,0.009446696329254727
pump-0065,healthy,170,199,NORMAL,4.482223333333333,0.11026261585666997,4.262,4.6873,-0.005392146829811021,92.93339666666664,1.701598019604578,89.7605,95.8528,-0.12137181312569735,1.4879,0.1426004020564692,1.2856,1.7548,-0.011998042269188009
pump-0065,healthy,180,209,NORMAL,4.447710000000001,0.11109394327925055,4.2225,4.6585,-0.0045381312569523,93.66882000000001,2.5282345403331026,89.7605,98.9631,0.14400182424916383,1.4596599999999997,0.11621967590157298,1.2856,1.7026,0.0024672302558397846
pump-0065,healthy,190,219,NORMAL,4.480553333333334,0.14010091061643942,4.2225,4.7183,0.00973156840934362,94.64103333333333,2.9074778661620497,89.7605,100.3041,0.1962294104560623,1.4588233333333336,0.10591804908617898,1.2856,1.6648,0.004268409343715214
pump-0065,healthy,200,229,NORMAL,4.484123333333334,0.1360490859538898,4.2225,4.7183,0.00019205784204664132,93.21794666666666,4.728693668568049,84.0623,100.3041,-0.4284458731924377,1.438766666666667,0.1377797162946064,1.0918,1.6648,-0.0096218464961068
pump-0066,degrading,0,29,NORMAL,4.630063333333334,0.07544133916862536,4.4468,4.7882,0.00027561735261391444,88.85463333333334,2.346263593792384,84.0752,92.7864,-0.08378696329254977,1.5421500000000001,0.12770543906453893,1.3373,1.8208,-0.0025337263626251556
pump-0066,degrading,10,39,NORMAL,4.6109100000000005,0.09124700305580821,4.4281,4.7882,-0.006672146829811143,88.68517333333334,1.9731440464283274,84.0752,92.7864,-0.02146651835372838,1.6427266666666671,0.19791369656718782,1.3373,2.0114,0.014181490545050026
pump-0066,degrading,20,49,NORMAL,4.656286666666665,0.14324051971732335,4.4281,4.9661,0.010500467185761819,88.92406999999999,1.3804166707073138,86.3619,91.5505,0.08171170189098734,1.6893600000000002,0.20706335680977778,1.3373,2.0114,0.008811034482758611
pump-0066,degrading,30,59,NORMAL,4.662726666666667,0.14579544559263696,4.4281,4.9661,0.004429988876529399,88.14732000000001,2.1251711439160204,83.7656,91.5505,-0.1684730144605133,1.5862933333333336,0.33162777922778963,0.9361,2.0114,-0.030129610678531735
pump-0066,degrading,40,69,DEGRADATION,4.6226,0.1896101966315806,4.2442,4.9661,-0.019140066740823178,86.88889,2.29045565573752,82.5022,91.0672,-0.20848767519466127,1.428363333333333,0.25594932634323453,0.9361,1.9656,-0.012272547274749768
pump-0066,degrading,50,79,DEGRADATION,4.5292200000000005,0.13033202573939118,4.2442,4.7805,-0.0044224694104561466,86.42153000000002,2.03012604093933,82.5022,91.8751,0.09138413793103188,1.5179966666666662,0.3582705806913106,0.9361,2.1676,0.0370503893214683
pump-0066,degrading,60,89,DEGRADATION,4.5019800000000005,0.11050949702778179,4.2442,4.6503,0.005223314794215725,85.94690333333334,2.3179853337878464,81.9333,91.8751,-0.07066987764182699,1.7267833333333331,0.2681971576823455,1.2863,2.1676,0.01958827586206893
pump-0066,degrading,70,99,DEGRADATION,4.440576666666667,0.17464046435144656,4.0798,4.6503,-0.013720378197997842,84.82813333333335,3.11034177150286,80.0293,91.8751,-0.3061918131256974,1.8954666666666669,0.14453916501150205,1.6119,2.1676,-0.001442714126807614
pump-0066,degrading,80,109,DEGRADATION,4.365036666666667,0.16118413173207286,4.0798,4.6503,-0.009303248053392691,83.10399333333332,2.178259817826044,77.8897,87.525,-0.03407817575083565,1.9823333333333333,0.20943447079111777,1.6119,2.3824,0.019893748609566168
pump-0066,degrading,90,119,DEGRADATION,4.310553333333333,0.1196087503302144,4.0798,4.5718,0.007413659621801856,82.38957333333335,2.0069093292811093,77.8897,87.525,0.026683959955503878,2.0230333333333332,0.20574343461916078,1.6024,2.3824,0.0008871190211345789
pump-0066,degrading,100,129,DEGRADATION,4.305946666666667,0.11272197577323692,4.0719,4.5718,-0.00359595105672984,82.00476333333334,2.3125880564832317,76.9836,87.525,-0.10070938820912266,2.0677733333333332,0.20885267364553628,1.6024,2.3824,-0.008756840934371575
pump-0066,degrading,110,139,DEGRADATION,4.314526666666667,0.10301348110266378,4.0719,4.5718,-0.0016421357063404203,81.84837666666665,2.5971748459538793,76.9836,87.629,0.03852402669632657,2.0765366666666663,0.2193088788038966,1.6024,2.4615,0.014565361512791938
pump-0066,degrading,120,149,DEGRADATION,4.302026666666666,0.0980816902156338,4.0719,4.535,0.00492863181312562,83.81692333333334,4.190976975812309,76.9836,90.8666,0.3458407341490529,2.18616,0.17033340560989982,1.7411,2.4615,0.008557285873192388
pump-0066,degrading,130,159,DEGRADATION,4.258433333333334,0.14986331179518964,3.9557,4.535,-0.012227052280311616,84.44210000000002,3.9302501771939826,77.5232,90.8666,0.00901263626251292,2.1739733333333335,0.15613516992942006,1.926,2.4615,-0.011248720800889931
pump-0066,degrading,140,169,DEGRADATION,4.1582333333333334,0.16058037101574885,3.9368,4.535,-0.014726941045606295,83.87884666666666,3.9336479194875706,77.1609,90.8666,-0.3412830700778665,2.162536666666667,0.17713909126885446,1.926,2.6103,-0.0005073859844272069
pump-0066,degrading,150,179,DEGRADATION,4.086603333333333,0.09208833615369287,3.9368,4.2669,0.0011377753058953689,82.07463666666668,2.1763941002620726,77.1609,86.2279,-0.03322200222469705,2.25566,0.263683709015176,1.926,2.7623,0.02511942157953278
pump-0066,degrading,160,189,DEGRADATION,4.088393333333333,0.08525182278924524,3.9067,4.2635,0.0015224471635148806,80.30625,3.229606230667552,72.4716,84.3042,-0.20081639599555304,2.3389900000000003,0.22609539483737098,1.8719,2.7623,0.0013368854282535783
pump-0066,degrading,170,199,DEGRADATION,4.037186666666667,0.13376055156717748,3.7477,4.2635,-0.010690634037819826,78.43745666666668,3.9830083568146777,70.4097,84.0938,-0.3366788654060075,2.38905,0.21478652774324558,1.8719,2.7623,-0.009597441601779827
pump-0066,degrading,180,209,DEGRADATION,4.009383333333333,0.12131827859899026,3.7477,4.2181,-0.0015832480533927349,78.32212,3.970505784859153,70.4097,85.0325,0.22620876529477016,2.3835533333333334,0.20170894333723088,1.8719,2.7096,0.010002046718576112
pump-0066,degrading,190,219,DEGRADATION,3.9970833333333333,0.11102100426896203,3.7477,4.1859,0.008036195773081121,80.15948666666668,4.237864793637894,70.4097,86.5791,0.35931003337040945,2.5063233333333335,0.20402490482509456,1.9077,2.86,0.013319532814237997
pump-0066,degrading,200,229,DEGRADATION,4.010603333333333,0.09992674144369734,3.7865,4.1859,-0.005325228031145817,80.43447333333332,3.638020404829467,74.4487,86.5791,-0.28404093437152406,2.441563333333333,0.23225101145575708,2.0469,2.86,-0.014564961067853219
pump-0066,degrading,210,239,DEGRADATION,3.9638366666666665,0.10259971566995466,3.7464,4.1686,-0.007174349276974483,78.53584999999998,4.33361109689906,69.6818,86.5791,-0.2608800222469426,2.4647799999999997,0.25857503411324667,2.0469,2.86,0.0015930144605116367
pump-0066,degrading,220,249,DEGRADATION,3.9294766666666665,0.08590961406553338,3.7464,4.0744,0.001441401557285785,77.61866666666667,3.1550667139627264,69.6818,83.2182,0.2230443159065609,2.4513899999999995,0.2468805316342299,2.0469,2.897,0.0177621579532814
pump-0067,failure,0,29,NORMAL,4.544583333333334,0.15447998162293458,4.2394,4.7915,-0.007561401557285989,90.08339333333333,2.4357756921814926,85.0054,95.1885,-0.20787345939933466,1.4878766666666663,0.14564939108084943,1.2514,1.7489,-0.007007363737486112
pump-0067,failure,10,39,DEGRADATION,4.4779566666666675,0.1475345602072801,4.2394,4.7283,-0.01198302558398229,90.01545666666668,2.5038195112911437,85.0054,95.8389,0.12130827586206705,1.59702,0.24677325408830944,1.2514,2.1116,0.019495216907675163
pump-0067,failure,20,49,DEGRADATION,4.4106033333333325,0.12680423884432604,4.2394,4.7283,-0.003594193548387176,90.06552,2.7235237802523415,85.0054,95.8389,0.1161523470522777,1.6840899999999999,0.2384690970195789,1.2514,2.1116,0.01214031145717459
pump-0067,failure,30,59,DEGRADATION,4.311333333333334,0.16649294145865629,3.8985,4.5648,-0.012644360400445037,88.66015999999999,4.6185694813148945,77.9265,95.8389,-0.4239842491657427,1.7855133333333328,0.15233556759849473,1.4936,2.1116,-0.007979443826473902
pump-0067,failure,40,69,DEGRADATION,4.150006666666667,0.234781499744384,3.8386,4.5648,-0.02404845383759737,85.23031333333331,4.369138857008578,77.9265,93.0036,-0.43844133481646536,1.909056666666667,0.3009386744652287,1.4936,2.5217,0.025540667408231375
pump-0067,failure,50,79,DEGRADATION,4.095296666666667,0.18107137908079848,3.8386,4.4137,0.0026382869855393815,83.7813,2.9942111532088025,77.9265,89.5521,0.06492658509454662,2.0859633333333334,0.29590645535746973,1.5682,2.5217,0.023426095661846464
pump-0067,failure,60,89,DEGRADATION,4.04436,0.1732747232960807,3.7923,4.4137,0.002082936596217958,83.62330333333333,2.4933193517188186,80.1652,89.5521,0.019986140155727042,2.2104766666666666,0.18226208178212921,1.8684,2.5217,-0.006668765294772028
pump-0067,failure,70,99,DEGRADATION,3.9840299999999993,0.23687534436210675,3.5341,4.4137,-0.024783781979977833,81.50384333333332,4.866688288195119,72.5103,89.5521,-0.4963582869855413,2.190963333333334,0.20722406469541343,1.854,2.5892,-0.0009293659621802616
pump-0067,failure,80,109,FAILURE,3.881953333333334,0.1745052009412772,3.5341,4.2338,-0.0024262958843159982,79.89964333333333,4.346606006428719,72.5103,88.3257,-0.058004204671860134,2.3823333333333334,0.366014137553304,1.854,3.1135,0.03568631813125691
pump-0067,failure,90,119,FAILURE,3.838386666666667,0.1764881124105026,3.5341,4.2197,0.008366407119021042,80.18568333333334,4.610996907183472,72.5103,88.3257,0.40586921023359035,2.6559200000000005,0.3805712183897603,1.854,3.4004,0.03627528364849826
pump-0067,failure,100,129,FAILURE,3.8269066666666665,0.23262544563214818,3.3995,4.2197,-0.012161868743047855,80.32968333333335,5.448424308861129,68.2138,88.3257,-0.24278360400445187,2.8636100000000004,0.21661558785092083,2.5013,3.4004,0.0012551056729698871
pump-0067,failure,110,139,FAILURE,3.654923333333332,0.27449131216771794,3.2678,4.1282,-0.019846829810901166,76.79375333333334,6.755581599276916,66.2368,86.9271,-0.6246765739710824,2.971959999999999,0.2793793056044058,2.5079,3.582,0.011953681868742965
pump-0067,failure,120,149,FAILURE,3.579969999999999,0.22891016454787097,3.2678,4.0585,-0.005128654060066821,74.10279666666666,4.965278924658266,66.2368,86.22,-0.017172658509457123,3.1457399999999995,0.36946068315857367,2.5079,3.8529,0.025692858731924322
pump-0067,failure,130,159,FAILURE,3.4965466666666667,0.20779215534331952,3.0735,3.8869,0.002752169076751898,72.12874333333335,3.8559565465811754,66.2368,80.9008,0.02876593993325646,3.4419733333333324,0.34990997502532306,2.794,4.2017,0.027552569521690645
pump-0067,failure,140,169,FAILURE,3.4210399999999996,0.24960245137685114,3.0312,3.8869,-0.020524805339265987,72.00605666666668,3.7129030483511904,66.266,80.9008,-0.2252138598442726,3.5948233333333337,0.32307101972923674,2.9382,4.2017,0.010409721913236832
pump-0067,failure,150,179,FAILURE,3.3074066666666666,0.23182418040882238,2.792,3.8869,-0.0035435372636263432,70.04063,2.872689437693071,62.8872,74.6485,0.009459065628473696,3.732346666666667,0.2830464764349173,2.9382,4.2017,0.012605205784204609
pump-0067,failure,160,189,FAILURE,3.2383066666666664,0.20898813990803936,2.792,3.697,0.00047466073414899497,69.37503666666666,3.1868978403753223,62.8872,74.6485,-0.08277119021134852,3.7923933333333326,0.31113541203505307,2.9382,4.2201,0.019113014460511613
pump-0067,failure,170,199,FAILURE,3.1656500000000007,0.29676776189471793,2.5316,3.697,-0.017034816462736465,68.04058666666667,3.425752549998646,61.5399,74.6485,-0.138477997775308,3.978720000000001,0.23557760561366328,3.4177,4.3682,0.016169432703003316
pump-0067,failure,180,209,FAILURE,3.0184766666666665,0.2908304852009538,2.5316,3.6024,-0.020518331479421646,66.56861333333333,2.9404766987381863,59.1939,71.2658,-0.12339701890990024,4.08581,0.23280228714512233,3.4177,4.4025,0.013757797552836437
pump-0067,failure,190,219,FAILURE,2.816336666666667,0.266853612158843,2.3794,3.5389,-0.01825635150166861,63.504423333333335,4.942207240271181,50.9504,71.2327,-0.37813488320356103,4.252666666666667,0.2106735489382144,3.9234,4.7665,0.012131568409343702
pump-0067,failure,200,229,FAILURE,2.6741333333333333,0.21668961109281532,2.1672,3.1174,-0.010634972191323776,58.088910000000006,7.354777014446687,46.5442,71.2327,-0.7569086318131277,4.29236,0.23215851998149886,3.9166,4.7826,0.007094994438264686
pump-0067,failure,210,239,FAILURE,2.5886233333333335,0.20870823443798814,2.1672,2.9899,-0.003242736373748672,54.05818,5.137855885574579,46.5442,65.7338,-0.2678328364849854,4.4812433333333335,0.31061587605200663,3.9166,5.0435,0.019942580645161218
pump-0068,failure,0,29,NORMAL,4.566833333333333,0.12663084230242735,4.316,4.8614,-0.007375305895439487,93.14533666666668,3.6814715829844746,86.8344,98.7942,-0.27739272525028136,1.554976666666667,0.12772790528654612,1.2629,1.7371,-0.006868498331479447
pump-0068,failure,10,39,DEGRADATION,4.4884933333333334,0.16127447810763143,4.2255,4.8614,-0.015789677419354928,92.00687666666666,3.039272444701563,86.8344,98.2281,0.021358642936595614,1.5820566666666664,0.16417111131039128,1.2629,1.9788,0.010383070077864284
pump-0068,failure,20,49,DEGRADATION,4.417616666666666,0.09802739441378393,4.2255,4.5931,-0.0005032925472748247,91.25864,3.405318374405932,84.9839,98.2281,-0.010556573971080532,1.6787366666666665,0.1684196732042377,1.3213,2.0493,0.012740489432702999
pump-0068,failure,30,59,DEGRADATION,4.363153333333333,0.10259636359161188,4.1806,4.5772,-0.0010496551724138467,89.53048666666665,4.328308431611077,81.4218,98.2281,-0.4441072302558417,1.8097733333333332,0.15845433607895437,1.5475,2.1556,0.010236707452725187
pump-0068,failure,40,69,DEGRADATION,4.2796433333333335,0.17397538270941934,3.8933,4.5772,-0.015766073414905574,86.69212333333334,3.417735802904541,81.4218,94.0611,-0.2925692324805361,1.9644666666666664,0.22970349051669975,1.5798,2.4163,0.023968409343715233
pump-0068,failure,50,79,DEGRADATION,4.194073333333333,0.1388294347591878,3.8933,4.4335,-0.004677508342603029,85.25984,1.6058210621776423,81.4218,88.6886,0.055069232480531125,2.1854933333333335,0.2566038944019015,1.7235,2.6912,0.025315684093437128
pump-0068,failure,60,89,DEGRADATION,4.1355466666666665,0.12021678122828318,3.8933,4.3479,0.000805606229143387,84.32572,2.157920166950884,80.2138,88.6886,-0.12934496106785576,2.3342366666666665,0.16339658193759407,2.0015,2.6912,0.007796240266963279
pump-0068,failure,70,99,FAILURE,4.019783333333333,0.22630342180846988,3.497,4.3479,-0.02057221357063417,82.49312333333332,3.297653325794301,76.307,88.6886,-0.2933153058954419,2.5107533333333336,0.21968856855912092,2.2253,3.031,0.014041334816462726
pump-0068,failure,80,109,FAILURE,3.91349,0.2112631650335666,3.497,4.2758,-0.011863870967742017,80.89084666666666,2.654086771092628,76.307,86.7439,-0.008539132369300973,2.75441,0.3624918062062461,2.2387,3.5158,0.038836551724137906
pump-0068,failure,90,119,FAILURE,3.8859399999999997,0.18924637662757687,3.497,4.2153,0.013582914349276897,80.02338999999999,3.559976582914557,72.1847,86.7439,-0.014381156840936528,3.0690933333333335,0.35938884506277535,2.4314,3.8197,0.023974816462736335
pump-0068,failure,100,129,FAILURE,3.81165,0.26153246930352647,3.3664,4.2153,-0.014618976640712093,79.25323,4.046410981528364,72.1847,86.7439,-0.21761199110122545,3.228833333333333,0.29965008741678834,2.7584,3.8197,0.0015176863181311933
pump-0068,failure,110,139,FAILURE,3.6632033333333336,0.2970192636663301,3.2836,4.2153,-0.0277442269187988,77.27604666666666,4.043404531722686,69.9376,85.4976,-0.23205886540600815,3.216043333333333,0.31375089448301,2.7584,3.8197,-0.012717352614015649
pump-0068,failure,120,149,FAILURE,3.514746666666667,0.16564241754118686,3.2836,3.8117,0.0028670077864292923,75.73246666666667,3.179482760589981,69.3032,81.2279,-0.08592854282536232,3.197896666666666,0.24757639559448222,2.7628,3.8158,0.0031501001112346607
pump-0068,failure,130,159,FAILURE,3.438566666666667,0.20941350057296268,3.0279,3.8117,-0.006567163515016799,74.61362333333335,2.953541603756788,68.6264,81.2279,-0.08632705228031248,3.283866666666667,0.26018886900779514,2.7628,3.709,0.013277018909899756
pump-0068,failure,140,169,FAILURE,3.4377399999999994,0.24438165588548857,3.0279,3.8729,-0.007197508342602923,72.61610999999999,3.9935002966779236,64.8652,78.8659,-0.2942153281423817,3.6202799999999997,0.45309868858781743,2.9095,4.5931,0.04270998887652945
pump-0068,failure,150,179,FAILURE,3.2922266666666666,0.2403067469344592,2.8696,3.8729,-0.006819221357063454,70.68455999999999,3.780675186400792,64.8652,78.8659,-0.24568209121245932,3.787593333333333,0.3651340365156639,3.1237,4.5931,0.016063225806451517
pump-0068,failure,160,189,FAILURE,3.2635466666666675,0.22191668366503875,2.8696,3.8729,-0.00836858731924366,68.44663666666666,3.890005619746011,60.5447,78.8659,-0.17733448275862268,4.010886666666666,0.29746539824920065,3.3632,4.5931,0.004344115684093393
pump-0068,failure,170,199,FAILURE,3.1030700000000007,0.19492585624624897,2.6941,3.6245,-0.010969365962180233,64.07494333333335,6.392492395963843,53.4627,73.3429,-0.6093614460511682,3.9465933333333334,0.25139874162153014,3.5411,4.4112,0.009638175750834185
pump-0068,failure,180,209,FAILURE,3.069576666666667,0.15987723557641206,2.6941,3.3562,-0.007008743047831056,61.42192333333333,5.388591534942648,53.4627,71.7136,-0.3291607341490563,4.18907,0.3190859049952953,3.5648,4.9388,0.017309121245828656
pump-0068,failure,190,219,FAILURE,3.104826666666667,0.19471540759671677,2.6941,3.4356,0.016968987764182344,58.58806000000001,2.9745342502202474,53.4627,64.2653,0.09740747497218986,4.318436666666668,0.35722570967884654,3.5648,4.9388,0.027129054505005436
pump-0068,failure,200,229,FAILURE,3.092646666666667,0.21540963415986966,2.6297,3.4356,-0.009195773081201427,57.685093333333334,4.235246577940362,47.0349,64.2653,-0.3647585761957742,4.350703333333334,0.3483268297478996,3.567,4.9388,-0.02062582869855406
pump-0068,failure,210,239,FAILURE,3.043056666666666,0.2647921570884522,2.6224,3.4356,-0.0174679199110123,54.83487,3.9118231816848095,47.0349,61.2908,-0.27442622914349474,4.583339999999999,0.5465561200828328,3.567,5.5164,0.02730117908787529
pump-0069,degrading,0,29,NORMAL,4.433296666666667,0.1734852606291253,4.0609,4.7963,-0.01024513904338163,90.07553000000001,2.8340306978048075,86.1,96.2863,-0.253144894327033,1.425593333333333,0.197411605422669,0.995,1.7765,-0.012144071190211382
pump-0069,degrading,10,39,DEGRADATION,4.351256666666667,0.13217368795977838,4.0609,4.6427,-0.006842424916574012,88.90553,2.1350178923762373,86.1,93.5188,-0.04908215795328403,1.49835,0.30231024875117946,0.995,2.1178,0.02726680756395992
pump-0069,degrading,20,49,DEGRADATION,4.370376666666667,0.14955056822210852,4.0609,4.6516,0.009640556173526063,88.69255333333332,2.3031316389839493,83.6094,93.5188,0.12943786429365794,1.67443,0.2673065320937743,1.1933,2.1178,0.021438598442714108
pump-0069,degrading,30,59,DEGRADATION,4.29881,0.23149035739457194,3.8243,4.6516,-0.01122636262513917,87.11578666666666,4.079631019976629,79.6347,93.5188,-0.31357859844271563,1.8077433333333333,0.18109051269707335,1.4999,2.1178,-0.0017319911012236239
pump-0069,degrading,40,69,DEGRADATION,4.212186666666667,0.26478382721676097,3.7935,4.6516,-0.022840533926585246,84.80174000000002,4.38523329433376,78.4158,92.1736,-0.344271724137933,1.9204866666666667,0.2481530948605898,1.4999,2.3869,0.019645606229143457
pump-0069,degrading,50,79,DEGRADATION,4.07585,0.1509361691797783,3.7935,4.3634,-5.272525027885763e-06,83.66552999999999,3.325431451922192,78.4158,90.9423,0.15911784204671597,1.9504499999999996,0.24266390989734477,1.4999,2.3869,0.010238865406006652
pump-0069,degrading,60,89,DEGRADATION,4.05908,0.12595007847026798,3.7859,4.2865,-6.353726362636977e-05,83.41671333333333,3.5113530892172546,75.8382,90.9423,-0.06088271412680995,1.9961933333333335,0.19534291034542875,1.572,2.3869,-0.01183942157953284
pump-0069,degrading,70,99,DEGRADATION,4.004816666666668,0.15744345245904073,3.6929,4.2865,-0.012611813125695306,82.64806666666665,3.6995441975404972,75.8382,90.9423,-0.32047986651835664,2.0034566666666667,0.211395694821084,1.572,2.4795,0.01600896551724134
pump-0069,degrading,80,109,DEGRADATION,3.9285500000000004,0.14504122804683273,3.6929,4.2865,-0.008615150166852104,81.65745666666666,2.5254897151091757,75.8382,87.0892,0.09330404894326884,2.1981100000000002,0.27245010595214186,1.572,2.6,0.026319799777530545
pump-0069,degrading,90,119,DEGRADATION,3.8600733333333332,0.10952847706824419,3.6685,4.184,-0.004319644048943401,81.16995666666666,3.077186172537431,76.1514,87.0892,-0.0007971746384903151,2.2546699999999995,0.22293362711802808,1.7547,2.6,-0.007375461624026735
pump-0069,degrading,100,129,DEGRADATION,3.785816666666667,0.11506034672678894,3.6074,4.0236,-0.01042311457174648,79.58298666666668,4.883562921456243,68.1,87.0892,-0.4514600667408242,2.2467333333333332,0.21590489161253903,1.7547,2.6,-0.014011434927697497
pump-0069,degrading,110,139,DEGRADATION,3.695333333333333,0.12051305692284506,3.5172,3.9325,-0.009412591768631877,76.83766999999999,4.190926334129485,68.1,86.5815,-0.2958774860956626,2.2569333333333335,0.25473287228432495,1.7547,2.7152,0.020987808676306976
pump-0070,failure,0,29,DEGRADATION,4.479746666666667,0.15957497659581713,4.145,4.7622,-0.00998669632925483,86.56237666666667,2.5063035165602403,83.1723,94.171,-0.19987815350389446,1.5427733333333333,0.13410077040130017,1.2576,1.9562,-0.00448676307007789
pump-0070,failure,10,39,DEGRADATION,4.365113333333334,0.19469970336107062,4.0461,4.7622,-0.020261490545050154,86.47377,2.2961060267548623,83.1723,92.4357,0.11864473859844064,1.7237133333333332,0.3400568949782113,1.2576,2.4225,0.030102647385984414
pump-0070,failure,20,49,DEGRADATION,4.2476199999999995,0.09395289032275694,4.0461,4.4531,-0.00414865406006681,85.62530999999998,2.954278668231327,80.2372,92.4357,-0.037589922135708206,1.8925733333333334,0.2980642122466604,1.4024,2.4225,0.018606273637374836
pump-0070,failure,30,59,DEGRADATION,4.195163333333333,0.0934441704382295,3.923,4.3563,-0.0027063181312570062,83.05029333333331,5.387450100986756,74.5905,92.4357,-0.5622302558398239,2.05864,0.15361876100702454,1.6726,2.4225,-0.006263314794215823
pump-0070,failure,40,69,DEGRADATION,4.0329266666666665,0.26161924487485405,3.5396,4.3563,-0.02695523915461629,78.12018666666667,4.522740727091139,71.899,87.6441,-0.4710255839822032,2.2099333333333333,0.32212131496620267,1.6726,2.9123,0.029298242491657377
pump-0070,failure,50,79,FAILURE,3.90451,0.2214458795432117,3.5396,4.2797,-0.013352057842046754,76.48262333333331,2.578202871857752,71.899,82.6193,0.11068251390433566,2.493253333333333,0.362336048195901,1.841,3.0323,0.03689174638487203
pump-0070,failure,60,89,FAILURE,3.7809033333333337,0.25814343103958476,3.0291,4.4143,-0.0013029810901001714,74.43234333333334,5.409131508395984,60.5956,82.6193,-0.22902395995550776,2.6912333333333325,0.17091734519611781,2.3209,3.0323,0.0018627363737485545
pump-0070,failure,70,99,FAILURE,3.7639500000000004,0.26434443282707254,3.0291,4.4143,-0.013280155728587427,73.00305666666665,6.316654162539075,60.5956,82.6193,-0.49707726362625265,2.7809633333333332,0.1873129813677869,2.4152,3.1503,0.004091590656284674
pump-0070,failure,80,109,FAILURE,3.6895499999999997,0.2705479079571675,3.0291,4.4143,-0.010463737486095753,69.75267666666667,4.677464977576588,60.5956,78.9986,-0.15257047830923287,2.9640766666666662,0.35793098839798093,2.4152,3.7389,0.03607557285873192
pump-0070,failure,90,119,FAILURE,3.656926666666666,0.14943783754086143,3.2217,3.9715,0.0009725027808675027,68.44938,3.205191394846803,62.0107,75.571,-0.16554825361513,3.4042499999999993,0.4853006296788277,2.6075,4.3907,0.050742625139043325
pump-0070,failure,100,129,FAILURE,3.549793333333334,0.21184620511640567,3.1852,3.9715,-0.014907230255839836,67.88042333333334,2.2811703745640926,62.9184,70.709,-0.05341016685205933,3.610036666666667,0.3303108591244852,2.9902,4.3907,0.006228364849833003
pump-0070,failure,110,139,FAILURE,3.3240133333333337,0.32474648546554313,2.607,3.8542,-0.033219977753059085,64.03078000000001,5.12286276570695,53.668,70.709,-0.4258925027808691,3.8169866666666663,0.3375565777103974,3.2809,4.3907,0.003585761957730751
pump-0070,failure,120,149,FAILURE,3.2119600000000004,0.2705292523924169,2.607,3.7639,0.0025785984427140495,62.94913333333332,5.1471548441401636,53.668,70.709,-0.26845908787541795,3.92038,0.38369212432191857,3.2809,4.4223,0.035312925472747426
pump-0070,failure,130,159,FAILURE,3.0926666666666667,0.2853541873220406,2.607,3.7639,0.0005070967741934549,57.33784333333334,6.079840582377323,46.3441,69.1892,-0.3880348609566196,4.136243333333334,0.2692645312492696,3.2809,4.6501,0.010778353726362476
pump-0070,failure,140,169,FAILURE,3.0204133333333334,0.3126676304889196,2.6214,3.7639,-0.02535857619577312,57.495683333333325,6.127820716322311,46.3441,69.1892,-0.3142874527252514,4.309573333333334,0.35310212963894116,3.6701,5.1378,0.01760800889877632
pump-0070,failure,150,179,FAILURE,2.79909,0.17873307164596042,2.4499,3.2414,-0.013870500556173586,52.647190000000016,5.149312489018964,42.9782,61.708,-0.17549114571746618,4.584723333333334,0.5122651550927725,3.6701,5.438,0.04821061179087871
pump-0071,degrading,0,29,NORMAL,4.503470000000001,0.10116208825444448,4.3489,4.73,-0.003846073414905582,90.72853999999998,3.36299133585959,82.656,96.9757,-0.20059724137931279,1.6241933333333338,0.08868482746345185,1.3488,1.7406,0.0014264738598442285
pump-0071,degrading,10,39,NORMAL,4.511356666666667,0.10419914485680241,4.3489,4.73,-0.0018071412680757339,90.30891333333334,3.2511903601330725,82.656,96.5222,0.1709131924360374,1.658596666666667,0.11346061720066375,1.3488,1.9198,0.004600111234705186
pump-0071,degrading,20,49,NORMAL,4.553069999999999,0.13144206366304503,4.3489,4.7879,0.013664226918798542,92.50679000000001,2.8885772931035327,85.8848,96.6987,0.25127014460511454,1.685453333333333,0.12451393960338561,1.3987,1.9198,0.003168364849833104
pump-0071,degrading,30,59,NORMAL,4.607380000000001,0.11939898771206844,4.3426,4.7879,0.0011718798665182376,92.46641,2.9412004167629693,85.8848,96.6987,-0.12372433815350516,1.6034033333333333,0.18900412955512083,1.3189,1.9198,-0.014611368186874349
pump-0071,degrading,40,69,DEGRADATION,4.5309366666666655,0.19587450486358748,4.1186,4.7879,-0.019739110122358263,90.71129999999998,3.5611082778633207,84.3684,96.6987,-0.37229205784204983,1.5912066666666667,0.18882520829828017,1.3189,1.9287,-0.0011330367074527605
pump-0071,degrading,50,79,DEGRADATION,4.452886666666666,0.1695762065332935,4.1186,4.7413,-0.006526095661846558,89.18439666666667,2.2285539415329896,84.3684,93.9599,0.030080200222466824,1.6475633333333335,0.2362961933440505,1.3189,2.157,0.02459290322580643
pump-0071,degrading,60,89,DEGRADATION,4.42044,0.1328966631133629,4.1186,4.6855,0.007849788654059983,88.86652,2.280632062448187,84.3684,93.9599,0.05942220244716237,1.7061266666666663,0.20011941590515958,1.3455,2.157,-0.004162091212458322
pump-0071,degrading,70,99,DEGRADATION,4.404513333333335,0.14547700559042168,4.0778,4.6855,-0.010040845383759793,89.03274000000003,2.2024887071371477,85.0752,93.9599,-0.13694153503893342,1.7042366666666664,0.20456116686431197,1.3455,2.157,-0.007926740823136864
pump-0071,degrading,80,109,DEGRADATION,4.290543333333333,0.17593711884900498,3.9756,4.6643,-0.01673256952169087,88.05695333333333,1.9694702229674745,83.9792,91.8453,-0.07667243604004495,1.77124,0.2654851315359613,1.3455,2.3407,0.02347986651835369
pump-0071,degrading,90,119,DEGRADATION,4.270396666666667,0.16919665182529142,3.9756,4.7024,0.007093948832035551,87.56111666666669,2.0580373765772295,83.9538,91.6573,-0.06011454949944556,1.8980366666666668,0.22718533180839137,1.4798,2.3407,0.012979644048943195
pump-0071,degrading,100,129,DEGRADATION,4.177333333333333,0.23147391261699926,3.814,4.7024,-0.007808053392658598,85.91168666666665,3.298775770265219,79.4602,91.6573,-0.2558194883203579,1.9416133333333327,0.1695482384324755,1.6015,2.3407,-0.013051078976640772
pump-0071,degrading,110,139,DEGRADATION,4.11016,0.2621519236371662,3.7552,4.7024,-0.024264605116796588,83.62935333333333,3.6239052256493802,78.1122,91.6446,-0.352688142380424,1.9375133333333336,0.16660080978861483,1.6015,2.298,0.004990834260289151
pump-0071,degrading,120,149,DEGRADATION,4.023376666666667,0.16599195900872898,3.7552,4.327,0.0071620689655171954,81.82345333333335,2.21094801774161,78.1122,88.1953,-0.06885575083426147,1.9904566666666668,0.16303316162329948,1.7151,2.298,0.014998820912124542
pump-0071,degrading,130,159,DEGRADATION,4.0338,0.1619302113051587,3.7552,4.327,0.004654905450500404,81.22309999999999,1.9621050547817263,76.2628,84.1517,-0.01711799777530823,2.1541366666666666,0.17087454556551782,1.8765,2.5895,0.009553437152391528
pump-0071,degrading,140,169,DEGRADATION,4.02609,0.1641479055608082,3.6992,4.327,-0.010895862068965617,81.08561666666668,2.8591177660347538,74.5864,85.316,-0.046407897664071565,2.2489733333333333,0.18746565006836732,1.9589,2.5972,0.011127030033370375
pump-0071,degrading,150,179,DEGRADATION,3.983656666666667,0.14358893337889547,3.6992,4.2641,0.00329523915461612,81.67090000000002,3.138572471575785,74.5864,86.7773,0.13117268075639377,2.3905666666666665,0.18794903978354222,2.0036,2.6515,0.010238086763070023
pump-0071,degrading,160,189,DEGRADATION,4.020466666666667,0.15393713940725576,3.6992,4.2641,0.009962625139043267,81.8372,3.2884408850801434,74.5864,86.7773,0.06861615127919732,2.310013333333333,0.22991008783628628,1.9341,2.6515,-0.012378642936596304
pump-0071,degrading,170,199,DEGRADATION,3.97755,0.19663850038416525,3.6706,4.2641,-0.011154771968854324,80.54780333333335,3.6505676249485135,75.0461,86.7773,-0.3555611345939967,2.36174,0.24286778103870976,1.9341,2.6794,-0.0004936151279199901
pump-0071,degrading,180,209,DEGRADATION,3.9597133333333328,0.19148935346094023,3.6706,4.2289,-0.004802981090100213,78.77474,3.116267096447288,74.9216,86.0857,-0.16414740823136964,2.397743333333333,0.2855296256471861,1.9341,2.9158,0.028762202447163484
pump-0071,degrading,190,219,DEGRADATION,3.8941700000000004,0.16968074168861946,3.6243,4.2561,0.007026985539488244,79.1293,3.275509625488325,74.9216,85.9921,0.26539056729699473,2.579146666666667,0.19935959927282712,2.1718,2.9649,0.004249833147942097
pump-0071,degrading,200,229,DEGRADATION,3.8632766666666667,0.19990048638148822,3.5152,4.2561,-0.015354860956618553,79.57278000000001,3.0328668250133672,74.9216,85.9921,-0.021026696329257105,2.570803333333333,0.20169545439157077,2.2596,2.9649,-0.007916551724138018
pump-0072,healthy,0,29,NORMAL,4.493003333333333,0.1582481521394659,4.2148,4.824,-0.011583025583982274,87.85883333333335,3.0976361346822,81.8645,93.5902,-0.28623328142380716,1.582193333333333,0.14095585818104744,1.2943,1.7921,0.0001714794215794855
pump-0072,healthy,10,39,NORMAL,4.42374,0.10308472761115813,4.2148,4.6598,-0.0036559733036709095,87.80944666666669,3.429587719025261,81.8645,94.9585,0.10692605116796211,1.6032833333333336,0.14247862315293325,1.3575,1.8385,0.001594104560622894
pump-0072,healthy,20,49,NORMAL,4.455603333333334,0.12183177057821254,4.2148,4.6775,0.01181546162402662,88.62805999999998,3.879783192963236,81.8645,94.9585,0.33013321468297874,1.6090666666666666,0.12854567627457913,1.3928,1.8385,0.0013916796440489024
pump-0072,healthy,30,59,NORMAL,4.504396666666667,0.11679074016757013,4.2844,4.728,0.0015414238042268194,89.67521666666667,3.0294114251323183,83.5568,94.9585,-0.1541385317018934,1.5564933333333333,0.165008809731144,1.1894,1.8385,-0.012915461624026734
pump-0072,healthy,40,69,NORMAL,4.512436666666667,0.11368513970123309,4.2844,4.728,-0.006921713014460681,87.98463999999996,3.0974736992803247,82.7049,94.3792,-0.28126691879866794,1.4992200000000002,0.1583522326966058,1.1894,1.8101,-0.004727474972191346
pump-0072,healthy,50,79,NORMAL,4.532430000000001,0.13572223878200645,4.2844,4.7501,0.007119933259176848,88.24607999999998,3.223091957049939,82.7049,92.8565,0.20020836484983226,1.5168866666666667,0.1696434608884829,1.1894,1.841,0.010418242491657344
pump-0072,healthy,60,89,NORMAL,4.591836666666667,0.12619781689430634,4.2976,4.7611,0.011572169076751805,88.91463666666667,2.8380685079214634,82.7049,92.8565,0.18296714126807462,1.5083600000000001,0.18477075273610447,1.1784,1.841,-0.005399466073414937
pump-0072,healthy,70,99,NORMAL,4.56734,0.15404027308899876,4.2143,4.7611,-0.0114886763070079,89.69931333333332,1.918686246842413,85.5105,92.8565,-0.17725944382647588,1.5171566666666665,0.16365914717960484,1.1784,1.841,-0.009542981090100154
pump-0072,healthy,80,109,NORMAL,4.523696666666667,0.14089662282049992,4.2143,4.7611,-0.005893637374861014,89.05275666666667,1.7293446910478996,85.5105,93.2936,0.04977466073414619,1.5070433333333333,0.16194404524059813,1.1784,1.7905,0.009624894327029995
pump-0072,healthy,90,119,NORMAL,4.5066299999999995,0.12533847813022148,4.2143,4.7478,0.010932080088987663,89.1153,2.468156493687816,85.5105,94.6481,0.05396685205784066,1.5764033333333327,0.13247837932617113,1.3339,1.8677,0.0023474304783091962
pump-0072,healthy,100,129,NORMAL,4.476046666666666,0.1950575927486261,3.9843,4.7478,-0.012818197997775406,88.47101999999998,2.971556165760066,83.3459,94.6481,-0.20853575083426257,1.5586399999999998,0.14223747419954652,1.3655,1.8677,-0.008533837597330403
pump-0072,healthy,110,139,NORMAL,4.451516666666667,0.1989897988730969,3.9843,4.7478,-0.00910057842046722,88.48259,2.85585320436818,83.3459,94.6481,0.0011775528364827619,1.5325033333333336,0.1281957500162241,1.3655,1.8677,-0.002548631813125766
pump-0072,healthy,120,149,NORMAL,4.45482,0.21970347956583056,3.9843,4.917,0.013947675194660626,88.37349000000002,2.2892508460702454,83.3459,92.1965,0.14526947719688285,1.5702966666666665,0.1625185066042907,1.3655,2.0157,0.010651991101223536
pump-0072,healthy,130,159,NORMAL,4.554093333333333,0.14968711797909956,4.2643,4.917,0.0060642936596217575,88.47783666666665,2.2288238203864887,83.1375,92.1965,-0.17308714126807798,1.5258533333333335,0.20663767603115252,1.1248,2.0157,-0.01124391546162407
pump-0073,failure,0,29,NORMAL,4.385293333333333,0.16605986658096802,4.1114,4.6872,-0.014693303670745365,92.55241333333335,3.3824921455176926,86.9237,98.8699,-0.24366251390434157,1.5153833333333335,0.12204607349503527,1.3472,1.8799,-0.0066424694104560925
pump-0073,failure,10,39,DEGRADATION,4.291823333333332,0.14478425946520873,4.0823,4.585,-0.010700889877641914,92.52042333333333,3.25939176664229,86.9237,98.8699,-0.0351357730812021,1.5791266666666666,0.18030494342147757,1.3472,1.9413,0.015294860956618432
pump-0073,failure,20,49,DEGRADATION,4.195236666666666,0.10681780277130255,3.8903,4.4136,-0.0037017352614016476,92.10485666666665,2.5869999405596342,86.9237,96.667,0.13062347052280113,1.7388466666666667,0.23024204326944483,1.3697,2.0796,0.024148075639599538
pump-0073,failure,30,59,DEGRADATION,4.12353,0.15221949535676,3.8333,4.4136,-0.012407541713014576,90.55875666666667,4.611522422127956,82.1281,96.667,-0.4723041379310375,1.9948966666666665,0.21974916379565337,1.5336,2.4115,0.022537864293659598
pump-0073,failure,40,69,DEGRADATION,3.954356666666665,0.20920539139536748,3.5071,4.3276,-0.021307652947719777,86.41154999999999,4.984254704282945,79.5337,95.5788,-0.5240175083426046,2.12317,0.1762655556255958,1.742,2.4323,0.011191345939933183
pump-0073,failure,50,79,DEGRADATION,3.8640266666666667,0.1828050271616061,3.4173,4.1224,-0.005035639599555115,83.61204666666666,2.6659822329657197,77.1145,89.2098,-0.0247322358175763,2.3641599999999996,0.2816846376121117,1.8972,2.9048,0.022306829810900937
pump-0073,failure,60,89,FAILURE,3.77135,0.2026996986513136,3.4151,4.114,-0.003508453837597423,82.71752666666666,2.7893792244790867,76.8998,87.8451,0.009958264738596958,2.4572533333333335,0.31608516123911223,1.8972,2.9048,0.014401824249165689
pump-0073,failure,70,99,FAILURE,3.729776666666667,0.28672799035942687,2.8803,4.1612,-0.016245672969966717,80.92899666666668,4.280278079165988,72.3452,87.8451,-0.34999583982202653,2.622813333333333,0.3373033577590884,1.9684,3.2143,0.003501890989988831
pump-0073,failure,80,109,FAILURE,3.648946666666667,0.2675158446813114,2.8803,4.1612,-0.006458331479421682,78.13655,3.7903099576639714,72.3452,86.8839,-0.27201546162402906,2.770123333333333,0.4201899980432133,1.9684,3.4868,0.027570656284760832
pump-0073,failure,90,119,FAILURE,3.6628733333333328,0.26403606058432416,2.8803,4.1612,0.003942869855394834,76.10065333333334,2.629482210212158,70.1534,81.6185,-0.035525828698555466,3.0089133333333336,0.37656828750647015,1.9684,3.4868,0.029461312569521673
pump-0073,failure,100,129,FAILURE,3.619923333333334,0.22081102581669745,3.2388,4.136,-0.008652258064516218,74.55058000000002,3.188102598558167,68.2444,81.6185,-0.18283519466073697,3.2068733333333337,0.1850383544625876,2.6983,3.4868,0.004170011123470511
pump-0073,failure,110,139,FAILURE,3.467573333333333,0.3137921742526767,2.8205,4.136,-0.02745503893214688,72.50800333333333,3.9186256533367527,63.0355,79.9946,-0.3394534593993349,3.385496666666667,0.2894539439281413,2.8898,4.1053,0.021412080088987623
pump-0073,failure,120,149,FAILURE,3.296456666666667,0.24580643968148777,2.8205,3.8442,-0.010424671857619645,69.9232,3.324099493396671,63.0355,75.3025,-0.19236026696329334,3.631096666666667,0.3902477875088538,2.8898,4.3572,0.0359690545050055
pump-0073,failure,130,159,FAILURE,3.10072,0.2552383270592409,2.6058,3.5374,-0.012717330367074644,67.09978,5.831599936232481,52.5795,74.9324,-0.40888480533926824,3.8955199999999994,0.31209755675643036,3.1554,4.3572,0.024279911012235735
pump-0073,failure,140,169,FAILURE,2.968083333333334,0.262379337452899,2.4251,3.5374,-0.019846251390433903,64.41833333333334,6.1923873251131685,52.5795,74.1609,-0.3164900556173546,4.102976666666667,0.28210081966480627,3.4267,4.7641,0.020671701890989942
pump-0073,failure,150,179,FAILURE,2.96186,0.24679696189378023,2.4251,3.3984,0.014605739710789687,64.06398666666666,5.883028041280177,52.5795,74.1609,0.1233789098998877,4.268150000000001,0.29567941958592026,3.758,4.902,0.024013815350389208
pump-0073,failure,160,189,FAILURE,2.9673866666666666,0.23658968381755127,2.4251,3.3984,0.007563781979977722,61.15819666666666,6.7472748846470525,46.0451,72.3225,-0.3285745717463863,4.490189999999999,0.3054517718069418,3.7636,5.014,0.02426703003337035
pump-0073,failure,170,199,FAILURE,2.853476666666667,0.3681768684417254,1.9869,3.3984,-0.036918687430478395,58.02886,7.439163543956627,46.0451,72.3225,-0.7387038487208029,4.719430000000001,0.3019747297926323,4.1315,5.4155,0.023068320355950998
pump-0074,failure,0,29,NORMAL,4.651786666666666,0.12989539056059266,4.4448,4.9283,-0.00576378197997785,90.66453000000001,2.763663520902402,86.3248,97.2817,-0.14545799777530785,1.3571733333333331,0.2465852427773316,0.8122,1.7136,-0.017102914349276997
pump-0074,failure,10,39,DEGRADATION,4.5887166666666666,0.13456720522557583,4.2753,4.8785,-0.011579644048943384,90.96095666666665,2.913636770851087,86.3248,97.2817,0.01491463848720626,1.3437400000000002,0.2315183817036277,0.8122,1.695,0.006232703003336996
pump-0074,failure,20,49,DEGRADATION,4.5463233333333335,0.1065407017163968,4.2753,4.7549,-0.0006658731924361597,90.07493999999998,2.4957695669004902,85.0754,94.9264,-0.038567341490546594,1.4318400000000002,0.24542578593130757,0.8122,1.7661,0.0241684983314794
pump-0074,failure,30,59,DEGRADATION,4.447333333333333,0.19412228849075758,3.9924,4.7549,-0.014949276974416073,87.67434000000002,4.835458870579571,78.9413,94.9264,-0.5076578420467206,1.6513066666666665,0.20480876109732762,1.4454,2.2782,0.017138153503893163
pump-0074,failure,40,69,DEGRADATION,4.264819999999999,0.291637824935884,3.7341,4.7549,-0.03121935483870973,83.98038666666665,3.7760656624528606,78.9413,93.0562,-0.35731555061179227,1.8415599999999999,0.2764515576612534,1.4454,2.4024,0.024719243604004435
pump-0074,failure,50,79,DEGRADATION,4.140796666666667,0.18338733777323762,3.7341,4.5653,-0.0025556618464962285,81.78429,1.769628042715945,78.8728,85.1265,-0.0221801779755298,1.984883333333333,0.24469261817408566,1.4454,2.4024,0.015460222469410428
pump-0074,failure,60,89,DEGRADATION,4.116713333333332,0.15999045749321705,3.7341,4.3932,0.009707630700778552,81.59087000000001,2.4127386728432354,73.6034,85.6352,-0.04670142380422813,2.1168233333333335,0.18811786851746848,1.6919,2.4915,0.008800378197997727
pump-0074,failure,70,99,FAILURE,4.09138,0.18897660595957377,3.6389,4.3932,-0.016826295884316042,78.66202333333334,5.006795013225082,68.9629,85.6352,-0.46196723025584124,2.221813333333334,0.1870471540072776,1.8726,2.6001,0.01596596218020019
pump-0074,failure,80,109,FAILURE,4.035213333333334,0.1850238538375225,3.6389,4.3932,-0.008195061179087972,78.23971333333333,4.888986063301424,68.9629,86.2232,-0.04465397107897906,2.377583333333333,0.21516315372810055,1.9685,2.9446,0.017598375973303642
pump-0074,failure,90,119,FAILURE,4.031453333333333,0.17945408648329952,3.6389,4.3491,0.012719288097886448,77.41199999999999,4.239968767652264,68.9629,86.2232,0.2873045161290297,2.63183,0.31979374305949143,2.2245,3.5247,0.02721795328142379
pump-0074,failure,100,129,FAILURE,3.9818033333333336,0.2573681960192871,3.2727,4.3491,-0.01454253615127928,75.25786333333335,7.261690048764284,59.2305,86.2232,-0.6933529032258083,2.704956666666667,0.35421184215412993,1.9494,3.5247,0.007019777530589472
pump-0074,failure,110,139,FAILURE,3.837046666666666,0.3050572730197106,3.2727,4.3491,-0.024534682981090183,69.90011666666666,7.181405821753998,59.2305,84.631,-0.689492213570636,3.025193333333333,0.47391956274831654,1.9494,3.8629,0.026154705228031115
pump-0074,failure,120,149,FAILURE,3.58593,0.2493428284511106,3.113,4.0557,-0.011356640711902222,68.28222666666667,5.734449626304361,59.2305,79.6809,0.28121281423804084,3.1458133333333325,0.48543379138892073,1.9494,3.8629,0.0346451612903225
pump-0074,failure,130,159,FAILURE,3.4798799999999996,0.2454998892056776,2.9296,3.9592,-0.00938157953281436,67.65662,5.619170292216932,59.6869,79.6809,-0.04470469410456254,3.436313333333333,0.22831815044411652,2.9446,3.8629,2.0155728587222657e-05
pump-0074,failure,140,169,FAILURE,3.341546666666667,0.23682336981153043,2.9296,3.7611,-0.010890456062291531,67.72362333333335,5.623809906915615,60.3972,79.6809,-0.42987726362625395,3.505703333333334,0.2473558603622634,3.0288,4.0916,0.015847141268075567
pump-0074,failure,150,179,FAILURE,3.33799,0.25281349298115663,2.9296,3.805,-0.0007494771968855332,61.937153333333335,5.113230293837958,48.3432,70.0431,-0.39596111234705417,3.747226666666667,0.3407050757212493,3.2606,4.6387,0.02861428253615127
pump-0074,failure,160,189,FAILURE,3.24424,0.24802099319748455,2.8494,3.805,-0.0016771078976641446,60.245993333333324,5.265370721923469,48.3432,70.0431,-0.34080093437152514,3.7826299999999993,0.3417713047736259,3.1356,4.6387,-0.0032608898776418857
pump-0074,failure,170,199,FAILURE,3.1405366666666668,0.31701299498425756,2.5584,3.805,-0.021843492769744188,56.470656666666656,4.721670860312292,48.3432,65.4282,-0.27172509454950106,3.8916533333333327,0.3398523304155628,3.1356,4.6387,-0.0003981312569522457
pump-0074,failure,180,209,FAILURE,2.95034,0.24033013765790315,2.5584,3.6185,-0.01307096774193559,55.69968666666667,4.72653582289985,45.7542,65.4282,-0.2494311457174657,4.047490000000001,0.45211292494243066,3.1356,4.9837,0.042993615127919826
pump-0074,failure,190,219,FAILURE,2.8645466666666666,0.2321891208093571,2.3419,3.3058,-0.0029962625139044047,56.79621000000001,5.824838044978876,45.7542,70.8415,0.4643027141268066,4.414460000000001,0.3528419075639023,3.8762,5.1238,0.031467363737486015
pump-0074,failure,200,229,FAILURE,2.824823333333333,0.20926596901763284,2.3419,3.3058,-0.005041579532814305,56.09277333333334,6.436741491154943,43.7461,70.8415,-0.07172177975528513,4.732886666666667,0.3805058280178578,4.1996,5.8737,0.02687830923248038
pump-0075,failure,0,29,DEGRADATION,4.4882599999999995,0.17432715718824,4.0546,4.6884,-0.011119243604004589,89.78083000000001,2.737445017670066,84.9441,94.6244,-0.19513421579533022,1.6840633333333335,0.14591130292825918,1.443,2.0858,0.006076685205784166
pump-0075,failure,10,39,DEGRADATION,4.3484533333333335,0.22684489375390895,4.0546,4.6884,-0.02262313681868759,89.08012333333333,2.717441769223808,84.9441,94.6244,-0.21098622914349616,1.8511266666666664,0.26506799873910764,1.443,2.3212,0.024536329254727453
pump-0075,failure,20,49,DEGRADATION,4.232716666666667,0.17013019932458268,4.0546,4.6884,-0.007512502780867698,86.65244666666668,2.0574232720781804,81.3138,90.1609,-0.11430180200222621,1.9857233333333335,0.24493629332724232,1.443,2.3212,0.01819276974416016
pump-0075,failure,30,59,DEGRADATION,4.068713333333333,0.2087961234208039,3.5193,4.3448,-0.014326496106785384,83.09559333333333,5.619977479132418,71.7828,90.1609,-0.600512836484985,2.22095,0.22277508650355557,1.8612,2.7199,0.015287719688542782
pump-0075,failure,40,69,FAILURE,3.8400933333333334,0.35711036943157437,3.1943,4.3448,-0.036426295884315986,80.53380999999999,4.559992536861583,71.7828,88.1223,-0.22706075639599818,2.3917166666666674,0.3192001619499728,1.9468,2.9698,0.027488253615127883
pump-0075,failure,50,79,FAILURE,3.6942,0.26082947174990273,3.1943,4.2226,-0.006373837597330456,77.48570666666666,3.9592605212702146,67.5897,85.411,-0.08303421579532905,2.699526666666666,0.3179327055980382,2.0899,3.1407,0.027297441601779694
pump-0075,failure,60,89,FAILURE,3.63021,0.2097157701111991,3.1943,4.2226,0.008654883203559437,77.28362999999997,3.9240530662526307,67.5897,85.411,-0.27120028921023576,2.891439999999999,0.25256290252793134,2.096,3.3613,0.012880978865405953
pump-0075,failure,70,99,FAILURE,3.4872766666666664,0.3754386427308137,2.7479,4.2226,-0.036619466073415013,72.18952333333333,5.637654430209034,61.8483,79.7277,-0.5304820244716374,3.1114166666666665,0.25365951993874697,2.7077,3.688,0.016374082313681784
pump-0075,failure,80,109,FAILURE,3.3054466666666666,0.3001600614487026,2.7479,3.7588,-0.01915101223581766,71.12480666666667,5.012845343111589,61.8483,79.5927,-0.17314571746384996,3.477983333333334,0.5414032268610481,2.7077,4.5363,0.053290255839821964
pump-0075,failure,90,119,FAILURE,3.1817633333333335,0.19524524831321477,2.7479,3.5199,0.0105732814238042,68.02213,4.379316709270979,60.93,76.9284,-0.03828068965517507,3.876253333333333,0.5059302460045477,2.7077,4.6338,0.04744907675194654
pump-0075,failure,100,129,FAILURE,3.2567633333333337,0.1412820169810094,3.0025,3.5199,-0.0014922580645162459,65.38157666666666,6.835614884640754,52.5871,76.9284,-0.7179812013348195,4.203776666666667,0.30653936743734705,3.4935,4.6338,0.015046829810900905
pump-0075,failure,110,139,FAILURE,3.033943333333333,0.37960812836690183,2.2323,3.5199,-0.037108053392658574,59.826456666666665,5.3139390306177035,52.5871,70.9364,-0.5151837374860967,4.323653333333334,0.3107348320066841,3.5149,5.0417,0.018868253615127846
pump-0075,failure,120,149,FAILURE,2.824716666666667,0.36169143578777513,2.2051,3.447,-0.028028409343715293,57.07667333333334,2.8304738583181117,52.5775,63.6814,-0.03546313681868881,4.558103333333333,0.3437440602961582,4.0314,5.1731,0.030595617352613996
pump-0076,failure,0,29,NORMAL,4.576533333333334,0.1195402479873991,4.3531,4.8847,-0.00468738598442721,88.19992333333334,3.347355087795272,80.664,94.9747,-0.16669159065628797,1.3797133333333333,0.18992976549825527,1.0387,1.6552,-0.011638175750834296
pump-0076,failure,10,39,DEGRADATION,4.547086666666667,0.09991474943948735,4.3531,4.8847,-0.006150834260289302,87.49879000000001,3.414541410433715,80.664,94.9747,-0.115371946607343,1.4766,0.29803807586727354,1.0387,2.2339,0.018343003337041152
pump-0076,failure,20,49,DEGRADATION,4.490143333333333,0.06466132117081703,4.3531,4.6059,-0.0017395995550612562,86.48368666666667,2.560381434048885,80.664,92.3768,0.07322785317018837,1.63733,0.3516477282262273,1.0685,2.3737,0.031227252502780852
pump-0076,failure,30,59,DEGRADATION,4.398013333333334,0.16933265432934727,3.863,4.5702,-0.014777619577308299,84.18634333333333,4.552507793050868,76.6527,92.3768,-0.3632159510567316,1.7848633333333332,0.20791865634318518,1.5407,2.3737,-0.005150767519466089
pump-0076,failure,40,69,DEGRADATION,4.1684,0.2881738179178208,3.7367,4.5234,-0.0311984427141269,81.46610666666669,4.153631812035771,75.6921,89.8937,-0.34962193548387344,1.8992399999999998,0.2629373126811788,1.5412,2.422,0.009467853170189063
pump-0076,failure,50,79,DEGRADATION,4.030376666666667,0.21269731025306576,3.7367,4.472,-0.009002602892102418,79.91489333333334,2.353163725559462,75.6921,84.9883,0.18996573971078815,2.0932800000000005,0.36332400177619245,1.5412,2.7143,0.03612093437152388
pump-0076,failure,60,89,DEGRADATION,4.009673333333334,0.17373547504435846,3.7367,4.2968,0.015371746384871947,79.05740333333333,3.4126116017387953,71.6019,84.9883,-0.14695828698554153,2.2975566666666665,0.22993153572796884,1.7558,2.7143,0.009647319243603937
pump-0076,failure,70,99,FAILURE,3.9781100000000005,0.2223343223616183,3.5311,4.2968,-0.014819777530589641,77.19619666666667,4.418053478285307,68.7307,84.9883,-0.38829781979977984,2.368790000000001,0.15955633769925906,2.0182,2.7143,-0.006693325917686379
pump-0076,failure,80,109,FAILURE,3.770549999999999,0.35220119321206167,2.8442,4.2968,-0.0364716129032259,77.10695333333335,5.441333600245032,68.7307,88.8638,0.28405112347052197,2.534676666666667,0.36514585002282157,2.0182,3.3809,0.031698220244716295
pump-0076,failure,90,119,FAILURE,3.557143333333334,0.2265669432836328,2.8442,3.985,-0.012399844271412783,77.36996666666666,5.815662735082067,68.191,88.8638,0.16935479421579364,2.72389,0.37168487669888683,2.1931,3.3809,0.027045317018909866
pump-0076,failure,100,129,FAILURE,3.5489933333333337,0.2303930307587932,2.8442,3.9243,0.010777753058954311,75.98425333333331,7.37074961600394,63.0972,88.8638,-0.5875965294771993,3.026649999999999,0.2976599052050287,2.3665,3.4542,0.015711390433815305
pump-0076,failure,110,139,FAILURE,3.5168000000000004,0.22896281066292548,3.0719,3.9243,-0.007768631813125793,72.60222666666667,5.986843553656263,62.1295,82.4593,-0.25590825361512914,3.2336133333333335,0.38396408229011325,2.3665,4.0621,0.03803434927697436
pump-0076,failure,120,149,FAILURE,3.5430366666666666,0.22321918896506687,3.0719,3.9243,-0.0030897219132370013,69.73424666666666,4.821436280109439,62.1295,81.3376,-0.04275434927697592,3.53082,0.3257055565998223,3.002,4.1555,0.024148298109010022
pump-0076,failure,130,159,FAILURE,3.4054266666666666,0.1873043315628932,3.0719,3.7208,-0.0003299666295885066,66.89656000000001,6.025714159477972,57.5318,81.3376,-0.4605474082313691,3.6102833333333337,0.3393450123235775,2.926,4.1555,-0.0018695661846496992
pump-0076,failure,140,169,FAILURE,3.341346666666667,0.2280498187287643,2.9427,3.7208,-0.019191368186874325,60.867266666666666,7.298310010421743,46.0651,73.2175,-0.6169977308120155,3.6874099999999994,0.36599952673011305,2.926,4.2046,0.006400289210233511
pump-0076,failure,150,179,FAILURE,3.1747999999999994,0.18534553317160535,2.7816,3.5581,-0.008655617352614057,57.89855,5.109146062879132,46.0651,64.7063,-0.02732273637375019,3.869836666666666,0.4684612630611936,2.926,4.9011,0.04225595105672963
pump-0076,failure,160,189,FAILURE,3.110296666666667,0.16932341732777412,2.7816,3.5581,-0.0017116573971079564,57.59339333333334,4.881542819842469,46.0651,63.5774,0.3126490322580635,4.096826666666667,0.34234116115685276,3.3487,4.9011,0.016869010011123398
pump-0076,failure,170,199,FAILURE,3.0676366666666666,0.15754693582830762,2.7816,3.5581,-0.006487408231368271,56.431156666666666,5.005562579882727,46.3449,62.0603,-0.4670079421579536,4.348193333333334,0.3468789653787358,3.7807,5.1468,0.01663430478309222
pump-0076,failure,180,209,FAILURE,2.9014966666666666,0.2432054679803798,2.4487,3.2433,-0.02291339265850954,54.139166666666675,4.759524441743687,46.3449,61.4896,-0.32829205784204785,4.45959,0.34019318075665955,3.7807,5.1468,0.02101176863181304
pump-0076,failure,190,219,FAILURE,2.8157866666666673,0.21843125498782345,2.4487,3.1645,-0.007783092324805419,54.40691666666667,5.51640583224762,46.3449,65.4837,0.49246845383759613,4.701093333333333,0.2851299410600172,4.1722,5.1468,0.014670967741935447
pump-0077,failure,0,29,DEGRADATION,4.686743333333334,0.17031802739450558,4.3362,4.9218,-0.015564293659621876,89.23127,3.9561989770611903,82.0516,95.0611,-0.24352958843159309,1.4573500000000004,0.1845382431006285,1.0747,1.7756,-0.015458398220244756
pump-0077,failure,10,39,DEGRADATION,4.519266666666666,0.21853217357837465,4.1798,4.9218,-0.024105228031145867,87.80760666666667,3.7962848618031235,83.0172,95.0611,-0.34507167964405167,1.5875833333333333,0.33455250219094496,1.0747,2.2768,0.021693770856507213
pump-0077,failure,20,49,DEGRADATION,4.368790000000001,0.12935334643268154,4.1798,4.6349,-0.008287719688542956,84.73800333333332,2.517140151902992,77.8682,88.4723,-0.15289083426029168,1.82144,0.3965674172193172,1.0747,2.337,0.04155497219132368
pump-0077,failure,30,59,FAILURE,4.1893666666666665,0.2283552471236185,3.6964,4.5129,-0.019309810901001288,82.69919999999999,3.8038987403277007,74.0282,87.3624,-0.34475203559510753,2.1420466666666664,0.18207471494477817,1.6345,2.4904,0.016548298109010002
pump-0077,failure,40,69,FAILURE,3.9620699999999993,0.3320653401064314,3.4644,4.5129,-0.03439187986651852,80.39905333333334,3.742046250447593,74.0282,87.0703,-0.29639323692992275,2.3383,0.206773054337358,2.0072,2.6801,0.021338109010011087
pump-0077,failure,50,79,FAILURE,3.75487,0.21247272475935974,3.4198,4.262,-0.012109076751946682,80.47317666666666,3.3959036205094053,74.0282,85.2653,0.14089523915461444,2.60376,0.31835985467182676,2.0072,3.2926,0.03281864293659619
pump-0077,failure,60,89,FAILURE,3.619916666666667,0.17064249780038837,3.2012,3.9428,-0.0041271412680757335,77.97296000000001,5.170918219916717,68.0028,85.2653,-0.3136495216907695,2.763970000000001,0.2532054714390403,2.3525,3.2926,0.005118642936596132
pump-0077,failure,70,99,FAILURE,3.4813933333333336,0.2982891616461375,2.9174,3.9428,-0.02627604004449395,74.43294,6.941164982316249,63.8155,85.2653,-0.7146643826473877,3.0248366666666664,0.3717321136547423,2.3525,3.9747,0.01735681868743041
pump-0077,failure,80,109,FAILURE,3.3477166666666673,0.26010921947434995,2.9174,3.797,-0.011409632925472823,69.69022,2.7471850888257734,63.8155,74.2325,-0.105045784204673,3.4932766666666666,0.7315493948614967,2.3525,4.8296,0.07575966629588429
pump-0077,failure,90,119,FAILURE,3.23174,0.21197456702790235,2.9174,3.797,-0.0019583982202448424,66.86783666666666,4.205931966757056,54.5707,72.9061,-0.22904109010011234,4.092093333333333,0.5906538726605362,2.8813,4.8296,0.05718838709677414
pump-0077,failure,100,129,FAILURE,3.1316666666666664,0.2771836964100803,2.3141,3.6709,-0.020015706340378282,61.31256666666668,8.549058887945243,44.7388,72.9061,-0.8833511457174653,4.421006666666666,0.2431214482973936,3.9371,4.8296,-0.0018780422691880789
pump-0077,failure,110,139,FAILURE,2.8841833333333327,0.3261198982821434,2.2565,3.3375,-0.031644338153504,55.437196666666665,7.012664078198495,44.7388,72.9061,-0.6029393325917712,4.47915,0.3050825983784282,3.9024,5.1635,0.0014994660734148082
pump-0078,failure,0,29,DEGRADATION,4.534766666666666,0.1293006298858937,4.2384,4.7358,-0.00291203559510578,89.33510666666665,2.5377147916886864,84.0321,93.9506,-0.19017686318131324,1.3941066666666666,0.13570018652242974,1.0905,1.7465,-0.004401557285873217
pump-0078,failure,10,39,DEGRADATION,4.454053333333333,0.1798422526055048,4.0971,4.7254,-0.018127163515016833,88.56351666666667,2.27399460129575,84.0321,92.7611,-0.11353256952169333,1.5241666666666664,0.27347482313530963,1.0905,2.0726,0.02183083426028918
pump-0078,failure,20,49,DEGRADATION,4.264806666666667,0.17906917459152177,3.9216,4.5342,-0.015961468298109134,86.16913666666667,2.336760418682716,81.7283,90.1809,-0.11752625139043477,1.7303233333333334,0.332418453843278,1.0905,2.1715,0.03238645161290321
pump-0078,failure,30,59,DEGRADATION,4.1425600000000005,0.1462839877316266,3.8544,4.4732,-0.01056253615127928,83.82171333333335,4.010057379534058,76.3501,90.1809,-0.42465508342603125,1.9584666666666668,0.14069853904319293,1.6526,2.2293,0.00733032258064511
pump-0078,failure,40,69,DEGRADATION,3.9559200000000003,0.19680032079919646,3.5219,4.2894,-0.017063181312569644,80.02710333333334,3.5064951096009764,72.3963,87.0899,-0.32731713014460595,2.138936666666666,0.25440212719673205,1.7371,2.7315,0.021214260289210213
pump-0078,failure,50,79,FAILURE,3.81651,0.22238465227318782,3.4221,4.197,-0.01789007786429375,79.67685,3.2740035314326295,72.3963,85.8999,0.15377025583982026,2.2807233333333334,0.26730049841995346,1.8944,2.7315,0.022443759733036667
pump-0078,failure,60,89,FAILURE,3.6734766666666667,0.22883982416140386,3.1839,4.2165,-0.006480600667408278,78.34164000000001,5.602871186846972,64.9974,85.9996,-0.12279541713014647,2.5086166666666667,0.2508456538502422,1.9685,2.9837,0.013649499443826417
pump-0078,failure,70,99,FAILURE,3.5026266666666666,0.311926670798692,3.0229,4.2165,-0.02200195773081209,76.73726666666667,6.462679445830155,64.9974,85.9996,-0.5519465628476092,2.57588,0.2475222890973659,2.0324,3.0101,0.00447879866518351
pump-0078,failure,80,109,FAILURE,3.3706966666666673,0.2971287627537186,3.0229,4.2165,-0.018380266963292625,74.46354999999998,5.317906948524642,64.9974,85.9996,-0.052026763070079286,2.7532300000000003,0.3370016816476341,2.0324,3.4333,0.006835394883203505
pump-0078,failure,90,119,FAILURE,3.299163333333333,0.20428113550257704,3.0229,3.8375,0.009021334816462653,73.45370333333334,3.551548172134075,67.8497,81.4545,0.013919043381533484,2.9057466666666665,0.37784831677392566,2.0324,3.5423,0.022753281423804173
pump-0078,failure,100,129,FAILURE,3.27601,0.2246629985111033,2.9055,3.8375,-0.008083270300333746,70.92771,5.750425603805339,60.0769,81.4545,-0.5256596440489452,3.108646666666667,0.30142617087586954,2.2741,3.5423,0.010967252502780873
pump-0078,failure,110,139,FAILURE,3.2148633333333327,0.22878289342130073,2.9055,3.8375,-0.018229922135706417,66.11902333333333,5.353291997371545,57.1956,76.8409,-0.5217989543937732,3.3962166666666667,0.3871370825976533,2.7637,4.1204,0.03529795328142375
pump-0078,failure,120,149,FAILURE,3.0605233333333333,0.14603346119601798,2.8251,3.3587,-0.009023692992213657,60.61979333333333,4.98773696873531,49.9113,69.0717,-0.4003834927697459,3.632123333333333,0.36080741001567895,2.8289,4.1217,0.03158427141268069
pump-0078,failure,130,159,FAILURE,3.073353333333334,0.14798799891282474,2.8251,3.3963,0.004381090100111185,58.47915,4.421281419961864,49.9113,64.7301,-0.18427904338153664,3.9371799999999997,0.24181150014008845,3.4811,4.4615,0.015509410456062193
pump-0078,failure,140,169,FAILURE,2.8596233333333334,0.32756113086804967,2.3073,3.3963,-0.024017997775305937,55.04862,4.773380692437314,46.2769,64.7301,-0.2468884538375995,4.123889999999999,0.2945455984506757,3.6759,4.7242,0.02727779755283643
pump-0078,failure,150,179,FAILURE,2.7594833333333333,0.3258445212912986,2.3073,3.3963,-0.023181156840934428,53.46301000000001,4.888924503429495,46.2769,64.1856,-0.2927741713014482,4.414533333333334,0.331534375626755,3.7306,5.083,0.03167675194660727
pump-0079,degrading,0,29,NORMAL,4.436533333333333,0.09665027792108113,4.2412,4.6009,-0.006879688542825478,90.69614333333334,2.5530514786144756,85.9724,94.9175,-0.20912496106785539,1.4204299999999999,0.17515016062415323,1.0971,1.7195,-0.01338347052280316
pump-0079,degrading,10,39,NORMAL,4.3990100000000005,0.09292809173405707,4.2412,4.5807,-0.0006018464961068608,90.85093666666666,2.696474046167616,85.9724,95.391,0.13184803114571675,1.43093,0.17994374333848528,1.0971,1.7642,0.012905027808676276
pump-0079,degrading,20,49,NORMAL,4.4661566666666666,0.16626447141694323,4.2412,4.8083,0.012931101223581693,91.39780666666667,2.6421321543951763,85.9724,95.391,0.15022945494994153,1.5276733333333332,0.1862660103782282,1.0971,1.7662,0.015441468298109015
pump-0079,degrading,30,59,NORMAL,4.46623,0.1974822678115683,4.0143,4.8083,-0.0034298331479422333,91.28199333333335,2.747393073798426,86.2838,95.391,-0.2597005561735266,1.5349633333333332,0.16161248813820736,1.2346,1.7662,-0.01242756395995551
pump-0079,degrading,40,69,DEGRADATION,4.477473333333334,0.2067762444984648,4.0143,4.8083,-0.00935078976640728,89.52559,2.3809499421239435,86.0569,94.995,-0.1862231590656317,1.5647533333333332,0.21386717019890847,1.2346,2.0236,0.005846629588431571
pump-0079,degrading,50,79,DEGRADATION,4.425853333333334,0.16548974738299924,4.0143,4.6337,0.0054937931034481,89.48247333333333,2.437546768362723,86.0569,95.3746,0.19834375973303447,1.5778233333333334,0.22887511104433253,1.2346,2.0236,0.01639201334816461
pump-0079,degrading,60,89,DEGRADATION,4.41583,0.16000633768698044,4.0016,4.6337,-0.005250700778642998,88.80314666666663,3.6004132168158454,80.6515,95.3746,-0.11251688542825598,1.6580366666666668,0.1688793543397837,1.2703,2.0236,-0.005291857619577333
pump-0079,degrading,70,99,DEGRADATION,4.243203333333333,0.2643394187824098,3.8355,4.5627,-0.027242424916574137,87.83439666666666,4.194335478434643,80.6515,95.3746,-0.28344024471635226,1.6490266666666664,0.1533374425536336,1.3701,2.0272,0.0006785761957730588
pump-0079,degrading,80,109,DEGRADATION,4.175063333333333,0.23730864078007963,3.8355,4.5855,-0.0026682313681869563,86.46001666666668,3.1057477071910116,80.6515,92.6691,0.06402698553948685,1.777713333333333,0.24460479244873537,1.3701,2.2258,0.023552302558398183
pump-0079,degrading,90,119,DEGRADATION,4.203913333333333,0.24196521476351834,3.8355,4.5855,0.022448097886540477,86.51024666666666,2.3848333824026833,81.1542,91.9129,0.0718249610678512,1.84681,0.21877913421226136,1.3701,2.2258,0.0046131479421579295
pump-0079,degrading,100,129,DEGRADATION,4.277386666666668,0.1772429100290207,3.9578,4.5855,-0.0063114126807564215,86.31519666666664,2.1608605323625634,81.7303,91.9129,-0.1168800222469425,1.8665333333333334,0.18564084201010897,1.5049,2.2258,-0.015254371523915518
pump-0079,degrading,110,139,DEGRADATION,4.18483,0.19458577911382252,3.8511,4.5598,-0.020419288097886613,85.03530333333332,1.776699959941339,81.7303,88.1113,-0.07215899888765517,1.87569,0.21305919889395372,1.5049,2.3847,0.013825294771968817
pump-0079,degrading,120,149,DEGRADATION,4.073683333333332,0.10975065097250625,3.8511,4.3855,-0.00377604004449397,84.92229666666668,1.9311699698168017,81.7303,89.614,0.08262836484983246,1.9389533333333333,0.19701904600542783,1.65,2.3847,0.011234705228031102
pump-0079,degrading,130,159,DEGRADATION,4.0742400000000005,0.15025053433071936,3.6105,4.3247,0.004615172413793019,84.82205666666667,2.060513506334985,81.0235,89.614,0.03369252502780557,2.0270533333333334,0.18014433793180645,1.7047,2.3847,-0.00392578420467192
pump-0079,degrading,140,169,DEGRADATION,4.03768,0.1803891024055131,3.6105,4.3247,-0.009403159065628573,84.00504999999998,2.634511347827779,79.4482,89.614,-0.20424278086763323,2.0546933333333333,0.1871856617253457,1.7047,2.4286,0.006392614015572795
pump-0079,degrading,150,179,DEGRADATION,4.041596666666666,0.19481103234217056,3.6105,4.3247,-0.002297775305895529,82.73207666666667,2.536846503920873,78.1933,87.6905,-0.10620251390434152,2.1525633333333336,0.19373248132985396,1.7047,2.4286,0.01135735261401553
pump-0079,degrading,160,189,DEGRADATION,4.032166666666667,0.14869015285335999,3.6706,4.3104,0.01205383759733028,81.60253666666667,2.307297514768209,76.167,86.1462,-0.02469750834260413,2.29644,0.18199688019304067,1.9285,2.6586,0.01183332591768627
pump-0079,degrading,170,199,DEGRADATION,4.07467,0.12375498414205384,3.8401,4.3104,-0.0027338598442715255,80.78729666666666,2.8028502871759344,76.167,86.1462,-0.13500482758620844,2.3816133333333336,0.15849053964055884,2.0674,2.6586,0.008852680756395937
pump-0079,degrading,180,209,DEGRADATION,4.0385,0.12717891072553397,3.7225,4.2556,-0.006869321468298208,80.57416666666668,2.3536934371795786,76.167,84.5761,-0.012904071190213962,2.432406666666666,0.15151794818509856,2.0973,2.7013,0.0007543047830922391
pump-0079,degrading,190,219,DEGRADATION,3.984663333333334,0.12182082056127444,3.7225,4.2556,-0.003833837597330491,81.34469333333332,2.746189619446471,76.4192,87.0964,0.18867203559510437,2.499826666666666,0.16989905617421444,2.1538,2.7834,0.011676885428253583
pump-0079,degrading,200,229,DEGRADATION,3.920316666666667,0.1429316505264744,3.671,4.1422,-0.00823637374860974,80.82712,3.5082248091591848,72.3079,87.0964,-0.20600551724137992,2.5109399999999993,0.15952854415432993,2.1836,2.7834,0.0023208898776417635
pump-0079,degrading,210,239,DEGRADATION,3.8541766666666666,0.13326465068510185,3.671,4.0986,-0.008808164627363835,78.99807333333332,4.0970421728309745,72.3079,87.0964,-0.35987541713014576,2.6328733333333334,0.20357923753554924,2.3123,3.0429,0.008174593993325855
pump-0079,degrading,220,249,DEGRADATION,3.8628266666666664,0.14042493352519544,3.671,4.1296,0.006561112347052191,78.31411333333334,3.4504525920264753,72.3079,85.8254,0.17297058954393446,2.712,0.23640579378122978,2.3123,3.0429,0.019976818687430422
pump-0080,failure,0,29,NORMAL,4.3722900000000005,0.20946510027528056,4.0274,4.6765,-0.01627130144605132,89.3335266666667,3.068295778977135,83.2237,93.5717,-0.3034290989988907,1.3776666666666668,0.18617246186145672,1.0854,1.6933,-0.015080711902113514
pump-0080,failure,10,39,DEGRADATION,4.2645566666666666,0.20257261362012607,4.0039,4.6272,-0.016155973303670804,88.49150333333334,3.1734077426307663,83.2237,95.2286,-0.016668186874306174,1.375076666666667,0.21554295887878644,1.0854,1.9472,0.011664671857619551
pump-0080,failure,20,49,DEGRADATION,4.1718866666666665,0.12970703587529683,4.0039,4.5615,0.00586598442714122,88.82869333333333,3.435905488410427,83.2237,95.2286,0.24635185761957568,1.5426466666666667,0.3252741579379189,1.0854,2.1729,0.028136240266963267
pump-0080,failure,30,59,DEGRADATION,4.08123,0.21621972643586432,3.6159,4.5615,-0.015136395995550663,87.68409333333332,4.547012436676295,81.1548,95.2286,-0.2898014682981118,1.7129799999999997,0.22255788071121335,1.319,2.1729,0.005469276974416016
pump-0080,failure,40,69,DEGRADATION,3.977726666666667,0.22698715812916717,3.6159,4.5615,-0.019297308120133607,84.59199333333336,5.0322127119146645,78.1055,94.0676,-0.5214826251390449,1.829566666666667,0.21079699765941215,1.5086,2.4142,0.0019234705228030812
pump-0080,failure,50,79,DEGRADATION,3.890749999999999,0.14803536232941103,3.6159,4.139,0.006900489432702948,81.7421233333333,1.7835455831355191,78.1055,85.567,0.005208609566182782,1.9508033333333332,0.2516522792576208,1.524,2.4142,0.023499021134593946
pump-0080,failure,60,89,DEGRADATION,3.8559566666666663,0.2183948956719354,3.3698,4.139,-0.006860000000000054,79.33468666666664,3.5457272232677766,73.1121,85.567,-0.2466611345939957,2.06564,0.2026554113102666,1.6024,2.4142,0.008859443826473794
pump-0080,failure,70,99,FAILURE,3.694933333333333,0.3293948808885098,3.2162,4.139,-0.02773094549499455,77.97576333333332,4.318632779363034,69.6847,85.567,-0.30497239154616335,2.2411833333333333,0.22444094410086785,1.846,2.7396,0.007898709677419326
pump-0080,failure,80,109,FAILURE,3.5457666666666667,0.25432427768937477,3.2162,4.1227,-0.010650456062291555,76.55749333333334,3.455371945240563,69.6847,85.3121,0.14812057842046653,2.367366666666667,0.296955550358785,1.846,2.8902,0.0222033815350389
pump-0080,failure,90,119,FAILURE,3.48022,0.1709224217786147,3.2162,3.7929,0.008429276974415964,75.08532,5.2268694585701425,64.3617,85.3121,-0.26826620689655445,2.496836666666666,0.2160583755737221,2.099,2.8902,-0.00039250278086768624
pump-0080,failure,100,129,FAILURE,3.4759399999999996,0.15944056489279418,3.1339,3.7929,-0.008365517241379414,72.37879666666666,5.648201380704204,64.3617,85.3121,-0.4950952391546186,2.6981466666666667,0.34848933100200097,2.1429,3.7128,0.022772992213570566
pump-0080,failure,110,139,FAILURE,3.4954266666666665,0.18150529272968566,3.1339,3.838,0.0037539933259176338,69.59606333333335,3.2623438350857836,64.3617,79.9131,-0.07629381535038977,3.06712,0.5655594017725577,2.2385,4.0638,0.05782513904338149
pump-0080,failure,120,149,FAILURE,3.546563333333333,0.22643082752919388,3.1339,4.0444,0.014444026696329142,69.48153333333333,2.1527086519597156,65.1423,75.9241,0.09262020022246818,3.325396666666666,0.3773870272309612,2.5631,4.0638,0.010763581757508302
pump-0080,failure,130,159,FAILURE,3.4523899999999994,0.3240088119686459,2.9173,4.0444,-0.02431672969966637,67.31760333333332,4.742744355924695,57.4643,75.9241,-0.3954460734149077,3.4250499999999997,0.28902813098381963,2.9304,4.0638,-0.01370382647385995
pump-0080,failure,140,169,FAILURE,3.22116,0.3731115897422647,2.718,4.0444,-0.03807626251390443,64.28931333333334,5.368203387089162,53.0928,75.9241,-0.40420863181312705,3.4003866666666673,0.2442106887277641,2.9304,3.8158,0.018626473859844228
pump-0080,failure,150,179,FAILURE,2.876276666666667,0.21704994000357514,2.3631,3.2564,-0.020530255839822063,62.21531666666667,3.534726688829311,53.0928,68.3953,0.13065555061178966,3.748416666666667,0.4304455901220915,3.0004,4.522,0.046095328142380404
pump-0080,failure,160,189,FAILURE,2.7470533333333336,0.19238517394943813,2.3631,3.0947,-0.009673236929922249,61.30042,3.9981076401551108,53.0928,68.3953,-0.10687123470522882,4.034366666666666,0.3718334692962548,3.2248,4.5713,0.025400934371523798
pump-0080,failure,170,199,FAILURE,2.673800000000001,0.1938408126960539,2.2789,3.0578,0.0034781757508342255,61.28714333333334,4.1650150109119926,51.0017,68.3953,-0.22026836484983542,4.17337,0.263425411517821,3.5267,4.5713,-0.010008431590656293
pump-0080,failure,180,209,FAILURE,2.68176,0.19025782086421572,2.2789,3.0578,0.002323692992213516,59.06426333333333,3.9666740472326296,51.0017,67.7365,-0.06984798665183628,4.303776666666667,0.3818645734492211,3.5267,5.0048,0.022456351501668463
pump-0080,failure,190,219,FAILURE,2.6465266666666674,0.19385998716141042,2.2789,3.0578,-0.005181668520578498,58.26689666666666,4.443100035597018,51.0017,67.7365,-0.25899147942158046,4.428916666666668,0.3865995870693892,3.7996,5.0048,0.02599290322580642
pump-0081,failure,0,29,DEGRADATION,4.427436666666667,0.11349918497015259,4.1423,4.6231,-0.005560467185762086,88.22317333333334,1.736997259244304,85.4397,93.5968,-0.09635096774193677,1.359883333333333,0.29249204101232495,0.9121,2.0107,-0.021761668520578467
pump-0081,failure,10,39,DEGRADATION,4.3481033333333325,0.12724562987475146,4.1342,4.5852,-0.01142066740823149,87.59287666666665,1.268145532574588,85.4397,90.3599,-0.0376442491657422,1.4350233333333333,0.38705225804218685,0.9121,2.2168,0.03334600667408229
pump-0081,failure,20,49,DEGRADATION,4.287233333333334,0.09479258175382484,4.1342,4.4964,-0.0032720355951058235,87.26505333333334,1.6060219746801574,83.0682,90.3659,-0.01269944382647593,1.6781966666666668,0.39832141919420916,0.9121,2.2168,0.03744825361512789
pump-0081,failure,30,59,DEGRADATION,4.145273333333333,0.21002307005554305,3.6465,4.4548,-0.016302113459399484,83.84385,5.55964101981114,72.5934,90.3659,-0.536350144605118,1.9355733333333336,0.18515730237347436,1.3972,2.2803,0.00492338153503887
pump-0081,failure,40,69,DEGRADATION,3.938596666666667,0.31040770016580166,3.4877,4.4548,-0.03348166852057853,80.42075333333334,5.756812483468799,70.7804,90.3659,-0.46308840934371653,2.0804033333333334,0.25077313184541034,1.7187,2.6135,0.02077225806451608
pump-0081,failure,50,79,FAILURE,3.7800500000000006,0.21133668517320886,3.4877,4.2237,-0.0077273637374862154,77.50002,3.3095575192060545,70.7804,83.7459,0.055334416017796526,2.185683333333333,0.29303201199793094,1.7187,2.9295,0.015147341490545026
pump-0081,failure,60,89,FAILURE,3.7190500000000006,0.18418492292620842,3.3632,4.1371,0.002932836484983231,76.86935000000001,4.226450947367068,68.2197,84.8534,-0.11071592880979089,2.328866666666666,0.2726560046815197,1.9028,2.9408,0.0033209788654059574
pump-0081,failure,70,99,FAILURE,3.633063333333333,0.265506680999849,3.1748,4.1371,-0.024007452725250403,74.40085666666666,5.4076377274914496,63.0766,84.8534,-0.4571030700778672,2.5306599999999997,0.40485666813495036,1.9028,3.2603,0.03233450500556168
pump-0081,failure,80,109,FAILURE,3.503353333333334,0.24683204645174328,2.975,3.956,-0.014616151279199177,68.81361,6.832888712804173,57.5481,84.8534,-0.6446710344827592,2.92018,0.49643789836527724,1.9982,3.8383,0.05412409343715234
pump-0081,failure,90,119,FAILURE,3.44285,0.1740077043313504,2.975,3.658,0.009686162402669549,67.14352666666666,4.82461832997757,57.5481,74.8413,0.003724137931033609,3.22083,0.2817985854589527,2.7702,3.8383,0.016679087875417074
pump-0081,failure,100,129,FAILURE,3.26699,0.3984811541758699,2.4366,3.658,-0.029361935483871067,65.70110333333334,4.12588593375074,57.5481,73.856,0.15926689655172158,3.3302966666666665,0.2243871081907831,2.7866,3.8383,-0.006283759733036802
pump-0081,failure,110,139,FAILURE,3.07439,0.4108330872345443,2.4366,3.6572,-0.0339025806451613,64.69530666666667,5.298911629314918,52.0338,73.856,-0.542322669632927,3.421406666666667,0.32137426668743857,2.7866,4.1587,0.01987154616240256
pump-0081,failure,120,149,FAILURE,2.9500866666666665,0.2852308699204131,2.4366,3.3258,0.013652280311457047,60.54208666666667,4.535595194512942,52.0338,69.7196,-0.42720525027808903,3.701623333333333,0.429510289114889,2.9617,4.494,0.04073510567296982
pump-0081,failure,130,159,FAILURE,2.934096666666666,0.2510275980622228,2.4114,3.2759,-0.004118064516129089,56.77198666666666,3.487445848920891,50.0952,63.9503,-0.21905357063403888,4.114369999999999,0.4167147242818921,3.0841,4.7931,0.04034827586206887
pump-0081,failure,140,169,FAILURE,2.7925166666666668,0.35405421626575156,2.0994,3.2759,-0.036635350389321586,53.86329,4.477524009267474,44.9653,63.9503,-0.3610062513904351,4.397083333333333,0.2606600520260483,3.7922,4.7931,0.020273259176863134
pump-0082,failure,0,29,NORMAL,4.5450566666666665,0.1167359547107155,4.3612,4.746,-0.004930656284760928,91.21163,2.023189686468705,87.2982,94.4462,-0.1636665406006691,1.3945099999999997,0.16726610605060827,1.0743,1.7464,-0.006229121245828736
pump-0082,failure,10,39,DEGRADATION,4.50746,0.12019429160044724,4.3069,4.746,-0.008541935483871086,90.49560666666667,1.64086507792553,87.2982,92.9078,-0.024350656284764176,1.4231366666666665,0.18111887529710674,1.0743,1.7538,0.017501334816462686
pump-0082,failure,20,49,DEGRADATION,4.398483333333333,0.11175428428277613,4.1241,4.6234,-0.005071568409343833,90.08706666666664,1.69974795726373,86.9419,94.9845,0.04608298109009713,1.5967266666666664,0.20531775038272318,1.1864,1.921,0.02101641824249164
pump-0082,failure,30,59,DEGRADATION,4.29989,0.1782660284518618,3.9203,4.6234,-0.01461741935483882,88.48361666666666,3.6868548688625586,78.0753,94.9845,-0.3382628031145727,1.7102,0.1177080540999638,1.4661,1.921,0.004017085650722951
pump-0082,failure,40,69,DEGRADATION,4.15798,0.1870905581084554,3.7718,4.4891,-0.0140824471635151,86.03794666666666,3.8078724869873932,78.0753,94.9845,-0.3436155283648537,1.81398,0.13212581226492676,1.4736,2.0475,0.007182202447163486
pump-0082,failure,50,79,DEGRADATION,4.0833466666666665,0.15042413532704413,3.7718,4.4111,-0.006304694104560735,84.36421666666668,2.201284701272318,78.0753,88.5225,0.016202068965515248,1.9316233333333332,0.20946749100728945,1.4736,2.3782,0.021003937708565037
pump-0082,failure,60,89,DEGRADATION,4.0128,0.17673049915997333,3.6149,4.3084,-0.009124271412680844,83.81316333333334,1.8842762215208504,78.8042,86.8525,-0.04957719688543045,2.054913333333334,0.13088049442992727,1.8317,2.3782,0.005749499443826422
pump-0082,failure,70,99,FAILURE,3.888613333333333,0.23188928929316438,3.404,4.2181,-0.02170522803114576,82.37589000000001,3.2536039673312005,75.4685,86.8525,-0.2703384872080114,2.1619699999999997,0.16862872857256558,1.8965,2.6843,0.006357797552836429
pump-0082,failure,80,109,FAILURE,3.7738066666666663,0.22103934782949594,3.3396,4.1421,-0.008366941045606369,82.40499,3.738861999802435,75.4685,89.5993,0.14034858731924119,2.394546666666666,0.3868764322393161,1.8965,3.2314,0.03656689655172412
pump-0082,failure,90,119,FAILURE,3.733323333333333,0.17530779918633269,3.3396,4.1304,0.009873704115684015,81.80130000000001,4.060277280186661,75.4685,89.5993,0.0843567074527248,2.5846600000000004,0.3253568908137647,1.9529,3.2314,0.018498998887652888
pump-0082,failure,100,129,FAILURE,3.7050933333333336,0.18098388497936002,3.3396,4.1304,-0.005711056729699778,79.63222666666667,6.057246203511588,67.6824,89.5993,-0.5687778865406022,2.666586666666667,0.2529539796528653,2.1756,3.2314,-0.015099621802002297
pump-0082,failure,110,139,FAILURE,3.500276666666667,0.29752052890888425,3.0133,4.0168,-0.03045145717463856,77.04652333333334,4.623782680207721,67.6824,87.6269,-0.20191971078976795,2.5759600000000007,0.19767655669468415,2.1756,3.1194,-0.0038490322580645446
pump-0082,failure,120,149,FAILURE,3.3350033333333333,0.24670069785515858,2.82,3.697,-0.010250700778643061,74.49946,3.7728164773459802,67.6824,82.6813,-0.028611523915463392,2.9118033333333333,0.6043250469095437,2.1756,4.2011,0.05463499443826472
pump-0082,failure,130,159,FAILURE,3.25163,0.20797274364685392,2.82,3.634,0.008718909899888654,72.74431666666666,5.116716102481052,63.7095,82.6813,-0.5157509454949967,3.23222,0.553688236224442,2.2716,4.2011,0.0425411345939933
pump-0082,failure,140,169,FAILURE,3.20211,0.2652923624356093,2.6761,3.634,-0.013932480533926633,69.17469666666668,3.945377215973427,62.2586,77.6733,-0.3417343492769755,3.5864100000000003,0.3793467238556305,2.7857,4.2933,0.008890522803114509
pump-0082,failure,150,179,FAILURE,3.2027333333333323,0.24277358633554477,2.6761,3.6266,-0.0004297219132369747,67.83149333333334,2.911074824634747,62.2586,74.2767,0.07473036707452659,3.6905066666666664,0.35342741539891265,3.1232,4.2933,0.024377085650722923
pump-0082,failure,160,189,FAILURE,3.210856666666667,0.2628450845185345,2.6761,3.7133,0.016369276974415994,65.73347000000001,5.015081919114915,52.8936,74.2767,-0.30979503893214766,3.7764766666666665,0.3644400212959908,3.1232,4.2933,0.003897641824249024
pump-0082,failure,170,199,FAILURE,3.240543333333333,0.25832890363944094,2.7516,3.7133,-0.010198464961067905,62.635740000000006,5.988718077273857,52.8936,74.2767,-0.5511156840934397,3.890946666666666,0.3049732969002733,3.1608,4.3368,-0.0005344160177976974
pump-0082,failure,180,209,FAILURE,3.1839166666666663,0.2460795753184098,2.7516,3.7133,-0.007476551724137968,59.50671666666666,3.7287589805084247,52.8936,68.9056,-0.1181095216907695,4.040026666666667,0.39901215848921473,3.1608,4.7121,0.027960889877641726
pump-0082,failure,190,219,FAILURE,3.0941500000000004,0.19265749358209075,2.7516,3.5068,0.0036013570634036794,58.96328333333333,3.4627717413543473,51.0942,65.4623,0.1287349276974394,4.345786666666667,0.3866529138933551,3.4607,5.2541,0.02905650723025577
pump-0082,failure,200,229,FAILURE,3.0305500000000003,0.20134777003979953,2.4871,3.4246,-0.01088469410456071,58.380610000000004,3.709654630227275,51.0942,65.4623,-0.1477539265850963,4.549329999999999,0.2788695395700291,4.0099,5.2541,0.00814716351501655
pump-0083,failure,0,29,DEGRADATION,4.524023333333333,0.1424346369001897,4.2622,4.7993,0.0017699443826472941,88.51677333333335,3.8143684676001373,81.2031,94.8205,-0.3152492102335945,1.5073199999999998,0.10003048002150809,1.2895,1.6876,-0.0012091657397108138
pump-0083,failure,10,39,DEGRADATION,4.470069999999999,0.17805413998743932,4.1733,4.7993,-0.016600689655172536,86.90586333333334,2.698384952335172,81.2031,93.2882,-0.11418458286985729,1.6697166666666667,0.3094629079371046,1.2895,2.4251,0.030003270300333694
pump-0083,failure,20,49,DEGRADATION,4.393800000000001,0.12459704116337049,4.1733,4.658,-0.005254015572858864,85.15616999999999,2.929935747094124,78.3059,89.5918,-0.061128565072304825,1.8693733333333333,0.2932105033740928,1.3699,2.4251,0.02452694104560621
pump-0083,failure,30,59,DEGRADATION,4.238919999999999,0.2130754489220504,3.6942,4.553,-0.014209610678531843,83.59435,3.8190540999703053,76.8027,89.5918,-0.3610506117908804,2.067036666666666,0.1653348692468981,1.692,2.4251,0.00456117908787538
pump-0083,failure,40,69,DEGRADATION,4.077383333333334,0.2887988181916416,3.6565,4.553,-0.03050542825361529,80.87403,3.513624490385012,74.8882,89.4898,-0.26742525027808856,2.1923533333333336,0.23021366703323437,1.7773,2.8984,0.01820783092324802
pump-0083,failure,50,79,FAILURE,3.9264266666666665,0.18177100416610886,3.6565,4.3016,-0.004940912124582973,79.3394,2.042931969335576,74.8882,83.2314,0.014255928809787656,2.416956666666666,0.29481132461664744,2.0239,3.1505,0.030666985539488267
pump-0083,failure,60,89,FAILURE,3.9339799999999996,0.1714559329196087,3.6362,4.3272,0.010163337041156743,77.17393666666666,4.418844912755922,66.3866,83.2314,-0.268042469410458,2.61567,0.27662635708358196,2.1687,3.2339,0.013629966629588439
pump-0083,failure,70,99,FAILURE,3.8683433333333337,0.2508425079385249,3.3532,4.3272,-0.01512834260289216,74.96918,4.863441616688057,65.7496,83.2314,-0.34735230255839944,2.6948066666666666,0.2916640395310255,2.1076,3.3904,0.0003395328142379762
pump-0083,failure,80,109,FAILURE,3.8037166666666664,0.2811789514210163,3.3381,4.3272,-0.009698398220244786,73.98263333333334,4.3494432118248065,65.7496,83.226,0.06669842046718362,2.8430166666666667,0.36820935085295636,2.1076,3.626,0.02088269187986648
pump-0083,failure,90,119,FAILURE,3.752616666666667,0.23531357105407716,3.3381,4.1933,0.0166031368186873,71.69250333333333,5.165806001679591,61.2259,81.3333,-0.2980976418242499,3.0693699999999997,0.40337062209172675,2.1076,3.7027,0.03779939933259172
pump-0083,failure,100,129,FAILURE,3.7554,0.23643071571463242,3.3381,4.1933,-0.006752302558398309,67.17312,7.9073931305835545,54.089,81.3333,-0.8611447385984445,3.3617,0.2554234627698351,2.827,3.8391,0.0204979755283648
pump-0083,failure,110,139,FAILURE,3.646276666666667,0.2421498677586993,3.2005,4.1933,-0.02260678531701897,62.817539999999994,4.3632009135190355,54.089,69.592,-0.16661121245828892,3.5147999999999997,0.21762097019052798,3.0095,3.981,0.011796529477196855
pump-0083,failure,120,149,FAILURE,3.5052499999999998,0.16056049275376968,3.2005,3.8799,-0.007457641824249257,62.75185666666667,4.464649899800531,54.089,71.2665,0.30525408231367956,3.6389499999999995,0.24277434206823975,3.1946,4.2477,0.015068320355950971
pump-0083,failure,130,159,FAILURE,3.226193333333333,0.3654116563852639,2.4759,3.655,-0.03138834260289221,62.34722000000001,4.951255392349163,53.3441,71.2665,-0.3404181090100127,3.787006666666667,0.26697582903493133,3.2448,4.2477,0.019177130144605117
pump-0083,failure,140,169,FAILURE,2.975893333333334,0.3949724420203966,2.4312,3.655,-0.038306251390433886,59.71940333333334,5.6395365803396365,51.5572,71.2665,-0.5546028698553968,4.031056666666667,0.38431929059341036,3.3873,5.0641,0.03294689655172403
pump-0083,failure,150,179,FAILURE,2.6553399999999994,0.21444264128199872,2.3735,3.1592,-0.014666206896551785,55.65799666666667,3.028711443004911,50.2607,62.8148,-0.18507744160178144,4.48055,0.5544608166197741,3.6267,5.4577,0.05263023359288095
pump-0083,failure,160,189,FAILURE,2.6554833333333336,0.19147867955002779,2.3735,3.1154,0.002894126807563916,53.94245666666667,3.0838176088179328,47.4546,60.2204,-0.17662943270300457,4.636609999999999,0.44263940128129886,3.6267,5.4577,0.007947385984427086
pump-0084,degrading,0,29,NORMAL,4.382166666666666,0.16922174078869284,4.1144,4.6136,-0.011563737486095753,88.22379666666666,3.9231209934169615,81.5686,94.4234,-0.39770235817575317,1.4517233333333333,0.19364195599668532,1.0653,1.907,-0.017465339265850987
pump-0084,degrading,10,39,NORMAL,4.3451233333333334,0.1542792310138413,4.1144,4.6121,-0.009470233592881069,88.1704266666667,4.158795718789542,81.5686,95.1662,0.13305023359287835,1.4807533333333331,0.21517977558827928,1.0653,1.8118,0.011594571746384843
pump-0084,degrading,20,49,NORMAL,4.309200000000001,0.11071967003804392,4.1144,4.5057,0.009995995550611694,89.19334666666668,4.5633159709969195,81.5686,95.3691,0.3750211790878739,1.5323233333333333,0.23072291994704142,1.0653,1.8118,0.01713924360400443
pump-0084,degrading,30,59,DEGRADATION,4.331386666666666,0.1157495075103513,4.032,4.5057,-0.004667096774193671,90.15132666666669,3.4633769095044933,84.5333,95.3691,-0.22476040044494142,1.53611,0.2339611924372644,1.0638,1.8118,-0.020601668520578466
pump-0084,degrading,40,69,DEGRADATION,4.245773333333333,0.17060842287400568,3.9773,4.5057,-0.015824382647386094,87.4443966666667,3.9008823407432107,81.9594,95.3691,-0.3930643604004487,1.55966,0.2676203612084352,1.0638,2.0288,0.007355684093437105
pump-0084,degrading,50,79,DEGRADATION,4.18107,0.13123623267477116,3.9773,4.4237,-0.002588231368186979,86.22784333333335,2.4924709268359027,81.9594,90.7648,0.08248998887652789,1.6265533333333333,0.2971331168946934,1.0638,2.0551,0.02561757508342599
pump-0084,degrading,60,89,DEGRADATION,4.21192,0.1352857898425896,3.9773,4.5055,0.012698954393770756,86.74605333333334,3.166309568117993,81.7189,92.0542,0.14640974416017655,1.7527133333333331,0.15921014987186657,1.4175,2.0551,-0.005889432703003391
pump-0084,degrading,70,99,DEGRADATION,4.2482033333333336,0.12695754272809295,3.9945,4.5055,-0.002770967741935559,85.66478333333333,4.293926177993231,78.9676,92.0542,-0.3826515461624045,1.7410233333333334,0.13574066372641946,1.4175,2.0551,-0.004520645161290387
pump-0084,degrading,80,109,DEGRADATION,4.267856666666666,0.14832833778104867,3.9945,4.5055,-0.0032773526140156676,84.52801,3.7759461800851986,78.9676,92.0542,-0.1619761735261429,1.8217233333333334,0.22466809547023414,1.4175,2.4182,0.02064313681868742
pump-0084,degrading,90,119,DEGRADATION,4.1740699999999995,0.16885677392393827,3.8844,4.4876,-0.007297508342602972,82.76409333333332,2.833175807809244,77.8213,89.5173,0.07580845383759507,1.9137799999999998,0.18812929312930868,1.5727,2.4182,0.008921601779755248
pump-0084,degrading,100,129,DEGRADATION,4.050843333333333,0.23635408985014175,3.6494,4.4876,-0.0222125250278088,81.68501666666667,3.960131302712352,75.3101,89.5173,-0.3653888097886568,1.89678,0.20788253157332234,1.4955,2.4182,-0.015411879866518409
pump-0084,degrading,110,139,DEGRADATION,3.911853333333333,0.1562265955449186,3.6494,4.3051,-0.011728943270300432,80.42823999999999,3.2609006784015984,75.3101,89.5173,-0.09277917686318331,1.90754,0.20333721187557713,1.4955,2.3517,0.008971345939933232
pump-0084,degrading,120,149,DEGRADATION,3.953116666666667,0.19542255087089846,3.6494,4.3383,0.014718286985539416,80.97187,3.3213320367135832,75.3101,86.3515,0.3211813793103432,2.0150566666666667,0.2685102663255582,1.4955,2.4997,0.02620438264738594
pump-0084,degrading,130,159,DEGRADATION,3.9944933333333332,0.1870037592016683,3.6156,4.3383,0.0007075417130143867,80.60350999999999,4.258953928634747,71.6447,86.3515,-0.2679860956618475,2.1937833333333336,0.17052435423976509,1.8616,2.4997,0.00578324805339263
pump-0084,degrading,140,169,DEGRADATION,3.9016033333333335,0.2855532892279283,3.3646,4.3383,-0.028950411568409475,78.83282,5.023293469122956,71.0145,86.3515,-0.3971501223581781,2.21754,0.1921549159749324,1.8457,2.4997,-0.0013935038932147235
pump-0084,degrading,150,179,DEGRADATION,3.7829466666666662,0.19898764406085337,3.3646,4.233,-0.005484805339265939,78.43921000000002,4.622781245624761,71.0145,86.2875,0.3173951279199091,2.281783333333333,0.2105025860226478,1.8457,2.6502,0.008669521690767476
pump-0084,degrading,160,189,DEGRADATION,3.7385733333333335,0.14912155653097986,3.3646,3.9745,0.010351724137930972,79.53282333333335,3.978846864162475,71.0145,86.2875,0.17451098998887404,2.292406666666666,0.1877788325545655,1.8457,2.6502,0.006707942157953223
pump-0084,degrading,170,199,DEGRADATION,3.745326666666666,0.13935546857666628,3.464,3.9745,-0.012116796440489505,79.46251333333335,3.6996901693460162,72.0003,86.2875,-0.36124711902113776,2.285756666666666,0.17379813517091858,1.9996,2.6502,-0.013772347052280398
pump-0084,degrading,180,209,DEGRADATION,3.6750166666666666,0.12991819242208624,3.464,3.9745,-0.010255550611790969,77.47254333333335,2.504821210343941,72.0003,82.8578,-0.1110407341490566,2.31968,0.23797069623520173,1.9996,2.8984,0.013261045606229087
pump-0084,degrading,190,219,DEGRADATION,3.6536433333333336,0.10216769444833768,3.464,3.8584,0.005763937708564971,76.62762666666666,2.0606264825586966,72.0003,81.9282,0.044685072302555744,2.451826666666667,0.2762617876017037,1.9996,2.8984,0.022278976640711837
pump-0085,failure,0,29,NORMAL,4.412570000000001,0.09948466933821178,4.234,4.616,-0.002524026696329394,89.05603333333335,2.048902666686623,84.9662,92.4192,-0.13600889877641978,1.50281,0.1648181651598715,1.1539,1.7525,-0.011331012235817629
pump-0085,failure,10,39,DEGRADATION,4.339936666666666,0.1623093476119666,3.9943,4.616,-0.01671041156840936,88.46414,1.8317199037334644,84.9662,91.7046,-0.02924694104560731,1.5585266666666666,0.24483206071827185,1.1539,2.1327,0.020070745272525004
pump-0085,failure,20,49,DEGRADATION,4.279053333333334,0.1247647966731357,3.9943,4.4918,-0.002174549499443991,88.52328999999996,2.3886116641750976,84.9662,94.7825,0.07694338153503584,1.78038,0.2943107330696589,1.2483,2.201,0.030579799777530572
pump-0085,failure,30,59,DEGRADATION,4.148143333333333,0.20023584874398045,3.739,4.4398,-0.012540311457174802,85.99521,5.244100159693746,73.7669,94.7825,-0.4734573748609575,2.010393333333333,0.18662194928666767,1.6041,2.2835,0.013826117908787522
pump-0085,failure,40,69,DEGRADATION,3.983616666666667,0.2921863915189906,3.5229,4.4398,-0.030567141268075724,81.93932333333333,6.28421658913203,73.0878,94.7825,-0.6354524360400463,2.1875966666666664,0.17124453953987034,1.8541,2.5169,0.01327713014460507
pump-0085,failure,50,79,DEGRADATION,3.809143333333334,0.1640456210597799,3.5229,4.2504,-0.009303781979977834,78.48009333333333,3.336356082807842,73.0878,86.1723,-0.04494513904338319,2.3910133333333334,0.25447296612585174,1.9345,2.7861,0.02650460511679639
pump-0085,failure,60,89,FAILURE,3.716176666666667,0.14180665401250475,3.4825,4.0337,-0.0003686985539488752,77.69299,2.9119250746256045,73.0878,84.0831,0.08964206896551559,2.53775,0.1695702877865105,2.1985,2.7861,0.009509076751946554
pump-0085,failure,70,99,FAILURE,3.6986366666666664,0.177081944276905,3.3214,4.0337,-0.008395572858731992,76.61281333333334,3.571557689648719,69.8145,84.0831,-0.2201870522803131,2.6802266666666665,0.2136765748092716,2.1748,3.1625,0.006317552836484907
pump-0085,failure,80,109,FAILURE,3.720476666666667,0.20588247405309235,3.3214,4.0875,0.00922289210233581,75.36063666666668,4.155238779780158,66.4077,84.2817,-0.022837842046720666,2.8417733333333337,0.32655783350307527,2.1748,3.4548,0.028509855394883175
pump-0085,failure,90,119,FAILURE,3.7724233333333337,0.23038187961633516,3.3214,4.2265,0.005550989988876413,73.76785666666666,4.185696400177103,66.4077,84.2817,-0.016778220244718187,3.126903333333333,0.35733238353418545,2.1748,3.8985,0.028362157953281397
pump-0085,failure,100,129,FAILURE,3.6466733333333337,0.3552924935254832,2.9807,4.2265,-0.03212689655172426,72.77689666666667,4.765987130034612,63.8811,84.2817,-0.23199490545050053,3.3753900000000003,0.26872911683204953,2.865,3.8985,0.016388587319243503
pump-0085,failure,110,139,FAILURE,3.4465999999999997,0.33929903035523096,2.9807,4.2265,-0.029561735261401673,68.62661333333332,5.0710491859005105,59.7426,76.8014,-0.48987893214683065,3.59546,0.3230888366997535,3.079,4.3087,0.021387853170189024
pump-0085,failure,120,149,FAILURE,3.2092433333333332,0.2074094351491486,2.6345,3.6849,-0.009204160177975622,66.94480666666666,4.248849000371225,59.7426,74.9666,-0.12330051167964594,3.7320833333333336,0.29613489278067556,3.1722,4.3087,0.019752858731924356
pump-0085,failure,130,159,FAILURE,3.10752,0.21571047324287865,2.6345,3.5136,-0.015781668520578492,63.91850666666666,4.494671120629652,53.7099,74.9666,-0.10856925472747693,3.7090099999999997,0.3246658429318777,3.0495,4.3087,-0.007946140155728636
pump-0085,failure,140,169,FAILURE,2.8444966666666667,0.32803948693547386,2.1124,3.4371,-0.02930000000000011,61.52698333333333,6.344866768870896,50.6862,74.9666,-0.5770061179087883,3.9196366666666664,0.4746247819652442,3.0495,4.9485,0.0346084315906562
pump-0085,failure,150,179,FAILURE,2.842203333333332,0.30894094741372324,2.1124,3.2833,0.007108364849833133,58.80908,4.33758406161771,50.6862,68.4099,-0.16016231368186992,4.154583333333334,0.5358830942679778,3.0495,4.9485,0.05153755283648492
pump-0085,failure,160,189,FAILURE,2.7971566666666665,0.31071438083158553,2.1124,3.2833,0.01272932146829804,55.7247,4.115343559088758,48.2944,64.1708,-0.21723497219132493,4.481773333333334,0.23218762805589413,4.0635,4.9485,-0.0008371078976641255
pump-0085,failure,170,199,FAILURE,2.7174199999999993,0.4002042157032665,1.84,3.2833,-0.042698954393770965,53.113753333333335,5.352775599987563,42.9149,61.7117,-0.5484909454949957,4.60984,0.2802872783413474,4.0635,5.1792,0.01373494994438247
pump-0086,failure,0,29,DEGRADATION,4.39215,0.2476471787981172,3.9005,4.7463,-0.020304449388209262,88.04680666666667,3.12677071304494,82.6377,93.7051,-0.20645646273637483,1.4458433333333331,0.22647698585556597,1.0952,1.8896,-0.002167630700778673
pump-0086,failure,10,39,DEGRADATION,4.254143333333333,0.24392925433867543,3.9005,4.7463,-0.021377819799777622,86.25669666666667,2.900805306977512,80.8462,93.7051,-0.1792546162402692,1.645256666666667,0.4085369021955735,1.0952,2.2414,0.03705470522803112
pump-0086,failure,20,49,DEGRADATION,4.15814,0.15525438394239732,3.9005,4.4871,0.0028057397107896995,84.91278000000001,1.9006083851230382,80.8362,88.1888,-0.03263973303670936,1.9942133333333334,0.452619760014469,1.0952,2.6718,0.048180600667408195
pump-0086,failure,30,59,FAILURE,3.9909966666666667,0.2933431534151693,3.3858,4.3901,-0.023596952169076806,81.7808,4.617962303152044,72.1718,88.1888,-0.4253739710789785,2.2538633333333333,0.17345938906716915,1.9824,2.6718,0.007115928809788571
pump-0086,failure,40,69,FAILURE,3.877186666666666,0.30575386695110746,3.3858,4.3901,-0.020454460511679713,79.24644333333335,4.47605527867886,72.1718,88.1888,-0.36113390433815434,2.413483333333333,0.2627129981346353,1.9824,3.0249,0.015514416017797506
pump-0086,failure,50,79,FAILURE,3.790526666666666,0.24008817121123552,3.3858,4.3218,0.013951368186874294,76.51100666666666,3.357738095696102,66.6647,81.9609,-0.04655830923248293,2.5218566666666664,0.28284948138934646,1.9824,3.0249,0.024270901001112285
pump-0086,failure,60,89,FAILURE,3.821443333333333,0.2126933154933543,3.4442,4.3218,-0.0032541268075640135,74.45388,5.1147987028751505,60.6233,81.9609,-0.400336195773083,2.803943333333334,0.28552988247973077,2.0537,3.3876,0.02495615127919905
pump-0086,failure,70,99,FAILURE,3.5655900000000003,0.4478939959037927,2.6212,4.3218,-0.046800244716351594,68.37682666666666,8.2209929136706,53.1295,81.9609,-0.8900452947719711,3.2005600000000003,0.491145141209127,2.4686,4.2106,0.05078402669632921
pump-0086,failure,80,109,FAILURE,3.2506933333333334,0.3805640585003032,2.6212,3.8701,-0.03055888765294781,63.04007666666667,6.228563560494685,53.1295,75.3966,-0.4688066518353744,3.6947866666666664,0.509430255437931,2.8632,4.4609,0.054158353726362574
pump-0086,failure,90,119,FAILURE,3.157716666666666,0.2762516908947748,2.6212,3.6042,0.018721179087875368,58.465006666666675,3.5774931201362534,52.1333,68.5077,-0.1283434927697461,4.071436666666667,0.28234121848493093,3.2989,4.4609,0.021170478309232407
pump-0086,failure,100,129,FAILURE,3.17127,0.2750184250191248,2.6434,3.6042,-0.001171590656284811,57.09906666666668,3.861633655448027,50.3356,68.5077,-0.24892177975528507,4.305133333333333,0.3003635012595387,3.9423,5.1762,0.020053659621801913
pump-0086,failure,110,139,FAILURE,3.02154,0.39904380762016595,2.293,3.6042,-0.0430871190211347,55.656766666666655,3.066016266464062,49.9585,61.9808,0.005515061179087311,4.517156666666667,0.3652465730465137,3.9423,5.1762,0.033074416017797495
pump-0087,failure,0,29,NORMAL,4.60378,0.10868621930431965,4.3729,4.8052,-0.007338731924360433,88.15868999999999,3.7809783162871144,81.7329,96.5711,-0.290977953281427,1.5678000000000003,0.2194626255196998,1.2321,2.1521,-0.003751590656284795
pump-0087,failure,10,39,DEGRADATION,4.509563333333333,0.11301270572619501,4.2336,4.708,-0.008441668520578482,86.94894666666666,2.8889969673150504,81.7329,92.5631,-0.06731043381535345,1.6453333333333333,0.24113591925624753,1.3156,2.1521,0.003760978865405958
pump-0087,failure,20,49,DEGRADATION,4.5203,0.14323724841441682,4.2336,4.8779,0.006613259176863109,86.34216666666667,2.582523157990176,81.7329,91.2047,0.15077882091212294,1.678633333333333,0.21821283850609907,1.3156,2.1287,0.019374682981090047
pump-0087,failure,30,59,DEGRADATION,4.433406666666667,0.2120300700896508,4.0701,4.8779,-0.008062958843159178,85.13200666666667,3.7165026906966654,79.3927,91.2047,-0.3265380645161304,1.8223500000000001,0.15604270302281573,1.4802,2.1287,0.008194060066740803
pump-0087,failure,40,69,DEGRADATION,4.334726666666667,0.2644514094414238,3.9678,4.8779,-0.022629677419354982,82.41826,3.978775517551432,76.538,90.6848,-0.36018117908787856,1.92276,0.18217250176686936,1.6591,2.4033,0.015079777530589502
pump-0087,failure,50,79,DEGRADATION,4.152876666666667,0.14288780373270332,3.9611,4.5096,-0.0065977085650724306,80.55801666666667,2.0233767881247986,76.538,84.2387,0.07728175750834021,2.202033333333333,0.3575049653112838,1.7709,2.835,0.03749130144605113
pump-0087,failure,60,89,DEGRADATION,4.11167,0.10731140712897205,3.9089,4.3327,-4.171301446062333e-05,79.58503999999999,2.5638587045831276,74.747,84.2387,-0.06609103448276046,2.419073333333334,0.2952915654437529,1.7919,2.835,0.02417690767519461
pump-0087,failure,70,99,FAILURE,3.9878833333333334,0.245512115224936,3.2274,4.3001,-0.014084071190211432,77.15072,4.683369351111798,66.6107,84.2387,-0.4558017352614026,2.6759399999999998,0.22749725800545378,2.2636,3.3075,0.013023492769744117
pump-0087,failure,80,109,FAILURE,3.938916666666666,0.23992624850612373,3.2274,4.3001,-0.007102936596218132,75.49069000000001,3.692305374816662,66.6107,82.7592,-0.09119944382647614,2.782153333333333,0.2623841823653925,2.3802,3.3075,0.021133837597330354
pump-0087,failure,90,119,FAILURE,3.8547166666666666,0.2083472231369761,3.2274,4.2434,0.006168921023359179,75.47168000000002,3.7666884955178705,66.6107,82.7592,0.1761725917686305,2.972353333333333,0.3061770367323817,2.374,3.6452,0.011321557285873161
pump-0087,failure,100,129,FAILURE,3.7149066666666664,0.3174364817653376,3.0016,4.106,-0.030346028921023473,75.40614000000001,4.201489668724655,64.7974,82.7592,-0.3029767296996685,3.0968166666666668,0.2875754313605775,2.374,3.6452,0.00934925472747488
pump-0087,failure,110,139,FAILURE,3.51254,0.3178681777089364,3.0016,4.0786,-0.02443185761957736,73.26271999999999,4.651420986852656,64.7974,80.5356,-0.38607661846496155,3.1622766666666675,0.3062115104339192,2.374,3.6452,0.0009665183537263016
pump-0087,failure,120,149,FAILURE,3.4225433333333326,0.2212672421655667,3.0016,3.7759,0.012242780867630657,70.64529,3.809083361155717,64.7974,79.1386,-0.16576634037819946,3.312543333333333,0.3054548790283472,2.5918,3.9087,0.01953239154616229
pump-0087,failure,130,159,FAILURE,3.354909999999999,0.2552968668694023,2.9313,3.7759,-0.008081935483871063,67.24687333333333,4.925400288906024,57.6151,75.8959,-0.40840360400444997,3.4124533333333336,0.31326646775903455,2.5918,3.9087,0.018769121245828673
pump-0087,failure,140,169,FAILURE,3.2276533333333335,0.308732877779841,2.6628,3.7759,-0.028779354838709758,65.95016,4.201798512430918,57.6151,74.1173,-0.17143755283648654,3.69466,0.33161225309086517,3.1755,4.508,0.023732725250278065
pump-0087,failure,150,179,FAILURE,3.1094133333333334,0.21056736488723882,2.6628,3.7482,0.00692961067853166,63.03949333333335,3.576943245466567,54.5893,69.4931,-0.06380431590656471,3.9032700000000005,0.36234116993978666,3.1755,4.508,0.03194818687430474
pump-0087,failure,160,189,FAILURE,3.1794733333333336,0.287857074411745,2.6628,3.8965,0.013508476084538283,61.67910666666666,4.616165426407026,50.6727,69.4931,-0.39113806451613076,4.2869633333333335,0.4030249781203255,3.7379,5.0778,0.03594302558398211
pump-0087,failure,170,199,FAILURE,3.070943333333333,0.39187304805113726,2.4307,3.8965,-0.0322136818687431,58.03393333333334,4.141315694585747,47.9388,65.0614,-0.22078037819799876,4.383713333333333,0.34669769130404593,3.8476,5.0778,0.009488320355950958
pump-0087,failure,180,209,FAILURE,2.8713699999999998,0.4054962532913632,2.3206,3.8965,-0.037440244716351594,55.35775666666666,4.696603807482121,47.5634,65.0614,-0.22507156840934484,4.582406666666667,0.38017123855207957,3.8476,5.2081,0.01002883203559501
pump-0087,failure,190,219,FAILURE,2.6205699999999994,0.17083271183626783,2.3206,3.0309,-0.005509254727475022,55.21359666666667,4.604925072534357,47.5634,66.0299,0.0900812235817553,4.573583333333334,0.3241166560394918,3.8476,5.2081,0.01772527252502776
pump-0088,failure,0,29,NORMAL,4.445063333333334,0.11000445895003018,4.2649,4.725,-0.006193303670745367,89.08004000000001,3.096468073100921,83.5911,94.708,-0.19509454949944677,1.4676233333333333,0.2045047019562685,1.1404,1.8255,-0.013829032258064543
pump-0088,failure,10,39,DEGRADATION,4.3858,0.11361721993899808,4.1465,4.661,-0.007151946607341656,87.74709666666669,1.9586442291345878,83.5911,92.1109,0.028580311457172783,1.4089000000000003,0.17936535711595294,1.1404,1.9492,0.009265317018909857
pump-0088,failure,20,49,DEGRADATION,4.336126666666668,0.09970605776759783,4.1361,4.661,-0.0005443826473860324,87.73001666666666,1.4456935244795914,84.0705,90.5527,-0.046708231368188545,1.5912600000000003,0.27619484619859697,1.1404,2.0311,0.027042847608453827
pump-0088,failure,30,59,DEGRADATION,4.26345,0.1434720780035846,3.9983,4.661,-0.009340044493882125,85.81020999999997,2.9334094695819966,80.0869,90.5527,-0.27585234705228234,1.8731666666666669,0.3189964726381086,1.316,2.4906,0.033839999999999974
pump-0088,failure,40,69,DEGRADATION,4.11304,0.20158414719416798,3.7888,4.4468,-0.020073414905450556,83.49915333333333,2.9864438007696634,78.7702,89.4688,-0.28038598442714247,2.1436699999999997,0.21727983209063223,1.7038,2.5147,0.019243047830923222
pump-0088,failure,50,79,DEGRADATION,3.9902666666666664,0.12969563686655858,3.7888,4.2812,-0.007832480533926706,82.11299333333332,1.8185319383013931,78.7702,86.7384,0.012451790878752526,2.2977399999999997,0.14478848619048873,2.0517,2.5147,0.007545984427141203
pump-0088,failure,60,89,DEGRADATION,3.8740266666666665,0.11339055496625614,3.5819,4.0359,-0.005178331479421704,81.06608666666668,2.382980297545258,75.2226,86.7384,-0.12337686318131558,2.40261,0.14276898904640792,2.0631,2.6639,0.008001624026696264
pump-0088,failure,70,99,FAILURE,3.7895,0.1836704040757066,3.37,4.0359,-0.01672311457174651,79.15250666666665,3.6441298281787695,71.2597,86.7384,-0.3905351279199126,2.4700733333333336,0.20512541843684048,2.0132,2.9519,0.004892324805339198
pump-0088,failure,80,109,FAILURE,3.69789,0.17741475013838806,3.37,3.9582,-0.0044834482758621605,76.81896666666667,3.0613320423559998,69.51,82.1319,-0.13999092324805515,2.4399333333333333,0.23161321397728774,2.0132,2.9519,-0.012789276974416085
pump-0088,failure,90,119,FAILURE,3.8099633333333336,0.2759329622490861,3.37,4.3213,0.02141087875417127,75.65678333333335,3.687289895942849,69.404,82.7254,-0.03439659621802186,2.4901400000000007,0.28220831738274477,2.0132,3.0189,0.004955150166851969
pump-0088,failure,100,129,FAILURE,3.7982533333333337,0.3210370463911534,3.0004,4.3213,-0.0064056507230256824,72.27878333333334,6.216340072104772,61.6368,82.7254,-0.5142853615127934,2.510333333333333,0.2509837834513528,2.0322,3.0189,0.01568591768631811
pump-0088,failure,110,139,FAILURE,3.68312,0.3830125014495828,3.0004,4.3213,-0.03815390433815362,69.83780666666667,5.518727356068808,61.6368,82.7254,-0.3898595773081225,2.9119499999999996,0.45507683728501647,2.2816,3.7854,0.03815254727474964
pump-0088,failure,120,149,FAILURE,3.494056666666667,0.22847179210766677,3.0004,3.9417,-0.004291635150166946,66.12962666666667,3.3510191079663434,59.155,74.6472,-0.07586064516129254,3.1251000000000007,0.46728293713052843,2.3077,4.0578,0.03792956618464955
pump-0088,failure,130,159,FAILURE,3.4352900000000006,0.25955209669736823,2.8251,3.9425,-0.0005364849833148416,67.10960333333334,3.1809861345693125,59.155,74.6472,-0.034553748609567767,3.52616,0.32443200787427456,2.8323,4.128,0.01774856507230252
pump-0088,failure,140,169,FAILURE,3.3461033333333337,0.3134059417468377,2.8251,3.9425,-0.026189388209121325,65.19141666666667,3.6807772347773984,58.2211,72.1612,-0.10563334816462876,3.6968466666666666,0.3989529025948914,2.8323,4.5959,0.03411065628476082
pump-0088,failure,150,179,FAILURE,3.2312000000000003,0.2896855571132258,2.8251,3.9425,-0.013048720800889906,66.79160333333333,4.082969960660446,58.2211,73.3876,0.017759176863179734,4.015093333333334,0.29552006241351675,3.5764,4.5959,0.021778731924360372
pump-0088,failure,160,189,FAILURE,3.165833333333333,0.15524144277722865,2.845,3.5548,0.008647430478309114,65.09359,4.256149116776025,58.2211,73.3876,-0.019800289210234617,4.129136666666667,0.2640626030361403,3.6,4.5959,0.006245850945494887
pump-0088,failure,170,199,FAILURE,3.174966666666667,0.19017383509714356,2.6356,3.5548,-0.004764493882091253,62.223580000000005,6.686004060393623,52.0893,73.3876,-0.6977384649610704,4.294416666666667,0.28478764613109336,3.7387,4.8957,0.00941839822024463
pump-0088,failure,180,209,FAILURE,2.9625999999999997,0.34021454113544297,2.3093,3.5548,-0.028977085650723152,56.777803333333345,5.145917114987593,47.8541,66.4457,-0.46602529477197036,4.326163333333333,0.29777826928027423,3.7387,4.8957,0.00997715239154607
pump-0088,failure,190,219,FAILURE,2.8031633333333335,0.2810941437589114,2.3093,3.3173,-0.016973459399332664,55.80999666666666,4.086168563294417,47.8541,67.453,0.26823285873192343,4.374700000000001,0.26201942167200754,3.7387,4.8957,-0.008888275862069101
pump-0088,failure,200,229,FAILURE,2.5769499999999996,0.199649933216451,2.1871,2.9917,-0.007185828698553999,54.87156000000001,5.0380149255832904,44.744,67.453,-0.09395185761957893,4.511089999999999,0.4032954519538581,3.9362,5.4692,0.027608120133481597
pump-0089,failure,0,29,NORMAL,4.403400000000001,0.10215483346371815,4.2163,4.5832,-0.0011139933259177903,88.74136666666668,3.179508974808673,83.1294,93.7621,-0.27371991101223736,1.3535633333333335,0.21056407019136847,0.975,1.6588,-0.0012231145717464087
pump-0089,failure,10,39,DEGRADATION,4.4129933333333335,0.11020900124561307,4.2163,4.5832,-0.0038570411568410318,87.53158333333334,2.4658006721392187,83.1294,92.7809,-0.06297586206896677,1.4240199999999998,0.2630314358905921,0.975,1.8901,0.02836307007786425
pump-0089,failure,20,49,DEGRADATION,4.395040000000001,0.12620985592786851,4.0812,4.6174,0.0005823804226917458,86.73596666666667,2.1464807799952204,83.1294,92.3252,0.0763303670745247,1.66534,0.1910994062436267,1.3028,2.0743,0.01642371523915458
pump-0089,failure,30,59,DEGRADATION,4.276913333333334,0.23470621456526364,3.8438,4.6174,-0.020000756395995637,84.6545,4.663361216476089,74.8151,92.3252,-0.46263741935483893,1.8093300000000003,0.1524112138262799,1.5179,2.125,0.009591701890989963
pump-0089,failure,40,69,DEGRADATION,4.098563333333333,0.2665371412309278,3.8031,4.6174,-0.027218220244716443,81.41310333333332,4.50494931340212,74.8151,90.2433,-0.4241529032258082,2.00952,0.2497070141852914,1.5593,2.6002,0.021580111234705195
pump-0089,failure,50,79,DEGRADATION,3.918373333333333,0.11930581135142675,3.7633,4.2883,-0.007535928809788779,78.97042333333336,1.9412735159654573,74.8151,82.9024,0.024600378197995796,2.227163333333333,0.27973140627315257,1.7075,2.768,0.02715259176863177
pump-0089,failure,60,89,FAILURE,3.86587,0.06523601842540669,3.7478,3.9758,-0.001481846496106865,77.79999999999998,3.02236089329738,68.998,82.057,-0.16501076751946794,2.385796666666667,0.16586696171597548,2.0445,2.768,0.001969010011123425
pump-0089,failure,70,99,FAILURE,3.779936666666666,0.17352108898408347,3.1659,3.9758,-0.01090320355951066,74.56849333333335,5.153207918111678,65.5968,81.2669,-0.5308888097886567,2.4939966666666664,0.25823209003185915,2.0849,3.1745,0.007255951056729641
pump-0089,failure,80,109,FAILURE,3.6542000000000003,0.19113724039722516,3.1659,3.9442,-0.01388885428253629,72.43402,4.262576874880578,65.5968,80.1158,-0.10085850945495166,2.5621033333333334,0.2704907016064611,2.0849,3.1745,0.015128342602892041
pump-0089,failure,90,119,FAILURE,3.52198,0.15800003248944813,3.1659,3.8703,-0.004846451612903286,71.19145,3.8130029235717444,65.1244,80.1158,0.11075864293659406,2.7423133333333336,0.299316395289147,2.1466,3.2588,0.018727252502780813
pump-0089,failure,100,129,FAILURE,3.4936966666666667,0.11669552257429971,3.2335,3.7163,0.0006924805339265068,72.40995,3.4432168556695166,65.1244,80.1158,-0.04816273637375038,2.9065333333333334,0.34489603586523804,2.457,3.6785,0.023967563959955494
pump-0089,failure,110,139,FAILURE,3.5204400000000007,0.21737009239236818,3.1541,4.123,0.009608186874304748,68.54574000000001,6.126792362435666,54.9539,77.0126,-0.48549152391546446,3.2571999999999997,0.4662339641567669,2.457,4.0171,0.04396311457174637
pump-0089,failure,120,149,FAILURE,3.5335999999999994,0.22421954419719975,3.1541,4.123,-0.00029325917686329374,65.78597666666666,5.706235975531993,54.9539,75.299,-0.4145247830923275,3.540043333333334,0.42888965145153857,2.5419,4.2602,0.029526963292547212
pump-0089,failure,130,159,FAILURE,3.3573966666666664,0.3467593742864864,2.7186,4.123,-0.02502502780867638,62.50076,3.438515691554521,54.9539,70.104,0.00486335928809657,3.786443333333333,0.2582347287299332,3.349,4.2676,0.006487897664071095
pump-0089,failure,140,169,FAILURE,3.0947733333333334,0.3412505510943862,2.4335,3.7721,-0.03399608453837603,61.258509999999994,3.705093609825083,52.4105,66.1291,-0.2828145272525037,3.794216666666667,0.2588868054875635,3.349,4.2676,-0.0013304338153504465
pump-0089,failure,150,179,FAILURE,2.879776666666667,0.1776169036312579,2.4335,3.3308,-0.007305428253615166,58.06138666666667,4.633732421762061,48.9002,65.6495,-0.40892075639599884,3.8469033333333327,0.21748637426029443,3.3839,4.2676,0.005760333704115572
pump-0089,failure,160,189,FAILURE,2.8340633333333334,0.16021038144334537,2.4335,3.1417,0.002431835372636172,56.188513333333326,4.334207225297635,47.7431,65.0176,-0.13840511679644293,3.9065299999999996,0.1721419881957914,3.3839,4.1781,0.011321579532814138
pump-0089,failure,170,199,FAILURE,2.72131,0.271151418153523,2.0141,3.0622,-0.02030880978865414,53.72492333333333,4.514449223156193,45.4397,64.2754,-0.17687917686318252,3.9916199999999993,0.2853155684500936,3.4976,5.0761,0.010297530589543887
pump-0089,failure,180,209,FAILURE,2.5547233333333335,0.2968888452865071,2.0141,3.0622,-0.026623248053392713,53.02590333333333,4.914486672650111,44.9407,64.2754,-0.2675470745272537,4.3354066666666675,0.5245557491397417,3.4976,5.1794,0.04457112347052273
pump-0090,degrading,0,29,NORMAL,4.486149999999999,0.09022156338703063,4.2328,4.6633,-0.004093637374861105,90.08283999999999,1.9462210235222515,86.2271,93.7666,-0.15385454949944444,1.393403333333333,0.17149106776220802,1.0648,1.7034,-0.01169061179087879
pump-0090,degrading,10,39,NORMAL,4.502756666666666,0.11228458096382696,4.2328,4.6785,-0.00012215795328149122,90.14778999999999,2.3019892318528923,86.2271,95.9809,0.0700304115684079,1.42627,0.20443144270553554,1.0648,1.7201,0.01519317018909896
pump-0090,degrading,20,49,NORMAL,4.5259366666666665,0.11918302307329214,4.2328,4.7072,0.009422180200222369,89.67882333333336,2.608560812489438,86.2118,95.9809,0.05627855394883144,1.4827966666666665,0.17665583768698076,1.1717,1.7201,0.005374438264738583
pump-0090,degrading,30,59,NORMAL,4.57008,0.09899093022427191,4.342,4.7446,0.0013812235817574116,89.12653333333333,3.0150411545376214,84.4222,95.9809,-0.22710429365962384,1.4468333333333332,0.21424090542087323,1.0204,1.7201,-0.02002869855394886
pump-0090,degrading,40,69,DEGRADATION,4.509333333333333,0.13514812449884592,4.231,4.7446,-0.013098331479421714,88.03647333333333,2.3289242360559714,84.3775,93.4059,-0.02371826473859964,1.4047766666666663,0.19876264015710354,1.0204,1.8043,0.0044309899888765065
pump-0090,degrading,50,79,DEGRADATION,4.43051,0.14042170143298136,4.2164,4.7446,-0.008556863181312638,87.81365,1.965489071410302,84.1416,90.9422,0.10381608453837306,1.5210666666666668,0.2749428623469894,1.0204,1.9861,0.029128097886540572
pump-0090,degrading,60,89,DEGRADATION,4.3394200000000005,0.1112773993225939,4.1658,4.6062,-0.003447430478309354,87.05961999999998,3.3010968919840358,79.0337,90.9422,-0.21657962180200271,1.6919333333333333,0.17524427966571568,1.38,1.9861,0.009328542825361465
pump-0090,degrading,70,99,DEGRADATION,4.298836666666667,0.12532827689268258,4.0938,4.6062,-0.005168120133481656,85.84936666666667,3.4392555827614135,79.0337,90.6844,-0.1797106562847625,1.7254333333333336,0.13394995665877943,1.4699,1.9861,-0.007544115684093461
pump-0090,degrading,80,109,DEGRADATION,4.218936666666667,0.131329312501902,3.9061,4.4156,-0.004861512791991154,85.23244,3.141215325698001,79.0337,91.2474,0.10839915461623827,1.7737366666666667,0.17947310194628668,1.4699,2.1628,0.010585250278086726
pump-0090,degrading,90,119,DEGRADATION,4.244013333333333,0.14948295718538918,3.9061,4.4684,0.008038175750834172,85.99873666666667,2.393225451767737,79.1841,91.2474,0.11573087875417043,1.8274466666666667,0.18384860571193418,1.4699,2.1628,0.01249686318131254
pump-0090,degrading,100,129,DEGRADATION,4.220549999999999,0.15564918192310978,3.9061,4.4684,0.002086206896551628,84.81432000000001,3.0040810737395214,78.672,91.2474,-0.2411738820912146,1.9175666666666666,0.12279210705723538,1.6945,2.1628,-0.0008185539488320817
pump-0090,degrading,110,139,DEGRADATION,4.1951366666666665,0.15310925180696586,3.9318,4.4684,-0.013405050055617512,83.21708666666667,3.0370034685232445,77.0738,88.6772,-0.19742834260289419,1.9783933333333334,0.16579406690898874,1.6945,2.3581,0.01161672969966629
pump-0090,degrading,120,149,DEGRADATION,4.1734800000000005,0.14700024807235298,3.9318,4.4962,0.006881779755283485,82.91553666666665,2.6788095829408167,77.0738,87.4789,0.20751010011123233,2.0868066666666665,0.1839770238070202,1.7374,2.4151,0.016240311457174597
pump-0090,degrading,130,159,DEGRADATION,4.16305,0.16706570513822794,3.8508,4.4962,0.0034106117908786018,83.43455,2.3869669905202566,77.0738,87.4789,0.074116240266962,2.103606666666667,0.19414065851564655,1.6413,2.4151,-0.008880222469410544
pump-0090,degrading,140,169,DEGRADATION,4.122283333333333,0.20316426536726925,3.7516,4.4962,-0.015515216907675251,82.85970666666665,2.6293307740352656,76.7436,87.4789,-0.2313625361512807,2.1189066666666667,0.22003654080376941,1.6413,2.517,-0.000570545050055655
pump-0090,degrading,150,179,DEGRADATION,3.999283333333333,0.15799704656170702,3.7406,4.4753,-0.010753437152391663,82.50714333333333,2.3524724026271215,76.7436,86.961,0.0928969744160165,2.1766366666666666,0.2505027404817937,1.6413,2.5288,0.01914836484983308
pump-0090,degrading,160,189,DEGRADATION,3.9659033333333324,0.10132310524039202,3.7406,4.1777,0.004810344827586094,80.84305999999998,3.501100718878753,73.8692,86.961,-0.12496302558398498,2.2419266666666666,0.18529063105174948,1.8983,2.5288,-0.0004180645161291056
pump-0090,degrading,170,199,DEGRADATION,3.914893333333333,0.13453435728054333,3.6033,4.1777,-0.006788743047831006,80.00415,3.801143763811974,73.8692,86.961,-0.3452683648498345,2.207063333333333,0.2400081616436315,1.7679,2.5878,-0.011108498331479495
pump-0090,degrading,180,209,DEGRADATION,3.8787466666666663,0.14946000074341703,3.6033,4.1777,-0.010399777530589615,77.16932,2.168008904102257,73.8692,82.179,-0.11129681868743245,2.219536666666666,0.24376246837626356,1.7679,2.5878,0.01379922135706333
pump-0090,degrading,190,219,DEGRADATION,3.83871,0.11929765672468168,3.6033,4.0737,0.005763670745272469,77.34357999999999,1.9473336446536333,74.002,81.9287,0.05039568409343597,2.2947,0.25269876401227875,1.7679,2.648,0.014247875417130115
pump-0090,degrading,200,229,DEGRADATION,3.81515,0.16014230286425463,3.4796,4.0737,-0.005339377085650824,76.74649,2.2783798005527234,72.4813,81.9287,-0.02464260289210442,2.3281599999999996,0.15302,2.1013,2.648,-0.013396974416017829
pump-0090,degrading,210,239,DEGRADATION,3.7650966666666665,0.1734514696456107,3.4796,4.0737,-0.010937285873192542,76.62221,2.275564785183377,72.4813,81.9287,-0.11473150166852185,2.44785,0.2913649896035326,2.1013,3.022,0.017377997775305846
pump-0090,degrading,220,249,DEGRADATION,3.7486800000000002,0.15434034123758228,3.4796,4.0359,0.005510211345939862,76.81355666666667,2.3162194594760557,72.4813,81.2532,0.14502529477196646,2.534213333333333,0.29066276190037743,2.1013,3.022,0.02033054505005553
pump-0091,failure,0,29,NORMAL,4.779816666666666,0.15774340996976352,4.4785,5.0025,-0.01106938820912125,88.85948666666667,3.432807806032192,83.4635,95.1561,-0.24228578420467317,1.3773400000000005,0.24169326097349098,0.8833,1.747,-0.017849121245828752
pump-0091,failure,10,39,DEGRADATION,4.690373333333333,0.16534940163853698,4.3754,4.9892,-0.013976952169076849,88.05704999999998,2.7354316584103016,83.4635,94.9113,0.01996451612903031,1.37105,0.2576563573832402,0.8833,1.8723,0.0031874749721912954
pump-0091,failure,20,49,DEGRADATION,4.609676666666666,0.10809396740285224,4.3754,4.8089,0.001809499443826296,87.21544333333333,1.9900546362153537,83.9399,91.845,-0.02703837597330577,1.500543333333333,0.287206622118796,0.9387,1.9094,0.028091724137931023
pump-0091,failure,30,59,DEGRADATION,4.523540000000001,0.18196286177862409,3.9677,4.8089,-0.00983768631813135,86.48232666666667,2.5945700942459733,80.8042,91.845,-0.24676120133481833,1.7116633333333335,0.1914331937140358,1.2594,1.9106,0.01607339265850945
pump-0091,failure,40,69,DEGRADATION,4.394386666666667,0.21571197576604062,3.9677,4.8089,-0.019439955506117976,84.40857333333334,2.008629696241251,80.4657,88.2557,-0.1247053170189113,1.8258200000000002,0.09030418373475284,1.5644,1.9611,0.0029292992213570293
pump-0091,failure,50,79,DEGRADATION,4.23901,0.15865679174452843,3.9442,4.5068,-0.007838820912124636,83.43302333333334,1.9215628041923465,78.9456,86.7418,-0.0620381535038951,1.9392766666666668,0.16489262907183638,1.6637,2.3656,0.013541423804226854
pump-0091,failure,60,89,DEGRADATION,4.204996666666667,0.12354842635807041,3.9442,4.4124,0.0038573303670744003,82.57058666666666,1.84886808989236,78.7789,86.342,-0.03377797552836723,2.0080499999999994,0.14754057464530448,1.6787,2.3656,0.007530033370411491
pump-0091,failure,70,99,FAILURE,4.105086666666667,0.20166296591645727,3.6914,4.4124,-0.011465895439377182,81.54933333333332,2.1740751694047344,76.9928,85.0948,-0.0935470522803137,2.1640900000000003,0.17115821598743075,1.9034,2.638,0.009193882091212453
pump-0091,failure,80,109,FAILURE,4.002046666666667,0.22102888006371982,3.6848,4.3943,-0.020074438264738693,80.80656333333333,2.1973980265279405,76.9928,85.0621,-0.0572646273637395,2.4018166666666665,0.4027764997144474,1.9034,3.3975,0.04006872080088984
pump-0091,failure,90,119,FAILURE,3.9397633333333335,0.18156015987973678,3.6848,4.4194,0.00796162402669625,77.91297666666668,4.1493642772263595,67.5973,84.4919,-0.33162805339265994,2.6924800000000007,0.36386926901475664,1.9552,3.3975,0.030872169076751898
pump-0091,failure,100,129,FAILURE,3.895963333333334,0.2865716937444373,3.2839,4.4194,-0.007478954393770985,74.12822333333334,5.468158176429753,62.4249,84.4919,-0.5667861846496124,2.82079,0.2608236113417137,2.4042,3.3975,-0.0043815127919911755
pump-0091,failure,110,139,FAILURE,3.8706966666666665,0.34709999662281127,3.2403,4.4194,-0.010714727474972268,70.24866333333333,3.2570898502071173,62.4249,76.8341,-0.20861906562847787,2.879896666666667,0.23032388280178173,2.5359,3.2935,0.006105161290322541
pump-0091,failure,120,149,FAILURE,3.772163333333333,0.33121310509834734,3.2403,4.3482,-0.0016138153503894494,69.97489333333333,3.4866040205270736,62.4249,79.3342,0.11097953281423681,3.000186666666666,0.2912039614352036,2.5359,3.6281,0.025487208008898705
pump-0091,failure,130,159,FAILURE,3.7056499999999994,0.3335689871176076,3.0058,4.2387,-0.01073007786429374,68.68422666666667,4.599909872010779,59.3294,79.3342,-0.2676512124582901,3.1371933333333333,0.22779348824953027,2.6727,3.6281,0.0038642936596217474
pump-0091,failure,140,169,FAILURE,3.4991,0.3958107165468531,2.7225,4.1651,-0.036028609566184776,67.26447,4.969645051453206,59.3294,79.3342,-0.4003467630700794,3.264536666666667,0.2416438239549183,2.7835,3.8043,0.003312191323692959
pump-0091,failure,150,179,FAILURE,3.3700466666666666,0.33641561074890025,2.7225,4.0287,-0.015288097886540682,65.45820666666665,3.731591978761285,58.5911,72.3979,0.042427096774190855,3.4683733333333326,0.3885752479107346,2.7835,4.2495,0.03213761957730811
pump-0091,failure,160,189,FAILURE,3.3023366666666663,0.2761423346553166,2.7225,3.6921,0.007296974416017715,65.37431333333333,3.3201261366332995,58.5911,71.8376,-0.035494060066742605,3.7353999999999994,0.424980772898414,2.9251,4.5781,0.017881201334816434
pump-0091,failure,170,199,FAILURE,3.2675166666666664,0.2599116607405079,2.7651,3.6921,-0.012959265850945574,64.10813333333333,4.219349462443496,55.8287,71.8376,-0.3280153058954421,3.9327233333333336,0.3526057105638283,2.9251,4.5781,0.0010712569521690433
pump-0091,failure,180,209,FAILURE,3.2168566666666667,0.2247577595002129,2.7651,3.6921,-0.00464438264738604,61.958923333333345,3.5361708826246248,53.96,67.9673,-0.23154462736373937,4.244976666666666,0.5615955690015922,2.9251,5.4116,0.03860629588431584
pump-0091,failure,190,219,FAILURE,3.11851,0.19169228701228433,2.7651,3.39,0.0018471412680755959,60.19923000000001,3.4026740491511474,53.96,67.9673,-0.12527125695216895,4.527706666666665,0.46360543060763315,3.5922,5.4116,0.03838642936596211
pump-0091,failure,200,229,FAILURE,3.0414666666666665,0.22904593765346626,2.6408,3.39,-0.017340467185762053,56.53083999999999,5.93395916964944,44.0828,66.3325,-0.5537824249165757,4.808926666666666,0.3217294017579922,4.2926,5.4116,0.008370011123470371
pump-0091,failure,210,239,FAILURE,2.7726666666666673,0.3107239947105613,2.2389,3.39,-0.02769241379310352,53.62798666666667,5.365328734988089,44.0828,66.3325,-0.4271504338153513,4.891813333333333,0.2718611419252278,4.2926,5.3702,0.016725294771968803
pump-0092,failure,0,29,DEGRADATION,4.3612400000000004,0.15271326857873221,3.9357,4.5574,-0.01024431590656291,89.54481666666668,3.9452784723923133,83.1711,95.1883,-0.37791187986651925,1.3448833333333334,0.20585585747205631,0.8757,1.668,-0.00316211345939934
pump-0092,failure,10,39,DEGRADATION,4.1988,0.2321463202379051,3.8359,4.5157,-0.02265365962180214,87.97073333333336,3.2206420333357286,83.1711,94.8534,-0.1733406451612913,1.48502,0.32394133254855473,0.8757,1.9945,0.029172102335928787
pump-0092,failure,20,49,DEGRADATION,4.135623333333333,0.2124926331010612,3.8359,4.5431,-0.0006511012235818315,86.24152333333333,2.7956956508989945,80.0138,91.0259,0.023422313681866962,1.7489899999999996,0.3581624653235828,0.8757,2.1817,0.03694529477196884
pump-0092,failure,30,59,DEGRADATION,4.03353,0.20876149094121738,3.623,4.5431,-0.0007780867630701438,83.35589999999999,5.997062584465831,71.1816,91.0259,-0.60371697441602,1.9598366666666667,0.16378056556122755,1.6755,2.4726,0.007670100111234654
pump-0092,failure,40,69,FAILURE,3.928536666666667,0.30486279699052965,3.3122,4.5431,-0.027392324805339374,79.61196666666667,5.488400311586448,71.1816,90.6261,-0.45204987764182547,2.17538,0.27631958839961623,1.7357,2.7062,0.02147078976640706
pump-0092,failure,50,79,FAILURE,3.8449999999999998,0.23400606259952614,3.3122,4.2793,0.0007530144605116064,78.23817666666667,4.103190152282599,71.1816,88.0489,0.25607317018909814,2.5153133333333337,0.49549598634992886,1.7357,3.471,0.053782424916573944
pump-0092,failure,60,89,FAILURE,3.7715333333333327,0.22788312403998284,3.3122,4.2793,0.0014708342602891187,78.71531,3.766763459908254,73.7865,88.0489,0.020094260289209062,2.8311066666666678,0.3022137212121397,2.2694,3.471,0.02095715239154611
pump-0092,failure,70,99,FAILURE,3.6349466666666665,0.3575134242079434,2.9633,4.2793,-0.03839853170189108,75.31291333333333,7.348439598297193,60.1747,88.0489,-0.7170674527252515,2.9557266666666666,0.24160754669964724,2.4613,3.471,-0.0059038932146830295
pump-0092,failure,80,109,FAILURE,3.40047,0.26811477536060313,2.9633,3.8812,-0.022337285873192544,70.69411999999998,5.506705435521315,60.1747,81.3567,-0.4175842046718579,3.135603333333333,0.4059995266691275,2.4613,3.926,0.03404896551724134
pump-0092,failure,90,119,FAILURE,3.22283,0.17195466485869662,2.9502,3.5487,-0.0034436707452725614,68.11888333333333,3.675828093920546,59.6583,76.0538,0.12066631813125482,3.347823333333333,0.3999915596470617,2.4613,3.926,0.032629032258064405
pump-0092,failure,100,129,FAILURE,3.16862,0.22794842311365085,2.7612,3.5524,-0.012107808676307036,67.14621,3.91532365766016,57.6683,76.0538,-0.2267161512792015,3.79229,0.36029373049406965,3.2503,4.5488,0.029049187986651775
pump-0092,failure,110,139,FAILURE,2.9293433333333336,0.33994930865579875,2.1697,3.5524,-0.031202469410456145,64.82676333333333,4.8843426468996025,54.3678,76.0538,-0.39553964404894476,4.00516,0.3881571319281235,3.2503,4.5611,0.03321819799777516
pump-0092,failure,120,149,FAILURE,2.7177766666666665,0.33570713594176427,2.1013,3.5524,-0.025700934371523987,62.53128333333334,4.788809507806252,51.1363,71.5736,-0.12745893214683265,4.204326666666667,0.21482990470499108,3.7618,4.5611,-0.0020549054505006326
pump-0092,failure,130,159,FAILURE,2.56358,0.212151520381071,2.1013,2.9485,-0.0004223359288098716,59.00492666666665,6.348098068867206,47.6561,71.5736,-0.4287317908787552,4.1944066666666675,0.2317288213024487,3.7618,4.5686,-0.0019158620689656114
pump-0093,degrading,0,29,NORMAL,4.517263333333333,0.17541310951262717,4.1602,4.8034,-0.015600200222469543,90.39271666666667,2.944894581597483,84.6494,97.0865,-0.25562894327030306,1.3044900000000004,0.15377948356873447,1.0899,1.6203,-0.005983203559510616
pump-0093,degrading,10,39,NORMAL,4.4429300000000005,0.15554028663554242,4.1602,4.7001,-0.008051190211346029,90.10845666666667,2.6081606605273038,84.6494,94.5032,0.08201626251390177,1.3400433333333333,0.1786316987236277,1.0899,1.6203,0.01529101223581752
pump-0093,degrading,20,49,NORMAL,4.4460033333333335,0.16486912685184246,4.1602,4.8085,0.015434505005561691,91.49016333333333,3.3731660316368792,84.6494,96.8477,0.33025973303670497,1.431546666666667,0.17134871993167095,1.0899,1.6406,0.010509499443826438
pump-0093,degrading,30,59,DEGRADATION,4.455396666666667,0.18117039214200792,4.0776,4.8085,-0.005612525027808709,91.06247,3.9696180486414563,83.2914,96.8477,-0.30492166852058106,1.50351,0.094530352621085,1.2629,1.6406,-0.0017789321468298625
pump-0093,degrading,40,69,DEGRADATION,4.356970000000001,0.2451881538057389,3.9949,4.8085,-0.023630856507230354,88.71991666666666,4.699031765593372,81.4211,96.8477,-0.411999221357067,1.6117633333333332,0.2066702453722408,1.2629,2.0842,0.017460177975528346
pump-0093,degrading,50,79,DEGRADATION,4.258256666666667,0.16300847152491454,3.9949,4.591,-0.0005795995550612718,86.88642333333335,2.584201477140581,81.4211,90.7471,0.13930315906562626,1.7269733333333332,0.20170366701894363,1.2649,2.0842,0.01696680756395995
pump-0093,degrading,60,89,DEGRADATION,4.212840000000001,0.14331317827285334,3.9949,4.4586,0.002517463848720694,86.36250333333334,2.854557351030492,80.7051,90.7471,-0.026475127919913726,1.74766,0.17520339722733688,1.4088,2.0842,-0.013004805339265874
pump-0093,degrading,70,99,DEGRADATION,4.161176666666666,0.17775602883978048,3.8827,4.4586,-0.016793259176863324,85.18745666666668,3.6284817727421776,78.2475,90.7471,-0.31184665183537374,1.6609233333333333,0.16295926624637078,1.4088,1.9916,-0.010843715239154643
pump-0093,degrading,80,109,DEGRADATION,4.076416666666667,0.12460609156680727,3.8827,4.3795,-0.005166206896551787,84.67665333333335,3.1809155037225083,78.2475,90.4669,0.16602647385984323,1.625296666666667,0.13157681529138113,1.4088,1.9986,0.008685005561735218
pump-0093,degrading,90,119,DEGRADATION,4.07962,0.1120238885238323,3.8827,4.2873,0.010618998887652924,85.95199666666667,3.7242891549469617,78.2475,91.8138,0.30583147942157907,1.7980766666666668,0.2303644166436205,1.4674,2.2452,0.022876907675194638
pump-0093,degrading,100,129,DEGRADATION,4.113203333333334,0.09851213286810022,3.9105,4.3221,-0.000912235817575152,85.53165666666668,3.980441638117002,78.4396,91.8138,-0.33269394883203707,1.901093333333333,0.17062862583856075,1.5858,2.2452,0.009128097886540574
pump-0093,degrading,110,139,DEGRADATION,4.026376666666667,0.1771178565877033,3.6873,4.3221,-0.017916240266963344,83.87982000000002,3.7919379274455434,78.4396,91.8138,-0.27676582869855587,2.1006333333333336,0.20487396179656953,1.8168,2.5771,0.011466251390433802
pump-0093,degrading,120,149,DEGRADATION,3.9489366666666665,0.13338778175763408,3.6873,4.3221,-0.005579555061179132,81.77955,2.2150151795943374,77.1754,86.5677,0.032193971078974766,2.0866366666666667,0.2173216379521888,1.8027,2.5771,0.0051796885428253055
pump-0093,degrading,130,159,DEGRADATION,3.8728600000000006,0.09384546019920197,3.6873,4.0474,0.001069143492769648,81.95732666666667,2.342973638624407,77.1754,86.5677,-0.10627781979978,2.17383,0.18035068274521912,1.8027,2.5771,-0.007774883203559541
pump-0093,degrading,140,169,DEGRADATION,3.8369133333333334,0.13537427065567353,3.5181,4.0474,-0.010622024471635202,80.35964666666668,2.8188350256484025,76.4268,85.8631,-0.2444870745272538,2.1848099999999997,0.19058629078014333,1.8027,2.6023,0.015439577308120109
pump-0093,degrading,150,179,DEGRADATION,3.8438066666666666,0.1377584139797719,3.5181,4.0572,0.005925027808676159,79.75285333333335,2.0739793775466753,76.4268,85.4848,-0.061382157953282855,2.3665533333333335,0.2323419975428941,1.9647,2.8378,0.01741308120133477
pump-0093,degrading,160,189,DEGRADATION,3.870826666666666,0.15315248813591711,3.5181,4.0997,0.009278843159065617,79.11477666666669,1.8655226980989068,75.1579,83.3199,0.05464322580645079,2.427766666666666,0.19120375054434008,2.0587,2.8378,-0.0017751279199110428
pump-0094,failure,0,29,NORMAL,4.592193333333333,0.19850949924094036,4.2452,4.9604,-0.008079644048943454,91.44065999999998,2.836205180353964,85.9732,98.3942,-0.14325770856507433,1.5451033333333335,0.1411907657115798,1.2512,1.7577,-0.012617775305895486
pump-0094,failure,10,39,DEGRADATION,4.502373333333334,0.2375111799941683,4.0677,4.9604,-0.022999955506118,91.39859000000001,3.171772957863366,85.9732,98.3942,-0.14486907675194952,1.5658233333333333,0.2095707496818729,1.2512,2.0817,0.012133770856507221
pump-0094,failure,20,49,DEGRADATION,4.365346666666667,0.10670988624406931,4.0677,4.5673,-0.0037685428253616117,90.19119666666667,2.3237661965701752,85.9732,95.1548,0.03521835372636114,1.6913000000000002,0.2415172540420249,1.3247,2.1259,0.021058197997775276
pump-0094,failure,30,59,DEGRADATION,4.330496666666666,0.09387111193309447,4.0677,4.5463,-0.0012384204671858365,88.78239333333333,3.6741679381807746,81.6981,95.1548,-0.35478513904338416,1.7902566666666664,0.17697973835693417,1.3482,2.1259,0.0032990656284760723
pump-0094,failure,40,69,DEGRADATION,4.230446666666667,0.1829351300932169,3.854,4.5463,-0.017734460511679807,86.20507666666666,3.20212383621489,81.6981,92.6598,-0.2848101668520601,1.9796166666666666,0.2777090864956029,1.585,2.5282,0.021967853170189046
pump-0094,failure,50,79,DEGRADATION,4.157593333333334,0.1534536649575007,3.854,4.3867,-0.007086229143492901,84.18194000000001,1.6027691991466944,81.4872,88.5926,-0.047114972191325856,2.1485066666666666,0.31510935026149606,1.585,2.6775,0.03149228031145716
pump-0094,failure,60,89,FAILURE,3.9708466666666666,0.2192498661851866,3.4965,4.3299,-0.01435768631813138,82.19548,2.8927612902323387,75.089,86.0322,-0.24338420467185867,2.382993333333333,0.1805320819749837,2.0942,2.8821,0.005831056729699629
pump-0094,failure,70,99,FAILURE,3.8483900000000006,0.27098118550925276,3.4086,4.3299,-0.0259362625139044,79.46224666666667,4.172965530709412,69.5852,85.7984,-0.3970880978865439,2.4890533333333327,0.2232947121830002,2.1602,3.0706,0.01140373748609561
pump-0094,failure,80,109,FAILURE,3.7336,0.21088690017795478,3.4086,4.148,0.0019231590656284066,78.86390333333334,3.8134315782055865,69.5852,87.339,0.12744255839821908,2.8796699999999995,0.5315479465046717,2.1602,3.8495,0.049023870967741905
pump-0094,failure,90,119,FAILURE,3.7809400000000006,0.20237461402063253,3.4086,4.148,0.011695706340378116,77.94741333333334,4.362907999697245,69.5852,87.339,-0.008876440489433712,3.1522166666666664,0.4649064207510535,2.3121,3.8495,0.027301868743047776
pump-0094,failure,100,129,FAILURE,3.6551166666666663,0.3795377478664745,2.6159,4.148,-0.026717219132369355,76.37500333333334,5.502368612363427,66.1255,87.339,-0.5444733481646289,3.3878699999999995,0.28252838813117526,2.7177,3.8495,-0.011003982202447256
pump-0094,failure,110,139,FAILURE,3.4284133333333338,0.4120849149817979,2.6159,4.0026,-0.03659617352614026,73.00636666666666,3.6784368887099625,66.1255,83.1029,-0.23423279199110347,3.29179,0.3323697572985044,2.7175,3.8241,0.0018912347052278797
pump-0094,failure,120,149,FAILURE,3.3350400000000002,0.31887262932608895,2.6159,3.7773,0.013223937708565007,70.20697666666666,3.4578227659114567,63.6454,77.4115,-0.2205170411568438,3.4596266666666673,0.35925080369507256,2.7175,4.0411,0.02444364849833142
pump-0094,failure,130,159,FAILURE,3.30672,0.31344147502630637,2.6854,3.7773,0.0008635372636261767,67.59129000000001,4.733144693706993,58.797,77.0892,-0.46444780867630964,3.49915,0.35314637829092915,2.7175,4.0411,0.01442200222469403
pump-0094,failure,140,169,FAILURE,3.2436166666666666,0.3522451069765042,2.6854,3.7773,-0.03177301446051175,63.33583000000001,4.472992166633726,54.2725,72.3993,-0.4250370856507227,3.63453,0.2432403888474664,3.0969,4.1873,-0.0014628476084539294
pump-0094,failure,150,179,FAILURE,3.0401866666666666,0.28420861790045865,2.5564,3.6391,-0.01339056729699672,60.68272,3.2280232244517704,54.2725,70.7823,-0.21406878754171535,3.743896666666666,0.3446762456599268,3.0969,4.422,0.030853815350389224
pump-0094,failure,160,189,FAILURE,2.988453333333333,0.25622677811310474,2.3397,3.4041,0.0050536596218019,59.08192333333333,2.683361405983589,52.6291,63.8879,-0.10088091212458335,4.130856666666666,0.4642950295400065,3.0969,5.075,0.042977107897663964
pump-0094,failure,170,199,FAILURE,2.978180000000001,0.2601735220963117,2.3397,3.4041,-0.00525793103448282,57.83553,3.0767197163158473,51.555,63.8879,-0.21715833147942223,4.37446,0.316528364816383,3.831,5.075,0.01109926585094547
pump-0094,failure,180,209,FAILURE,2.895636666666667,0.2552818318164368,2.3397,3.4041,-0.009221868743047906,56.78308666666667,3.6533934003638624,49.2818,63.8879,-0.05123239154616365,4.7012833333333335,0.391153276080987,4.0876,5.4227,0.020682424916573853
pump-0094,failure,190,219,FAILURE,2.8571066666666667,0.18904070096733722,2.3803,3.2379,0.0008678086763068976,56.40157000000001,3.752930035865311,49.2818,62.6484,0.08016033370411343,4.76771,0.3575173481571675,4.0876,5.4227,0.01995637374860945
pump-0095,degrading,0,29,NORMAL,4.412266666666667,0.1151451209947208,4.1836,4.5757,-0.00819283648498333,88.83534333333334,3.6623482538469165,82.0733,93.8935,-0.2994933259176879,1.5613600000000003,0.12270961005561055,1.2725,1.8028,-0.0029371301446051556
pump-0095,degrading,10,39,NORMAL,4.414510000000001,0.13129292022039876,4.1836,4.643,-0.0012476751946608855,89.07414,4.043922810555778,82.0733,96.7729,0.015463715239152222,1.5929933333333333,0.16013327352205378,1.2725,1.9296,0.010590255839821991
pump-0095,degrading,20,49,NORMAL,4.479986666666666,0.19328513606126627,4.1836,4.8071,0.018649833147942118,89.55331666666669,4.39063197980149,82.0733,96.7729,0.3918212013348151,1.5898400000000001,0.18338893568951573,1.2725,1.9296,0.002244404894326994
pump-0095,degrading,30,59,NORMAL,4.54774,0.1414795240779856,4.293,4.8071,0.002943047830923144,90.57813000000002,3.2604201990080974,84.9912,96.7729,-0.1813573526140175,1.5405700000000002,0.19521451132877735,1.2997,1.9296,-0.015490567296996712
pump-0095,degrading,40,69,DEGRADATION,4.521413333333333,0.15632850610884189,4.2899,4.8071,-0.012820022246941164,88.80012,3.5775686060414458,82.5179,95.8106,-0.29838629588431936,1.494936666666667,0.16924197171177396,1.273,1.896,0.0010253392658509189
pump-0095,degrading,50,79,DEGRADATION,4.411103333333332,0.10207951960223081,4.2748,4.6674,-0.005602691879866545,87.23008666666668,2.3223398882353314,82.5179,91.5335,0.04775078976640525,1.5775,0.20987537730758224,1.273,1.9239,0.019884182424916526
pump-0095,degrading,60,89,DEGRADATION,4.31277,0.11714176070044371,4.098,4.5959,-0.006411234705228172,85.33918666666665,3.358632506316952,80.682,91.5335,-0.18063377085650853,1.6737066666666665,0.16678282272331152,1.273,1.9239,0.006021134593993283
pump-0095,degrading,70,99,DEGRADATION,4.279766666666666,0.11476285790949774,4.098,4.5117,-0.003387497219132473,83.32558999999999,3.8188016183396245,77.721,91.5335,-0.3645979310344842,1.7114533333333333,0.12443571495175955,1.4826,1.9239,-0.002509143492769752
pump-0095,degrading,80,109,DEGRADATION,4.30447,0.13186259805823133,4.098,4.5079,0.009940889877641758,82.09157333333333,2.5919699287007334,77.721,87.7109,0.14542500556173388,1.7777566666666667,0.2371090251105784,1.4826,2.5412,0.01910355951056727
pump-0095,degrading,90,119,DEGRADATION,4.321016666666666,0.11851118114150902,4.1033,4.5079,-0.002122469410456107,82.99543666666668,3.0901856831462764,77.721,87.7109,0.18184157953281258,1.8807966666666671,0.256745199868577,1.4826,2.5412,0.014672858731924322
pump-0095,degrading,100,129,DEGRADATION,4.23311,0.19428675259351405,3.8224,4.5079,-0.019978843159065753,82.72388,3.506770467101223,75.9053,87.7109,-0.25097681868743266,1.9434866666666664,0.22488458778276077,1.5712,2.5412,-0.002970411568409361
pump-0095,degrading,110,139,DEGRADATION,4.120363333333334,0.17460959974246038,3.8224,4.4519,-0.005884916573971143,81.95212333333333,3.3273771630403157,75.9053,86.7467,-0.11915481646273965,1.9808866666666667,0.184978913633119,1.5712,2.446,0.0043073637374860295
pump-0095,degrading,120,149,DEGRADATION,4.189726666666668,0.24118808142655437,3.8224,4.6072,0.019938776418242415,81.82264666666669,2.9540011313170176,75.9053,85.9014,0.21318985539488108,2.0486433333333336,0.16745231497022933,1.7223,2.3752,0.011815684093437124
pump-0095,degrading,130,159,DEGRADATION,4.209176666666667,0.2243424891890869,3.8394,4.6072,-0.00011757508342609515,81.76619000000001,2.7138188105017855,77.2078,85.9014,-0.10869270300333801,2.087266666666667,0.13359967148994875,1.8635,2.3752,-0.0055725472747497114
pump-0095,degrading,140,169,DEGRADATION,4.107746666666666,0.30048110615404017,3.5866,4.6072,-0.03301655172413804,79.69709333333334,3.629420510764156,71.8492,85.9014,-0.36176631813125937,2.149846666666667,0.167084802287807,1.8635,2.4284,0.004660022246940985
pump-0095,degrading,150,179,DEGRADATION,3.966043333333333,0.18342297326731521,3.5866,4.2934,-0.004266140155728684,78.59444666666667,2.568840759919194,71.8492,83.7339,0.07555697441601696,2.2318133333333336,0.2073169694506994,1.8635,2.5659,0.02017027808676303
pump-0095,degrading,160,189,DEGRADATION,3.9266666666666667,0.1841157956890778,3.5866,4.2272,0.004308609566184527,78.73392333333331,2.9254060319533233,71.8492,83.7339,0.15329572858731805,2.3048933333333337,0.13317562823413134,2.0788,2.5659,-0.0030024471635150436
pump-0095,degrading,170,199,DEGRADATION,3.9014933333333337,0.1887409387376135,3.5395,4.2272,-0.015287163515016805,79.11267333333335,2.4793406860068448,74.1223,83.7339,-0.17210189098998996,2.37311,0.16281160963928012,2.0788,2.6762,0.003941779755283564
pump-0095,degrading,180,209,DEGRADATION,3.7941800000000003,0.16642081480391813,3.5395,4.1275,-0.012560133481646354,78.31432999999998,2.2164570393836485,74.1223,83.698,-0.0647102780867637,2.389033333333333,0.17252926193032364,2.0788,2.6854,0.012067764182424872
pump-0095,degrading,190,219,DEGRADATION,3.7733533333333336,0.11660859240305674,3.5395,4.0104,0.008631991101223478,78.78484000000002,2.242777036562782,74.1223,82.239,0.1957218687430473,2.478453333333333,0.1243204293571879,2.1372,2.7506,0.0002750611790878242
pump-0095,degrading,200,229,DEGRADATION,3.800143333333333,0.15279037204251086,3.4489,4.0279,0.001611902113459219,77.82969000000001,3.3776146551819672,70.4503,82.239,-0.19208754171301606,2.42071,0.13179775503904959,2.1212,2.7506,-0.006740667408231408
pump-0095,degrading,210,239,DEGRADATION,3.740626666666667,0.21332836962975385,3.2499,4.0279,-0.016806896551724227,76.17094333333333,4.259399260043082,68.154,82.239,-0.33055610678532027,2.4183033333333332,0.13844471696513214,2.1212,2.7506,-0.00032242491657402477
pump-0096,healthy,0,29,NORMAL,4.576890000000001,0.1582082221841414,4.2206,4.8076,-0.01155819799777542,85.40912,3.731299882382368,77.9343,91.1042,-0.3537452280311467,1.44458,0.159380620737487,1.179,1.7477,-0.009454860956618516
pump-0096,healthy,10,39,NORMAL,4.503263333333334,0.14931236716658436,4.2206,4.7468,-0.011283893214683115,84.86325666666669,3.3341359227125436,77.9343,91.1042,-0.029045583982204214,1.40828,0.11978519774997244,1.179,1.7477,0.003273192436040015
pump-0096,healthy,20,49,NORMAL,4.48722,0.12948655889061741,4.2206,4.6992,0.010173570634037728,85.23299333333334,3.4029507813007758,77.9343,90.4213,0.2796242046718549,1.45154,0.1249023341121641,1.179,1.7477,0.006901979977753039
pump-0096,healthy,30,59,NORMAL,4.55159,0.10485596581342753,4.3374,4.7215,0.008478998887652939,86.62237,1.7652096963533823,82.6526,90.4213,-0.08424171301446194,1.5182233333333335,0.10167550895974024,1.3403,1.6965,0.0055794215795327866
pump-0096,healthy,40,69,NORMAL,4.5710299999999995,0.08952555370767978,4.3573,4.7215,-0.005235973303670807,86.57805000000002,1.8903686539490998,82.6526,90.4213,-0.052229566184650765,1.569226666666667,0.12026173382344951,1.3403,1.8153,0.006487074527252453
pump-0096,healthy,50,79,NORMAL,4.581166666666666,0.09938615709555436,4.3573,4.7683,0.003173793103448186,86.74990333333334,2.032093501372961,82.6526,90.5197,0.14584042269187783,1.610816666666667,0.11041679547162297,1.3403,1.8153,0.0037886763070077204
pump-0096,healthy,60,89,NORMAL,4.5948433333333325,0.10175512004590015,4.3573,4.7683,0.006741067853170111,86.29337000000001,2.3953770136313257,82.2505,90.5197,-0.12305532814238188,1.5288866666666663,0.17537728422524457,1.2275,1.8153,-0.01299426028921024
pump-0096,healthy,70,99,NORMAL,4.606566666666667,0.09117626274907795,4.4281,4.7683,-0.006275150166852099,85.18592,2.576679654309657,80.3374,90.5197,-0.2365861624026712,1.45313,0.194295177757967,1.0833,1.7423,-0.009720066740823178
pump-0096,healthy,80,109,NORMAL,4.541659999999999,0.10832883457325668,4.3074,4.746,-0.007650545050055756,84.87319333333333,2.1386884256374405,80.3374,89.4038,0.1348819577308102,1.4165999999999996,0.16648440968050632,1.0833,1.7134,0.010091390433815333
pump-0096,healthy,90,119,NORMAL,4.551523333333334,0.1163594278756799,4.3074,4.7273,0.006727363737485972,85.47869333333333,2.341966280561889,80.3374,89.4038,0.07035817575083139,1.4822933333333337,0.16047947726180511,1.0833,1.7134,0.00822767519466069
pump-0096,healthy,100,129,NORMAL,4.522703333333334,0.13124604497744768,4.2578,4.7273,-0.0004111457174639308,84.23783666666668,3.8235721579419533,75.9124,89.4038,-0.378896796440491,1.498746666666667,0.10514923595643587,1.325,1.7105,-0.004821268075639628
pump-0096,healthy,110,139,NORMAL,4.503973333333334,0.16327493159970666,4.1795,4.7273,-0.010100912124582978,83.83967333333332,4.004208826716653,75.9124,90.4353,0.014176017797551878,1.53594,0.16270695252508421,1.325,1.937,0.007131924360400425
pump-0096,healthy,120,149,NORMAL,4.540446666666666,0.20706676336121366,4.1795,4.9727,0.016932146829810715,84.85499333333334,4.524427855020886,75.9124,90.9124,0.4181962625139036,1.5705633333333333,0.16526117810571508,1.325,1.937,0.008324249165739704
pump-0096,healthy,130,159,NORMAL,4.621386666666668,0.20264364737692173,4.1795,4.9727,0.014534816462736301,86.95178333333332,2.958000694510098,79.591,90.9124,-0.008770433815352682,1.544193333333333,0.1843153492131232,1.2605,1.937,-0.011701757508342648
pump-0096,healthy,140,169,NORMAL,4.660576666666667,0.13671777178634173,4.4399,4.9727,-0.0111854727474974,85.62286999999998,3.3305732698891344,79.4302,90.9124,-0.3182387319243614,1.5010233333333336,0.15321240960038307,1.23,1.8187,-0.005486162402669654
pump-0096,healthy,150,179,NORMAL,4.591266666666666,0.12063851881643042,4.4201,4.8509,-0.004566629588431745,85.53950666666668,3.4792625525086316,79.4302,91.2276,0.1137626696329217,1.49626,0.1562957017963066,1.23,1.8546,0.013166896551724098
pump-0096,healthy,160,189,NORMAL,4.578866666666666,0.10138974416686447,4.4201,4.7841,0.006403559510567153,85.83742,3.3060355217289072,79.4302,91.268,0.22800431590656065,1.5233700000000003,0.1688143500022041,1.2018,1.8546,-0.002644293659621835
pump-0096,healthy,170,199,NORMAL,4.594656666666667,0.10932865645484824,4.3343,4.7841,2.489432702996291e-05,85.96722666666668,3.290082646675544,80.4549,91.268,-0.2666295439377106,1.4781599999999997,0.19812101116910005,1.1243,1.8546,-0.009325606229143517
pump-0096,healthy,180,209,NORMAL,4.5539966666666665,0.12078489829260755,4.3343,4.7841,-0.009633081201334845,85.11240333333333,2.617148866162481,80.4549,91.268,-0.056862847608455475,1.4965400000000002,0.2055925348839301,1.1243,1.8624,0.01019061179087871
pump-0097,failure,0,29,NORMAL,4.51675,0.1029024157474773,4.3333,4.7919,-0.007724961067853216,89.24159333333334,2.745198327739222,83.1553,93.2278,-0.2659983537263664,1.6397066666666666,0.18047242251626391,1.3162,2.0376,-0.013172013348164646
pump-0097,failure,10,39,DEGRADATION,4.475276666666667,0.07532918727528891,4.3333,4.6358,0.0015634037819798354,87.74448333333333,2.0424175283363466,83.1553,91.0999,-0.1011020467185784,1.667903333333333,0.22058772628795303,1.3162,2.1199,0.007100800889877595
pump-0097,failure,20,49,DEGRADATION,4.49437,0.09621715075806393,4.3333,4.7626,0.00329368186874301,86.4737,1.8361728072270325,82.8939,89.8169,-0.04448867630700917,1.7704666666666666,0.2671452705094282,1.3162,2.123,0.02713339265850942
pump-0097,failure,30,59,DEGRADATION,4.455993333333334,0.14277313223743776,4.109,4.7626,-0.008091968854282643,85.83648333333333,1.9556098447088635,82.2563,89.8169,-0.15289288097886744,1.962743333333333,0.17406034333593115,1.5127,2.3717,0.012099866518353701
pump-0097,failure,40,69,DEGRADATION,4.214166666666666,0.34328989531039533,3.693,4.7626,-0.036715595105673106,82.95369666666666,3.3470912232846133,76.9647,89.6652,-0.3385816017797584,2.118203333333333,0.20175244316295707,1.8211,2.6996,0.016362246941045547
pump-0097,failure,50,79,DEGRADATION,4.012233333333333,0.2678153845883806,3.693,4.5744,-0.021231234705228155,81.17869999999999,2.7265125636974425,76.4793,85.7627,-0.1735950166852072,2.3020833333333335,0.26613167803843935,1.8211,2.7434,0.0255580200222469
pump-0097,failure,60,89,DEGRADATION,3.8806133333333332,0.13926074041962516,3.693,4.1393,0.004561334816462684,79.01361333333332,2.6995240544379095,71.6069,82.6512,-0.07241210233593047,2.44549,0.2002064190612612,2.0485,2.7459,0.009622625139043321
pump-0097,failure,70,99,FAILURE,3.8436400000000006,0.20153146421009965,3.3184,4.1393,-0.01331897664071196,76.34944,4.888890823666789,66.9052,82.6512,-0.4726009788654084,2.6270000000000002,0.22856037130993057,2.1031,3.0935,0.013715684093437087
pump-0097,failure,80,109,FAILURE,3.7470966666666667,0.20698656717016423,3.3184,4.1393,-0.01321621802002228,75.76733666666665,4.533500219071597,66.9052,83.7859,-0.003403626251392478,2.799476666666666,0.32934623694356807,2.1031,3.5813,0.030340756395995504
pump-0097,failure,90,119,FAILURE,3.611573333333334,0.18088491909375848,3.2472,3.8968,-0.0038962402669633685,75.63887666666666,4.374670918799366,66.9052,83.7859,0.2738344605116792,2.9913133333333333,0.25984388868874503,2.6277,3.5813,0.006615127919910941
pump-0097,failure,100,129,FAILURE,3.5840899999999993,0.1811085813354335,3.2472,3.8902,-0.0032291212458287442,75.02060333333333,5.731500594927612,58.8802,83.7859,-0.48279659621802146,3.117786666666666,0.24830234222728456,2.6277,3.5813,0.00569775305895434
pump-0097,failure,110,139,FAILURE,3.517593333333333,0.21467132696804725,3.0643,3.8808,-0.002840489432703152,73.53951,5.46132649248941,58.8802,81.5764,-0.17906809788654243,3.1172633333333333,0.24680196714955271,2.6277,3.553,0.00021795328142379603
pump-0097,failure,120,149,FAILURE,3.531686666666667,0.19612366971434694,3.0643,3.8808,0.0016259399332591257,71.22616000000001,4.727973408526462,58.8802,81.2056,0.031231012235816317,3.220786666666667,0.22295474837334645,2.7551,3.7844,0.008234304783092273
pump-0097,failure,130,159,FAILURE,3.4280200000000005,0.24498969828681919,2.9984,3.7955,-0.007869721913236998,70.19799666666667,5.02583547187154,60.0161,81.2056,-0.3976850500556187,3.46437,0.4190432421202694,2.7551,4.1662,0.040256974416017756
pump-0097,failure,140,169,FAILURE,3.2911866666666665,0.2844212166644551,2.8958,3.7583,-0.02814233592880977,66.10383,4.7206340014274915,58.5815,76.4451,-0.44896656284761033,3.6609499999999997,0.33852377144498047,3.1498,4.3522,0.01630645161290319
pump-0097,failure,150,179,FAILURE,3.1056433333333326,0.21559263698517678,2.7463,3.7583,-0.01313959955506125,62.83701666666666,3.6049838023753846,56.7452,71.5429,-0.22232011123470652,3.923046666666667,0.30118078594462533,3.1498,4.3596,0.009137085650722935
pump-0097,failure,160,189,FAILURE,3.0127833333333327,0.1320031744146918,2.7166,3.2329,-0.0003736818687431432,60.12746666666666,3.0582639569242915,53.2508,64.4178,-0.17399617352614094,4.033586666666666,0.36064510785843495,3.1498,4.7109,0.031006006674082185
pump-0097,failure,170,199,FAILURE,2.9815699999999996,0.14267764868168148,2.7166,3.2329,-0.002757842046718617,57.37500333333334,4.358376788781449,46.1654,64.3229,-0.293799176863183,4.2713,0.2677714796861931,3.7845,4.9054,0.015237330367074415
pump-0097,failure,180,209,FAILURE,2.9286066666666675,0.15844522067754388,2.4934,3.2181,-0.004142113459399369,55.22653666666667,3.822226200569797,46.1654,62.1869,-0.14791276974416095,4.567483333333334,0.41655464154044536,3.7845,5.3863,0.038370567296996554
pump-0097,failure,190,219,FAILURE,2.9565433333333337,0.2042078282589143,2.4934,3.5751,0.0037145050055616465,55.05230333333332,3.9814876224415863,46.1654,61.6854,0.13863161290322493,4.711453333333334,0.3841774214546653,3.7845,5.3863,0.017327119021134513
pump-0098,failure,0,29,DEGRADATION,4.5655366666666675,0.17737518143440725,4.1301,4.7799,-0.013848209121245932,84.75984,4.287253394237387,76.4956,91.6103,-0.4278320355951086,1.5032899999999998,0.23094529128489857,1.0929,1.9161,-0.012001713014460536
pump-0098,failure,10,39,DEGRADATION,4.408016666666667,0.2375507315407712,4.0107,4.7719,-0.02491637374860968,83.00520999999999,3.2964204423738193,76.4956,88.3944,-0.15440883203559744,1.5926900000000002,0.33375899823075933,1.0929,2.2486,0.029932213570634022
pump-0098,failure,20,49,DEGRADATION,4.29449,0.14326224054741943,4.0107,4.5638,-0.0017335038932148046,81.66652666666667,2.648813258918459,76.4956,87.5361,0.040628654060064155,1.91659,0.4151263312535113,1.0929,2.4993,0.04459236929922133
pump-0098,failure,30,59,DEGRADATION,4.2164399999999995,0.15165348572760642,3.816,4.5638,-0.0033089210233594136,79.21206,5.12815665144244,69.3453,86.3045,-0.5188678976640735,2.248109999999999,0.21876429987545962,1.7697,2.6052,0.021312680756395964
pump-0098,failure,40,69,FAILURE,3.969976666666667,0.4224146538519809,3.111,4.5638,-0.04420042269187997,75.88874333333334,4.795444768088659,69.3453,84.9467,-0.4229302558398244,2.5179633333333333,0.24035216867939613,2.0854,3.1185,0.02349025583982199
pump-0098,failure,50,79,FAILURE,3.7793300000000003,0.3241490553742213,3.111,4.3171,-0.01807094549499454,73.78131,2.846553455010697,69.0627,80.3443,0.09549746384871924,2.7839100000000006,0.348023325224043,2.2146,3.5991,0.033254571746384805
pump-0098,failure,60,89,FAILURE,3.6423199999999993,0.2398798941137001,3.111,4.0474,0.010033014460511596,72.13796666666666,4.0853912317209256,64.0518,80.3443,-0.2647256062291448,2.9265633333333336,0.27262756950747946,2.337,3.5991,0.0017700333704114958
pump-0098,failure,70,99,FAILURE,3.63282,0.22357156557427718,3.3097,4.0474,-0.017660556173526198,69.68497333333333,5.047217762155921,60.9748,80.3443,-0.47238954393771,3.1332000000000004,0.38386795212242797,2.337,3.8629,0.01692146829810899
pump-0098,failure,80,109,FAILURE,3.50605,0.2270343641389998,3.1322,4.0474,-0.013856218020022331,64.70121333333333,4.319398570536824,56.8643,71.3354,-0.3792506340378227,3.3277233333333327,0.45641873076035006,2.337,3.9378,0.04575779755283643
pump-0098,failure,90,119,FAILURE,3.2966866666666665,0.2429126355068606,2.5795,3.7441,-0.015547630700778772,60.317246666666655,6.248525646461642,47.9666,70.2891,-0.6214939265850962,3.690093333333333,0.3128977766335552,2.9244,4.2394,0.025666785317018877
pump-0098,failure,100,129,FAILURE,3.1161966666666663,0.3075441556192469,2.5795,3.7441,-0.025142135706340475,56.195299999999996,5.08420987319236,47.9666,66.4138,-0.41262945494994596,3.8190633333333337,0.1754478678189684,3.4284,4.2394,0.004388231368186779
pump-0098,failure,110,139,FAILURE,2.901463333333333,0.25401638724477776,2.4696,3.4391,-0.016541023359288184,52.31899666666666,4.853133021151273,43.5718,61.0739,-0.28222778642936724,4.0127733333333335,0.3426285821248556,3.609,4.9423,0.020064471635150086
pump-0098,failure,120,149,FAILURE,2.8460933333333336,0.1773526034642727,2.4696,3.1374,0.002790745272524953,51.30091333333334,3.9673524257144352,43.5718,58.4674,-0.040794794215796806,4.322743333333333,0.5014133794806659,3.6212,5.1838,0.05090476084538371
pump-0099,failure,0,29,NORMAL,4.453940000000001,0.12905216413011703,4.2061,4.6598,-0.003690322580645235,89.06731333333333,3.1443058546875218,83.8139,94.4299,-0.2255459399332609,1.518363333333333,0.18165266395575436,1.1766,1.9419,0.0047927252502780494
pump-0099,failure,10,39,DEGRADATION,4.42636,0.1539841260216996,4.189,4.6598,-0.010802091212458344,88.50462333333334,2.802778927265264,83.8139,94.4299,-0.09231147942158122,1.6526466666666664,0.2945969627964431,1.1766,2.117,0.03094300333704115
pump-0099,failure,20,49,DEGRADATION,4.33219,0.1222101860184603,4.1769,4.5712,-0.005857463848720883,87.42967666666665,2.660693427872181,82.9586,92.9866,0.01342462736373653,1.9010566666666664,0.2584985050676739,1.3124,2.3067,0.026276907675194614
pump-0099,failure,30,59,DEGRADATION,4.211209999999999,0.2049338419262828,3.6972,4.5625,-0.018797263626251486,85.99721666666666,4.014188030231711,77.0598,92.9866,-0.3801429810901014,2.009856666666667,0.1463806719557682,1.6919,2.3067,0.0018662736373748266
pump-0099,failure,40,69,DEGRADATION,4.082756666666667,0.18690949090104783,3.6972,4.3889,-0.015769098998887756,83.53781,3.7925055931710014,76.816,92.9866,-0.3068182647386025,2.0340933333333333,0.14281526280089563,1.709,2.3287,-0.002343492769744214
pump-0099,failure,50,79,DEGRADATION,3.98927,0.12766986632195815,3.6972,4.2215,-0.0021772858731925367,81.95251333333336,2.1934049019326607,76.816,85.416,0.020691123470519705,2.066743333333333,0.18566664874326663,1.709,2.4052,0.012827519466073368
pump-0099,failure,60,89,DEGRADATION,3.904903333333333,0.16365114824596314,3.5084,4.2115,-0.012953704115684184,79.66082333333334,3.995365923306928,69.953,84.6767,-0.3108181757508362,2.2185333333333337,0.20947422328826573,1.8082,2.655,0.015997819799777487
pump-0099,failure,70,99,FAILURE,3.7717300000000002,0.2158025643190244,3.4047,4.1728,-0.02171014460511692,76.42381666666665,4.927272104256968,67.1364,84.6767,-0.5106131924360419,2.342273333333333,0.19220369912037472,1.8082,2.7866,0.009954838709677364
pump-0099,failure,80,109,FAILURE,3.64882,0.14332096938922323,3.4047,3.9352,-0.007440400444938941,73.96001333333334,3.064852652546648,67.1364,80.1305,0.010174238042266718,2.5362633333333333,0.29514492314040497,2.065,3.3591,0.019360022246940976
pump-0099,failure,90,119,FAILURE,3.6251833333333336,0.1304725592690747,3.4047,3.8947,0.002382892102335846,72.88184333333334,5.02982546182823,59.8985,81.9323,-0.07623414905450604,2.8553666666666664,0.46800615048190214,2.065,3.7733,0.044598709677419315
pump-0099,failure,100,129,FAILURE,3.5011400000000004,0.24560665789021272,3.0357,3.8947,-0.021493659621802084,70.26754,6.84076056510288,57.2925,81.9323,-0.5685534593993345,2.9326700000000003,0.39747766071399104,2.2844,3.7733,-0.005218309232480589
pump-0099,failure,110,139,FAILURE,3.3785800000000004,0.25114609081833894,3.0357,3.8947,-0.019412591768631873,66.56550333333333,5.986333404540898,57.2925,81.9323,-0.4184918131256965,3.049193333333333,0.40133471145942784,2.3487,3.7733,-0.007559377085650816
pump-0099,failure,120,149,FAILURE,3.2628599999999994,0.15793740236773135,3.0357,3.6523,0.004793592880978793,64.57536333333333,3.0704735434438923,57.2925,70.2411,0.0476677419354824,3.1883299999999997,0.5455905217590692,2.3487,4.3883,0.052802246941045586
pump-0099,failure,130,159,FAILURE,3.2481500000000003,0.1678023574526492,2.8555,3.6523,-0.003929721913237045,63.24622666666667,3.544393862043113,56.9153,70.2411,-0.162877419354841,3.3734833333333336,0.42386226149802747,2.6199,4.3883,0.005110901001112287
pump-0099,failure,140,169,FAILURE,3.1625066666666672,0.2034045081987013,2.7442,3.6523,-0.015778109010011206,61.03327666666667,5.141223142967915,50.8206,70.2411,-0.3054017575083433,3.53853,0.3999371176822677,2.7069,4.3883,-0.0049943715239155655
pump-0099,failure,150,179,FAILURE,3.0714033333333335,0.1789429396638927,2.7442,3.3725,-0.003966651835372726,60.441096666666674,4.776063907129895,50.8206,67.8139,0.1962387319243587,3.6109099999999996,0.43614678901336257,2.7069,4.2706,0.03703005561735254
pump-0099,failure,160,189,FAILURE,2.9967433333333333,0.2128142581115174,2.6305,3.3944,-0.00478698553948843,58.22589,6.231296987324014,46.5834,67.8139,-0.2002526140155746,3.943723333333333,0.35359022203989493,3.1658,4.3659,0.029191835372636164
pump-0099,failure,170,199,FAILURE,2.963796666666667,0.2215876733685538,2.6239,3.3944,-0.007534260289210319,56.23353333333333,6.597565642231652,46.5834,67.8139,-0.6200984204671866,4.1073666666666675,0.1897282255110071,3.6138,4.4126,0.005543181312569419
pump-0099,failure,180,209,FAILURE,2.8176833333333344,0.25434268233144747,2.2228,3.3944,-0.017867697441601896,54.11441666666666,4.585556339426607,46.5834,65.8025,0.14743294771968762,4.29261,0.25678822448339284,3.8297,4.8297,0.017791968854282438
pump-0099,failure,190,219,FAILURE,2.6250233333333335,0.2786822021387245,2.1914,3.1999,-0.026172836484983426,54.979670000000006,4.075945948623459,46.9909,65.8025,0.22100344827586127,4.545676666666666,0.39578124318309427,3.8297,5.3159,0.038041446051167944
pump-0100,failure,0,29,DEGRADATION,4.672183333333333,0.1715791441936409,4.3253,4.9598,-0.008668765294772066,88.50363999999999,3.375244765702185,81.3041,93.8758,-0.29217583982202583,1.4515700000000002,0.17228288974822775,1.1251,1.7535,-0.004338309232480559
pump-0100,failure,10,39,DEGRADATION,4.484943333333333,0.32431896304238655,3.9147,4.9598,-0.035859288097886646,86.65894666666668,3.6427033578313175,80.4978,93.8758,-0.2762280311457198,1.5320300000000002,0.22546777914667393,1.1251,1.9454,0.01220206896551723
pump-0100,failure,20,49,DEGRADATION,4.288333333333332,0.22025829887253331,3.9147,4.8172,-0.015080889877641892,85.69863666666669,2.852080519840833,80.4978,90.8711,0.13088945494994184,1.8059266666666667,0.41101783978584455,1.1692,2.5103,0.04562763070077863
pump-0100,failure,30,59,DEGRADATION,4.1137033333333335,0.17578039041814522,3.7367,4.4525,-0.00826622914349284,83.74728666666665,5.159201687259593,73.0607,90.8711,-0.3391568854282563,2.078666666666667,0.30060173578267235,1.4959,2.5103,0.02327123470522801
pump-0100,failure,40,69,FAILURE,4.036673333333334,0.20156400130534777,3.6559,4.4525,-0.01638927697441614,79.65819333333334,7.164263368364461,66.9229,90.8711,-0.7888388431590657,2.4039233333333327,0.28698724673561526,1.8282,2.9847,0.021452969966629556
pump-0100,failure,50,79,FAILURE,4.003310000000001,0.1797602224260603,3.6559,4.4017,0.005995483870967612,75.39868,4.563627696792688,66.9229,85.5722,-0.23265139043381666,2.6977700000000002,0.44133143339218434,1.8282,3.5188,0.04430542825361506
pump-0100,failure,60,89,FAILURE,3.9930333333333334,0.19721514366013806,3.6379,4.4017,0.002507452725250158,73.03388333333334,3.2618331300137897,66.9229,80.2467,-0.06084536151279383,2.9622966666666666,0.2832882259976381,2.3698,3.5188,0.01198778642936591
pump-0100,failure,70,99,FAILURE,3.7763433333333336,0.4244154283115648,3.0498,4.4017,-0.0429390211345941,69.99177,5.925319722858844,57.3523,80.2467,-0.5598571078976646,3.2118933333333337,0.32879589102596096,2.5685,4.2865,0.013814327030033326
pump-0100,failure,80,109,FAILURE,3.4635233333333337,0.4132299212168559,2.7877,4.1729,-0.039636996662958994,67.25473333333333,4.644575284015632,57.3523,74.1776,-0.21072155728587533,3.5628466666666667,0.5732714556143733,2.5685,4.5681,0.05803439377085645
pump-0100,failure,90,119,FAILURE,3.1044899999999993,0.24771468850272083,2.7136,3.6977,-0.01760967741935489,65.19063,3.9876927553118566,57.3523,72.6392,0.04148433815350329,3.9071,0.4052629237092055,2.995,4.5681,0.031052191323692923
pump-0100,failure,100,129,FAILURE,2.9633733333333323,0.26001292651627067,2.565,3.6977,-0.019414327030033377,62.00087666666666,6.947324717409013,47.6109,72.6392,-0.6331351056729717,3.9570866666666666,0.3574356014103178,3.0583,4.5681,-0.02268507230255849
pump-0100,failure,110,139,FAILURE,2.8236100000000004,0.12907830530340877,2.565,3.1004,-0.0024291657397108447,56.634446666666676,7.2111035561247885,45.4635,72.6392,-0.7473596440489446,4.08376,0.4843514981223175,3.0583,5.0281,0.030974104560622804
pump-0100,failure,120,149,FAILURE,2.875333333333334,0.16047858908762735,2.565,3.1594,0.010842447163514938,52.99586333333333,3.482647427220019,45.4635,59.8707,-0.02820509454950014,4.415553333333333,0.6450702084441834,3.0583,5.2551,0.0658620689655172
pump-0101,failure,0,29,DEGRADATION,4.485433333333333,0.18151277334911967,3.9237,4.7746,-0.012803070077864404,88.98173,4.864175103218084,79.0209,95.8609,-0.5037786206896562,1.7079266666666666,0.2364158961566577,1.4241,2.2691,-0.0162118798665184
pump-0101,failure,10,39,DEGRADATION,4.341373333333334,0.2343183588387578,3.9153,4.6926,-0.021878309232480686,85.55907,3.996532652366715,79.0209,93.0031,-0.3617030700778663,1.7542466666666667,0.28154040886207116,1.4241,2.2071,0.026271145717463824
pump-0101,failure,20,49,DEGRADATION,4.14278,0.19385075083682288,3.8336,4.5752,-0.015852369299221427,82.80239666666668,1.6469077453383831,79.0209,85.989,-0.05083819799777619,1.9629299999999998,0.2834828038876433,1.4241,2.3033,0.027622046718576182
pump-0101,failure,30,59,DEGRADATION,3.9427033333333337,0.21657904097324115,3.5648,4.2931,-0.020015150166852125,80.72585666666667,3.512988738541903,72.6325,85.2185,-0.3252021579532837,2.1729833333333333,0.12485388282130262,1.9106,2.4597,0.006202513904338086
pump-0101,failure,40,69,FAILURE,3.7675533333333333,0.20660604659324203,3.4322,4.2668,-0.019804760845383854,77.95497666666667,3.794619443956872,71.6189,84.0243,-0.3701894327030057,2.2769133333333333,0.2624692727836071,1.9694,3.1283,0.01684867630700775
pump-0101,failure,50,79,FAILURE,3.601113333333333,0.1701646276077637,3.0867,3.9079,-0.00856654060066753,75.92045666666668,2.967512204151635,71.5757,81.5156,-0.08057839822024605,2.574876666666667,0.45171125119433936,1.9694,3.532,0.045685272525027756
pump-0101,failure,60,89,FAILURE,3.48014,0.2300846215344838,2.9456,3.783,-0.013063403781980058,72.69830666666667,4.964340222354719,62.0919,81.5156,-0.3916323915461643,2.9881933333333333,0.5284470032925619,2.1017,3.9605,0.05565067853170185
pump-0101,failure,70,99,FAILURE,3.3600633333333336,0.2405383344130873,2.9456,3.783,-0.013702580645161362,69.46913333333333,5.646358303799795,62.0919,81.5156,-0.5140836484983338,3.4211833333333335,0.3687501205272873,2.6584,4.0866,0.03590787541713007
pump-0101,failure,80,109,FAILURE,3.195476666666666,0.23544688245027914,2.8287,3.783,-0.018482113459399423,66.55892000000001,3.072666917559836,62.0919,73.6665,0.03658362625138862,3.6746733333333332,0.29531129105102344,2.9867,4.206,0.022781713014460463
pump-0101,failure,90,119,FAILURE,3.1605433333333335,0.17266063956662378,2.8287,3.5323,-0.002332480533926692,63.065739999999984,5.801029238827653,51.7754,73.6665,-0.38870518353726435,3.9035933333333332,0.26134895310463535,3.4342,4.2865,0.01985864293659616
pump-0101,failure,100,129,FAILURE,3.019656666666667,0.23749485002603507,2.5134,3.3872,-0.012881179087875474,59.73569666666666,6.913718449598756,48.7581,73.6665,-0.5004232925472774,3.9946066666666664,0.28158242361498503,3.4342,4.5268,0.012121156840934278
pump-0101,failure,110,139,FAILURE,2.931656666666667,0.2823972269497151,2.3629,3.3872,-0.027164382647386066,55.63414999999999,4.141816783630907,48.7581,65.5789,-0.07752282536151368,4.344823333333333,0.45747020207756584,3.5208,5.2752,0.03627588431590643
pump-0102,healthy,0,29,NORMAL,4.5178866666666675,0.0903921631313,4.3513,4.6989,-0.004319243604004568,88.61966000000001,2.875080152807339,83.8042,93.7275,-0.27599581757508546,1.60681,0.1568984753484452,1.2681,1.8805,-0.01024593993325924
pump-0102,healthy,10,39,NORMAL,4.437836666666667,0.10580864011139278,4.1818,4.6217,-0.008574126807564024,87.60758,2.2223481501030995,83.8042,91.396,0.0146816017797535,1.5700200000000002,0.1358671321549108,1.2681,1.8805,0.0031257842046718085
pump-0102,healthy,20,49,NORMAL,4.496886666666668,0.17287432377950815,4.1818,4.8891,0.010809655172413661,88.76363999999998,3.079317036573749,83.8042,93.0262,0.3163395328142373,1.6221033333333337,0.08988765389207921,1.4698,1.8909,0.003999755283648484
pump-0102,healthy,30,59,NORMAL,4.484286666666667,0.1970251146991729,4.1818,4.8891,0.003631190211345908,88.60817333333335,3.5053302889488487,80.6686,93.0262,-0.16130936596218187,1.6560033333333333,0.09414154054165227,1.4698,1.8909,0.0018389543937708348
pump-0102,healthy,40,69,NORMAL,4.4705433333333335,0.2103010218446142,4.1178,4.8891,-0.018723759733036836,88.1368366666667,3.4906951118159193,80.6686,93.0262,-0.22420184649611047,1.6157433333333333,0.12724324915513419,1.273,1.8909,-0.007745784204671888
pump-0102,healthy,50,79,NORMAL,4.37252,0.14687741464681808,4.1178,4.7518,-0.00261459399332598,87.58008333333335,3.1664968311035606,80.6686,93.9484,0.2550553726362601,1.5999266666666665,0.1211620730903675,1.273,1.8098,-0.002396040044493913
pump-0102,healthy,60,89,NORMAL,4.438393333333334,0.17572738153805803,4.1178,4.78,0.015700689655172295,89.14126000000003,2.552623633388466,85.1037,93.9484,0.13710202447163378,1.545616666666667,0.1345613542424256,1.273,1.8302,-0.0007796885428254078
pump-0102,healthy,70,99,NORMAL,4.47677,0.14602218815417517,4.1889,4.78,0.001269165739710718,89.05182666666668,2.5167243806097566,84.8124,93.9484,-0.15033281423804432,1.51479,0.14298565977048186,1.2858,1.8302,-0.010600333704115715
pump-0102,healthy,80,109,NORMAL,4.43181,0.18442166060417095,4.0241,4.78,-0.016943292547274835,88.86286666666665,2.193831702346885,84.8124,92.7296,-0.0006087652947746798,1.5520366666666665,0.17935203647823147,1.2858,1.9403,0.009388320355951035
pump-0102,healthy,90,119,NORMAL,4.416503333333333,0.16748061476547732,4.0241,4.6793,0.007902269187986475,89.44065666666668,2.462554529844074,84.8124,94.3563,0.20083383759732784,1.5661333333333332,0.1741863950549015,1.3075,1.9403,0.0060620244716351225
pump-0102,healthy,100,129,NORMAL,4.394663333333332,0.17854246830625164,4.0241,4.6793,0.003005050055617197,89.77524000000003,2.17208690351008,84.8852,94.3563,-0.09294905450500723,1.6113366666666669,0.14217276927113087,1.3818,1.9403,-0.009054705228031189
pump-0102,healthy,110,139,NORMAL,4.42876,0.1457336694110184,4.1357,4.6793,-0.010080133481646367,88.95227000000001,2.488792040615957,84.651,94.3563,-0.19029519466073508,1.6286966666666665,0.15158973026634165,1.3818,1.8551,0.009254927697441549
pump-0102,healthy,120,149,NORMAL,4.391473333333333,0.13228514387068901,4.1357,4.6835,0.00713575083426016,88.55307333333333,2.068542545841288,84.651,92.4849,0.1302946829810877,1.6563100000000002,0.15205461814755905,1.3374,1.8551,0.0023604226918798495
pump-0102,healthy,130,159,NORMAL,4.4381933333333325,0.12443976034835315,4.1357,4.6835,0.007401379310344722,87.94136666666665,2.688564861077788,83.0247,92.4849,-0.05851470522803461,1.66076,0.14767231652096025,1.3374,1.8551,-0.011651034482758666
pump-0102,healthy,140,169,NORMAL,4.452893333333334,0.10972413873994286,4.2802,4.6835,-0.0012911679644050445,87.82762666666667,2.9109318561740496,83.0247,92.4849,-0.1352049833147965,1.621576666666667,0.1346241748556163,1.3374,1.8491,0.0009639822024471166
pump-0102,healthy,150,179,NORMAL,4.503683333333333,0.11715022573127591,4.2802,4.7283,0.006718731924360304,87.94194333333334,3.293662078566788,83.0247,94.1637,0.1678349054504976,1.671263333333333,0.128635206386985,1.4385,1.9244,0.011890389321468273
pump-0102,healthy,160,189,NORMAL,4.510066666666666,0.14010289155553585,4.2276,4.7283,0.003985672969966595,88.97717333333335,2.6973291215488624,83.1352,94.1637,0.09173156840934103,1.6856499999999999,0.11510931253957404,1.4471,1.9244,-0.0014882981090100708
pump-0102,healthy,170,199,NORMAL,4.48041,0.1665978458244084,4.1845,4.7283,-0.015507252502780977,89.51750666666668,2.0974924382753373,84.9564,94.1637,-0.11044560622914498,1.6471433333333332,0.13185842074824886,1.3334,1.9244,-0.009762602892102365
pump-0102,healthy,180,209,NORMAL,4.4135133333333325,0.13843711865761377,4.1845,4.711,-0.004601023359288186,90.32394333333335,2.3581724700402114,86.6846,95.5465,0.1962846496106774,1.612883333333333,0.10311761919715219,1.3334,1.864,0.0047324360400444535
pump-0103,healthy,0,29,NORMAL,4.518593333333333,0.1327644478850502,4.2971,4.792,0.0036987764182423713,87.82116999999997,1.3071914527336843,85.133,90.4586,0.039710055617350214,1.53319,0.08323154189768844,1.389,1.7251,0.003323537263626205
pump-0103,healthy,10,39,NORMAL,4.550976666666667,0.10874987412508678,4.3775,4.792,-0.00691152391546175,89.1231,1.9746270027526724,85.133,92.8061,0.1509546607341485,1.5833466666666665,0.10688989890952696,1.389,1.8121,0.00833272525027803
pump-0103,healthy,20,49,NORMAL,4.55484,0.10732970573579959,4.3775,4.7949,0.005884048943270122,89.99800000000002,2.142928274270203,85.133,93.6301,0.13092507230255582,1.6363166666666669,0.11857793803608196,1.4687,1.8865,0.005106941045606213
pump-0103,healthy,30,59,NORMAL,4.538620000000001,0.1168193488539748,4.3579,4.7949,-0.002586607341490635,90.29582666666666,2.3557183157773536,84.4803,93.6301,-0.14426700778643123,1.5706866666666663,0.18526151018372802,1.1942,1.8865,-0.012650812013348207
pump-0103,healthy,40,69,NORMAL,4.519003333333333,0.1299234068809602,4.2721,4.7949,-0.01051837597330376,89.44493000000001,2.337211143956261,84.4803,93.6301,-0.13694075639599823,1.5397366666666665,0.1818913933887167,1.1942,1.8865,-0.003280511679644113
pump-0103,healthy,50,79,NORMAL,4.504403333333332,0.12883355019386664,4.2721,4.7994,0.008338798665183484,89.96929999999999,2.6075905661485024,84.4803,94.1802,0.14712654060066574,1.513906666666667,0.15526051640889113,1.1942,1.7508,0.012154349276974376
pump-0103,healthy,60,89,NORMAL,4.555280000000001,0.1327120677758181,4.2721,4.7994,0.009111546162402534,89.38677333333335,3.3079141901338507,81.4706,94.5092,-0.0931603114571775,1.51316,0.15337500361314857,1.1351,1.7508,-0.009756751946607405
pump-0103,healthy,70,99,NORMAL,4.5310933333333345,0.1533402707126287,4.2585,4.7994,-0.011317285873192504,88.53579333333332,3.693341605911312,81.4706,94.5092,-0.32017472747497444,1.4783066666666664,0.16244555792292042,1.1351,1.7094,-0.005747497219132408
pump-0103,healthy,80,109,NORMAL,4.497756666666667,0.1302570629776197,4.2585,4.7643,-0.005911701890990117,87.50507666666667,2.757643354107915,81.4706,94.5092,0.04797119021134417,1.5219733333333336,0.20280174215775912,1.1351,1.8654,0.01779715239154614
pump-0103,healthy,90,119,NORMAL,4.486639999999999,0.11563280849309163,4.2585,4.6932,0.00962442714126795,87.67964333333336,1.8580205834316135,84.4427,91.3904,0.049181156840930815,1.57092,0.18342280374406375,1.1826,1.8654,0.002823225806451563
pump-0103,healthy,100,129,NORMAL,4.496343333333332,0.141417459278863,4.2048,4.7082,-0.006665561735261526,87.32211666666669,2.127731399414774,83.7061,91.3904,-0.20786520578420617,1.5225566666666668,0.20418518993523713,1.1777,1.8654,-0.01970444938820918
pump-0103,healthy,110,139,NORMAL,4.481216666666666,0.13906187611595378,4.2048,4.7082,-0.006226496106785466,87.61997000000001,2.7853688858210512,83.7061,93.3028,0.11843979977752987,1.5043900000000003,0.20077559172701578,1.1777,1.8798,0.006976262513904303
pump-0103,healthy,120,149,NORMAL,4.500796666666667,0.1542030165795151,4.2048,4.7595,0.009843626251390424,89.85761333333333,4.305488045640766,83.7061,97.8719,0.41155826473859647,1.5597166666666666,0.22526152813020592,1.1777,2.0178,0.015144938820912113
pump-0103,healthy,130,159,NORMAL,4.53563,0.10646362493045841,4.2793,4.7595,0.0010448720800888243,90.90150333333332,3.4230376771208473,83.8273,97.8719,-0.10435521690767789,1.637833333333333,0.16346500406984837,1.3745,2.0178,-0.00638865406006679
pump-0103,healthy,140,169,NORMAL,4.4916,0.14475269715391598,4.1937,4.7595,-0.013559021134594096,90.11874666666667,3.6221775010558988,83.8273,97.8719,-0.3041846496106812,1.5941066666666666,0.14007247869902525,1.3745,2.0178,-0.008857753058954428
pump-0103,healthy,150,179,NORMAL,4.4453033333333325,0.10735967114745125,4.1937,4.6117,-0.00012197997775311166,89.62469000000002,3.0203522899765636,83.8273,96.209,0.2001892547274738,1.5323766666666667,0.09488838244075098,1.362,1.739,-0.004283759733036784
pump-0103,healthy,160,189,NORMAL,4.414483333333333,0.09848978317007752,4.1937,4.6117,0.0027689655172413214,89.34975333333333,3.016800262389865,85.3445,96.209,-0.023609210233594996,1.46033,0.11847648754077747,1.2059,1.671,-0.010329232480533955
pump-0104,failure,0,29,NORMAL,4.492963333333335,0.14298616362742558,4.1936,4.771,-0.006259332591768734,88.52422,3.6143403557126885,82.9882,95.1552,-0.33226593993326153,1.6152366666666667,0.23310176244626626,1.1889,1.9211,-0.01590271412680758
pump-0104,failure,10,39,DEGRADATION,4.480066666666667,0.15758622049179594,4.1936,4.771,-0.008243470522803218,87.24833333333332,2.6847410105176923,82.9882,93.8999,-0.032198976640714784,1.6349466666666668,0.2607382438811427,1.1889,2.0704,0.017964849833147913
pump-0104,failure,20,49,DEGRADATION,4.407696666666666,0.11345408023611238,4.1936,4.6072,0.0025504115684092474,87.18974000000001,2.6034543343540077,82.9882,93.0057,0.1741389098998875,1.8491533333333336,0.3629045850112977,1.1889,2.5082,0.03613922135706341
pump-0104,failure,30,59,DEGRADATION,4.350316666666667,0.1532274520298355,4.0574,4.6072,-0.011039710789766448,86.41189333333334,3.4820086087327375,80.3266,93.0057,-0.28667052280311656,2.0248633333333332,0.19275334062532412,1.7388,2.5082,0.002251145717463796
pump-0104,failure,40,69,DEGRADATION,4.18635,0.21560464396668266,3.798,4.6072,-0.023312769744160262,82.59127666666667,5.277315571556139,73.5489,93.0057,-0.5796903448275876,2.1567366666666667,0.22179955888644642,1.8341,2.6553,0.003593303670745247
pump-0104,failure,50,79,DEGRADATION,4.011459999999999,0.16378021777166293,3.7175,4.3225,-0.013360266963292634,79.58276666666667,2.8719206209240693,73.5489,84.3408,-0.12579822024471857,2.310226666666667,0.31127563769466804,1.8341,2.7397,0.030311635150166816
pump-0104,failure,60,89,DEGRADATION,3.9534299999999996,0.12569967422392153,3.7101,4.1463,0.001754593993325785,77.86666666666666,2.3837180999904786,73.5489,82.0264,0.00014749721913007055,2.4474000000000005,0.22813909353725417,1.8627,2.7397,0.0032117908787541185
pump-0104,failure,70,99,FAILURE,3.888370000000001,0.19183021859620203,3.4405,4.1463,-0.004147385984427274,76.82651333333334,3.240104300660019,69.4386,82.0264,-0.270257441601782,2.4336833333333336,0.24346450402927786,1.8255,2.7397,-0.0177201557285874
pump-0104,failure,80,109,FAILURE,3.865596666666667,0.19955115548539312,3.4405,4.1504,-0.006391701890990061,74.53485666666667,2.8832007335232297,68.5802,80.6422,-0.2000073637374877,2.656823333333334,0.5237307646003707,1.8255,3.6981,0.04309417130144598
pump-0104,failure,90,119,FAILURE,3.7536500000000004,0.17499932714156358,3.4405,4.1504,-0.0014249388209122253,73.67623,2.88099114277824,68.1702,80.1536,0.05295014460511542,2.7940633333333333,0.5138329504701784,1.8255,3.6981,0.02377759733036703
pump-0104,failure,100,129,FAILURE,3.671343333333333,0.18130367652704185,3.2971,4.1504,-0.014219822024471723,72.99122333333334,2.944563347559174,68.0287,80.1536,-0.05591753058954668,3.0448433333333336,0.33716956632465445,2.34,3.6981,-0.016578576195773166
pump-0104,failure,110,139,FAILURE,3.50298,0.22815898316743963,2.9206,3.8771,-0.015291612903225884,73.02304333333335,2.964125921940939,68.0287,80.1536,-0.09150320355951216,3.0520099999999997,0.33583958308494055,2.34,3.6673,0.021830589543937656
pump-0104,failure,120,149,FAILURE,3.4752,0.21229665093919878,2.9206,3.7194,0.004182246941045546,70.81943666666666,3.060340410203122,64.1191,78.1977,-0.17907348164627504,3.42657,0.4119892726354252,2.7277,4.1231,0.04221070077864288
pump-0104,failure,130,159,FAILURE,3.42321,0.214154734323884,2.9206,3.7192,0.0013865850945494163,67.68523666666667,5.382721305590281,54.6957,78.1977,-0.5211796885428268,3.636063333333334,0.29541624812382195,3.0483,4.1231,0.015313926585094442
pump-0104,failure,140,169,FAILURE,3.384396666666666,0.21394231540820113,2.866,3.7192,-0.019844738598442886,62.42565333333333,5.903544448252158,47.4249,72.2932,-0.46986117908787717,3.8586699999999996,0.30370135347080696,3.2639,4.5294,0.008549877641824131
pump-0104,failure,150,179,FAILURE,3.1415999999999995,0.2648643262754223,2.4838,3.526,-0.021811523915461706,62.118326666666675,5.745648684986656,47.4249,71.27,0.24066229143492654,3.90692,0.32823467864725486,3.2639,4.5294,0.024356751946607337
pump-0104,failure,160,189,FAILURE,2.9963733333333327,0.23883616690573106,2.4838,3.4997,-0.014850011123470609,60.98800333333333,5.945457698472189,47.4249,71.27,0.0873434260289197,4.0714,0.27883772341632684,3.2639,4.7219,0.0077165294771968235
pump-0104,failure,170,199,FAILURE,2.7575833333333333,0.2527252738757158,2.2314,3.1228,-0.016180756395995605,59.70908666666666,6.690877249894482,49.8716,71.27,-0.6319633370411583,4.126373333333333,0.32655737722829387,3.5406,4.7902,0.009806852057841979
pump-0104,failure,180,209,FAILURE,2.6887600000000003,0.23127120241540378,2.2314,3.1228,-0.013883381535038921,56.33688333333332,4.294264395918765,49.6317,65.6207,-0.14840878754171438,4.370843333333334,0.44224539393367973,3.5406,5.0934,0.03457848720800891
pump-0104,failure,190,219,FAILURE,2.668073333333334,0.20548128371108534,2.2314,3.0536,0.015371078976640707,53.97804,4.43067509194705,44.758,61.3325,-0.13767145717463908,4.699956666666667,0.48679493744514457,3.5406,5.3142,0.047206162402669574
pump-0105,healthy,0,29,NORMAL,4.53488,0.12784919606056716,4.3186,4.7535,-0.008947497219132435,89.92661999999999,3.5302719271466896,85.182,95.9072,-0.2959571968854303,1.5715966666666668,0.16751243831097704,1.3086,1.9207,-0.013946540600667419
pump-0105,healthy,10,39,NORMAL,4.490986666666666,0.1027608055415855,4.3186,4.7291,-0.005422424916574078,89.14246666666666,2.9474349962109234,85.182,95.3608,0.03812155728587098,1.5122933333333335,0.10592335258205444,1.3086,1.7687,0.00021855394883200685
pump-0105,healthy,20,49,NORMAL,4.537746666666666,0.14675794296126607,4.3186,4.8503,0.012262024471635019,90.23240333333334,3.3424408628509115,85.182,96.6432,0.26580255839821687,1.5377166666666666,0.10686893868451938,1.3086,1.7745,0.00528104560622915
pump-0105,healthy,30,59,NORMAL,4.5738900000000005,0.12920870030045706,4.334,4.8503,0.002657241379310231,89.16488666666666,4.6597794707999745,79.0272,96.6432,-0.3221680088987783,1.4705933333333332,0.1824553807251394,1.1535,1.7745,-0.015088275862068987
pump-0105,healthy,40,69,NORMAL,4.5433433333333335,0.1592797616006363,4.2301,4.8503,-0.01507948832035609,88.36912,4.709729160747994,79.0272,96.6432,-0.1997519466073439,1.5000366666666665,0.2235439799880303,1.1535,1.7957,0.0022149276974415804
pump-0105,healthy,50,79,NORMAL,4.499733333333334,0.11151754520652288,4.2301,4.6449,0.00107212458286974,87.23069666666667,3.634322519029128,79.0272,94.161,0.3034641824249147,1.4978233333333333,0.224831020521833,1.1535,1.7957,0.015000333704115668
pump-0105,healthy,60,89,NORMAL,4.516286666666668,0.13117563222218095,4.2301,4.6879,0.0070120578420465735,89.17054999999999,2.7089807085261173,83.3035,94.161,0.08270173526139958,1.5479499999999997,0.1780424682484491,1.1562,1.7957,-0.011388142380422739
pump-0105,healthy,70,99,NORMAL,4.5181233333333335,0.12172874128797838,4.2901,4.6879,-0.00796478309232487,88.22169000000001,2.8125294833832406,83.2969,92.8098,-0.1577785317018941,1.5039500000000001,0.15799598676337745,1.1562,1.7974,-0.004002024471635218
pump-0105,healthy,80,109,NORMAL,4.469273333333334,0.13112821189795723,4.2254,4.6879,-0.006140556173526292,88.13889999999999,2.7109603273870797,83.2969,92.8098,0.0013208898776399373,1.5619633333333334,0.19800656636137656,1.1562,1.8753,0.017366874304783047
pump-0105,healthy,90,119,NORMAL,4.485806666666667,0.1361853294432098,4.2254,4.7523,0.011553859844271338,88.35206,2.6139103354425397,83.2969,92.386,0.24089530589543692,1.64577,0.15064064336470864,1.2705,1.8753,0.007824849833147926
pump-0105,healthy,100,129,NORMAL,4.4849499999999995,0.1390770835424251,4.2254,4.7523,-0.0008818909899890249,89.64226333333332,1.4958741521227266,86.7105,92.386,0.025061512791988896,1.6316166666666667,0.13992704309349527,1.3538,1.8753,-0.01276358175750838
pump-0105,healthy,110,139,NORMAL,4.5061333333333335,0.1387218159563312,4.245,4.7523,-0.0052876529477198266,89.38818333333334,2.1019244812129245,81.5675,92.386,-0.10455383759733217,1.574536666666667,0.1027240558757079,1.3538,1.7595,-0.00192260289210238
pump-0105,healthy,120,149,NORMAL,4.535333333333333,0.1697570878899873,4.245,4.8898,0.017234616240266867,90.30346,2.9980837482854503,81.5675,97.2923,0.15111479421579346,1.6136766666666669,0.14604183118393016,1.3538,1.93,0.014315839822024461
pump-0105,healthy,130,159,NORMAL,4.603666666666666,0.14425312551976896,4.329,4.8898,0.005905139043381442,89.86277333333334,3.336619201420637,81.5675,97.2923,-0.0408804449388231,1.5902466666666664,0.1900430455332569,1.1679,1.93,-0.006822024471635189
pump-0105,healthy,140,169,NORMAL,4.59808,0.13442222385701952,4.3735,4.8898,-0.010815928809788765,89.37402000000002,3.2168283701393414,84.8789,97.2923,-0.25637855394883347,1.5917400000000002,0.20303757057910904,1.1679,1.93,-0.005176062291434946
pump-0105,healthy,150,179,NORMAL,4.523666666666666,0.10689720399627967,4.3735,4.8181,-0.004665317018909968,88.91656000000002,2.534090240776755,84.8789,93.446,0.15087292547274592,1.537073333333333,0.1791906078887941,1.1679,1.8875,0.00995394883203557
pump-0105,healthy,160,189,NORMAL,4.526203333333333,0.11827430682762662,4.2502,4.7972,0.005272235817575,89.85113000000001,2.7728491242943583,85.6095,94.0319,0.1636743270300318,1.55304,0.16545502631631753,1.2421,1.8875,-0.0062537931034483026
pump-0105,healthy,170,199,NORMAL,4.50648,0.15278092900184465,4.23,4.7972,-0.003361201334816555,89.30357666666664,3.3755138996092944,84.1403,94.0319,-0.2957318131256976,1.4841266666666668,0.16553642083306688,1.2421,1.8857,-0.010589899888765332
pump-0105,healthy,180,209,NORMAL,4.489680000000001,0.14757833942237822,4.23,4.7972,-0.007439510567297101,87.90364666666666,2.9068799179112217,84.1403,94.0319,-0.18758389321468552,1.4926533333333332,0.18204098390808107,1.2421,1.9697,0.01024458286985536
pump-0106,failure,0,29,NORMAL,4.4645633333333326,0.1447004664432318,4.2142,4.7479,-0.009262936596218097,92.61988,3.554447058488844,87.0696,98.5243,-0.34063047830923576,1.3133266666666663,0.18421506802889087,0.9216,1.6452,-0.016779621802002247
pump-0106,failure,10,39,DEGRADATION,4.383326666666666,0.13650531597300106,4.2142,4.6465,-0.010479288097886633,90.70255999999999,2.4216537432919676,87.0696,95.9884,-0.1240375973303704,1.345546666666667,0.2533188014253098,0.9216,1.8936,0.01690607341490543
pump-0106,failure,20,49,DEGRADATION,4.359336666666667,0.12359381452519734,4.2142,4.6966,0.007231212458286923,89.07987000000001,1.646084873095349,86.4056,93.0873,-0.0322535038932176,1.51967,0.30362347641994575,0.9216,1.8936,0.02993426028921021
pump-0106,failure,30,59,DEGRADATION,4.272156666666667,0.2092807949197017,3.8377,4.6966,-0.012592502780867734,87.91432333333334,2.6723038671632295,81.0952,93.0873,-0.25085621802002445,1.7105333333333332,0.18652987845263708,1.2074,2.0939,0.007609922135706328
pump-0106,failure,40,69,DEGRADATION,4.158346666666667,0.2692710291798127,3.7446,4.6966,-0.02224298109010022,85.44939666666667,2.5434598276734954,81.0952,90.7391,-0.23419459399332757,1.9359166666666667,0.31182016514152655,1.6094,2.616,0.02425279199110119
pump-0106,failure,50,79,DEGRADATION,4.06305,0.16857522702540453,3.7446,4.3432,0.0065376418242489975,84.60549333333333,1.9412613911120327,81.0952,88.5798,-0.010552169076755063,2.15126,0.35620759452880846,1.6094,2.616,0.0321183092324805
pump-0106,failure,60,89,FAILURE,4.0072399999999995,0.19678328960220856,3.5578,4.3432,-0.003367964404894411,83.09150000000001,2.54260543629299,76.7842,88.2091,-0.11694153503893355,2.3842833333333333,0.22751516152164947,1.7949,2.697,0.007746718576195727
pump-0106,failure,70,99,FAILURE,3.8575699999999995,0.3035199665590388,3.3993,4.3432,-0.03246587319243613,82.26191333333333,3.229651950363829,74.2108,88.2091,-0.24561072302558634,2.4728933333333334,0.2091401729834695,1.9994,3.0934,0.004348298109009939
pump-0106,failure,80,109,FAILURE,3.7593499999999995,0.2376352649895774,3.3993,4.1244,-0.0016809121245829487,80.11849,3.129138284613407,74.2108,85.8388,-0.15521283648498518,2.677613333333333,0.3637814918632093,1.9994,3.4373,0.02444938820912119
pump-0106,failure,90,119,FAILURE,3.75105,0.24409398565579885,3.3993,4.132,0.012940222469410376,78.09338333333332,4.049551787715387,69.9762,85.8388,-0.33355121245828867,2.763746666666667,0.31991685454539937,2.1246,3.4373,0.00479617352614007
pump-0106,failure,100,129,FAILURE,3.783573333333334,0.22911525328726778,3.2772,4.132,-0.014859043381535162,73.64437666666667,5.786813964044079,63.5476,85.8388,-0.6066574638487235,2.8468299999999997,0.25199141407331055,2.3352,3.4373,-0.013248164627363786
pump-0106,failure,110,139,FAILURE,3.6313033333333333,0.243258798379193,3.2143,4.132,-0.019697330367074644,70.70372333333333,4.134093607203666,63.5476,79.844,-0.23503895439377365,2.806993333333333,0.18491562748694038,2.3352,3.1724,0.009975528364849764
pump-0106,failure,120,149,FAILURE,3.4235633333333326,0.23582176247232894,2.8274,3.8015,-0.015263781979977863,70.60371666666666,4.306497313446536,63.5476,78.9517,0.2718365962180178,3.0412366666666673,0.3375868258520894,2.587,3.9946,0.03011659621801996
pump-0106,failure,130,159,FAILURE,3.3358499999999998,0.20104558811374101,2.8274,3.6659,-0.005254393770856587,69.06897000000001,5.859141667238185,55.1771,78.9517,-0.38532634037820007,3.331153333333334,0.380147652659098,2.6498,3.9946,0.03673837597330363
pump-0106,failure,140,169,FAILURE,3.2063366666666666,0.21719043484667755,2.8274,3.5717,-0.010150723025584023,64.81028333333333,8.338423988423845,50.2703,78.9517,-0.7962030923248073,3.6035233333333334,0.2861612979694417,3.0113,4.3181,0.021357575083425954
pump-0106,failure,150,179,FAILURE,3.1379866666666656,0.20875681822531106,2.7755,3.5717,-0.014889032258064566,61.95228333333332,5.551101772806508,50.2703,70.614,0.1068361067853156,3.8885166666666664,0.3579614309608726,3.2789,4.9268,0.027415417130144497
pump-0106,failure,160,189,FAILURE,3.0178066666666665,0.15332445322112048,2.7578,3.2807,-0.004148387096774182,62.449349999999995,5.909693582510575,50.2703,71.3648,0.25978315906562705,4.031643333333333,0.3456208912313542,3.3792,4.9268,0.017855372636262454
pump-0106,failure,170,199,FAILURE,2.8843366666666665,0.2390194489762055,2.3004,3.2807,-0.02020375973303681,63.97414666666667,4.07173639067604,58.3637,71.3648,-0.25960302558398257,4.314836666666666,0.3427324461669125,3.7493,4.9976,0.01351076751946598
pump-0106,failure,180,209,FAILURE,2.7306866666666663,0.239614982466085,2.2371,3.2327,-0.021440400444938907,63.10573000000001,3.360248921250726,58.3637,71.3648,-0.08563819799777692,4.457686666666666,0.3575137710478981,3.7493,5.0541,0.02625944382647376
pump-0106,failure,190,219,FAILURE,2.6253733333333336,0.1579995125168289,2.2371,2.945,-0.0006018687430479031,59.38331000000001,5.2870952395652315,49.8331,66.4276,-0.4350301001112368,4.578993333333332,0.2942147956095267,4.0102,5.0827,-0.00538829810901011
pump-0107,healthy,0,29,NORMAL,4.540526666666667,0.17485938337863247,4.1922,4.9109,-0.013484538375973399,84.84384666666668,3.7781866020383683,77.7833,90.0544,-0.3548022246941068,1.470626666666667,0.2604837473283549,0.8696,1.8685,-0.017401690767519483
pump-0107,healthy,10,39,NORMAL,4.507416666666667,0.14473880401913267,4.1922,4.7693,-0.0032953281423805663,83.89279,3.1517088508035354,77.7833,89.7547,-0.041531012235819044,1.4838233333333333,0.2659218603065361,0.8696,1.8776,0.01627873192436038
pump-0107,healthy,20,49,NORMAL,4.5117199999999995,0.1354176266222385,4.1922,4.721,0.01074820912124577,84.47596666666668,3.252397579461787,77.7833,90.4645,0.32895604004449225,1.5608566666666666,0.2672270653499671,0.8696,1.8776,0.019821779755283604
pump-0107,healthy,30,59,NORMAL,4.576766666666667,0.08281865061016679,4.3993,4.721,-0.0001038932146830663,86.36320333333335,1.7120247477734918,82.9091,90.4645,0.06297612903225551,1.5781266666666667,0.2227903946662772,1.0606,1.8776,-0.021697842046718603
pump-0107,healthy,40,69,NORMAL,4.545396666666666,0.08837622411536314,4.4003,4.721,-0.0072873637374861605,85.11101666666667,3.029361292537129,77.8046,90.4645,-0.25127503893214864,1.503566666666667,0.21878531994222608,1.0606,1.8608,-0.005551056729699737
pump-0107,healthy,50,79,NORMAL,4.5971133333333345,0.153099461643585,4.4003,4.9249,0.010187408231368088,85.17767333333335,3.1566912003904064,77.8046,90.8789,0.08830723025583766,1.5671933333333332,0.27353810939042644,1.0606,1.9411,0.024486763070077838
pump-0107,healthy,60,89,NORMAL,4.621060000000001,0.1618405503368465,4.4003,4.9249,0.007936151279198998,84.31115333333334,3.35092851079949,77.8046,90.8789,0.07120662958843059,1.6285133333333333,0.2267270998849106,1.0909,1.9411,-2.7497219132388766e-05
pump-0107,healthy,70,99,NORMAL,4.565666666666667,0.22570239746671325,4.2083,4.9249,-0.021746473859844354,84.40122666666667,3.4057867560896344,76.3316,90.8789,-0.29440747497219527,1.61879,0.19764093595879034,1.2598,1.9411,-0.016240778642936646
pump-0107,healthy,80,109,NORMAL,4.513266666666667,0.17898175574311725,4.2083,4.7948,-0.002894727474972264,83.81886999999999,2.7645921740406236,76.3316,88.0962,0.0612649833147921,1.6072533333333332,0.19881957102413791,1.2598,2.0876,0.013009699666295872
pump-0107,healthy,90,119,NORMAL,4.530976666666666,0.19412632774104133,4.2083,4.832,0.015375194660734056,84.21421000000001,2.587124094478913,76.3316,88.0962,0.10332625139043276,1.5580633333333331,0.2638555418953502,1.0565,2.0876,-0.00877127919911017
pump-0107,healthy,100,129,NORMAL,4.5854800000000004,0.12996625562044933,4.3992,4.832,-0.008188164627363874,84.98023333333335,2.0505747198177278,80.3249,88.6588,-0.05969597330367194,1.4649333333333332,0.31135470376333735,1.0565,2.0876,-0.027912969966629616
pump-0107,healthy,110,139,NORMAL,4.502999999999999,0.1594095626575352,4.2975,4.832,-0.015878442714126896,85.14069,2.3943841120908997,80.3249,90.7768,0.10884015572858516,1.3467466666666668,0.21167373594494168,1.0565,1.8806,0.003149365962180163
pump-0107,healthy,120,149,NORMAL,4.461966666666666,0.09451697319646989,4.2975,4.6606,0.0049329477196884035,86.15726666666667,2.598818280723417,80.6322,90.7768,0.20432582869855104,1.39671,0.17152249677520437,1.1224,1.7213,0.014326696329254698
pump-0107,healthy,130,159,NORMAL,4.51242,0.13063472840966386,4.2975,4.8012,0.011090456062291355,86.16993000000002,2.422263630043875,81.1061,90.7768,-0.1119087652947743,1.4709066666666668,0.12688331104689152,1.1934,1.7213,0.001323070077864248
pump-0107,healthy,140,169,NORMAL,4.5520700000000005,0.09293117937484698,4.3845,4.8012,-0.004085005561735314,85.12157333333334,2.588789745155489,81.0982,89.2508,-0.2224581979977786,1.4939666666666667,0.11193409171869349,1.2644,1.6957,0.0011847830923247564
pump-0107,healthy,150,179,NORMAL,4.574396666666667,0.10060245021314779,4.3845,4.8012,0.0003194883203558315,84.82573333333335,2.313414322645691,81.0982,89.7779,0.10340662958843093,1.5572833333333334,0.16929738939379885,1.2644,1.9513,0.0094601779755283
pump-0107,healthy,160,189,NORMAL,4.57574,0.09845513563716889,4.3845,4.7623,0.005004493882091134,85.69843999999998,2.180802764671762,81.0982,89.7779,0.16045699666295582,1.5104366666666669,0.21538624605319834,1.1441,1.9513,-0.012751167964404947
pump-0107,healthy,170,199,NORMAL,4.539953333333333,0.14118423833967989,4.2406,4.7623,-0.01287661846496115,86.02132666666667,1.8906343557887895,80.8111,89.7779,-0.15058785317019155,1.5155100000000001,0.2094479972849267,1.1441,1.9513,-0.009189388209121288
pump-0107,healthy,180,209,NORMAL,4.4894300000000005,0.1360327586772147,4.2406,4.7623,-0.007193837597330479,85.35038999999999,1.928308589126751,80.8111,88.6196,-0.07416669632925663,1.5135199999999998,0.1961899885315252,1.1441,1.98,0.017572191323692976
pump-0107,healthy,190,219,NORMAL,4.507029999999999,0.15012317198442973,4.2406,4.783,0.013708542825361346,84.69400999999999,2.0015832410619354,80.8111,89.37,0.015342936596216107,1.589276666666667,0.1398583895310618,1.347,1.98,0.0017526362625138573
pump-0108,failure,0,29,DEGRADATION,4.556276666666667,0.1512946103541769,4.2854,4.8009,-0.010622491657397235,91.43037666666666,2.812160823125559,85.6436,96.5988,-0.22734622914349403,1.5854866666666665,0.10202006578228728,1.3407,1.7652,-0.0038792436040044876
pump-0108,failure,10,39,DEGRADATION,4.48447,0.16062508137481726,4.2465,4.8009,-0.014904048943270376,89.62531333333331,2.323964889828493,85.6436,95.4702,-0.156302157953284,1.6735433333333332,0.20484880877260567,1.3407,2.0869,0.018241846496106735
pump-0108,failure,20,49,DEGRADATION,4.3980066666666655,0.08858635686279367,4.1766,4.5597,0.00045499443826465397,87.10405333333331,2.9756877350435964,80.3556,92.1421,-0.2258201557285893,1.8168133333333332,0.21518657599601537,1.4264,2.106,0.01964694104560624
pump-0108,failure,30,59,DEGRADATION,4.333653333333333,0.17289689168853087,3.8333,4.5416,-0.012196796440489533,83.36286333333334,4.878260842929121,74.9693,90.5461,-0.5130227141268084,1.9835533333333333,0.11329580378617542,1.6996,2.1901,0.006930901001112345
pump-0108,failure,40,69,DEGRADATION,4.108426666666668,0.32754689632003675,3.5988,4.5416,-0.03320542825361529,80.68724666666667,3.5777283332428826,74.9693,88.1404,-0.2243491879866522,2.1612033333333334,0.24381491953711304,1.8698,2.7795,0.02295094549499438
pump-0108,failure,50,79,FAILURE,3.9121,0.24702625636424438,3.5988,4.413,-0.0163123470522804,79.70667000000002,2.615043010117935,74.9693,85.266,0.16448718576195487,2.4197433333333334,0.3570700572561201,1.9464,3.193,0.03671232480533923
pump-0108,failure,60,89,FAILURE,3.751686666666666,0.14408849533841658,3.4177,4.0769,0.002002358175750797,78.82147666666667,3.942636563830804,70.5311,85.266,-0.2756583537263646,2.7163899999999996,0.29912502776152533,2.2263,3.193,0.026232591768631776
pump-0108,failure,70,99,FAILURE,3.6409266666666666,0.27420993044664804,2.9914,4.0769,-0.02123532814238051,75.33062666666666,5.378660327685904,66.1227,83.3721,-0.4900622024471657,2.951386666666666,0.2980902981014683,2.2788,3.5237,0.023454104560622864
pump-0108,failure,80,109,FAILURE,3.491993333333333,0.24729308783079426,2.9914,4.0175,-0.016709855394883316,72.15584333333332,4.301844719395261,62.4232,82.3145,-0.1605839154616249,3.19165,0.3016358552404981,2.7821,3.7643,0.02487628476084537
pump-0108,failure,90,119,FAILURE,3.413423333333333,0.21908295184447582,2.9914,3.9664,0.0028583537263625705,70.27623,3.5340579270059136,62.4232,79.8261,-0.02598137931034684,3.289146666666666,0.29153646511009373,2.7933,3.7643,0.0055038487208008205
pump-0108,failure,100,129,FAILURE,3.3436033333333337,0.257974627283813,2.5952,3.9664,-0.009210300333704225,68.50308,4.449434978166703,59.3024,79.8261,-0.3565318353726391,3.3784766666666664,0.2598356335369642,2.8435,3.7839,-0.001902313681868814
pump-0108,failure,110,139,FAILURE,3.26251,0.2911223378009092,2.5952,3.9664,-0.011747341490545142,66.54405333333334,2.964923227081754,59.3024,71.5457,-0.13993201334816577,3.50461,0.39589600094806043,2.8435,4.4602,0.03265110122358172
pump-0108,failure,120,149,FAILURE,3.18981,0.2306201875378649,2.5952,3.6046,0.004523581757508251,65.28070000000001,2.451943591928656,59.3024,70.3436,0.024886006674081997,3.808536666666666,0.406469901701084,3.1536,4.6249,0.03496909899888756
pump-0108,failure,130,159,FAILURE,3.095343333333333,0.326766771753528,2.3526,3.7668,-0.013796240266963345,63.820089999999986,4.131072512019931,53.2368,70.3436,-0.29109995550612033,3.9421199999999987,0.3457746881038769,3.245,4.6249,0.001764182424916478
pump-0108,failure,140,169,FAILURE,2.9852233333333333,0.3728303999437575,2.3378,3.7668,-0.020802958843159147,58.30881333333333,7.481984606182745,43.475,69.2673,-0.785162981090101,4.112329999999999,0.3511987254627595,3.3222,4.7811,0.008885939933259118
pump-0108,failure,150,179,FAILURE,2.8587433333333334,0.3217530758033074,2.3378,3.7668,-0.0034725472747498395,55.15839333333334,5.639778894598224,43.475,67.5769,-0.21595559510567525,4.376293333333334,0.5269623502891095,3.3222,5.2898,0.05103799777530576
pump-0109,failure,0,29,DEGRADATION,4.373903333333334,0.14921557220641854,4.0481,4.5688,-0.011827786429366115,89.48342333333333,2.0815928700049757,83.9351,92.2705,-0.09230253615128096,1.4826366666666666,0.17465458765485917,1.1186,1.8599,-0.011185828698553977
pump-0109,failure,10,39,DEGRADATION,4.2134,0.2436198322523572,3.7484,4.5688,-0.023661134593993386,88.49004666666669,2.4695368215832607,83.9351,92.2705,-0.15611515016685468,1.5114966666666665,0.22157039435708814,1.1186,2.0424,0.013954371523915413
pump-0109,failure,20,49,DEGRADATION,4.108276666666667,0.16354915404516426,3.7484,4.4517,-0.0031424916573971856,86.35576333333331,2.5360708207097744,81.9124,91.3124,-0.19224932146830026,1.7131133333333333,0.3520916412274257,1.1186,2.3561,0.03747341490545047
pump-0109,failure,30,59,DEGRADATION,3.9695066666666663,0.2071856541580253,3.5068,4.3149,-0.00903790878754178,83.72041333333335,3.315882278442478,77.1678,89.648,-0.3391462513904366,1.9364766666666668,0.22372878027250365,1.359,2.3561,0.016206696329254682
pump-0109,failure,40,69,FAILURE,3.75566,0.37174984474329864,2.9757,4.2542,-0.04121477196885439,80.83654666666666,3.2191137018060667,72.4257,85.7507,-0.2804189543937733,2.1717999999999997,0.2245409049594305,1.8244,2.6246,0.016897441601779726
pump-0109,failure,50,79,FAILURE,3.6436166666666665,0.3445843613043917,2.9757,4.2787,0.0024953281423803395,80.54377666666667,3.2399079673846014,72.4257,86.5928,0.10158502780867415,2.3411633333333337,0.3086704860994794,1.9011,3.1045,0.03128682981090096
pump-0109,failure,60,89,FAILURE,3.6171833333333328,0.3359100376423558,2.9757,4.2787,0.018626896551724084,80.35095,4.491209380686528,66.8428,89.722,-0.023730389321469304,2.532916666666667,0.24921706747777572,2.1117,3.1045,0.011429521690767466
pump-0109,failure,70,99,FAILURE,3.577993333333333,0.390966351436483,2.8679,4.2787,-0.028229276974416084,75.74137,9.097236820527794,57.5938,89.722,-0.9073732369299229,2.7391999999999994,0.32247217657755634,2.1117,3.3546,0.02051964404894325
pump-0109,failure,80,109,FAILURE,3.3697366666666673,0.32019164624053237,2.8623,3.9668,-0.025865650723025716,70.74965,8.348119292381568,57.5938,89.722,-0.527502580645164,2.90519,0.3182010112596543,2.1513,3.4606,0.022149521690767483
pump-0109,failure,90,119,FAILURE,3.193623333333333,0.2059568946540891,2.8623,3.5969,-0.003213281423804328,66.46649999999998,4.962089781533582,57.5938,75.2529,0.10043968854282419,3.141973333333333,0.20680134095847202,2.705,3.4665,0.011833726362625106
pump-0109,failure,100,129,FAILURE,3.1182266666666667,0.19183737545697974,2.7562,3.4475,-0.009193325917686412,66.62835333333332,4.418151773591406,58.2555,75.2529,-0.1004884538375984,3.351573333333333,0.29060018001065,2.7663,3.9193,0.0282937486095661
pump-0109,failure,110,139,FAILURE,3.041116666666667,0.19831707790527997,2.5887,3.4475,-0.012035127919911097,64.26866666666666,3.928966426371643,54.7345,71.0838,-0.28427448275862266,3.761166666666667,0.4613077940907664,3.0498,4.6954,0.04911319243604003
pump-0109,failure,120,149,FAILURE,2.96341,0.18359379138013718,2.5887,3.2623,0.0007711012235817004,62.758316666666666,3.330650309982855,54.7345,68.8171,-0.14712273637374998,4.198063333333334,0.44123720112378967,3.3919,4.8787,0.04583041156840931
pump-0109,failure,130,159,FAILURE,2.985546666666667,0.20461515377790462,2.5887,3.4725,0.004465672969966526,58.67439,5.145283955387367,46.2034,66.9243,-0.3749786651835389,4.49972,0.23208476095311958,3.9817,4.9226,0.013377085650722893
pump-0109,failure,140,169,FAILURE,2.81805,0.31185344608218346,2.2351,3.4725,-0.019927363737486194,56.214676666666676,4.9397508127221235,46.2034,66.1497,-0.417863870967743,4.634563333333333,0.24807179939597235,4.1818,5.259,0.009927630700778541
pump-0110,failure,0,29,NORMAL,4.505420000000001,0.12914004129884218,4.2997,4.6996,-0.005551101223581883,90.61714333333335,3.6337740395428497,82.4978,96.1564,-0.2787471635150183,1.4355866666666668,0.124097012409199,1.2256,1.653,-0.0031301446051168326
pump-0110,failure,10,39,DEGRADATION,4.513186666666668,0.12444579739343903,4.2997,4.6996,-0.004655439377085759,90.30117666666665,3.531104106620038,82.4978,96.1564,-0.054798865406008805,1.4501366666666662,0.12875110739545334,1.2256,1.7474,0.0020330812013347878
pump-0110,failure,20,49,DEGRADATION,4.4744,0.10028241454346146,4.2997,4.6906,0.0054411123470521905,90.22585000000002,3.16393552281016,82.4978,94.5223,0.2758026918798646,1.4927466666666664,0.15718422044071584,1.2256,1.7474,0.014471501668520554
pump-0110,failure,30,59,DEGRADATION,4.4088433333333334,0.19802995679666469,3.948,4.6906,-0.018918464961067923,89.44282333333334,4.132519255827958,79.3121,94.5223,-0.3341285205784236,1.65248,0.19102783985587024,1.3276,2.1375,0.018335261401557265
pump-0110,failure,40,69,DEGRADATION,4.211746666666667,0.25316668387096714,3.8825,4.5923,-0.02684111234705244,84.83621333333333,6.284250708436836,74.8217,94.5223,-0.666735884315908,1.86035,0.23431616639347216,1.3835,2.3873,0.024413281423804188
pump-0110,failure,50,79,DEGRADATION,4.02752,0.14901892810422887,3.8503,4.3954,-0.011076573971079076,80.54905333333333,3.4564978001568147,74.8217,89.3768,-0.23200703003337245,2.079963333333333,0.23648515877792886,1.6932,2.5598,0.01966204671857615
pump-0110,failure,60,89,DEGRADATION,3.9886233333333334,0.08792313189498095,3.8503,4.2082,0.004524382647385888,78.91817333333333,2.057509531437353,74.8217,83.2662,0.06999274749721794,2.220136666666667,0.16241247382992344,1.9623,2.5598,0.0054909232480533495
pump-0110,failure,70,99,FAILURE,3.962499999999999,0.11358650741468665,3.7361,4.2082,-0.00489250278086771,78.84720666666665,2.068003597020298,75.303,83.2662,-0.08190109010011366,2.3264733333333334,0.22221370784799835,2.0051,2.9975,0.007414727474972134
pump-0110,failure,80,109,FAILURE,3.984150000000001,0.15974667393511932,3.7078,4.3246,-0.00384416017797567,78.27744000000001,2.868697008469175,72.3366,83.7707,-0.06284845383759999,2.4063466666666664,0.22676036063552987,2.0414,2.9975,0.013294149054504972
pump-0110,failure,90,119,FAILURE,3.9719799999999994,0.15949446677967655,3.7078,4.3246,0.004772680756395951,77.96373666666666,3.4071819412806374,69.325,83.7707,0.039291145717461985,2.5375199999999998,0.21418353406988752,2.0938,2.9975,0.010572947719688506
pump-0110,failure,100,129,FAILURE,3.9314766666666667,0.23016588175101504,3.2176,4.3246,-0.016679443826474016,74.14356333333332,6.710985556110386,61.7804,83.7707,-0.5509375973303677,2.66832,0.23089631063892438,2.2343,3.3912,0.014765561735261378
pump-0110,failure,110,139,FAILURE,3.7815866666666667,0.2630041187679176,3.157,4.2009,-0.023173081201334867,71.68335666666667,6.017200094821697,61.7804,82.647,-0.38996335928809955,2.8092633333333334,0.23531139437397036,2.4539,3.3912,0.013268097886540535
pump-0110,failure,120,149,FAILURE,3.5872100000000002,0.2304425168380754,3.157,4.0476,-0.01656531701890996,72.17477,6.270129680006627,61.7804,84.3507,0.609106496106784,3.0956699999999997,0.36806369389912214,2.4539,3.7911,0.031342447163514954
pump-0110,failure,130,159,FAILURE,3.5138966666666662,0.16763202654093942,3.157,3.8776,-0.0016292102335929747,73.29473333333335,5.261885002248613,65.4084,84.3507,-0.03628858731924532,3.2252566666666667,0.33252609590159327,2.5801,3.7911,0.006674549499443777
pump-0110,failure,140,169,FAILURE,3.32015,0.28015437976230173,2.7146,3.6792,-0.021717486095661945,73.24538,5.470892202947035,62.5324,84.3507,-0.43195185761957905,3.4482200000000005,0.3198498756187554,2.5801,4.1667,0.0018860956618464014
pump-0110,failure,150,179,FAILURE,3.1924499999999996,0.31707046298890723,2.7146,3.6792,-0.01927890989988887,69.68961333333333,2.89334564437473,62.5324,75.1706,-0.005040266963294647,3.5946133333333337,0.43128934273357084,2.5801,4.3566,0.028230878754171275
pump-0110,failure,160,189,FAILURE,3.1489266666666658,0.27137424458157816,2.7146,3.5719,0.01847942157953274,68.10373666666666,4.155984253778587,57.9386,75.1706,-0.24653679644049142,3.620353333333333,0.41119084112151894,2.7355,4.3566,-0.011492947719688588
pump-0110,failure,170,199,FAILURE,3.131796666666667,0.2801078893133065,2.7202,3.5719,-0.003242869855394964,63.51327999999999,6.20869224396464,50.1805,72.774,-0.5891439377085673,3.7043933333333334,0.4707801517575787,2.7355,4.7074,0.0028444048943269923
pump-0110,failure,180,209,FAILURE,3.037403333333333,0.30635663366228727,2.5686,3.5719,-0.027219510567297052,59.213179999999994,5.456497269641027,50.1805,70.2075,-0.3404611345939943,3.8239566666666667,0.5329737952803641,2.7355,4.7074,0.05384860956618453
pump-0110,failure,190,219,FAILURE,2.78171,0.22131343437155668,2.374,3.3407,-0.010890255839822085,59.39669,5.2253432201371535,50.1805,67.7614,0.4454944827586194,4.26672,0.43699734278368324,3.2463,4.8957,0.03897041156840929
pump-0110,failure,200,229,FAILURE,2.7191166666666664,0.19760087564470852,2.374,3.1038,0.0007804004449387288,57.35620999999999,7.643941070039285,40.0592,67.7614,-0.2803538375973316,4.344449999999999,0.35129186132521395,3.6023,4.9242,-0.005676462736373811
pump-0110,failure,210,239,FAILURE,2.5620500000000006,0.2630070071943585,2.0267,3.1038,-0.013518509454950015,56.00932,7.743911772758433,40.0592,67.7614,-0.6403487875417141,4.653903333333333,0.5624906805055133,3.6023,5.6879,0.03197915461624017
pump-0111,failure,0,29,NORMAL,4.632243333333334,0.13426148537669147,4.3807,4.8565,-0.008480912124582967,89.31807000000002,2.042469133532581,85.9892,93.4134,-0.07861087875417352,1.4470433333333332,0.20431802773019211,1.0709,1.8934,-0.017151523915461653
pump-0111,failure,10,39,DEGRADATION,4.592173333333333,0.15582179764789714,4.3226,4.8565,-0.01024444938820921,89.10931000000001,1.9324253412659094,85.9892,93.1332,-0.02529430478309444,1.4977299999999998,0.2752338062447998,1.0709,2.1212,0.01793644048943267
pump-0111,failure,20,49,DEGRADATION,4.50415,0.1316190278797105,4.3226,4.7954,-0.004874282536151353,88.31477333333333,2.327594158057246,84.0112,92.4272,-0.004095928809790949,1.6168066666666667,0.30444180717430314,1.0709,2.1212,0.027019443826473828
pump-0111,failure,30,59,DEGRADATION,4.408283333333333,0.20878944590716803,4.0165,4.7954,-0.01951321468298119,86.38486333333334,4.012674355545881,78.9977,92.4272,-0.3771597997775332,1.8151700000000004,0.15207621586998193,1.4274,2.1212,0.002383159065628436
pump-0111,failure,40,69,DEGRADATION,4.225676666666667,0.23310699071933086,3.7159,4.613,-0.01937345939933273,81.70319333333335,5.637698018159145,72.3146,92.324,-0.6174372858731937,1.86202,0.16590038858704742,1.5775,2.2589,0.00715741935483868
pump-0111,failure,50,79,DEGRADATION,4.142026666666667,0.17361161238683193,3.7159,4.5692,-0.0012780422691880994,79.46928000000001,3.3932192338446576,72.3146,85.2033,-0.05487136818687631,1.97646,0.20196971819227422,1.6466,2.3387,0.015857708565072272
pump-0111,failure,60,89,DEGRADATION,4.026479999999999,0.19104426781944198,3.5889,4.3203,-0.006541757508342726,77.71089999999998,3.0777543672836094,70.7027,83.3109,0.036185139043379555,2.112976666666667,0.19274081332769719,1.6466,2.3387,0.01575125695216905
pump-0111,failure,70,99,FAILURE,3.978803333333333,0.19785359483438478,3.5889,4.3203,-0.01797523915461636,76.42292666666667,4.920562871049973,63.2109,83.3109,-0.424753325917688,2.293496666666667,0.19760471229761253,1.965,2.7206,0.016599176863181308
pump-0111,failure,80,109,FAILURE,3.88159,0.1511107548566062,3.5372,4.167,-0.001509610678531773,75.67343000000001,4.376669458248665,63.2109,83.1149,0.11459339265850675,2.45656,0.2735890636215807,2.0036,3.1558,0.019953815350389256
pump-0111,failure,90,119,FAILURE,3.885533333333333,0.17005366473230998,3.4962,4.17,-0.0014260289210233914,73.08471333333335,5.3398210703938584,63.2109,83.1149,-0.09021468298109278,2.617426666666666,0.2551591920525085,2.0036,3.1558,0.013096195773081163
pump-0111,failure,100,129,FAILURE,3.82565,0.19712843317661377,3.3951,4.17,-0.010791568409343774,72.19866999999999,5.237658135792496,64.1668,83.1149,-0.4393996662958861,2.7173699999999994,0.2651941378814145,2.1203,3.3314,0.005254927697441555
pump-0111,failure,110,139,FAILURE,3.7256466666666674,0.20409563891034574,3.3289,4.17,-0.011357953281423918,68.68329333333334,2.560948850189884,63.2242,74.5361,-0.026051212458288214,2.9295033333333333,0.34150716877134846,2.4708,3.6726,0.0252699221357063
pump-0111,failure,120,149,FAILURE,3.71461,0.2533200062503289,3.3289,4.2767,0.01198992213570625,68.51453333333333,2.1409933914475823,63.2242,73.6888,-0.012312436040046162,3.2217833333333337,0.41146778171430254,2.4708,3.7846,0.036224983314794144
pump-0111,failure,130,159,FAILURE,3.7073999999999994,0.2769646800586674,3.2216,4.2767,0.005288898776418134,66.17307333333332,5.8342129374882745,50.5969,74.0439,-0.380658153503894,3.5375733333333335,0.33401159753650606,2.7882,4.4969,0.021754527252502733
pump-0111,failure,140,169,FAILURE,3.507476666666667,0.4440714737391818,2.7271,4.2767,-0.03697773081201337,62.502896666666665,6.5951141678004515,50.5969,74.0439,-0.5800520355951067,3.6652333333333336,0.3001061482579493,3.1044,4.4969,0.003924805339265724
pump-0111,failure,150,179,FAILURE,3.3234800000000004,0.3460088403494916,2.7271,3.9999,-0.019235506117908845,61.188796666666676,5.74044909471279,50.5969,74.0439,0.0653356840934354,3.984456666666667,0.5140034641150021,3.1044,4.886,0.04122622914349271
pump-0111,failure,160,189,FAILURE,3.20678,0.23697787576058657,2.7271,3.6847,0.012779844271412587,61.01207666666667,3.869001903995683,54.9415,69.3528,0.1892007341490524,4.20024,0.4808439224252848,3.1044,4.9405,0.03449588431590642
pump-0111,failure,170,199,FAILURE,3.1122400000000003,0.3249098178469425,2.535,3.6847,-0.026068832035595214,59.13461666666665,5.974860540469171,49.9657,69.3528,-0.5684070077864314,4.416250000000001,0.29517984997850594,3.8836,4.9405,-0.009307964404894387
pump-0111,failure,180,209,FAILURE,3.02731,0.28829464597872784,2.535,3.5343,-0.01340189098998894,56.82065333333334,4.722999939073564,49.9657,64.1868,-0.17382447163515116,4.451663333333333,0.3106746363248142,3.8836,5.0732,0.012365406006674037
pump-0111,failure,190,219,FAILURE,2.82673,0.22532538272462782,2.4019,3.2909,0.0005123692992213122,54.86876333333333,5.031035850099747,45.113,64.929,0.10047775305895287,4.582116666666667,0.3301268756941118,3.8836,5.0955,0.025126206896551647
pump-0112,failure,0,29,DEGRADATION,4.313083333333334,0.1876946031604413,3.8732,4.5816,-0.013987385984427272,89.76847666666666,4.077669488869291,81.9989,95.3416,-0.38714582869855696,1.5382099999999999,0.21269972943095158,1.1472,1.8989,-0.01695873192436044
pump-0112,failure,10,39,DEGRADATION,4.218496666666666,0.20158377825498647,3.8732,4.5816,-0.01691672969966637,87.46116666666666,3.263145188754078,81.9989,95.3416,-0.22321121245828932,1.63675,0.3197466160884272,1.1472,2.266,0.020085895439377062
pump-0112,failure,20,49,DEGRADATION,4.136803333333334,0.13162381112684565,3.8732,4.3599,0.0008753948832034503,86.22642666666667,2.281211736034649,80.6997,89.1076,-0.03148747497219225,1.8210533333333339,0.34085804154939475,1.1472,2.3113,0.03375372636262513
pump-0112,failure,30,59,DEGRADATION,4.05619,0.1705758196032877,3.5559,4.2592,-0.011686740823136949,83.60779,4.357201415691041,76.9427,89.1076,-0.42129003337041343,2.044243333333333,0.14573841333780957,1.6982,2.3751,0.003551123470522764
pump-0112,failure,40,69,FAILURE,3.890593333333334,0.26759225815075854,3.4447,4.2587,-0.027410144605116923,81.16236666666666,4.249494331669228,73.5777,88.2531,-0.3038056952169088,2.1797633333333333,0.21654463047808156,1.8544,2.6169,0.01588295884315901
pump-0112,failure,50,79,FAILURE,3.6516499999999996,0.24854342980654306,3.1588,4.1489,-0.022262669632925586,79.05091333333333,2.301216673085978,73.5777,83.9989,0.09671991101223398,2.3230666666666666,0.25291255054311207,1.872,2.8744,0.02086126807563956
pump-0112,failure,60,89,FAILURE,3.548263333333333,0.18957303514887225,3.1588,3.8718,-0.00482845383759742,77.76820333333333,3.593465920202328,68.9465,83.9989,-0.22687597330367293,2.6637333333333335,0.3459769677626275,2.087,3.372,0.03136129032258061
pump-0112,failure,70,99,FAILURE,3.4049866666666664,0.24143050447051817,2.9471,3.8718,-0.016519065628476187,74.17491666666668,5.29890151906244,61.9411,82.134,-0.5505190878754197,2.929593333333334,0.3681598275507829,2.3025,3.5934,0.03362042269187981
pump-0112,failure,80,109,FAILURE,3.344843333333334,0.21101568454079953,2.9471,3.8718,-0.014431390433815467,70.58049333333334,3.826844006221779,61.9411,77.2788,-0.21345098998887846,3.349806666666667,0.36824012178046117,2.791,4.0482,0.03419448275862063
pump-0112,failure,90,119,FAILURE,3.2895699999999994,0.15104936091666638,2.9471,3.7563,0.01060812013348163,67.76628000000001,3.4644551981901377,60.0503,73.0347,-0.13036925472747715,3.57855,0.3278768770438073,2.791,4.0482,0.026018353726362534
pump-0112,failure,100,129,FAILURE,3.1673933333333326,0.28529067274545716,2.598,3.7563,-0.02180507230255851,67.37854,4.502219386672903,58.9834,76.5003,-0.12941112347052583,3.7041533333333327,0.21140326823921674,3.2821,4.1111,-0.006594660734149174
pump-0112,failure,110,139,FAILURE,2.9186033333333326,0.40088001403855933,2.2798,3.7563,-0.041454527252502864,63.81957666666667,5.509709486272595,56.4064,76.5003,-0.39789897664071305,3.818,0.3361210278059577,3.2821,4.7286,0.01935635150166843
pump-0112,failure,120,149,FAILURE,2.62301,0.22299191666964072,2.2798,3.0216,-0.015487319243604048,61.97736333333333,5.819410515936204,53.0911,76.5003,-0.4130207563959971,4.1405166666666675,0.5333039490342778,3.2821,4.8862,0.05569915461624024
pump-0112,failure,130,159,FAILURE,2.62384,0.2512534359300717,2.2798,3.2214,0.008597953281423773,57.709223333333334,4.263065597797228,46.6552,67.6461,-0.25005176863181416,4.52222,0.36987257932068085,3.4902,4.9324,0.029392258064516005
pump-0113,failure,0,29,DEGRADATION,4.484183333333334,0.18227105106284855,4.0156,4.7844,-0.0124301001112348,92.14298333333333,3.9132490319497366,83.367,97.1391,-0.3556761067853182,1.6340033333333333,0.1654619945956036,1.344,1.9595,0.0048797552836484515
pump-0113,failure,10,39,DEGRADATION,4.3148599999999995,0.2852225886332754,3.8532,4.7844,-0.03151474972191335,90.51999666666664,3.2999265063011456,83.367,97.1391,-0.1812551056729718,1.8734399999999998,0.4056899017722773,1.344,2.8744,0.04027706340378196
pump-0113,failure,20,49,DEGRADATION,4.10597,0.1666021771566427,3.8532,4.4884,-0.014573414905450612,87.79235333333334,2.723816898120887,81.3878,91.8183,-0.08289156840934621,2.169713333333333,0.3848503672280378,1.4183,2.8885,0.03394567296996661
pump-0113,failure,30,59,DEGRADATION,3.9288933333333333,0.16414040520914477,3.5827,4.198,-0.014726674082313802,85.64141333333333,4.2415288998766565,78.4506,91.8183,-0.44578433815350726,2.3133733333333333,0.26186056968462357,1.7911,2.8885,-0.0032942825361513316
pump-0113,failure,40,69,FAILURE,3.765543333333333,0.2228928661686796,3.3999,4.118,-0.024427474972191467,82.9285,3.362318795712268,77.2933,89.7043,-0.18081610678531818,2.5026133333333336,0.3831732330015875,1.9905,3.2346,0.022200622914349242
pump-0113,failure,50,79,FAILURE,3.603003333333333,0.16236652258256798,3.3033,3.9306,-0.01224513904338165,79.31197666666667,4.002213569820526,71.0326,86.3673,-0.25850080088987937,2.8316766666666666,0.5537501317882964,1.9905,3.7179,0.05806449388209115
pump-0113,failure,60,89,FAILURE,3.5620800000000004,0.15002822712187638,3.2763,3.9273,0.0019543047830923063,78.47896,4.108039835136298,71.0326,86.3673,-0.12525361512792152,3.20616,0.3432999131954449,2.368,3.7179,0.014834927697441526
pump-0113,failure,70,99,FAILURE,3.4483233333333336,0.24913007135943177,2.9867,3.9273,-0.017424716351501734,75.40216333333335,3.969933949701037,66.6486,83.4416,-0.12827236929922364,3.3544199999999993,0.2993538980315216,2.7654,4.0488,-0.001740022246941143
pump-0113,failure,80,109,FAILURE,3.3938033333333335,0.24813912023074655,2.9867,3.9273,-0.013528476084538436,72.61355666666665,5.796732760310375,62.7551,83.4416,-0.5618915461624037,3.632433333333333,0.5222141989218174,2.7654,4.3975,0.04279114571746386
pump-0113,failure,90,119,FAILURE,3.2301500000000005,0.18511646019015526,2.8602,3.6083,-0.003374660734149136,67.80728333333333,5.255963704217862,55.1101,78.5008,-0.48830605116796605,3.8046366666666667,0.45923734058642146,2.7654,4.3975,0.024877263626251304
pump-0113,failure,100,129,FAILURE,3.0507066666666662,0.3445719933805157,2.4157,3.6083,-0.0354642046718577,60.99995333333332,7.217570002696353,45.6421,71.2114,-0.7182388876529486,4.051376666666666,0.3337805213842706,3.3246,4.622,-0.0022881201334817533
pump-0113,failure,110,139,FAILURE,2.7593300000000007,0.3262282290564894,2.166,3.321,-0.029780044493882125,56.39998666666668,6.777363595368203,45.6421,71.2114,-0.534535750834261,4.25841,0.5593200934169985,3.3246,5.4045,0.05413621802002223
pump-0113,failure,120,149,FAILURE,2.63798,0.2077163761799568,2.166,2.9454,0.004907897664071108,53.86237666666666,4.150228090011707,45.6421,60.067,0.16934818687430356,4.5986433333333325,0.47568274419220025,3.5389,5.4045,0.03957866518353723
pump-0114,failure,0,29,NORMAL,4.513666666666666,0.14130909226074442,4.2824,4.7438,-0.009581357063403849,88.94466999999999,2.449308100688847,85.1531,93.1369,-0.17210547274749852,1.5705733333333334,0.13604250544917532,1.3052,1.8509,-0.0070720355951057095
pump-0114,failure,10,39,DEGRADATION,4.439806666666667,0.13091306003943567,4.2824,4.7438,-0.011134771968854498,87.67472666666667,1.978038205046157,85.1531,93.1369,-0.0961163070077887,1.6068466666666663,0.18160553356718573,1.3052,2.0442,0.014203114571746365
pump-0114,failure,20,49,DEGRADATION,4.350210000000001,0.12454887220150433,4.0274,4.6049,-0.0063532146829812005,86.57482666666667,1.8568735207212026,82.2304,89.9713,-0.04324044493882358,1.7950233333333334,0.27486288179543067,1.3052,2.3571,0.0293879644048943
pump-0114,failure,30,59,DEGRADATION,4.229663333333334,0.18247902250822023,3.9026,4.5832,-0.016909610678531802,84.21253333333334,4.269649107232219,75.8332,89.9713,-0.34369232480534073,1.9314600000000002,0.1779177086932795,1.5541,2.3571,0.006930723025583946
pump-0114,failure,40,69,DEGRADATION,4.051333333333333,0.22571528722904188,3.6963,4.5832,-0.02437259176863203,81.00986000000002,4.720844368161271,73.5239,89.9713,-0.35440066740823367,2.0110333333333332,0.17597496854824424,1.6632,2.3571,0.0008161067853169811
pump-0114,failure,50,79,DEGRADATION,3.9571566666666667,0.11392627347933793,3.6963,4.1497,-0.0011059176863181814,79.67007,3.6829495847893434,73.5239,88.2681,0.023494393770854122,2.142123333333333,0.28166598266189136,1.6632,2.6119,0.027479532814238025
pump-0114,failure,60,89,FAILURE,3.939996666666666,0.11347678318591087,3.6963,4.1497,0.006524560622914296,78.62388,3.196120733785463,73.0467,84.5445,0.010579176863181328,2.423693333333333,0.3464998912297408,1.6632,3.115,0.03689281423804227
pump-0114,failure,70,99,FAILURE,3.9774433333333334,0.21764348781640327,3.1898,4.2637,-0.007500845383759826,76.42210000000001,5.462885847303298,66.1464,84.5445,-0.517865494994439,2.6505333333333336,0.21058114561586203,2.3739,3.115,0.01182785317018905
pump-0114,failure,80,109,FAILURE,3.7701966666666666,0.3589677213746229,3.0725,4.2637,-0.027587296996663065,74.28173000000001,4.211055114350796,66.1464,81.1412,-0.09484233592881251,2.7927400000000002,0.2265117474510612,2.3803,3.3052,0.008293081201334722
pump-0114,failure,90,119,FAILURE,3.6533266666666666,0.3557343483868577,3.0725,4.2637,-0.01431924360400457,71.98654666666667,4.299732505922768,65.2936,79.3979,-0.10260952169076973,2.8849833333333335,0.2519214058436127,2.3803,3.5069,0.015412258064516102
pump-0114,failure,100,129,FAILURE,3.4856100000000003,0.2479803975451823,3.0181,4.0154,0.0029743047830922205,70.75514333333334,4.455085702631195,63.0653,79.3515,-0.3803133036707462,3.113673333333333,0.3393021307854632,2.4731,3.946,0.028726674082313632
pump-0114,failure,110,139,FAILURE,3.4358833333333334,0.25986683651867204,2.9305,4.0154,-0.015682558398220352,69.65232333333333,3.55882535627355,63.0653,76.8322,0.04027641824249042,3.3177700000000003,0.3238138283540919,2.6558,3.946,0.025541779755283604
pump-0114,failure,120,149,FAILURE,3.4156933333333344,0.2179789514813045,2.9305,3.8776,0.005623492769744097,69.37121666666667,3.4034962064601877,63.0653,74.8996,0.05968206896551618,3.523926666666667,0.2533455360218968,3.0188,3.946,0.012233325917686201
pump-0114,failure,130,159,FAILURE,3.2641699999999996,0.2964074753330849,2.6278,3.8776,-0.012447541713014588,67.11908000000001,5.923210001364688,52.3466,74.8996,-0.5280601112347069,3.68758,0.2707201413514209,3.2974,4.4308,0.014836974416017723
pump-0114,failure,140,169,FAILURE,3.217826666666667,0.308259096576601,2.6278,3.8776,-0.021045205784204747,62.86262,5.965753474647329,51.0002,73.4445,-0.5312137931034508,3.8468200000000006,0.33097033139945736,3.228,4.6244,0.0180036040044493
pump-0114,failure,150,179,FAILURE,3.0028,0.19424053130075605,2.6278,3.3888,-0.003964894327030068,60.16838333333333,3.638668577385904,51.0002,66.1992,-0.013823515016686857,4.11713,0.38909809572908466,3.228,4.7462,0.030350367074527155
pump-0114,failure,160,189,FAILURE,2.9451433333333332,0.19204911643176656,2.589,3.3888,-0.013015283648498376,59.44798666666666,4.370105896789638,49.7382,68.0609,-0.11666042269188165,4.243923333333333,0.3255849266405857,3.228,4.7462,0.017269165739710747
pump-0114,failure,170,199,FAILURE,2.7865466666666667,0.17235169418630297,2.4494,3.1446,-0.011615038932146868,55.78202666666667,6.828113214104042,42.5296,68.0609,-0.6216492102335947,4.261340000000001,0.2950033452917667,3.4496,4.7462,-0.013315328142380529
pump-0114,failure,180,209,FAILURE,2.736046666666667,0.16588290997635113,2.4494,3.0669,-0.001042046718576243,51.41178666666667,6.585277288200467,42.5296,68.0609,-0.546070033370413,4.39173,0.4453810354816049,3.4496,5.2452,0.032560734149054346
pump-0115,failure,0,29,NORMAL,4.49158,0.17555390701054385,4.1549,4.8239,-0.01568725250278098,89.09135333333333,3.407509375945362,83.3952,95.6699,-0.32316618464961433,1.6174266666666666,0.1272893028585758,1.3007,1.8207,-0.008466874304783118
pump-0115,failure,10,39,DEGRADATION,4.457686666666667,0.13434169552136657,4.1549,4.5953,0.0013043826473858899,88.24444333333332,2.6094927361057905,83.3952,93.671,0.093447141268074,1.5961833333333335,0.12493696833025668,1.3007,1.8207,-0.004022046718576227
pump-0115,failure,20,49,DEGRADATION,4.406453333333333,0.139564698815838,4.1549,4.5731,0.0024432480533925303,88.85372666666666,3.537502085835269,81.1384,98.0283,0.09387461624026486,1.6732300000000002,0.20817451356974512,1.3007,2.1095,0.015986585094549484
pump-0115,failure,30,59,DEGRADATION,4.376339999999999,0.15980572914218905,4.0651,4.5731,-0.017442625139043443,86.19563,6.25658745851922,75.9862,98.0283,-0.5672818020022274,1.695386666666667,0.20465757373937785,1.2303,2.1095,0.00029045606229143083
pump-0115,failure,40,69,DEGRADATION,4.180656666666666,0.18931389574519414,3.773,4.5384,-0.02001457174638495,81.52590333333333,6.647610919745696,74.0057,98.0283,-0.6555771523915489,1.8571799999999996,0.2807057218274445,1.2303,2.5254,0.011996173526140115
pump-0115,failure,50,79,DEGRADATION,4.117056666666667,0.1493994392745687,3.773,4.318,-0.0002498109010012647,79.29559666666665,3.3247913387643164,74.0057,86.6176,0.19326022246940874,2.10983,0.481517817011998,1.2303,2.8531,0.05159152391546159
pump-0115,failure,60,89,DEGRADATION,4.086843333333333,0.16807717013985635,3.7714,4.3667,0.005941646273637271,80.03001000000002,3.359218262567447,74.0057,86.6176,0.1841525027808658,2.3746266666666664,0.296547444133687,1.6678,2.8531,0.015928097886540562
pump-0115,failure,70,99,FAILURE,3.9718499999999994,0.2885038864556247,3.4802,4.3667,-0.025726607341490584,80.25474666666668,3.137627973032423,73.5365,86.6176,-0.3155074527252517,2.4415400000000003,0.21025509839240528,2.0887,2.8531,-0.016208943270300397
pump-0115,failure,80,109,FAILURE,3.8418333333333337,0.2562864248366572,3.4802,4.3667,-0.014648186874304744,79.35718000000001,2.647473436744298,73.5365,83.9167,-0.07695474972191596,2.3927433333333337,0.2407652074578514,1.914,3.0765,0.009369499443826442
pump-0115,failure,90,119,FAILURE,3.8141133333333332,0.2309179951603792,3.4802,4.2756,0.019783492769744056,78.53862,3.118797372535337,71.7159,83.9167,-0.00020364849833253045,2.532593333333333,0.3051135186924514,1.914,3.1368,0.022911813125695173
pump-0115,failure,100,129,FAILURE,3.912013333333333,0.26959405004974096,3.2651,4.327,0.002586562847608402,76.35851666666666,5.748467040761581,62.4164,83.9167,-0.49986035595105976,2.7651366666666672,0.30735345069732917,1.914,3.1988,0.02256665183537258
pump-0115,failure,110,139,FAILURE,3.828443333333334,0.3227224056712243,3.2651,4.327,-0.025410211345940105,74.00717333333334,5.23946090286226,62.4164,83.3364,-0.2830685205784216,3.003073333333333,0.2592558208068282,2.5835,3.5229,0.019592213570633954
pump-0115,failure,120,149,FAILURE,3.72477,0.28430528679572603,3.2651,4.327,-0.009904849833148011,72.94975666666667,4.6211574751125815,62.4164,82.2608,0.2012378865405998,3.012043333333333,0.2692699942230639,2.4339,3.5229,-0.004594682981090173
pump-0115,failure,130,159,FAILURE,3.557946666666666,0.23974720677320843,2.9829,3.9309,-0.006120667408231453,70.99755333333334,5.917579078572213,60.9654,82.2608,-0.41256129032258193,3.1293599999999997,0.30338812391610404,2.4339,3.5494,0.0061399777530589264
pump-0115,failure,140,169,FAILURE,3.4145966666666667,0.32909430409669643,2.8612,3.9309,-0.027039532814238147,68.33176333333333,5.805112432588097,60.9654,82.2608,-0.42523001112347253,3.2389533333333334,0.37741685153450977,2.4339,4.0977,0.03242687430478305
pump-0115,failure,150,179,FAILURE,3.293886666666667,0.24861760159373722,2.8612,3.7863,-0.0053763292547275646,65.24145,2.401207529244401,60.9654,72.5501,0.022780177975527182,3.589986666666667,0.292118434581288,3.0578,4.0977,0.02322068965517227
pump-0115,failure,160,189,FAILURE,3.236933333333333,0.20292433127208337,2.8612,3.5948,0.005113014460511601,65.27446333333333,1.838978853328359,61.3296,69.6314,-0.02952874304783317,3.68574,0.24276649494249958,3.2409,4.0977,0.001736017797552734
pump-0115,failure,170,199,FAILURE,3.071036666666666,0.37564412456768465,2.3374,3.5948,-0.034051679644049024,62.91879666666667,3.9181187779752435,55.5593,69.6314,-0.3609035150166873,3.8529466666666674,0.26171656008403865,3.2409,4.5131,0.00669575083426026
pump-0115,failure,180,209,FAILURE,2.958953333333333,0.3188432579741267,2.3374,3.476,-0.010448631813125771,59.97186666666666,4.254545751023904,52.1507,69.6314,-0.3632918353726378,3.9439599999999992,0.32607993048739853,3.2409,4.5318,0.021146740823136743
pump-0115,failure,190,219,FAILURE,2.9262,0.294687500017674,2.3374,3.4234,0.02443933259176859,58.46758,3.1384248449819534,52.1507,63.9245,0.06308529477196753,4.19732,0.2800696108708214,3.765,4.6769,0.014481156840934246
pump-0115,failure,200,229,FAILURE,2.996303333333334,0.2315081834166751,2.4114,3.4234,-0.011870634037819853,57.348016666666666,3.681107441344551,49.693,63.9245,-0.1251767519466084,4.293193333333333,0.29375795811442373,3.765,4.8123,0.01393757508342593
pump-0115,failure,210,239,FAILURE,2.821723333333333,0.31611663425950165,2.3244,3.4234,-0.030115439377085666,55.2801,4.584952616767158,47.682,63.9245,-0.43190224694104684,4.6291633333333335,0.4540339102485139,3.9363,5.5407,0.041088431590656185
pump-0116,failure,0,29,NORMAL,4.676696666666667,0.16533867360327076,4.3014,4.9722,-0.009982758620689747,92.17869999999999,3.6230166051694193,86.3321,98.2349,-0.2908163737486122,1.500983333333333,0.23383447576342448,1.154,2.0475,-0.021187341490545124
pump-0116,failure,10,39,DEGRADATION,4.623620000000001,0.17539767083212177,4.3014,4.9722,-0.013530634037819924,90.14872,2.5536458486381135,86.3321,96.0271,-0.13720605116796544,1.5194433333333335,0.25435828494905016,1.154,2.0143,0.013624582869855361
pump-0116,failure,20,49,DEGRADATION,4.545926666666666,0.11000741772969469,4.3014,4.7677,0.003789365962180067,89.33190666666668,1.6864247313835932,84.74,92.1181,-0.05486776418242843,1.6887333333333336,0.31435439696127826,1.154,2.1189,0.03149810901001111
pump-0116,failure,30,59,DEGRADATION,4.455436666666667,0.21786962230247292,3.9515,4.7677,-0.0163703448275863,86.92794333333333,4.065732689088428,78.7135,92.1181,-0.3797089432703017,1.9059966666666663,0.1829967768082876,1.4228,2.2841,0.010410166852057803
pump-0116,failure,40,69,DEGRADATION,4.242166666666666,0.3250839525756727,3.734,4.7677,-0.0357837597330368,83.72458,4.516681650681172,77.4212,92.1181,-0.4226159288097916,2.012113333333333,0.15146732262181906,1.7238,2.2983,0.006831768631813079
pump-0116,failure,50,79,DEGRADATION,4.050936666666667,0.21629601704351578,3.7294,4.5116,-0.010662180200222533,81.98846666666668,2.826632612176939,77.4212,88.7326,0.04006958843158819,2.1705799999999997,0.2578231569635797,1.7238,2.6026,0.022727474972191283
pump-0116,failure,60,89,FAILURE,3.981943333333333,0.19812071519376484,3.6802,4.4682,0.008376840934371335,80.42316333333333,2.9411629836379714,74.8431,86.1314,-0.08304789766407317,2.2325466666666665,0.24009797546464698,1.8411,2.6156,0.0030929032258063915
pump-0116,failure,70,99,FAILURE,3.988573333333334,0.19097476435964578,3.6802,4.4682,-0.0012169076751946883,78.34383333333334,4.5643492304550435,69.1447,86.1314,-0.452390878754173,2.27922,0.3441656678597291,1.6768,3.0117,-0.004884493882091244
pump-0116,failure,80,109,FAILURE,3.9182833333333327,0.21400452033128234,3.3929,4.4682,-0.009087452725250413,75.41486333333334,2.918830969353236,69.1447,79.5782,-0.16279717463848983,2.5243266666666666,0.5705848694882198,1.6768,3.3637,0.05304778642936593
pump-0116,failure,90,119,FAILURE,3.76816,0.2078770463519241,3.3929,4.1807,-0.018048765294772003,74.89669333333333,3.573350554958499,66.8482,80.8671,0.12189966629588307,2.82192,0.5308295033247493,1.6768,3.5094,0.039200934371523895
pump-0116,failure,100,129,FAILURE,3.72224,0.20201824439061605,3.3929,4.1807,-0.0040809343715240065,73.91178333333336,5.0004250292739005,61.9,80.8671,-0.22144429365962298,3.0619900000000007,0.2565131879000896,2.5578,3.5094,-0.009775061179088001
pump-0116,failure,110,139,FAILURE,3.5527166666666665,0.2769327223753492,3.0176,4.1477,-0.015083893214683022,73.33780999999999,5.624497505754031,61.9,80.8671,-0.10122578420467358,3.1516233333333328,0.32324728684948856,2.5578,3.6944,0.01766351501668514
pump-0116,failure,120,149,FAILURE,3.5891499999999996,0.3186353127008995,3.0176,4.1477,-0.006664493882091246,72.22070333333333,4.934860649736952,61.9,80.3498,0.04000447163514815,3.3270666666666666,0.34400989940536436,2.5578,3.9336,0.028461001112346923
pump-0116,failure,130,159,FAILURE,3.4470866666666664,0.3722262812979342,2.6903,4.0423,-0.0037894104560624187,69.69881000000001,6.476973630142912,56.274,79.0906,-0.4786584872080096,3.4524466666666664,0.20706868704745185,3.0991,3.9336,-0.0058551279199111385
pump-0116,failure,140,169,FAILURE,3.345403333333334,0.416210614539749,2.6903,4.0423,-0.03287214682981101,65.74294,6.457655965110973,55.7217,77.9321,-0.5620630033370434,3.608573333333333,0.3177389210587138,3.0991,4.3208,0.017144961067853088
pump-0116,failure,150,179,FAILURE,3.0955866666666663,0.33307227016903634,2.6903,3.8613,-0.023484360400445017,63.05676333333333,4.249180678631536,55.7217,69.9288,0.05130818687430285,3.854763333333333,0.47980063532216743,3.0991,4.7871,0.04841902113459395
pump-0116,failure,160,189,FAILURE,2.9582899999999994,0.18794892453359058,2.5438,3.2919,0.0010524360400443876,60.83064333333334,6.313795569844568,47.8259,71.3185,-0.266631034482761,4.1558600000000006,0.37449632450354786,3.5442,4.7871,0.021289432703003295
pump-0116,failure,170,199,FAILURE,2.7974333333333337,0.29140271828214337,2.2321,3.2919,-0.018084716351501808,58.44132,7.038912055680196,44.3265,71.3185,-0.593856863181313,4.350136666666667,0.3443959702467818,3.6257,4.7871,0.015686918798665118
pump-0117,failure,0,29,DEGRADATION,4.39065,0.1843028698456249,4.007,4.7234,-0.010018131256952263,89.58942,3.4134934017220546,83.2387,94.1873,-0.34337165739710973,1.51957,0.16879158973914152,1.196,1.7807,-0.008003626251390493
pump-0117,failure,10,39,DEGRADATION,4.267993333333334,0.2568082409546513,3.7993,4.7234,-0.02532751946607354,87.74443333333332,3.0147639412656453,82.9062,93.019,-0.2208865406006688,1.6505966666666665,0.31574643253021173,1.196,2.2257,0.026954371523915395
pump-0117,failure,20,49,DEGRADATION,4.055516666666667,0.16358839217852703,3.7993,4.4527,-0.014185650723025623,86.53348,2.220287264807568,82.9062,91.6937,0.06579345939933087,1.8832633333333328,0.3483179289895304,1.196,2.3396,0.03622983314794214
pump-0117,failure,30,59,DEGRADATION,3.902166666666667,0.15963538733278687,3.5307,4.1974,-0.013548120133481821,84.47522000000001,4.303904064327332,76.0771,91.6937,-0.3699553726362651,2.15253,0.1562354167061148,1.7759,2.4716,0.012811902113459383
pump-0117,failure,40,69,FAILURE,3.6989799999999993,0.24890155537213238,3.1411,4.0873,-0.026345583982202613,80.95415666666666,5.222039896354894,73.6813,91.6937,-0.5711661179087907,2.321256666666667,0.20943330948591304,1.9416,2.806,0.019001935483870937
pump-0117,failure,50,79,FAILURE,3.6535966666666666,0.2325874093516003,3.1411,4.0782,0.00011001112347046817,78.17306,2.6314387802873163,71.9564,82.5134,-0.035849165739712606,2.44075,0.2742585127818886,2.1024,3.1968,0.01816375973303665
pump-0117,failure,60,89,FAILURE,3.6137,0.23621869669157575,3.1411,4.0782,0.010816017797552768,77.04155999999998,4.100720906913809,67.1976,84.6316,-0.08073085650723205,2.760276666666667,0.44495044269621253,2.129,3.8369,0.03719561735261396
pump-0117,failure,70,99,FAILURE,3.583206666666666,0.30216759911604607,2.8992,4.0782,-0.02184832035595109,73.95888333333332,6.420669415675355,64.5051,84.6316,-0.5995974860956629,3.0196566666666667,0.4717259661309967,2.129,3.8369,0.04184255839822022
pump-0117,failure,80,109,FAILURE,3.3124166666666666,0.3567233504022721,2.5865,3.895,-0.03226271412680764,70.08878666666666,5.302000078507062,64.5051,84.6316,-0.40609944382647484,3.42531,0.3511207934125614,2.6962,4.0543,0.028704894327029964
pump-0117,failure,90,119,FAILURE,3.145503333333333,0.29533794482855663,2.5531,3.8226,-0.011606073414905518,68.22383333333333,3.0915773343428143,62.9845,76.7432,0.09714901001112193,3.8628066666666663,0.5336684126142582,3.0249,4.8295,0.05705205784204664
pump-0117,failure,100,129,FAILURE,2.95995,0.32602279853817995,2.2487,3.407,-0.01392300333704122,65.71368000000001,5.503300919411911,56.1848,76.7432,-0.41282674082313786,4.2069633333333325,0.38552169976395484,3.39,4.8295,0.029072324805339143
pump-0117,failure,110,139,FAILURE,2.716496666666667,0.47330117788664855,1.7569,3.407,-0.03733221357063414,61.399933333333344,7.452342034883322,50.2858,76.7432,-0.7453945717463867,4.537706666666667,0.2980550261650057,3.9145,5.4152,0.012425406006674002
pump-0118,healthy,0,29,NORMAL,4.566966666666665,0.12215511268692587,4.3577,4.7948,-0.009224382647386087,91.40689000000002,3.396855731246178,86.6274,97.5928,-0.31650431590656497,1.3793166666666665,0.1549115426801875,1.054,1.5991,-0.0020580422691880364
pump-0118,healthy,10,39,NORMAL,4.492513333333333,0.11615948155684735,4.2582,4.7373,-0.008710611790878882,89.94615666666668,2.2120674571816807,86.6274,96.4383,-0.04797684093437373,1.413176666666667,0.1916207359748823,1.054,1.849,0.017511790878754162
pump-0118,healthy,20,49,NORMAL,4.489873333333333,0.11331762420539689,4.2582,4.7134,0.007875239154616196,90.22015333333334,2.0090244645487916,86.6274,94.1873,0.19327563959955255,1.4873866666666666,0.14296036451486205,1.1554,1.849,0.00040355951056727883
pump-0118,healthy,30,59,NORMAL,4.485923333333334,0.11480636649981084,4.2555,4.7134,0.002034949944382612,90.71107,1.6254473177456916,87.3798,94.1873,-0.02376758620689787,1.4675700000000005,0.1614386945561689,1.133,1.849,-0.008052436040044535
pump-0118,healthy,40,69,NORMAL,4.485533333333334,0.12148465838212755,4.2429,4.7134,-0.007523559510567374,91.17289333333333,1.6793379042414958,87.3798,94.1873,0.0011518131256937167,1.3976866666666672,0.1328749631127784,1.133,1.6213,-0.001516885428253663
pump-0118,healthy,50,79,NORMAL,4.511843333333333,0.15106906297746375,4.2429,4.7718,0.011958731924360321,91.50436999999998,1.8709818935788762,87.3798,94.4891,0.16997995550611525,1.3729266666666669,0.12083792708509287,1.133,1.5885,0.001261935483870941
pump-0118,healthy,60,89,NORMAL,4.534573333333333,0.18063665175029006,4.1984,4.7718,0.0014874749721911773,92.25357333333332,2.0969940940837715,86.1275,96.172,-0.035385717463850774,1.379616666666667,0.11474842652031829,1.1455,1.6216,0.0008497664071189859
pump-0118,healthy,70,99,NORMAL,4.53702,0.18035505241975713,4.1984,4.7718,-0.01161503893214685,91.20124999999999,2.98399208664612,83.9495,96.172,-0.19721225806451806,1.3650733333333334,0.11392544033514006,1.1455,1.6216,-0.0009608898776418637
pump-0118,healthy,80,109,NORMAL,4.50216,0.17925329862143868,4.1984,4.8516,0.004030122358175642,91.74281666666664,3.6953013055395383,83.9495,98.4357,0.1477516573971059,1.4497999999999998,0.1934821869492555,1.1455,1.9688,0.012544071190211328
pump-0118,healthy,90,119,NORMAL,4.530173333333334,0.15823055738032685,4.2828,4.8516,0.008199510567296949,93.16639,4.1493194647917875,83.9495,100.2254,0.34801443826473594,1.4343833333333331,0.2583931604916989,0.8833,1.9688,-0.0003342602892102555
pump-0118,healthy,100,129,NORMAL,4.550356666666667,0.14112022459197296,4.3593,4.8516,-0.003132258064516214,93.44549666666666,3.64886581652284,87.0571,100.2254,-0.21534249165739916,1.3157633333333332,0.34694305631071826,0.7819,1.9688,-0.02862525027808677
pump-0118,healthy,110,139,NORMAL,4.530896666666666,0.1253266278791365,4.3593,4.8129,-0.0024127474972192365,92.84140000000001,3.5691541331245418,87.0571,100.2254,-0.13048662958843407,1.2667566666666665,0.29318963792891606,0.7819,1.8219,0.0038625806451612573
pump-0118,healthy,120,149,NORMAL,4.598836666666667,0.16352851429915485,4.3593,4.8508,0.015251234705227991,92.82004666666667,3.562439558760573,87.0571,101.4453,0.2899587986651816,1.3192233333333332,0.26087309645794365,0.7819,1.6424,0.025562647385984398
pump-0118,healthy,130,159,NORMAL,4.672633333333334,0.15069809406742862,4.3933,4.8508,0.008767163515016555,93.97347333333332,2.828970705861449,88.7329,101.4453,0.017689610678529605,1.4679966666666666,0.1024376118533726,1.2212,1.6424,-0.0016317908787541952
pump-0118,healthy,140,169,NORMAL,4.664836666666667,0.14543718571565145,4.4306,4.8508,-0.01404260289210245,93.18097666666667,3.063163768250439,87.5123,101.4453,-0.2799954838709691,1.4321499999999998,0.12209273456407363,1.0933,1.6424,-0.006094037819799837
pump-0118,healthy,150,179,NORMAL,4.611386666666666,0.1466477724193435,4.4301,4.8822,-0.0031800667408232036,92.67690333333333,2.396722054040106,87.5123,97.0976,0.07528731924360338,1.4040933333333334,0.1323282608599623,1.0933,1.6263,-0.00019799777530593555
pump-0118,healthy,160,189,NORMAL,4.626033333333334,0.1549346944862756,4.4301,4.8822,0.012038264738598427,92.51600666666666,2.5577468495967746,87.5123,97.0976,0.07816498331479176,1.30989,0.1749973701707162,0.9863,1.6263,-0.010094082313681894
pump-0118,healthy,170,199,NORMAL,4.6084,0.17351062791656308,4.3136,4.8822,-0.00765156840934382,92.74096,2.433531598945587,87.977,97.0976,-0.16275684093437176,1.2621733333333331,0.16122430530854281,0.9863,1.6263,-0.010518442714126846
pump-0118,healthy,180,209,NORMAL,4.585523333333334,0.1568042871083427,4.3136,4.8653,-0.009363359288097943,92.15654333333332,2.2115993807926015,87.977,96.9092,-0.0008303225806463021,1.2713166666666667,0.16949518003635253,0.9863,1.6804,0.014593437152391526
pump-0118,healthy,190,219,NORMAL,4.567916666666666,0.1329289035119484,4.3136,4.8145,0.012531991101223456,92.89609333333334,2.508806178236086,87.977,98.269,0.16169303670745117,1.36884,0.16078170625623636,1.0655,1.6893,0.010277018909899852
pump-0118,healthy,200,229,NORMAL,4.624356666666667,0.10637628395882662,4.411,4.8145,0.0031161957730811395,92.57758000000003,2.6769616439040247,88.0037,98.269,-0.11020347052280344,1.3747800000000003,0.15578467703853288,1.1021,1.6893,-0.00990687430478311
pump-0119,degrading,0,29,NORMAL,4.457409999999999,0.13827323999964705,4.1184,4.6653,-0.006470055617352736,88.53187666666669,2.7802136371968893,82.4115,92.5022,-0.22248562847608652,1.4690166666666664,0.22100130932241605,1.1557,1.9859,-0.017561312569521714
pump-0119,degrading,10,39,NORMAL,4.45301,0.13675652659623472,4.1184,4.6653,-0.005044115684093485,88.21589333333333,2.5757997801243957,82.4115,91.8325,-0.06385739710790003,1.473706666666667,0.21583862325563716,1.1557,1.9256,0.00997010011123466
pump-0119,degrading,20,49,NORMAL,4.4759866666666674,0.15641594064828843,4.1184,4.7463,0.015321067853170103,87.49328666666666,2.1687628436097435,82.4115,90.5664,0.09402091212458089,1.5098300000000002,0.2158609987159947,1.1557,1.9256,0.013238509454949931
pump-0119,degrading,30,59,DEGRADATION,4.532673333333334,0.10893613705082239,4.3139,4.7463,0.001721824249165645,87.83309333333332,1.5406440190027297,83.8709,90.5664,-0.1316596662958849,1.5364100000000005,0.19568480327642543,1.2154,1.9256,-0.012421957730812063
pump-0119,degrading,40,69,DEGRADATION,4.458473333333333,0.18693615297445518,4.0896,4.7463,-0.01964404894327037,85.85773999999998,2.507682244703263,80.1289,89.2957,-0.21384075639599714,1.5115533333333329,0.17227636273022354,1.2154,1.8426,0.002723025583982162
pump-0119,degrading,50,79,DEGRADATION,4.3547,0.13804899130381212,4.0896,4.6325,-0.009031145717463985,86.15031000000003,2.8161185981595303,80.1289,91.2009,0.11830458286985264,1.6305866666666664,0.2536789502939143,1.2154,2.0515,0.027722447163514977
pump-0119,degrading,60,89,DEGRADATION,4.268739999999998,0.12062391305209748,3.9588,4.5561,-0.0020521023359289427,85.50005000000002,3.1498336360036543,80.1289,91.2009,0.04086898776418026,1.7757433333333332,0.1811566885016639,1.4614,2.0681,0.011500622914349235
pump-0119,degrading,70,99,DEGRADATION,4.218366666666666,0.15762484434744264,3.829,4.5561,-0.013325294771968949,84.45037,4.037314736484304,77.8217,91.2009,-0.42236117908787724,1.866993333333333,0.12813756132462573,1.5132,2.0681,-0.00023750834260294473
pump-0119,degrading,80,109,DEGRADATION,4.147176666666668,0.1577931191641624,3.829,4.5561,-0.006141067853170199,83.32547,3.2006285600539996,77.8217,88.7975,0.058104271412679154,1.9546266666666663,0.20350127752806754,1.5132,2.2968,0.018629677419354812
pump-0119,degrading,90,119,DEGRADATION,4.172033333333333,0.17792696316809947,3.829,4.5676,0.008860823136818624,83.33334666666666,3.5363621242489045,77.8217,90.8831,0.19702278086762845,2.0871866666666667,0.17361047920240558,1.7555,2.3749,0.013155461624026654
pump-0119,degrading,100,129,DEGRADATION,4.1178566666666665,0.2066327203572131,3.7927,4.5676,-0.008872413793103478,82.88869333333334,4.072708450972427,75.7885,90.8831,-0.3341010901001122,2.0703033333333334,0.2304627178574058,1.5065,2.3749,-0.01702120133481652
pump-0119,degrading,110,139,DEGRADATION,4.0357433333333335,0.22491696346775528,3.7731,4.5676,-0.020894616240267085,80.88959666666666,3.8048855817648746,75.5907,90.8831,-0.24047904338153778,2.12248,0.2810607044750298,1.5065,2.5491,0.007160088987764144
pump-0119,degrading,120,149,DEGRADATION,3.9762600000000003,0.13831218938811332,3.7731,4.3469,0.010254860956618423,81.06532333333332,3.449239538283122,75.5907,86.2304,0.29127566184649434,2.1146233333333333,0.27388558643264815,1.5065,2.5491,0.01694213570634036
pump-0119,degrading,130,159,DEGRADATION,3.9971166666666673,0.15123735447596562,3.7289,4.3469,0.004322335928809694,80.85656333333334,3.79935286827317,74.8347,86.2304,-0.07066716351501667,2.1671833333333335,0.18901484612473055,1.8534,2.5491,-0.013961090100111281
pump-0119,degrading,140,169,DEGRADATION,3.996103333333333,0.15326770367200282,3.7289,4.3469,-0.012719132369299347,79.40739,4.767114257518204,70.3318,86.2304,-0.4355208231368196,2.15126,0.1871168095067891,1.8534,2.7416,0.007585895439377027
pump-0119,degrading,150,179,DEGRADATION,3.9541299999999997,0.1437674468253041,3.7289,4.2618,0.0018787764182423652,78.83032,4.319488746861911,70.3318,88.2904,0.2418568631813115,2.289013333333334,0.28785813836371243,1.8534,2.7739,0.02766202447163509
pump-0119,degrading,160,189,DEGRADATION,3.9785033333333337,0.15748953295025314,3.7849,4.2618,0.008947608453837472,78.69806999999999,4.184126009507044,70.3318,88.2904,0.13176914349276844,2.405853333333333,0.2018377727009711,1.9822,2.7739,0.0026214015572858487
pump-0119,degrading,170,199,DEGRADATION,3.943843333333333,0.1805795257558902,3.6943,4.2618,-0.010818264738598572,78.92172666666667,3.8581122804581804,71.6303,88.2904,-0.32440480533926735,2.3845233333333336,0.20268243088360888,1.9801,2.7739,-0.017369588431590737
pump-0119,degrading,180,209,DEGRADATION,3.8836033333333333,0.17157683309688274,3.6151,4.242,-0.01073670745272534,77.04515666666667,2.269833489441216,71.6303,80.946,0.008752636262514145,2.39024,0.21139108558940387,1.9801,2.8648,0.011664427141268002
pump-0119,degrading,190,219,DEGRADATION,3.79128,0.09219270903927272,3.6151,3.999,0.0015660511679642638,76.80564999999999,2.202537052998958,71.6303,80.8532,0.06005492769743977,2.40357,0.20521149602300548,1.9801,2.8648,0.0063272747497218895
pump-0120,failure,0,29,DEGRADATION,4.474369999999999,0.17082452234188558,4.0684,4.6908,-0.015160867630700906,92.47953666666668,4.864328258145094,85.4369,102.9447,-0.4787388431590686,1.511536666666667,0.19443804237397122,1.1491,1.8441,-0.005987519466073452
pump-0120,failure,10,39,DEGRADATION,4.29197,0.21624875822379497,3.9651,4.6013,-0.021350545050055743,89.32672000000001,2.8211603340233373,85.4369,96.0487,-0.2010407119021165,1.630353333333333,0.36615255812601155,1.1491,2.5663,0.034599065628476054
pump-0120,failure,20,49,DEGRADATION,4.208900000000001,0.14793314480985434,3.9651,4.5126,-0.0014706562847609655,88.43140666666666,1.9315227377958113,85.4369,94.2586,0.1101025139043349,1.8619366666666664,0.35126526584461615,1.1491,2.5663,0.02906969966629585
pump-0120,failure,30,59,DEGRADATION,4.127983333333334,0.14946840041367346,3.7722,4.3962,-0.0019323470522803318,86.26877666666668,4.658592633094488,74.9402,94.2586,-0.3937982424916598,2.0919,0.23553690864349333,1.6478,2.5663,0.008231012235817558
pump-0120,failure,40,69,DEGRADATION,4.012460000000001,0.25607453940861313,3.5974,4.3962,-0.027427408231368234,83.40549666666668,5.247741372278385,73.9958,94.2586,-0.4861121023359303,2.128506666666667,0.21691416879084272,1.7691,2.5645,0.004904026696329183
pump-0120,failure,50,79,FAILURE,3.8978533333333334,0.17535318975015984,3.5974,4.2199,-0.006050456062291543,79.85365666666665,2.5971938666803887,73.9958,84.7771,-0.09268638487208261,2.2947599999999992,0.3486260523827788,1.7691,3.1124,0.023147141268075634
pump-0120,failure,60,89,FAILURE,3.786416666666667,0.15438260930414271,3.4654,4.123,-0.001298576195773189,77.73192666666668,4.671122036151724,60.8998,82.5916,-0.30896645161290576,2.47142,0.3923578905370283,1.7691,3.2143,0.03136952169076748
pump-0120,failure,70,99,FAILURE,3.6363900000000005,0.328764178249395,2.9638,4.123,-0.033258131256952234,74.73513999999999,5.643263353391664,60.8998,82.2454,-0.4155929699666326,2.779503333333333,0.3892265025948545,1.8096,3.5322,0.028750456062291367
pump-0120,failure,80,109,FAILURE,3.41223,0.28417041500949153,2.8847,3.874,-0.020916240266963423,73.81641,5.253402926126392,60.8998,81.6074,0.043432547274749225,3.0620066666666665,0.3840285752678077,2.4515,3.7448,0.03009926585094543
pump-0120,failure,90,119,FAILURE,3.318483333333333,0.22204877554767605,2.8847,3.7206,0.0043206006674081955,72.12546,4.544947257090376,62.6706,81.6074,-0.06537886540600764,3.226246666666666,0.3003355520450788,2.4515,3.7448,0.008886985539488216
pump-0120,failure,100,129,FAILURE,3.2070966666666663,0.2741222786559961,2.7037,3.7206,-0.016558420467185912,67.86288666666667,8.14689107024814,53.5482,81.6074,-0.8899025583982215,3.386986666666667,0.28204856051554117,2.7874,3.9602,0.0075849610678530525
pump-0120,failure,110,139,FAILURE,3.1161833333333337,0.27578513868992693,2.7037,3.7206,-0.023036284760845464,63.413850000000004,5.75287597871708,53.5482,72.2664,-0.2604590656284773,3.5548499999999996,0.40035822188801534,2.7874,4.2688,0.03824727474972186
pump-0120,failure,120,149,FAILURE,3.01985,0.1891692465316002,2.7037,3.41,0.008521401557285802,61.25809666666667,4.55944687796545,53.5482,70.2005,0.2061332369299206,3.870490000000001,0.3669272074494703,3.1067,4.4346,0.03167828698553939
pump-0120,failure,130,159,FAILURE,3.0127800000000002,0.18602931202725376,2.6524,3.41,-0.0038947719688543435,60.57622000000001,5.5907064661155905,49.9797,70.2005,-0.353717107897665,4.147536666666666,0.3636933841239836,3.332,4.7939,0.027119132369299154
pump-0120,failure,140,169,FAILURE,2.81845,0.3480545615752411,2.0625,3.41,-0.03273145717463856,58.51207666666667,4.8701558187039105,49.9797,69.6334,-0.34735579532814376,4.422846666666667,0.353840895255983,3.6997,5.1009,0.027375083426028856
pump-0121,failure,0,29,NORMAL,4.629873333333334,0.15706915872386357,4.3282,4.9224,-0.010025406006674207,90.32329999999999,1.6667213278369812,86.2173,93.4012,-0.08856987764182794,1.5545166666666668,0.1565968030395966,1.31,1.9042,0.006703114571746375
pump-0121,failure,10,39,DEGRADATION,4.558549999999999,0.15948718600564757,4.2954,4.8653,-0.009261334816462876,89.46791666666667,1.47951553694294,86.2173,92.2876,-0.04281848720801039,1.5738133333333335,0.16015074926109116,1.31,1.9042,0.0034035595105672894
pump-0121,failure,20,49,DEGRADATION,4.515413333333332,0.11877878804268416,4.2954,4.7537,0.004713503893214559,89.22952000000002,1.9111727475383626,84.0844,91.4779,-0.03839750834260449,1.7315200000000002,0.22783516907331638,1.3441,2.1589,0.019469187986651808
pump-0121,failure,30,59,DEGRADATION,4.419956666666667,0.20108245188368756,3.9188,4.7537,-0.012168253615128044,87.25486333333336,3.27870449583199,80.9948,91.4779,-0.28959624026696734,1.7761900000000002,0.2519940718218056,1.3441,2.2239,0.014234905450500537
pump-0121,failure,40,69,DEGRADATION,4.287746666666667,0.2291006514370679,3.9188,4.7537,-0.022518665183537435,85.60287333333332,3.225825966987201,79.329,91.4779,-0.2486552614015598,1.9246633333333334,0.19365247650251097,1.4815,2.2239,0.0033936596218019587
pump-0121,failure,50,79,DEGRADATION,4.14458,0.09965879589880668,3.9188,4.3486,-0.003314304783092396,84.48304333333333,1.700762241600971,79.329,87.306,0.11038987764182256,2.0080066666666667,0.24631646031522586,1.4815,2.4203,0.022215350389321434
pump-0121,failure,60,89,DEGRADATION,4.1099266666666665,0.09692886372088672,3.9233,4.3037,-0.0015559955506119936,83.67113333333332,2.7173584370773676,78.2071,87.306,-0.13437454949944624,2.142816666666667,0.1360140950620764,1.8948,2.4203,0.008271612903225756
pump-0121,failure,70,99,FAILURE,3.992243333333333,0.20782295619642754,3.5967,4.3037,-0.020282958843159223,81.11058,4.280611781151537,74.5393,87.306,-0.4272395105672987,2.27683,0.16430734037163405,1.9667,2.6758,0.009439844271412666
pump-0121,failure,80,109,FAILURE,3.907106666666667,0.19204227647983024,3.5967,4.3037,-0.011309810901001225,80.3203,3.6443929949993037,74.5393,87.2632,0.08232048943270066,2.467366666666666,0.3016948649804228,1.9963,3.1813,0.027828075639599548
pump-0121,failure,90,119,FAILURE,3.813483333333333,0.13467198442470832,3.5967,4.1026,0.00350262513904329,80.24395000000003,3.7229838359170997,74.5393,86.24,0.18328865406006528,2.68823,0.36234033739013927,1.9748,3.4714,0.014342536151279152
pump-0121,failure,100,129,FAILURE,3.805703333333333,0.1499018467383092,3.5275,4.1026,-0.006052791991101339,77.92727666666669,6.70672873601248,63.76,86.24,-0.6775413348164634,2.8204366666666667,0.3392269323853216,1.9748,3.4714,-0.0030254282536151165
pump-0121,failure,110,139,FAILURE,3.7493833333333333,0.12491966507408758,3.5275,3.9835,-0.0037864071190211964,73.57189333333332,6.089562068213299,63.76,85.2343,-0.4961507452725259,2.9937500000000004,0.4248381972390587,1.9748,3.7718,0.020226585094549464
pump-0121,failure,120,149,FAILURE,3.6162633333333334,0.23314971510931673,2.9259,3.9438,-0.016503648498331618,70.63145333333334,3.209094749066922,63.76,76.2416,0.12223354838709628,3.2072466666666677,0.3964525492694204,2.3464,3.8883,0.03441979977753057
pump-0121,failure,130,159,FAILURE,3.4044699999999994,0.31941857089614145,2.8517,3.8355,-0.031227030033370504,70.88101999999999,3.2671761086499966,64.4126,76.2416,0.007271279199108656,3.506926666666666,0.2793921281798914,2.8545,4.183,0.019871056729699618
pump-0121,failure,140,169,FAILURE,3.219,0.2640309527309251,2.8517,3.7245,-0.011313459399332662,66.91144666666666,6.979211219267945,54.4135,76.2416,-0.601270967741938,3.76071,0.31684331285353023,3.2172,4.4202,0.02906582869855383
pump-0121,failure,150,179,FAILURE,3.21713,0.2534511499941031,2.8517,3.841,0.015242424916573934,64.82686666666667,5.843883724734966,54.4135,75.9599,-0.2095522580645173,3.9632599999999996,0.26240255918467464,3.4545,4.5886,0.01927301446051163
pump-0121,failure,160,189,FAILURE,3.2180033333333338,0.332515095881208,2.5882,3.841,-0.007584004449388264,62.47872666666668,4.7266585925601,54.4135,70.4496,0.19192387096774136,3.977966666666667,0.3152225725138068,3.1434,4.5886,-0.010885294771968925
pump-0121,failure,170,199,FAILURE,3.132086666666667,0.35106933857699524,2.5882,3.841,-0.030103893214683035,61.745406666666675,5.248259122219058,51.0687,70.4496,-0.44923586206896804,4.062826666666666,0.3648530763045433,3.1434,4.6098,0.015237953281423739
pump-0121,failure,180,209,FAILURE,2.942746666666667,0.27544193306192305,2.5325,3.7189,-0.016217842046718653,60.875650000000014,4.715231460967745,51.0687,70.4496,-0.01277056729699889,4.225576666666667,0.44178659228435424,3.1434,4.9252,0.0425599777530589
pump-0121,failure,190,219,FAILURE,2.968983333333334,0.20209276431601622,2.5325,3.4771,0.010994593993325866,60.05262,3.93224262886545,51.0687,66.3436,0.25231937708564994,4.485503333333335,0.24174473380452832,4.0713,4.9252,0.00931757508342596
pump-0121,failure,200,229,FAILURE,2.8978966666666666,0.2802800795434611,2.3124,3.4771,-0.009802157953281484,58.68022333333332,6.243201714221281,42.9971,66.3436,-0.5458648943270314,4.472343333333333,0.25247390318385166,3.9952,4.9252,-0.011556462736373776
pump-0122,failure,0,29,DEGRADATION,4.574506666666666,0.23766997837804885,4.0716,4.9357,-0.013795239154616392,88.00132,3.5332104840970535,78.5605,93.6303,-0.3606965517241412,1.5717233333333336,0.17664666367890702,1.1977,1.8299,-0.004545917686318176
pump-0122,failure,10,39,DEGRADATION,4.47751,0.2757846313702052,4.0716,4.9357,-0.024990189098999,85.52569333333335,3.3455676418143976,78.5605,91.0093,-0.23824395995550804,1.6380233333333336,0.2510342017645316,1.1977,2.2663,0.01988932146829806
pump-0122,failure,20,49,DEGRADATION,4.28793,0.13318508712815158,4.0716,4.5434,-0.004581245828698641,83.43255666666667,2.398609929755611,78.5605,87.0441,-0.061623959955507984,1.8675433333333333,0.3432054503096101,1.1977,2.5216,0.036289766407118985
pump-0122,failure,30,59,DEGRADATION,4.15948,0.19775333524368183,3.7619,4.4981,-0.01637050055617361,81.96948333333333,2.720730911242214,77.2246,87.0441,-0.1862321468298129,2.1598899999999994,0.2624277771756133,1.5792,2.6315,0.025601846496106768
pump-0122,failure,40,69,FAILURE,4.0068633333333326,0.22206283417587516,3.5745,4.3902,-0.01953612903225823,80.00465,3.3082512973624,69.8348,85.0505,-0.20144300333704326,2.3998566666666665,0.21848135951507525,1.908,2.9199,0.01978191323692989
pump-0122,failure,50,79,FAILURE,3.900806666666667,0.17450980666490418,3.5466,4.3155,0.0003020244716350446,78.20348666666665,2.924796346612111,69.8348,83.363,-0.07519942157953505,2.7226266666666663,0.41809009470314995,2.1093,3.6331,0.040591679644048896
pump-0122,failure,60,89,FAILURE,3.747486666666666,0.27540227151487984,3.1265,4.3155,-0.01342424916573982,75.80338666666667,3.841048227652908,68.3785,82.7059,-0.2147997330367094,2.929576666666667,0.35906021935355387,2.3788,3.6331,0.021823426028920966
pump-0122,failure,70,99,FAILURE,3.594346666666667,0.32088847567686546,3.1045,4.3155,-0.02472711902113467,72.71439000000001,4.428946705959932,60.382,80.1096,-0.40198654060066874,3.1324766666666664,0.30251483234527354,2.5469,3.6331,0.003953259176863165
pump-0122,failure,80,109,FAILURE,3.356396666666667,0.21928577622717702,3.043,3.8585,-0.01349101223581765,68.60701999999999,4.003065663663289,60.382,75.9122,-0.3478960622914369,3.2861466666666668,0.42269479669799054,2.679,4.3273,0.03146389321468291
pump-0122,failure,90,119,FAILURE,3.2321166666666676,0.20048950277314326,2.8495,3.8209,-0.01566938820912134,63.95633999999999,5.022960613529302,54.1556,73.6381,-0.501242091212461,3.669623333333333,0.5002675115597875,2.8928,4.3454,0.04657181312569514
pump-0122,failure,100,129,FAILURE,3.108476666666667,0.20081257876161268,2.477,3.3805,-0.014302580645161381,59.63905333333334,4.517790719273697,52.605,70.336,-0.46230771968854467,4.041989999999999,0.4177479514013204,3.0038,4.5531,0.03684905450500551
pump-0122,failure,110,139,FAILURE,3.0193066666666666,0.23660538164256165,2.4485,3.3262,-0.009634927697441724,54.96295,3.755590410019885,47.4809,60.6959,-0.3688204894327047,4.294913333333333,0.16215677955471228,3.9566,4.5853,0.011208275862068838
pump-0122,failure,120,149,FAILURE,2.922463333333333,0.23673034798173967,2.4485,3.2687,-0.010853459399332646,55.01793666666666,3.920017901530836,47.4809,62.5283,0.12849159065628302,4.516733333333333,0.2839590889938588,4.0658,5.3091,0.021920266963292356
pump-0123,failure,0,29,DEGRADATION,4.2999,0.22363409549231678,3.8698,4.6194,-0.02124636262513913,92.13893666666668,4.076636517562269,84.3852,97.9653,-0.3443845828698575,1.3749400000000003,0.28005496555735865,0.7889,1.7658,-0.01673650723025586
pump-0123,failure,10,39,DEGRADATION,4.164836666666667,0.1862029582352428,3.8698,4.5067,-0.014243492769744221,88.97688666666664,4.452681148756206,81.4529,97.9653,-0.43677285873192595,1.4277766666666667,0.3383352505857007,0.7889,1.9756,0.02436086763070076
pump-0123,failure,20,49,DEGRADATION,4.07153,0.13451697575646976,3.7515,4.2628,0.0008724582869854885,86.64953999999999,2.4236719375911133,81.4529,90.6748,-0.04189027808676506,1.72196,0.4399106982104436,0.8926,2.5302,0.043965517241379294
pump-0123,failure,30,59,DEGRADATION,3.999133333333333,0.170759580176991,3.6656,4.2396,-0.012455839822024545,84.44516666666665,3.7395615785216796,74.868,90.2974,-0.24509134593993562,2.0007999999999995,0.2389849437377454,1.5124,2.5302,0.013196084538375943
pump-0123,failure,40,69,FAILURE,3.8673466666666667,0.2150389014935567,3.4478,4.2396,-0.020874304783092486,81.85972999999998,5.007103345658046,73.3595,90.2974,-0.4950171968854307,2.188,0.2816813909366396,1.7587,3.0313,0.011208676307007746
pump-0123,failure,50,79,FAILURE,3.668553333333333,0.22198676947562038,3.0615,3.953,-0.012514794215795396,78.73943333333332,3.4903004545295073,73.1731,85.6699,-0.1629979977753082,2.4973433333333332,0.49271903195995537,1.7587,3.3501,0.050770300333704055
pump-0123,failure,60,89,FAILURE,3.6006833333333335,0.21362076847119102,3.0615,3.953,-0.0006269855394883497,77.05411333333335,3.3630491137986995,70.7972,82.596,-0.07128044493882275,2.9287333333333336,0.4936344054279667,1.7587,3.5634,0.051118754171301406
pump-0123,failure,70,99,FAILURE,3.466783333333333,0.30937921076820196,2.7224,3.908,-0.010106807563960006,75.36041666666667,4.021362707017223,67.8392,81.7286,-0.2396213793103466,3.250276666666667,0.18035285910927193,2.7846,3.5634,0.011532035595105624
pump-0123,failure,80,109,FAILURE,3.3968833333333337,0.29314445595227545,2.7224,3.908,-0.016625294771968946,74.62300333333334,4.017792524880907,67.8392,81.3659,0.013982447163514315,3.386063333333334,0.128205183159219,3.092,3.7208,0.006259377085650708
pump-0123,failure,90,119,FAILURE,3.2165100000000004,0.29317836931351765,2.709,3.7504,-0.015599354838709754,71.91451666666667,5.274774332302968,60.0719,80.9692,-0.23679357063403844,3.6130000000000004,0.34172963874969936,3.1179,4.2807,0.031462157953281396
pump-0123,failure,100,129,FAILURE,3.0830366666666666,0.2649598554288723,2.4606,3.4745,-0.022093459399332674,68.23752,7.09618649836657,56.3998,80.9692,-0.6420809343715256,3.9017566666666665,0.347561465723051,3.3705,4.6217,0.03129279199110117
pump-0123,failure,110,139,FAILURE,2.8995699999999998,0.27267497519941214,2.2861,3.4197,-0.017881535038932198,63.988103333333335,4.699227609475365,56.3998,76.574,-0.2636910567297008,4.2176366666666665,0.2610755694983521,3.7136,4.7808,0.019657374860956502
pump-0123,failure,120,149,FAILURE,2.8124299999999995,0.22030008798606202,2.2861,3.123,-0.0014159065628477107,61.18228,3.934855747241568,50.1777,67.1027,-0.13603288097886615,4.552033333333332,0.41744148997860236,3.7136,5.25,0.04099412680756398
pump-0124,failure,0,29,DEGRADATION,4.454046666666668,0.16251472083749482,4.1554,4.7434,-0.008448097886540693,87.28017666666668,3.2071165115186493,81.7093,92.596,-0.2992963959955524,1.5935499999999998,0.19014814706784114,1.192,1.9062,-0.01251201334816463
pump-0124,failure,10,39,DEGRADATION,4.445593333333333,0.15544402836891333,4.1554,4.7434,-0.007544204671857701,86.60331333333332,2.6333119607233946,81.7093,92.2439,0.030204226918797,1.67133,0.2864177789523548,1.192,2.2497,0.021735372636262497
pump-0124,failure,20,49,DEGRADATION,4.30364,0.15590544271021023,3.997,4.5253,-0.008100689655172527,86.44582000000001,2.7688859731427478,81.7093,92.2816,0.15495626251390204,1.7897900000000002,0.24985797078873964,1.3266,2.2497,0.017633971078976633
pump-0124,failure,30,59,DEGRADATION,4.184559999999999,0.23347511302063859,3.8384,4.5253,-0.024692947719688687,85.18813333333334,4.924164208833368,74.1473,92.2816,-0.4451377085650743,2.021053333333333,0.20901203431594287,1.5868,2.4894,0.01207897664071187
pump-0124,failure,40,69,DEGRADATION,3.9801100000000003,0.17048259999190532,3.6259,4.3366,-0.017123092324805515,80.83021333333333,5.901132082842711,72.2462,92.2816,-0.6036641156840954,2.2153766666666663,0.32291678358707565,1.5868,2.8724,0.0340703670745272
pump-0124,failure,50,79,FAILURE,3.9182033333333326,0.1614422011811727,3.6259,4.4015,0.002240600667408112,77.72030666666666,3.696621185617422,72.2462,87.201,-0.12376765294772177,2.475083333333333,0.26930994421958426,2.0574,3.0228,0.021344182424916494
pump-0124,failure,60,89,FAILURE,3.952793333333333,0.19371457686216823,3.6259,4.4015,0.01084854282536142,75.49666,3.2109223552950223,67.8751,83.2748,-0.10530282536151409,2.5819566666666662,0.2528215268832058,1.9462,3.079,-0.00500567296996672
pump-0124,failure,70,99,FAILURE,3.98177,0.2407164959726137,3.6091,4.6318,-0.0028567074527253065,73.58707,4.466478644237911,65.2728,83.2748,-0.4053528142380436,2.6981666666666664,0.3594968802213573,1.9462,3.4104,0.012760444938820874
pump-0124,failure,80,109,FAILURE,3.8760266666666676,0.2726685569616628,3.3897,4.6318,-0.022353281423804355,70.08215,3.741296786120199,62.9928,77.6182,-0.29766204671857643,2.9661899999999997,0.48906411328168414,1.9462,3.8688,0.04134111234705221
pump-0124,failure,90,119,FAILURE,3.68011,0.2846421043462592,3.198,4.6318,-0.026481045606229194,69.31478999999999,3.4525545496390535,62.9928,75.6939,0.06988313681868631,3.2368566666666667,0.36152857027103985,2.1557,3.8688,0.02107570634037813
pump-0124,failure,100,129,FAILURE,3.4347466666666664,0.24469894936885658,2.9926,3.8636,-0.02323866518353743,67.7145,4.285812920166565,57.1247,75.3831,-0.14104711902113623,3.4420566666666668,0.25172108464639104,2.9316,3.9102,0.005363937708564986
pump-0124,failure,110,139,FAILURE,3.3005099999999996,0.19736345887727033,2.9724,3.701,-0.01086391546162413,65.69527666666666,5.127612957357014,57.1247,75.3831,-0.4227169076751962,3.6787366666666665,0.4240510916413519,2.9316,4.7663,0.038995127919910944
pump-0124,failure,120,149,FAILURE,3.3103466666666668,0.2064375768980918,2.9724,3.7841,0.014090901001112278,61.93261999999999,3.8186796253329938,53.8906,69.5654,-0.28732698553949015,4.02827,0.43426051178987024,3.2399,4.7663,0.04268589543937703
pump-0124,failure,130,159,FAILURE,3.2432800000000004,0.2977497253287286,2.6064,3.7841,-0.014352035595105776,56.685993333333336,6.33210760726281,41.9526,64.5439,-0.6184179310344842,4.4224466666666675,0.3243908678670772,3.8513,5.0364,0.027575127919910937
pump-0124,failure,140,169,FAILURE,3.0800066666666663,0.3659094632404154,2.551,3.7841,-0.03403216907675203,52.99988666666666,5.694150861116657,41.9526,63.8213,-0.4640738598442722,4.71484,0.33459263649996834,3.946,5.3324,0.030797730812013268
pump-0125,failure,0,29,NORMAL,4.402256666666667,0.09803301037009024,4.2021,4.5975,-0.00787730812013355,88.68607333333334,3.1355788593637532,82.734,92.704,-0.31657597330367343,1.3816766666666667,0.1714617618855262,1.0202,1.7498,-0.007555928809788676
pump-0125,failure,10,39,DEGRADATION,4.3583,0.09437193438729544,4.1438,4.5414,-0.00398286985539499,86.35060666666666,2.901473444410998,80.3812,92.704,-0.2009506117908808,1.4773833333333333,0.2654183290371802,1.0202,1.9327,0.02282329254727472
pump-0125,failure,20,49,DEGRADATION,4.321773333333334,0.08849459845411786,4.1438,4.4998,0.0008121023359287886,84.48864666666667,2.0152572186089674,80.3747,89.1904,-0.07024965517241653,1.5883200000000002,0.2425805287596952,1.0258,1.9327,0.016434037819799772
pump-0125,failure,30,59,DEGRADATION,4.245760000000001,0.17066579544048463,3.8965,4.4998,-0.011209165739710822,82.43252,3.406044019327995,74.1265,89.1904,-0.2645131924360419,1.7427933333333334,0.14019574870714002,1.4126,1.9327,0.0007232480533926224
pump-0125,failure,40,69,DEGRADATION,4.053306666666667,0.26564508268657183,3.6041,4.4941,-0.02690918798665186,80.68571333333334,2.9357533333863204,74.1265,85.7537,-0.20064658509455074,1.85351,0.2583416940797594,1.4705,2.4331,0.02344527252502776
pump-0125,failure,50,79,DEGRADATION,3.9343099999999995,0.20441245615992518,3.6041,4.4496,-0.006915617352614008,79.63565333333332,2.231661932541656,74.1265,82.8422,0.03136654060066618,2.07324,0.2619141024585478,1.6726,2.4861,0.02516489432703
pump-0125,failure,60,89,FAILURE,3.8468533333333337,0.16052764192568897,3.5975,4.2822,0.003986340378197996,78.43926333333333,2.865975901908846,71.5253,82.4292,-0.15611873192436196,2.214316666666667,0.22566655649923456,1.7545,2.7021,0.007965539488320282
pump-0125,failure,70,99,FAILURE,3.778096666666667,0.22703267089904824,3.3312,4.2822,-0.01722845383759747,74.82177333333334,5.152001771540413,66.0492,82.4292,-0.500262380422694,2.3804833333333333,0.3159048433556465,1.8537,3.2753,0.018503381535038915
pump-0125,failure,80,109,FAILURE,3.6933933333333338,0.1834280384480216,3.3312,4.051,-0.006584738598442783,72.97524333333332,5.179395387088041,65.691,84.4532,0.04387753058954209,2.70678,0.5165726114820001,1.8537,3.5116,0.05362731924360397
pump-0125,failure,90,119,FAILURE,3.702383333333334,0.19956347041034897,3.3312,4.1057,0.011597842046718557,71.76827999999999,6.301628884841334,62.9162,84.4532,0.14558260289210181,3.0884400000000003,0.4081599560629795,2.1818,3.5621,0.03769294771968845
pump-0125,failure,100,129,FAILURE,3.4648366666666663,0.48728346745560286,2.5332,4.1057,-0.04298565072302575,71.60373333333334,6.490970275561443,62.9162,84.4532,-0.2990540600667418,3.3688500000000006,0.25711056473820754,2.8457,4.0045,0.013446384872079999
pump-0125,failure,110,139,FAILURE,3.1818699999999995,0.5117119952668688,2.5332,4.1057,-0.04960398220244729,69.07901333333332,5.296894909330265,62.9162,81.3373,-0.284279377085652,3.50081,0.30046336698506193,2.8457,4.154,0.019706807563959844
pump-0125,failure,120,149,FAILURE,2.9577200000000006,0.2399453887866987,2.5332,3.3832,0.013525027808676298,67.86409000000002,5.102515417474666,56.8611,80.3446,-0.07354129032258276,3.62779,0.32961856071323814,2.8457,4.3599,0.018508097886540568
pump-0125,failure,130,159,FAILURE,2.9710766666666673,0.2320607286657716,2.4622,3.3832,-0.0006058509454950316,64.29640333333333,7.020982131130626,52.6052,80.3446,-0.5150901223581779,3.7251600000000002,0.22820598823577495,3.2746,4.3599,0.00592747497219125
pump-0125,failure,140,169,FAILURE,2.9061866666666663,0.2939569693377284,2.292,3.3832,-0.0258992658509456,61.95703666666666,6.842169492175383,52.6052,80.3446,-0.44965679644049017,3.921803333333334,0.33841715232666447,3.2746,4.6497,0.02402191323692984
pump-0125,failure,150,179,FAILURE,2.743633333333334,0.21616142167885144,2.292,3.2668,-0.011345984427141334,60.26315666666666,3.772260385381983,52.6052,67.015,0.269719043381535,4.174113333333334,0.37889079845722773,3.5188,4.7431,0.031398976640711805
pump-0125,failure,160,189,FAILURE,2.7384,0.17258156525732024,2.292,3.0291,0.007658064516128933,57.95883666666668,6.891040503266219,42.2749,67.015,-0.4671076084538387,4.41672,0.2690981498759639,3.8542,4.9882,0.00778771968854273
pump-0125,failure,170,199,FAILURE,2.68644,0.21082576629371783,2.2382,3.0291,-0.008745094549499526,53.99699999999999,7.784874780924011,42.2749,67.015,-0.7401091434927705,4.517763333333333,0.2924342609696903,3.8163,5.191,0.005172035595105644
pump-0126,failure,0,29,NORMAL,4.5597199999999996,0.12152523853093242,4.3508,4.7803,-0.007638086763070274,91.47040999999999,2.7707425533419734,85.5406,96.2666,-0.23301337041157053,1.309486666666667,0.08328306643943628,1.1641,1.4898,0.0040886763070077485
pump-0126,failure,10,39,DEGRADATION,4.4355166666666666,0.1711747081850068,4.1366,4.7738,-0.01720131256952186,90.17897999999998,2.1321510497460854,85.5406,94.1414,-0.09093655172413868,1.47823,0.25474591151446047,1.1641,1.9588,0.02449208008898775
pump-0126,failure,20,49,DEGRADATION,4.36257,0.12554769651411368,4.1366,4.5902,-0.0008821579532814796,88.65869666666666,2.2199145455750204,82.2882,92.3977,-0.04556491657397387,1.6678066666666669,0.23832432934040862,1.2696,2.0385,0.020758576195773034
pump-0126,failure,30,59,DEGRADATION,4.256053333333332,0.1613573337520038,3.9323,4.5902,-0.006882625139043554,86.31541666666666,4.235315871343665,78.3679,92.3977,-0.4290464293659647,1.7587000000000002,0.17237491890256734,1.2696,2.0385,-0.006103359288097939
pump-0126,failure,40,69,DEGRADATION,4.129356666666666,0.2498581673447736,3.7488,4.5902,-0.025805317018909996,83.02942000000002,3.8548655477115323,78.3679,92.3977,-0.3652456952169091,1.9135266666666664,0.323751394265552,1.3868,2.5583,0.01936805339265848
pump-0126,failure,50,79,FAILURE,3.9394300000000007,0.172090381582857,3.5549,4.2716,-0.012168298109010066,80.70820666666668,1.375015681106543,78.3679,83.7031,-0.029445027808678203,2.1289,0.4075606400688533,1.3868,2.6892,0.03891617352614012
pump-0126,failure,60,89,FAILURE,3.8991699999999994,0.14159677997751216,3.5549,4.2608,0.005980133481646169,77.92607333333333,4.230409472689639,64.2569,82.159,-0.3489633815350398,2.442833333333333,0.26107083244888846,1.6033,2.8977,0.019142513904338142
pump-0126,failure,70,99,FAILURE,3.8838099999999995,0.1509271818902524,3.5549,4.2608,0.0005366629588431004,75.07456,4.784971635973058,64.2569,82.159,-0.4321652947719696,2.57286,0.19696076022057457,2.2441,3.027,0.008769566184649562
pump-0126,failure,80,109,FAILURE,3.8925633333333334,0.14998256895015794,3.6482,4.2608,-0.006152814238042387,72.78416333333334,3.1891686777260446,64.2569,78.8336,0.04393479421579385,2.8928133333333323,0.493574821571045,2.2441,4.1168,0.03386233592880976
pump-0126,failure,90,119,FAILURE,3.809866666666667,0.13531026404362514,3.6049,4.1141,-0.003692992213570709,74.38997333333333,3.7167001158674204,68.9108,81.9329,0.2961438487207999,3.086673333333333,0.47672508844779243,2.2441,4.1168,0.02406398220244714
pump-0126,failure,100,129,FAILURE,3.6768666666666667,0.22586249700991873,3.2644,4.1141,-0.02208275862068979,72.77298666666667,5.195299428953916,64.9134,81.9329,-0.29342175750834326,3.2717233333333335,0.35270660392960534,2.4022,4.1168,-0.012711612903225908
pump-0126,failure,110,139,FAILURE,3.494909999999999,0.2237918413019861,3.1263,3.9603,-0.02205523915461632,70.86134666666666,5.505697789002065,62.5629,81.9329,-0.4593991101223605,3.2964800000000003,0.30717929010053174,2.4022,3.9374,0.0202564182424916
pump-0126,failure,120,149,FAILURE,3.31537,0.15495204451700534,3.0074,3.648,-0.011742224694104672,67.28834666666667,2.7857119457131403,62.2819,71.8767,-0.03299661846496233,3.4530633333333336,0.30970651751115746,2.926,4.1491,0.020955261401557183
pump-0126,failure,130,159,FAILURE,3.3108999999999997,0.21362801470468862,2.8829,3.807,-0.00031773081201339983,66.73466,3.1727465257092313,61.2641,71.8767,-0.17074682981090158,3.64246,0.28311053506831324,3.1039,4.2498,0.013254060066740686
pump-0126,failure,140,169,FAILURE,3.1774199999999997,0.3116816435617172,2.396,3.807,-0.012898153503893348,63.258216666666655,5.0827705529617955,52.8439,71.8767,-0.4565290100111255,3.824836666666667,0.30327369650018915,3.236,4.3365,0.01960109010011114
pump-0126,failure,150,179,FAILURE,3.1758066666666664,0.3221426557012005,2.396,3.807,-0.007122803114571847,60.69188666666666,4.281508184330481,52.8439,68.0472,-0.25910522803114683,4.022333333333333,0.3127757528254956,3.3905,4.7084,0.026903003337041105
pump-0126,failure,160,189,FAILURE,2.9858833333333332,0.2735002121672953,2.396,3.448,-0.0007784427141268663,56.201389999999996,5.1552218754934955,43.1585,63.8477,-0.3321903670745281,4.185606666666667,0.242958051157442,3.4772,4.7084,0.011707675194660613
pump-0127,degrading,0,29,NORMAL,4.581956666666668,0.12857302901032117,4.2949,4.8544,-0.010806429365962352,90.25094333333332,3.4822704502171495,84.8053,95.1885,-0.3389459176863193,1.4500266666666664,0.11228973219112934,1.2497,1.7203,-0.0076042269187987154
pump-0127,degrading,10,39,NORMAL,4.535656666666667,0.11735535120119384,4.2949,4.7431,-0.004898843159065744,90.07510333333333,4.015443915474628,84.8053,98.2019,0.12761572858731776,1.4816133333333332,0.16509691039574972,1.2497,1.8595,0.009886941045606203
pump-0127,degrading,20,49,NORMAL,4.548510000000001,0.12907831305064377,4.2949,4.7482,0.008753837597330309,91.10833,4.22495281355504,84.8053,98.5165,0.352320511679642,1.5485433333333336,0.17726380845758924,1.2741,1.9613,0.011028631813125663
pump-0127,degrading,30,59,NORMAL,4.5894866666666685,0.1053960332376044,4.3741,4.767,0.0026073859844270124,92.03179666666665,3.603266482002437,85.415,98.5165,-0.16952758620689765,1.5666466666666665,0.16948467134883385,1.2716,1.9613,-0.005406184649610714
pump-0127,degrading,40,69,DEGRADATION,4.550276666666666,0.13235350060433695,4.3116,4.767,-0.012372880978865509,90.67355666666668,3.2335322066004255,85.3798,98.5165,-0.2267735038932172,1.5717299999999998,0.16099397121217512,1.2716,1.9613,0.0024955061179087515
pump-0127,degrading,50,79,DEGRADATION,4.4908399999999995,0.12940132302260282,4.1775,4.767,-0.004834349276974513,89.95631666666668,2.6262384089648485,85.3798,93.9478,0.10858662958843025,1.6533166666666665,0.206808955452987,1.2716,2.1051,0.021107385984427136
pump-0127,degrading,60,89,DEGRADATION,4.4104833333333335,0.1261323856994001,4.1775,4.6493,-0.003438375973303855,90.47459333333335,3.1685452053935124,84.0473,96.3955,0.06811515016685035,1.8308900000000001,0.18319095565374766,1.4121,2.1694,0.016813726362625105
pump-0127,degrading,70,99,DEGRADATION,4.309870000000001,0.20909081942224692,3.9324,4.6493,-0.018559043381535145,88.86760333333334,4.325486297938712,81.1471,96.3955,-0.3732987541713033,1.8475833333333334,0.14989078486981414,1.56,2.1694,-0.00832656284760847
pump-0127,degrading,80,109,DEGRADATION,4.238786666666667,0.1646395957505025,3.9324,4.4774,-0.003626251390433924,87.29629666666668,3.9178081043259643,81.1471,96.3955,-0.21496892102336107,1.8118433333333335,0.158089990582017,1.5263,2.1694,-0.01031187986651839
pump-0127,degrading,90,119,DEGRADATION,4.235203333333333,0.16729621331305997,3.9324,4.4841,0.008861735261401485,86.20918666666667,2.288181031843611,81.1471,89.8373,0.1539616907675171,1.8334966666666666,0.18942993688667298,1.5263,2.2932,0.01792451612903222
pump-0127,degrading,100,129,DEGRADATION,4.24391,0.14345991391326005,4.0067,4.4841,-0.006405628476084636,86.81915333333335,1.9622693341695547,83.7778,90.8191,-0.03953579532814343,1.9923533333333334,0.20346275618784776,1.5263,2.3215,0.021191724137930995
pump-0127,degrading,110,139,DEGRADATION,4.188376666666667,0.1501944288432681,3.8533,4.4841,-0.010117441601779919,85.67572999999999,2.3940343214122906,81.4722,90.8191,-0.20630662958843374,2.108206666666667,0.13582479138785952,1.8109,2.3463,0.005218909899888719
pump-0127,degrading,120,149,DEGRADATION,4.208606666666666,0.16724580300331068,3.8533,4.5085,0.011953904338153378,85.57830333333332,2.4090685376279537,81.4722,90.8191,0.03773208008898651,2.1563766666666666,0.13156130303229577,1.8752,2.3781,0.002045539488320299
pump-0127,degrading,130,159,DEGRADATION,4.241820000000001,0.14983984205366294,3.8533,4.5085,0.007006941045606091,84.09341333333334,2.8676204943859323,78.9291,90.7821,-0.09497276974416247,2.1600400000000004,0.16244523918334242,1.7715,2.435,0.0053152836484983
pump-0127,degrading,140,169,DEGRADATION,4.152923333333333,0.24663587963275377,3.6613,4.5085,-0.024383203559510645,83.13013666666666,3.4355923853568857,77.5778,90.7821,-0.3017633147942181,2.1359933333333334,0.17031408619240962,1.7715,2.435,-0.005093081201334864
pump-0127,degrading,150,179,DEGRADATION,4.084843333333334,0.20642656916093807,3.6613,4.3805,-0.0016690767519466929,82.70779000000002,2.969776071507749,77.5778,89.01,0.21932278086762869,2.174106666666667,0.21770091706028452,1.7715,2.6572,0.010837107897664037
pump-0127,degrading,160,189,DEGRADATION,4.039236666666667,0.22188044601140994,3.6613,4.3968,0.009859911012235763,82.94095333333333,2.9714175051349176,77.5778,89.01,0.0977203114571738,2.20224,0.21029908162741304,1.8438,2.6572,0.011834126807563933
pump-0127,degrading,170,199,DEGRADATION,4.055893333333334,0.20270569459741924,3.7397,4.3968,-0.014213526140155796,82.43722666666667,3.451827572357704,76.0367,89.01,-0.2977878086763092,2.24594,0.1707098876261517,1.9765,2.6572,-0.005121245828698607
pump-0127,degrading,180,209,DEGRADATION,3.994583333333334,0.18319235989042285,3.7397,4.3968,-0.0054258286985540615,81.7234833333333,3.0731089064206976,76.0367,87.8115,0.10403259176863046,2.323643333333334,0.21288898309264906,1.9765,2.8417,0.01361368186874297
pump-0127,degrading,190,219,DEGRADATION,4.015266666666666,0.14978552741243806,3.8159,4.3349,0.013523248053392544,81.72866,2.9570011043397764,76.0367,87.8115,0.1799237819799759,2.4213733333333334,0.24985740724572397,1.9765,2.9721,0.017359243604004426
pump-0127,degrading,200,229,DEGRADATION,3.9775399999999994,0.19779913312920938,3.5837,4.3349,-0.00978678531701901,81.83013,3.2334021080125495,74.0894,87.8115,-0.21475299221357308,2.430593333333333,0.25315537644344477,2.0378,2.9721,-0.014730634037819823
pump-0127,degrading,210,239,DEGRADATION,3.891666666666667,0.21723949968231432,3.4723,4.2854,-0.021083915461624136,79.20410666666666,3.5474585544145394,71.8574,85.688,-0.35367292547275,2.4488200000000004,0.24874645645717247,2.0378,2.9721,0.0010872525027808594
pump-0127,degrading,220,249,DEGRADATION,3.7820899999999997,0.11875100659222503,3.4723,3.9868,0.000459733036707418,78.77372666666665,3.354669088691495,71.8574,84.1336,0.0350746607341467,2.512996666666667,0.2731482436130404,2.0378,2.9523,0.027700400444938756
pump-0128,failure,0,29,DEGRADATION,4.498736666666667,0.10911376779408827,4.28,4.7235,-0.00938275862068975,88.17632333333333,3.839434608349111,80.21,94.3581,-0.21408131256952342,1.5056599999999998,0.16280881958092236,1.2104,1.8633,-0.008705361512792045
pump-0128,failure,10,39,DEGRADATION,4.389520000000001,0.12087367620784929,4.1466,4.6016,-0.01185619577308125,87.02609,3.445047235026927,80.21,93.861,-0.03760838709677503,1.5892933333333332,0.239412643683569,1.2104,2.0136,0.016460734149054475
pump-0128,failure,20,49,DEGRADATION,4.3305266666666675,0.10622669448976667,4.0943,4.5027,-0.0038703448275862885,85.50591333333332,3.2037131474518064,78.8861,90.8578,-0.1316504560622929,1.8210666666666668,0.3703046433531302,1.2104,2.472,0.03763866518353724
pump-0128,failure,30,59,DEGRADATION,4.2068666666666665,0.18517312860011728,3.717,4.4847,-0.014767385984427226,82.43712000000001,4.695756871360925,73.8939,89.893,-0.4784691879866521,1.9939133333333332,0.2049155886917559,1.6208,2.472,0.002190478309232448
pump-0128,failure,40,69,FAILURE,3.9832633333333343,0.3276084181695513,3.4678,4.4847,-0.03429350389321477,78.92721333333336,4.013543567118158,73.3347,88.7489,-0.30585081201335046,2.246543333333334,0.3730787912164876,1.6208,3.1545,0.022799799777530542
pump-0128,failure,50,79,FAILURE,3.8892966666666666,0.2618741281396253,3.4678,4.4196,-0.00014338153503906488,76.78190666666666,2.523136710516407,73.0084,84.5396,-0.0038660734149073652,2.510906666666666,0.5096721880668876,1.6208,3.344,0.05307870967741933
pump-0128,failure,60,89,FAILURE,3.757323333333333,0.29343467720923655,3.1913,4.4196,-0.0012528809788654946,75.30180666666666,3.155359400969862,69.668,84.5396,-0.15266286985539512,2.809116666666667,0.29961257326012797,2.2096,3.344,0.011316151279199016
pump-0128,failure,70,99,FAILURE,3.751456666666667,0.3314030382915776,3.1842,4.4196,-0.026834104560622993,72.29137333333333,4.445541598420703,63.4563,81.1808,-0.4282982424916586,2.977506666666667,0.24727759425840065,2.3156,3.5017,0.006709499443826425
pump-0128,failure,80,109,FAILURE,3.561553333333334,0.24408201454065032,3.1842,4.0911,-0.01113530589543944,69.91193666666668,3.2340645486738344,63.4563,77.3417,-0.15835263626251525,3.1194100000000002,0.3293815278670011,2.3156,3.7234,0.03132812013348155
pump-0128,failure,90,119,FAILURE,3.4967200000000003,0.2135635805406281,3.1363,4.0476,-0.011050411568409428,66.52304000000001,4.116837058924403,57.2287,73.8973,-0.26434656284761027,3.4103866666666667,0.3151270069176694,2.7215,4.125,0.029291212458286912
pump-0128,failure,100,129,FAILURE,3.3597766666666664,0.23627940054567229,2.7859,3.6676,-0.017294482758620756,64.93305666666667,4.213174675284133,57.2287,73.8973,-0.3125294104560643,3.5599633333333336,0.26191960532872594,3.1584,4.125,0.008495150166852029
pump-0128,failure,110,139,FAILURE,3.2496833333333326,0.23049590608560105,2.7859,3.6676,-0.016258131256952312,62.19412999999999,3.1109420246553396,56.1943,68.959,-0.0912471412680777,3.866956666666667,0.4441374972410634,3.1612,4.7889,0.03371637374860952
pump-0128,failure,120,149,FAILURE,3.1085466666666663,0.22857861482552466,2.5688,3.639,-0.010936774193548509,61.28132666666666,2.8451400401308113,56.1943,68.959,-0.15571199110122594,4.198320000000001,0.5265381387895848,3.1612,4.9424,0.052289788654060004
pump-0128,failure,130,159,FAILURE,2.9009366666666665,0.3125524473144023,2.3248,3.3334,-0.02828883203559517,59.771266666666676,2.717809758774314,53.785,68.959,-0.15697993325917792,4.537836666666667,0.28145203556240667,3.77,4.9424,0.015026451612903126
pump-0129,failure,0,29,DEGRADATION,4.443116666666666,0.14950180396533314,4.1396,4.6776,-0.009031123470522866,85.84167666666666,3.3914620223617766,79.1942,90.8705,-0.33512914349277206,1.7353566666666667,0.1491041597526895,1.3927,2.1476,0.00024402669632920672
pump-0129,failure,10,39,DEGRADATION,4.362156666666666,0.14235917645948296,4.0791,4.6228,-0.012928298109010165,84.37003,3.003803877879957,79.1942,88.2182,-0.10582324805339485,1.94662,0.3460830607431305,1.3927,2.6258,0.03032689655172412
pump-0129,failure,20,49,DEGRADATION,4.293816666666667,0.11652327402235524,4.0791,4.655,-0.0012433147942158764,83.14992666666666,2.586135522606828,79.1942,87.737,0.06228969966629403,2.193793333333333,0.3905312500797969,1.3927,2.7216,0.03984654060066739
pump-0129,failure,30,59,DEGRADATION,4.121733333333334,0.2784599221112838,3.5714,4.655,-0.024703804226918983,80.68684000000002,5.444879937678454,68.1958,87.737,-0.48846665183537497,2.4508066666666664,0.1478364252213311,2.0893,2.7216,0.006896818687430409
pump-0129,failure,40,69,FAILURE,3.9791833333333333,0.2906742106245792,3.4978,4.655,-0.023452747497219303,77.35502333333332,5.065200184111405,68.1958,86.4615,-0.43784082313682177,2.542693333333333,0.19185218951636235,2.1668,3.0084,0.006227497219132316
pump-0129,failure,50,79,FAILURE,3.8245266666666664,0.160327387831552,3.4978,4.1594,0.0016333259176861579,75.57557000000001,3.874335717526296,68.1958,84.76,0.18592344827586044,2.6683333333333334,0.31453877697705607,2.1668,3.5429,0.021341268075639564
pump-0129,failure,60,89,FAILURE,3.7365099999999996,0.21454138738248155,3.2807,4.0987,-0.012238286985539628,75.15213999999999,4.023621566582359,66.9721,84.76,-0.02814887652948008,2.915273333333334,0.36549732779080923,2.2886,3.5429,0.026253259176863122
pump-0129,failure,70,99,FAILURE,3.5862499999999997,0.252488853549353,3.0672,4.0987,-0.02216820912124585,71.99749,6.513201629989664,60.6983,84.76,-0.601638731924363,3.09863,0.4005220960612951,2.3406,3.9603,0.021838197997775224
pump-0129,failure,80,109,FAILURE,3.5177466666666666,0.19944602399869715,3.0672,3.8695,0.003985094549499379,68.87179333333334,4.751975644082739,60.6983,80.4655,-0.2612098331479437,3.4748200000000002,0.5015171126359165,2.5905,4.4171,0.03838131256952167
pump-0129,failure,90,119,FAILURE,3.390003333333333,0.25939697181904203,2.9964,3.8695,-0.013571991101223679,65.38904666666666,4.069918570334737,57.5909,75.9247,-0.17094927697441845,3.6470366666666663,0.5071238090008746,2.5905,4.4171,0.024220711902113355
pump-0129,failure,100,129,FAILURE,3.1916966666666666,0.3918754908414434,2.3735,3.8695,-0.04043984427141271,63.664836666666666,4.685551660049101,54.451,75.9247,-0.4162765072302567,3.9581899999999997,0.3688157582949333,3.0906,4.6967,0.003128787541712951
pump-0129,failure,110,139,FAILURE,2.8150900000000005,0.3064529733906982,2.2816,3.2986,-0.02626925472747501,58.79575,4.452673653117491,51.5792,66.9096,-0.4046923915461631,4.245053333333333,0.5770001003658684,3.0906,5.1223,0.05090780867630691
pump-0129,failure,120,149,FAILURE,2.72685,0.23566531034498903,2.2816,3.1226,0.003233348164627321,57.05198666666667,3.406625175618174,51.5792,62.7885,-0.1114234482758636,4.589273333333334,0.44412419579312373,3.4868,5.3013,0.031910166852057796
pump-0130,degrading,0,29,NORMAL,4.46356,0.16318000817093575,4.1179,4.7212,-0.015947764182425075,87.78886666666668,2.867143394080983,82.8322,92.4646,-0.2870432925472784,1.6123933333333333,0.10503940509267093,1.3557,1.8522,-0.005054727474972228
pump-0130,degrading,10,39,DEGRADATION,4.363926666666667,0.13491675194561856,4.1179,4.7063,-0.009579755283648616,86.79201666666668,2.2403786808012804,82.8322,90.9189,-0.035125850945497805,1.6887333333333336,0.18832164388501804,1.3557,2.0956,0.01344836484983309
pump-0130,degrading,20,49,DEGRADATION,4.359123333333333,0.11978688766119432,4.1179,4.5928,0.007224671857619398,86.51197666666667,2.1628139894873573,82.8322,92.0629,0.14467948832035413,1.7553000000000003,0.18304475955350374,1.5021,2.0956,0.010656729699666278
pump-0130,degrading,30,59,DEGRADATION,4.349279999999999,0.1645158845420912,3.9601,4.5984,-0.004785895439377111,85.8027,3.2216164518245596,79.0389,92.0629,-0.2610198442714146,1.7455233333333333,0.21465463529948647,1.2736,2.0956,-0.017739644048943307
pump-0130,degrading,40,69,DEGRADATION,4.302623333333333,0.18632876980100405,3.9601,4.5984,-0.017021156840934477,84.90775,3.1700193382953783,79.0389,92.0629,-0.13149159065628716,1.7696266666666667,0.23114575911220078,1.2736,2.1723,0.005018331479421505
pump-0130,degrading,50,79,DEGRADATION,4.185656666666667,0.15592183444134936,3.9601,4.5984,-0.008067119021134711,85.86578,4.115705713596799,79.0389,93.3836,0.3557270745272516,1.9312099999999999,0.3403269715533382,1.2736,2.4524,0.033565672969966605
pump-0130,degrading,60,89,DEGRADATION,4.195876666666666,0.1255346955581958,3.989,4.426,0.004517797552836301,86.52045333333334,3.6468260814698716,80.3826,93.3836,-0.0416546384872099,2.184143333333333,0.21566666978361668,1.6746,2.5045,0.013275083426028875
pump-0130,degrading,70,99,DEGRADATION,4.151696666666667,0.15585854801353988,3.8581,4.426,-0.003715528364849894,85.15571333333332,4.663757989842765,76.5935,93.3836,-0.49182362625139237,2.2259533333333335,0.1836763126323648,1.8444,2.5045,-0.009077775305895491
pump-0130,degrading,80,109,DEGRADATION,4.113456666666666,0.16210934927456294,3.8581,4.426,-0.012375728587319263,82.30373333333334,2.7730434121296326,76.5935,89.8169,-0.1485571078976655,2.2897433333333335,0.22938660623982,1.8444,2.7374,0.008591301446051098
pump-0130,degrading,90,119,DEGRADATION,4.024436666666666,0.09117799618816419,3.8581,4.1817,0.00012206896551717122,80.97728666666666,2.928052662064366,74.0249,85.3403,-0.08358883203559696,2.3056199999999993,0.22616572743602573,1.8444,2.7381,0.01088280311457172
pump-0130,degrading,100,129,DEGRADATION,3.9317100000000007,0.16255120700874537,3.5068,4.1331,-0.012729143492769861,80.03940000000001,3.0372867903223537,74.0249,85.3403,-0.21906184649610844,2.37433,0.16857532866150177,2.0834,2.7381,-0.009134660734149069
pump-0130,degrading,110,139,DEGRADATION,3.83796,0.1806853722173805,3.5068,4.1288,-0.013786206896551828,78.50046333333333,2.877467614238062,74.0249,85.3403,-0.18285799777530792,2.4373733333333334,0.27173534052251813,2.0834,3.1257,0.01610349276974409
pump-0131,healthy,0,29,NORMAL,4.605946666666666,0.12431742096566976,4.3907,4.8125,-0.008879065628476204,90.03931666666666,1.8042542402302635,85.8965,93.8287,-0.062282736373751514,1.6442633333333332,0.16302594370903736,1.3835,2.0121,-0.009291190211345998
pump-0131,healthy,10,39,NORMAL,4.56151,0.12451989760676803,4.3907,4.8125,-0.0080209788654061,91.05439333333334,2.5087903152626274,85.8965,96.3117,0.13082625139043216,1.6547866666666669,0.17562947689825747,1.3835,2.0581,0.012078932146829792
pump-0131,healthy,20,49,NORMAL,4.540376666666666,0.09514043894276622,4.4195,4.8224,0.006130344827586081,91.43267,2.67301968145267,85.8965,96.3117,0.15321181312569382,1.657176666666667,0.18735882273209223,1.3835,2.0581,0.0008948832035594801
pump-0131,healthy,30,59,NORMAL,4.5686,0.09877258054068785,4.4206,4.8224,0.00287684093437144,90.66615333333333,3.595622883334063,83.4599,96.3117,-0.3466191768631832,1.6061,0.23151068657839532,1.2384,2.0581,-0.019530812013348196
pump-0131,healthy,40,69,NORMAL,4.579266666666666,0.0935293049738364,4.4565,4.8224,-0.0025074082313682796,87.93377333333333,3.6673893604700454,82.3926,94.6022,-0.32264458286985653,1.5505433333333334,0.16577344717682896,1.2384,1.8339,0.005501112347052248
pump-0131,healthy,50,79,NORMAL,4.575069999999999,0.09307844773809533,4.4156,4.7721,0.0024596440489431754,87.39266666666667,3.0230364290817864,82.3926,92.9132,0.17881971078976516,1.5958433333333335,0.18735769654742118,1.2384,1.8747,0.014337018909899834
pump-0131,healthy,60,89,NORMAL,4.571036666666666,0.08669844475088487,4.4156,4.7225,0.0005375973303669252,88.19643666666666,2.864552624347396,82.3926,92.9132,0.1755728809788632,1.6403033333333334,0.1288587094025425,1.3767,1.8747,-0.0064420244716351955
pump-0131,healthy,70,99,NORMAL,4.520309999999999,0.1255536468340659,4.224,4.7225,-0.009153971078976695,88.98399666666666,2.0502976153855212,84.5795,92.9132,-0.11914427141268304,1.64642,0.13243369007419023,1.3767,1.8747,-0.001561868743047861
pump-0131,healthy,80,109,NORMAL,4.459490000000001,0.13385983552457648,4.194,4.6809,-0.005681223581757556,88.91920999999999,1.9963888117214708,84.5795,93.2458,0.07445737486095508,1.6507566666666662,0.11128506843038537,1.418,1.8653,0.008862046718576154
pump-0131,healthy,90,119,NORMAL,4.4805866666666665,0.14746421652575772,4.194,4.7699,0.01113597330367064,89.7200333333333,2.286292793779679,84.5795,94.4026,0.16370585094549292,1.6994866666666668,0.11090905503559612,1.3982,1.8653,-0.0013183537263626605
pump-0131,healthy,100,129,NORMAL,4.538819999999999,0.1423242691883573,4.194,4.7699,0.007031056729699616,89.71169333333333,2.451608274845084,83.7842,94.4026,-0.15626616240267102,1.6454999999999997,0.1364355403355983,1.395,1.8559,-0.009568542825361544
pump-0131,healthy,110,139,NORMAL,4.529923333333333,0.1289896938604873,4.2841,4.7699,-0.011006073414905584,89.14588,2.430823890426179,83.7842,94.4026,-0.13483078976640936,1.6155733333333333,0.13190295658382928,1.395,1.8559,-0.0028525027808676434
pump-0131,healthy,120,149,NORMAL,4.5001,0.117813230722756,4.2841,4.7611,-0.0028286540600668117,89.62256666666667,2.916893937088255,83.7842,94.8544,0.21585463848720665,1.5930500000000003,0.1126721253608599,1.395,1.8309,0.002914994438264686
pump-0131,healthy,130,159,NORMAL,4.4452799999999995,0.10124319368069476,4.2841,4.6689,0.0001173748609565615,90.40795000000001,2.6364316736515914,86.2365,94.9703,0.050654349276972994,1.6185833333333333,0.10844849494370842,1.375,1.8309,-0.002087363737486112
pump-0131,healthy,140,169,NORMAL,4.437776666666666,0.10158182476320368,4.2222,4.6689,-0.008852791991101254,90.41407666666666,2.9715086823232104,84.5437,94.9703,-0.17694284760845705,1.6650333333333336,0.17854037887516896,1.375,2.1283,0.008198620689655121
pump-0131,healthy,150,179,NORMAL,4.415806666666667,0.09239146040384663,4.2222,4.692,0.0027593325917685536,90.48035666666667,2.8985029065229893,84.5437,94.9703,0.14311535038931913,1.72911,0.18155976857956904,1.375,2.1283,0.011751256952169033
pump-0132,degrading,0,29,NORMAL,4.518356666666667,0.12511201030365643,4.157,4.7074,-0.005763581757508385,88.94772666666667,2.67979715574809,84.2187,95.2582,-0.2123725027808703,1.4227766666666664,0.13313217162738022,1.2202,1.6817,-0.007761713014460563
pump-0132,degrading,10,39,NORMAL,4.458966666666666,0.15684808219703836,4.1502,4.7074,-0.012685428253615258,88.80662333333333,2.698987449851436,84.2187,95.5108,0.13347606229143297,1.3762899999999998,0.10178211155862966,1.2202,1.6288,0.003995083426028888
pump-0132,degrading,20,49,DEGRADATION,4.437799999999999,0.13663570299644726,4.1502,4.6422,0.0027424249165739155,90.11992000000001,3.7995076444543012,84.2187,96.8493,0.28493971078976366,1.3962399999999997,0.09057007820835018,1.2393,1.6288,0.0006160622914348917
pump-0132,degrading,30,59,DEGRADATION,4.426023333333333,0.10703386592829187,4.1502,4.6422,0.003756685205784078,89.16769666666666,4.897226060501552,79.581,96.8493,-0.36145110122358404,1.416276666666667,0.09040792252648856,1.2795,1.6288,0.0013631813125694935
pump-0132,degrading,40,69,DEGRADATION,4.424616666666666,0.10390376343307087,4.2265,4.6422,-0.009054304783092456,86.4875,5.0913496070622895,79.581,96.8493,-0.4843620467185774,1.5283300000000002,0.18633543615390677,1.3047,1.9272,0.01677123470522799
pump-0132,degrading,50,79,DEGRADATION,4.343356666666666,0.09337738014220696,4.1336,4.488,-0.005792947719688661,84.38989,2.141945435244947,79.581,88.0201,0.1066227586206884,1.6514233333333332,0.1857548540116486,1.3251,1.931,0.013201401557285834
pump-0132,degrading,60,89,DEGRADATION,4.30666,0.07927422700138213,4.1336,4.4726,-0.0015091434927699018,84.45558333333334,1.9687705994830613,81.1227,88.0201,0.010394327030031347,1.699523333333333,0.1433437911301203,1.3566,1.931,-0.008701290322580699
pump-0132,degrading,70,99,DEGRADATION,4.21324,0.14925661928370215,3.8044,4.4362,-0.010977708565072445,83.98854666666668,2.5080982368763434,78.4303,88.0201,-0.20301806451613028,1.7281000000000004,0.1948634222560338,1.3566,2.1341,0.004569254727474943
pump-0132,degrading,80,109,DEGRADATION,4.173086666666667,0.16810160763326717,3.8044,4.4288,-0.005495884315906651,83.51713,2.0833957681551203,78.4303,86.9731,0.06336020022246765,1.8122966666666669,0.24154859205183174,1.3566,2.2378,0.020707652947719646
pump-0132,degrading,90,119,DEGRADATION,4.155480000000001,0.15920874222227882,3.8044,4.3699,0.008879332591768594,83.40864333333333,1.9903317364505388,78.4303,86.9731,0.09194413793103229,1.9574366666666667,0.19507571774968704,1.3648,2.3023,0.009846295884315891
pump-0132,degrading,100,129,DEGRADATION,4.163320000000001,0.1425770841802193,3.8459,4.3699,-0.0019094994438266066,81.89647333333333,3.869487197629968,73.4286,86.9731,-0.37365944382647515,1.9950633333333334,0.14151306296200675,1.7489,2.3023,-0.0030509232480534568
pump-0132,degrading,110,139,DEGRADATION,4.116986666666667,0.12445859748883918,3.9255,4.3484,-0.009281468298109174,80.76207000000001,3.3870173602694558,73.4286,84.414,-0.07853439377085843,2.1088633333333333,0.22161666827103857,1.7489,2.5481,0.016013236929922098
pump-0132,degrading,120,149,DEGRADATION,4.048093333333334,0.08323385902917686,3.9255,4.2264,-0.0010062736373749853,80.45049999999998,3.4425847921777226,73.4286,85.9778,0.21131595105672818,2.2860166666666673,0.27938749445090694,1.7489,2.7229,0.027783426028921
pump-0132,degrading,130,159,DEGRADATION,4.02022,0.09412044907103527,3.8034,4.1954,-0.0014460066740824386,80.86853,3.264203606716343,74.2763,85.9778,-0.18612834260289335,2.4085033333333334,0.1594677887711357,2.0627,2.7229,-0.001127452725250303
pump-0132,degrading,140,169,DEGRADATION,3.9637700000000007,0.13204111518765665,3.6834,4.1954,-0.008471701890990046,79.57706666666667,3.3476461658239134,74.2763,85.9778,-0.2717444716351504,2.3727066666666667,0.2129218854154943,1.9403,2.7229,-0.012693704115684165
pump-0132,degrading,150,179,DEGRADATION,3.889616666666667,0.1507262531508327,3.5806,4.1954,-0.006809899888765409,78.94406666666667,2.796693207978943,74.2763,83.8226,0.08217846496106486,2.3600399999999997,0.21202722718242265,1.9403,2.7742,0.011304783092324733
pump-0132,degrading,160,189,DEGRADATION,3.882586666666667,0.13631275248078914,3.5806,4.1042,0.0076857397107897175,78.61891666666669,2.589695498713229,73.851,83.8226,-0.012714149054505878,2.3798800000000004,0.22431107328885924,1.9403,2.7742,0.007253303670745234
pump-0133,degrading,0,29,NORMAL,4.476126666666667,0.17960741434831942,4.1718,4.7666,-0.013791457174638535,87.19980000000001,3.496776361831948,79.7115,92.8648,-0.35578678531701974,1.4780166666666663,0.1294147572299577,1.2475,1.7912,-0.004789477196885453
pump-0133,degrading,10,39,NORMAL,4.445156666666666,0.1707097218151978,4.1718,4.7666,-0.008280734149054596,85.83126333333334,2.6396500152461297,79.7115,89.9321,-0.03505016685206048,1.5115699999999999,0.16648496859076098,1.2475,1.9004,0.013311212458286956
pump-0133,degrading,20,49,NORMAL,4.450393333333333,0.17341347877896407,4.1718,4.7665,0.01715359288097882,85.74881999999998,2.7550669562825516,79.7115,90.4111,0.20384698553948755,1.5492866666666667,0.18574639114185296,1.1401,1.9004,0.0002085873192435979
pump-0133,degrading,30,59,NORMAL,4.530623333333333,0.10658765307899823,4.2785,4.7665,0.0019844493882089937,87.38638333333333,1.9793668895353596,83.6243,90.4111,0.07249377085650556,1.5063566666666666,0.21010410226573137,1.1401,1.9004,-0.018592146829810953
pump-0133,degrading,40,69,DEGRADATION,4.495923333333334,0.14289276324883937,4.1313,4.7665,-0.013486651835372688,86.60101666666668,2.310992726237411,82.0832,90.4111,-0.14310854282536342,1.4455566666666668,0.23542465133361792,1.0079,1.8574,0.0013053392658509116
pump-0133,degrading,50,79,DEGRADATION,4.428796666666667,0.12110743572914456,4.1313,4.6174,-0.0017074304783094214,86.82402333333333,2.205230123998148,82.0832,90.2875,0.0016151056729672808,1.5673366666666666,0.3078249800166033,1.0079,2.1092,0.028174171301446005
pump-0133,degrading,60,89,DEGRADATION,4.398376666666667,0.12782135628376898,4.1313,4.6245,0.002431968854282417,85.46714666666665,2.3358792144477185,81.1991,90.2875,-0.04153512791991301,1.5709333333333333,0.3139059353090065,1.0079,2.1092,-0.004823581757508354
pump-0133,degrading,70,99,DEGRADATION,4.320333333333333,0.18430665448889488,3.9658,4.6245,-0.014364760845383844,84.24052999999999,3.420689762426092,77.794,90.2875,-0.3287899666295912,1.6709299999999998,0.2996659074703027,1.1832,2.143,-0.0018594215795328336
pump-0133,degrading,80,109,DEGRADATION,4.268506666666667,0.15664053101147085,3.9658,4.6245,-0.006402091212458372,83.34160666666668,2.5871458599433907,77.794,88.0819,0.05391995550611548,1.7399133333333332,0.3499625053567247,1.1832,2.3047,0.034515239154616205
pump-0133,degrading,90,119,DEGRADATION,4.208013333333333,0.14233424683547605,3.9245,4.5296,0.00671261401557274,83.32376,2.936984642066304,77.794,88.7545,0.10197308120133364,1.9301933333333332,0.2093925132907626,1.4077,2.3047,0.005928676307007739
pump-0133,degrading,100,129,DEGRADATION,4.225193333333333,0.17644158983137231,3.7833,4.5296,-0.005644404894327169,82.46838333333334,3.6711441677024284,76.5166,88.7545,-0.3715571301446083,1.9505433333333333,0.1892900942703787,1.4793,2.3047,-0.009948676307007836
pump-0133,degrading,110,139,DEGRADATION,4.160616666666667,0.17201241444216234,3.7833,4.458,-0.006883537263626327,81.20100666666669,3.4543096228656487,76.5166,88.7545,-0.09766104560623064,1.9720466666666667,0.20498830329774642,1.4793,2.2979,0.010462291434927662
pump-0133,degrading,120,149,DEGRADATION,4.1193800000000005,0.1455413787667732,3.7833,4.4195,-0.004374149054505112,80.98872000000001,3.069063545600406,76.5166,85.7201,0.23934905450500435,2.009036666666667,0.18401895642085958,1.4793,2.2979,0.008828097886540527
pump-0133,degrading,130,159,DEGRADATION,4.1128833333333334,0.09605072647073291,3.9245,4.3204,0.0028754393770855603,81.69126666666668,3.0840803692871273,75.5551,85.7201,-0.07838972191323967,2.11246,0.13037647691716986,1.8465,2.3523,0.00023884315906557682
pump-0133,degrading,140,169,DEGRADATION,4.058976666666666,0.13224543012478315,3.8541,4.3204,-0.007498131256952239,80.40696000000001,3.178363127733099,74.9381,85.4541,-0.29136022246941284,2.112333333333334,0.16192874427420914,1.823,2.4319,0.0025263626251390285
pump-0133,degrading,150,179,DEGRADATION,4.028516666666666,0.12419754985058634,3.8541,4.2515,-0.006440511679644202,79.61887333333333,2.5764061452513434,74.9381,83.9664,0.005277196885426561,2.2014166666666664,0.19280653876071963,1.823,2.5546,0.005071879866518329
pump-0133,degrading,160,189,DEGRADATION,3.9699733333333334,0.09518423515594486,3.8025,4.1888,0.0017164849833147114,79.28659666666667,2.4766383664803016,73.938,83.9872,0.05458845383759576,2.1757299999999997,0.19257883952639587,1.823,2.5546,-0.0021357285873192825
pump-0133,degrading,170,199,DEGRADATION,3.970096666666667,0.0995060918849806,3.8025,4.1888,-0.0033249610678532686,78.36207666666665,3.32235733876649,72.2486,83.9872,-0.288548854282538,2.156753333333333,0.17498550365355664,1.8945,2.5546,-0.007039688542825419
pump-0133,degrading,180,209,DEGRADATION,3.9285433333333333,0.12472681263019945,3.7102,4.1888,-0.0041842269187987585,77.49657333333333,3.2764238292110837,72.2486,83.9872,-0.05121846496106905,2.2020666666666666,0.18662860683423882,1.9025,2.6103,0.014466918798665135
pump-0133,degrading,190,219,DEGRADATION,3.904273333333333,0.11147587760986183,3.7102,4.1211,-0.0003912347052281528,77.28477666666666,3.249491838188789,72.2486,84.3976,0.15866218020021902,2.3386800000000005,0.20744198771383454,1.9025,2.6746,0.018213570634037786
pump-0133,degrading,200,229,DEGRADATION,3.87012,0.13206028269948034,3.5674,4.1211,-0.0034917463848721775,75.90311999999997,4.860358647287942,67.2652,84.3976,-0.3606526807563977,2.4598966666666664,0.0929817490454743,2.2777,2.6746,0.0006563070077863683
pump-0133,degrading,210,239,DEGRADATION,3.7861233333333337,0.16005340292817544,3.5105,4.0415,-0.011864315906562997,74.33906666666667,4.38833921283313,67.2652,84.3976,-0.27255937708565264,2.5151499999999998,0.13488444128215832,2.3221,2.93,0.0035654060066740386
pump-0134,healthy,0,29,NORMAL,4.666283333333335,0.14288725178343326,4.4173,4.9035,-0.010705695216907795,86.88693000000002,1.9286759038521741,82.7102,90.969,-0.16543090100111318,1.5377666666666667,0.15753304485796693,1.2857,1.8251,-0.015781090100111247
pump-0134,healthy,10,39,NORMAL,4.62489,0.13098158738285834,4.4173,4.8559,-0.005765628476084672,86.92087999999998,2.1229128555516996,82.7102,91.1527,0.07506749721913045,1.551706666666667,0.17567871040307897,1.2857,1.9195,0.007994171301446005
pump-0134,healthy,20,49,NORMAL,4.674766666666668,0.17743230696678539,4.4173,5.0082,0.01738901001112334,87.67289,2.4066455965859768,82.7102,91.2411,0.1863839154616222,1.5901400000000006,0.1895916833619028,1.2857,1.9195,0.012418553948832015
pump-0134,healthy,30,59,NORMAL,4.73131,0.15885711053228516,4.4524,5.0082,0.003648654060066601,87.56779666666668,2.7589972350455323,81.581,91.2411,-0.1926886095661847,1.567856666666667,0.22307580129234597,1.1429,1.9195,-0.02064642936596222
pump-0134,healthy,40,69,NORMAL,4.713616666666667,0.16874036877865226,4.4414,5.0082,-0.014196195773081316,85.80722333333331,3.8819923162969925,77.6131,91.2411,-0.2442402447163539,1.4854099999999997,0.19581870075829494,1.1429,1.8862,-0.008226585094549531
pump-0134,healthy,50,79,NORMAL,4.68478,0.13506499521835158,4.4414,4.8767,0.003625539488320205,86.27463333333331,4.316942084804422,77.6131,92.5103,0.2983786429365935,1.4804500000000003,0.22027988673503532,1.1429,2.0379,0.01336073414905445
pump-0134,healthy,60,89,NORMAL,4.698743333333334,0.11624078080528465,4.4414,4.8549,0.007827652947719591,86.96784999999998,4.216257543979811,77.6131,92.5103,0.1851589988876521,1.5512566666666667,0.1809245767040939,1.3058,2.0379,-0.0007756395995550983
pump-0134,healthy,70,99,NORMAL,4.698996666666668,0.11780469567136204,4.452,4.8549,-0.009922602892102473,88.31514666666668,2.589456494933938,83.4284,92.5103,-0.14879239154616467,1.5738233333333334,0.16602698311486064,1.3058,2.0379,-0.007163626251390501
pump-0134,healthy,80,109,NORMAL,4.678396666666667,0.11612246547885938,4.452,4.9212,0.0008001557285871622,87.17335333333334,3.1782768224027027,81.4553,92.9162,0.05768582869855169,1.588203333333333,0.13647873700894053,1.3109,1.9401,0.009255906562847575
pump-0134,healthy,90,119,NORMAL,4.724916666666667,0.15054173968999066,4.452,4.9701,0.015113926585094518,88.41982999999999,3.26857719108789,81.4553,92.9162,0.21252914349276666,1.580396666666667,0.15727855646025687,1.3318,1.9401,-0.0021829810901001414
pump-0134,healthy,100,129,NORMAL,4.73879,0.13297776342932932,4.5096,4.9701,-0.004658665183537418,87.44902666666667,3.850370141855051,80.6088,92.9162,-0.08925107897664272,1.5589866666666665,0.170909659827121,1.1973,1.9401,-0.007873058954393811
pump-0134,healthy,110,139,NORMAL,4.700903333333334,0.1541871470720638,4.4324,4.9701,-0.010037753058954515,87.62483333333334,3.4821415880013964,80.6088,92.3804,-0.10638447163515098,1.5338633333333331,0.14738900565811847,1.1973,1.8264,0.004332391546162395
pump-0134,healthy,120,149,NORMAL,4.6924866666666665,0.15622240072694082,4.4324,5.0396,0.01092952169076741,87.09923000000002,3.166412232074865,80.6088,92.5376,0.19534698553948657,1.5403133333333334,0.13227785839747414,1.1973,1.8543,0.0022071190211345564
pump-0134,healthy,130,159,NORMAL,4.754650000000001,0.1751358230060315,4.4324,5.0396,0.006472324805339131,87.44515666666668,2.931963740985819,82.0599,92.5376,-0.10277604004449499,1.5726466666666665,0.11547763920151621,1.4349,1.8543,-0.0017767741935484237
pump-0134,healthy,140,169,NORMAL,4.723646666666665,0.18900733272077624,4.4276,5.0396,-0.017237018909899943,86.5386766666667,2.7207878603673277,81.4682,92.5376,-0.1975884983314806,1.5853466666666665,0.11591910608504345,1.4349,1.8543,0.007366496106785288
pump-0134,healthy,150,179,NORMAL,4.7065166666666665,0.16964531840152725,4.4276,5.0342,-0.0015105450500557424,86.56518666666666,2.6649955494313473,81.4682,90.779,0.15183288097886502,1.6738866666666667,0.1367335431495221,1.3929,1.8931,0.007206229143492732
pump-0134,healthy,160,189,NORMAL,4.723343333333332,0.15857217217686367,4.4276,4.9724,0.014398420467185704,87.22818666666666,2.711128344894222,81.4682,90.779,0.10374180200222331,1.6291499999999997,0.17111209727349302,1.3739,1.8931,-0.00989305895439378
pump-0134,healthy,170,199,NORMAL,4.793766666666667,0.08805346229548407,4.6264,4.9724,-0.003433770856507353,86.17668333333334,3.9128644908032397,76.1064,90.779,-0.3163016907675216,1.55874,0.1956813218816076,1.2816,1.8931,-0.01584106785317022
pump-0134,healthy,180,209,NORMAL,4.7740333333333345,0.10818153672826478,4.5908,4.9724,-0.004660378197997976,86.09284,3.9293334756758265,76.1064,91.4702,0.07797624026696102,1.5527,0.17483896781514888,1.2816,1.9257,0.014401646273637336
pump-0134,healthy,190,219,NORMAL,4.778736666666668,0.10896693224195231,4.5908,4.9716,0.005232057842046561,87.19363,4.450741451275283,76.1064,93.4152,0.43785755283648337,1.6049666666666669,0.18845491473795234,1.2816,1.9257,0.006476129032258041
pump-0134,healthy,200,229,NORMAL,4.745279999999998,0.13998364999765747,4.4826,4.9716,-0.005380511679644161,88.81464,2.519656266054295,84.3029,93.4152,-0.11134941045606521,1.55305,0.23836251068488093,1.1087,1.9257,-0.022494705228031174
pump-0135,failure,0,29,NORMAL,4.58876,0.11380064616102434,4.3826,4.8156,-0.009143359288098056,91.14452333333332,3.4452940862073813,84.4298,96.3761,-0.29645666295884493,1.3074299999999999,0.12509306975208498,0.99,1.5571,-0.0059853392658509716
pump-0135,failure,10,39,DEGRADATION,4.49129,0.14041614900003485,4.2144,4.8156,-0.014143292547274774,90.83599333333333,3.4904055988698826,84.4298,96.3761,-0.09633997775306195,1.3982966666666665,0.23116617613502388,0.99,1.8801,0.01815984427141266
pump-0135,failure,20,49,DEGRADATION,4.373729999999999,0.10107489022172281,4.1504,4.5976,-0.007107385984427277,90.13385,3.0096302061604403,84.4298,95.1848,0.19399646273637217,1.5134466666666666,0.24289290607636574,0.99,1.8829,0.02211879866518352
pump-0135,failure,30,59,DEGRADATION,4.2747399999999995,0.13877114397453091,3.9978,4.5258,-0.009074972191323766,88.87273999999998,4.4615404599457955,81.2245,95.1848,-0.3861179977753088,1.6138100000000002,0.15316817195488103,1.306,1.8829,-0.002911479421579576
pump-0135,failure,40,69,DEGRADATION,4.168523333333333,0.15301163503327309,3.9796,4.5258,-0.012207274749722002,85.86016333333333,4.462873142456051,80.6517,95.1848,-0.3971347942157973,1.74987,0.2757065748823073,1.306,2.2889,0.0218745494994438
pump-0135,failure,50,79,DEGRADATION,4.098056666666667,0.12005272920216721,3.9522,4.5258,-0.005449677419354969,84.18163333333331,2.371760010952955,80.6517,88.5842,0.15894371523915252,1.9329633333333334,0.3150200750040472,1.3164,2.291,0.03146124582869852
pump-0135,failure,60,89,DEGRADATION,3.994266666666667,0.14049157111925098,3.6752,4.1498,-0.009782335928809834,84.13598999999999,2.75141112768824,77.1081,88.5842,0.011550100111231925,2.15209,0.1412588860921677,1.7197,2.3587,0.008020400444938746
pump-0135,failure,70,99,FAILURE,3.8590833333333334,0.23319210833321286,3.3211,4.1498,-0.022604293659621924,82.54191666666667,4.14440441270583,73.572,88.5842,-0.39128318131257167,2.2432533333333335,0.23110336032943257,1.7209,2.8607,0.011303225806451572
pump-0135,failure,80,109,FAILURE,3.7866066666666667,0.26664465359142103,3.3211,4.367,0.002113014460511528,79.43485333333332,3.8370237919280896,70.7056,87.6214,-0.28408898776418423,2.4392066666666663,0.4188636523845068,1.7209,3.467,0.026138553948831977
pump-0135,failure,90,119,FAILURE,3.7928899999999994,0.2781210699797242,3.3211,4.367,0.012858754171301357,77.48142333333334,3.421423258789958,69.6168,83.0122,-0.06504473859844515,2.4975066666666668,0.4314222988622118,1.7061,3.467,0.005515862068965507
pump-0135,failure,100,129,FAILURE,3.85359,0.2629799540522687,3.3556,4.367,-0.0013279421579534202,73.35797333333335,6.431511781529719,60.3726,83.0122,-0.5513257842046738,2.5504533333333326,0.38779246402625656,1.7061,3.467,-0.010572636262513984
pump-0135,failure,110,139,FAILURE,3.719266666666667,0.25704957152701546,3.2974,4.2097,-0.019926273637374987,71.33512999999999,5.988747107653934,60.3726,83.0122,-0.2731719911012256,2.68991,0.4432480436881062,1.7061,3.441,0.044161001112347005
pump-0135,failure,120,149,FAILURE,3.536763333333334,0.282812152595244,2.9514,4.2097,-0.02343196885428263,68.75679999999998,4.081762778424702,60.3726,76.83,0.167781357063403,2.928153333333334,0.3730281881514526,2.1021,3.535,0.027638264738598376
pump-0135,failure,130,159,FAILURE,3.371876666666667,0.1816433440992418,2.9514,3.744,-0.006275127919911134,69.66790666666667,3.7746874666152457,61.1136,76.83,-0.0806923248053396,3.2068833333333333,0.2391966834822107,2.8024,3.6597,0.008481268075639528
pump-0135,failure,140,169,FAILURE,3.1701066666666673,0.2968776301591093,2.5489,3.6864,-0.02371559510567304,67.53476,3.7272096560832213,61.1136,75.5328,-0.21257410456062428,3.1948266666666663,0.22928224518168774,2.8276,3.6597,0.0028850723025582994
pump-0135,failure,150,179,FAILURE,3.0738133333333337,0.26461575631259915,2.5489,3.5189,-0.013970901001112439,69.04936000000001,5.0333287778963935,61.1136,80.0958,0.27516093437152395,3.4056133333333336,0.31265918477188903,2.842,4.1421,0.019908609566184614
pump-0135,failure,160,189,FAILURE,3.0221,0.21937272240033245,2.5489,3.3507,0.01177468298109,69.41329999999999,5.765304080676636,61.8792,81.4015,0.14531515016685034,3.538936666666667,0.33017012835136306,2.8687,4.1421,0.027600689655172362
pump-0135,failure,170,199,FAILURE,3.022923333333334,0.1838297104810742,2.7211,3.3507,-0.008674149054505078,67.46547333333334,7.862756418327834,53.5885,81.4015,-0.7486592658509478,3.8232000000000004,0.25325405557792485,3.3445,4.2974,0.015228431590656202
pump-0135,failure,180,209,FAILURE,2.9406033333333332,0.20013049656550486,2.5719,3.3507,-0.017992903225806548,64.95815666666665,6.14257423396648,53.5885,81.4015,-0.19242729699666433,4.112846666666667,0.4119486891457344,3.467,5.0251,0.03986135706340372
pump-0135,failure,190,219,FAILURE,2.809176666666666,0.15701278012385558,2.501,3.0765,-0.004219332591768706,61.97570666666665,4.348479245968895,53.5885,71.0148,0.04807706340378049,4.292383333333333,0.3259625930310955,3.656,5.0251,0.010741779755283634
pump-0135,failure,200,229,FAILURE,2.731706666666667,0.1751279036082549,2.4939,3.0765,-0.007370500556173608,58.991229999999995,7.312168557464103,45.4568,71.0148,-0.7746246718576211,4.4407733333333335,0.25739083761643283,4.0352,5.0251,-0.0054308342602893255
pump-0136,failure,0,29,DEGRADATION,4.438770000000001,0.10208109570336715,4.2153,4.6516,-0.007150456062291598,89.16439666666666,3.639231024038214,82.7242,95.7838,-0.3817796885428277,1.5270499999999998,0.2413790183508086,1.1182,1.9734,-0.011129677419354885
pump-0136,failure,10,39,DEGRADATION,4.2956199999999995,0.20305762302033042,3.9748,4.6516,-0.021588654060066836,86.61861000000002,2.596203180332131,81.8018,91.8315,-0.19130560622914608,1.606073333333333,0.3323400787680528,1.1182,2.2702,0.031376284760845356
pump-0136,failure,20,49,DEGRADATION,4.186633333333334,0.15564715937729862,3.9586,4.5159,-0.009593236929922323,84.81396,2.501582988109729,77.7659,88.1923,-0.08753966629588535,1.8698833333333336,0.3278380658021409,1.2243,2.3318,0.031625339265850934
pump-0136,failure,30,59,DEGRADATION,4.08186,0.12668667543721138,3.8643,4.3218,-0.0030750611790880174,82.03814333333334,5.008487486369734,72.9223,88.1923,-0.4492871857619603,2.1458266666666663,0.21095265019008938,1.6827,2.552,0.017231412680756356
pump-0136,failure,40,69,FAILURE,4.026453333333333,0.19691991558894076,3.5613,4.3218,-0.013802091212458399,78.85001000000001,5.057629891187505,71.799,87.1809,-0.4034746829810912,2.3366266666666666,0.22414389564642517,1.9489,2.6832,0.018486095661846443
pump-0136,failure,50,79,FAILURE,3.962756666666667,0.1776925897598309,3.5613,4.3169,-0.003464182424916671,78.93870999999999,5.652067450785893,71.799,91.9393,0.37128963292547007,2.56084,0.2682756301517775,1.9489,3.14,0.025082313681868716
pump-0136,failure,60,89,FAILURE,3.8949833333333337,0.19373185950919092,3.4542,4.2328,-0.0033484538375974566,77.30725666666666,7.223419812234985,63.5543,91.9393,-0.1559513014460537,2.838056666666666,0.30339026866763913,2.3266,3.3418,0.027973770856507197
pump-0136,failure,70,99,FAILURE,3.718556666666667,0.31182914305041404,3.1539,4.2016,-0.03167058954393777,73.99472333333333,9.117638599428522,62.148,91.9393,-0.8170845161290353,3.072023333333334,0.2861146584656034,2.3909,3.7082,0.024370166852057815
pump-0136,failure,80,109,FAILURE,3.4999500000000006,0.2858069333775279,3.0681,4.0888,-0.022041446051168086,67.23375333333334,5.324233877641197,61.2969,85.8745,-0.43434941045606296,3.179743333333333,0.22428115344114155,2.7726,3.7082,0.00036020022246936024
pump-0136,failure,90,119,FAILURE,3.4468166666666664,0.24556060227342844,3.0681,4.0025,0.013770567296996652,64.69942333333333,3.0775564981202583,57.1135,70.6008,-0.10271997775306006,3.3918899999999996,0.3831270619085353,2.7776,4.2654,0.02761145717463837
pump-0136,failure,100,129,FAILURE,3.3643266666666665,0.31298457995385154,2.8472,4.0025,-0.011400044493882232,62.690459999999995,3.300028687006625,57.1135,70.0488,-0.21063706340378338,3.663413333333333,0.49882905871873806,2.7776,4.559,0.04810816462736371
pump-0136,failure,110,139,FAILURE,3.186983333333333,0.4509584238658322,2.2552,4.0025,-0.04618378197997784,61.15818999999999,3.6383227680118404,55.312,70.0488,-0.25318440489432836,4.06358,0.3814919294908697,3.3803,4.6566,0.03266998887652939
pump-0136,failure,120,149,FAILURE,2.9052900000000004,0.30740391165370684,2.2552,3.4478,-0.014959621802002302,57.64682666666666,4.08137682185259,48.5656,63.4741,-0.31063212458287026,4.334770000000001,0.3669347445618453,3.4916,5.0247,0.031746807563959895
pump-0136,failure,130,159,FAILURE,2.74473,0.33676881600488684,1.8843,3.1811,-0.013001179087875537,56.138549999999995,4.1824887169204255,48.5656,63.4741,-0.23699899888765485,4.59045,0.3164200781134683,3.8928,5.2514,0.02611761957730804
pump-0137,failure,0,29,DEGRADATION,4.36886,0.2868801371072362,3.8509,4.9885,-0.02402638487208024,92.47899000000001,4.0758071187884575,83.7131,98.2114,-0.3719607786429387,1.4550666666666667,0.2035229034340416,0.9431,1.8037,-0.004604716351501696
pump-0137,failure,10,39,DEGRADATION,4.238573333333333,0.2743636503296714,3.8509,4.9885,-0.020650634037819908,89.47886333333331,4.201842164771964,83.7131,97.976,-0.42147463848721095,1.5790633333333333,0.3227254803320549,0.9431,2.2913,0.02806872080088985
pump-0137,failure,20,49,DEGRADATION,4.0814699999999995,0.11911820781615767,3.8312,4.2687,-0.0018046051167965032,86.16500999999998,2.8214540623999764,80.4936,90.9233,-0.16317190211346122,1.8818400000000002,0.38796007406261107,0.9431,2.5152,0.04153223581757508
pump-0137,failure,30,59,DEGRADATION,3.9494166666666666,0.2398100707967778,3.4184,4.2538,-0.024075394883203673,81.68432999999999,6.078980217775016,69.794,90.8493,-0.579401802002227,2.10275,0.1920604292924495,1.8043,2.5152,0.009711345939933258
pump-0137,failure,40,69,FAILURE,3.805553333333333,0.23782756881591524,3.3543,4.2303,-0.018908876529477255,78.02572666666667,6.146184898668622,67.9681,90.8493,-0.42636614015573077,2.25315,0.24303281499967583,1.9522,2.7666,0.009749299221357003
pump-0137,failure,50,79,FAILURE,3.6820299999999997,0.16627898674617106,3.3543,3.9866,0.0005993548387096276,77.81442333333332,5.995095600610181,67.9681,90.1673,0.45829728587319035,2.5320866666666664,0.48531021950455105,1.9522,3.6363,0.045506607341490514
pump-0137,failure,60,89,FAILURE,3.6817133333333336,0.18255838834618243,3.3543,4.1051,-0.0025713014460512487,78.56776,5.6249403722824765,67.9681,90.1673,0.06864609566184418,2.9616466666666668,0.49984468303219504,1.9522,3.6363,0.04677646273637372
pump-0137,failure,70,99,FAILURE,3.624403333333333,0.20097215641863317,3.1807,4.1051,-0.010229655172413941,75.8592,7.815677267944645,58.8746,90.1673,-0.8170773303670775,3.1883166666666667,0.2887586813509778,2.6242,3.6363,-0.001475750834260374
pump-0137,failure,80,109,FAILURE,3.4992633333333325,0.263223522863913,2.9555,4.1051,-0.018086384872080186,70.74681000000001,5.212303758886275,58.8746,82.0343,-0.3901509010011139,3.5027166666666667,0.5084943415505121,2.6242,4.7158,0.0335514349276974
pump-0137,failure,90,119,FAILURE,3.3956166666666667,0.22381469579890315,2.9555,3.8466,-0.009423159065628527,67.49154333333333,3.337985821388234,58.8746,71.8227,-0.04268718576195965,3.7353333333333336,0.5634620131137698,2.6242,4.7158,0.0510476529477196
pump-0137,failure,100,129,FAILURE,3.1700700000000004,0.2896470555118189,2.6822,3.6321,-0.019525094549499505,64.93156666666665,4.84534961499741,56.3283,71.8227,-0.4215595995550621,4.043316666666667,0.2815473483961247,3.357,4.7158,0.002580222469410363
pump-0137,failure,110,139,FAILURE,2.9510566666666667,0.3230986471480326,2.3667,3.5473,-0.03315139043381544,61.333220000000004,4.762769656435911,53.2304,70.5037,-0.4403507452725259,4.084090000000001,0.19793508759186682,3.6801,4.6731,0.005944760845383671
pump-0138,failure,0,29,DEGRADATION,4.355836666666667,0.14366951308085124,4.0572,4.6517,-0.005723003337041233,86.91318333333334,1.9815606586868744,80.4182,90.0506,-0.04399788654060289,1.3872733333333334,0.23156107895950243,0.997,1.8079,-0.017686407119021162
pump-0138,failure,10,39,DEGRADATION,4.252829999999999,0.21643629570846015,3.7879,4.6517,-0.021038375973303783,86.08374666666667,2.201203237130901,80.4182,90.0506,-0.10345721913237102,1.4672166666666664,0.3149912825072395,0.997,1.9972,0.024959399332591753
pump-0138,failure,20,49,DEGRADATION,4.14166,0.15383206991174933,3.7879,4.4219,-0.005719243604004544,85.21500333333333,1.68942619656958,82.5036,90.0506,-0.0679838264738617,1.737003333333333,0.407870695591412,0.997,2.2407,0.04416344827586208
pump-0138,failure,30,59,DEGRADATION,3.971623333333333,0.20779318513581937,3.5491,4.3651,-0.01336602892102342,82.24716333333336,3.8301611447808415,74.9286,88.0153,-0.3670280088987782,2.0916599999999996,0.20080917907306925,1.6573,2.4129,0.020120533926585082
pump-0138,failure,40,69,FAILURE,3.840373333333333,0.3004446626067584,3.2082,4.3651,-0.02192387096774206,78.15525666666667,5.349091128324719,69.1827,86.3299,-0.5255060956618476,2.3673333333333333,0.2650554927222265,2.0401,2.9882,0.025016640711902047
pump-0138,failure,50,79,FAILURE,3.733353333333333,0.2529459016381873,3.2082,4.3804,0.0037413125695216053,75.86280333333335,3.587889018209579,69.1827,81.6526,0.020379065628474025,2.76176,0.4613536890499522,2.2016,3.548,0.048106162402669586
pump-0138,failure,60,89,FAILURE,3.6500266666666663,0.271472438052599,3.2082,4.3804,-0.004754527252502851,74.18717999999998,3.7797941030696376,67.1988,81.6526,-0.009039110122358947,3.0349100000000004,0.3390760370477395,2.3114,3.548,0.02005612903225801
pump-0138,failure,70,99,FAILURE,3.4673566666666664,0.3499191617915327,2.8395,4.3804,-0.03520865406006687,72.59579000000001,4.747718830859723,64.5028,81.6526,-0.46179512791991295,3.2457166666666666,0.21663217225415887,2.7956,3.5888,-0.0003844493882091982
pump-0138,failure,80,109,FAILURE,3.2212266666666665,0.22872921243737585,2.7595,3.6467,-0.019449299221357057,68.95125333333334,3.064201027318904,64.5028,75.071,-0.27069437152391673,3.4055266666666664,0.34619447033262807,2.7956,4.0689,0.03198829810900999
pump-0138,failure,90,119,FAILURE,3.0989500000000003,0.1384110899940223,2.7595,3.4339,0.0007241156840933284,65.64884333333333,3.207217952128534,58.1178,71.6827,-0.2962653392658515,3.73899,0.36593069776484544,3.0781,4.3143,0.03722177975528361
pump-0138,failure,100,129,FAILURE,2.974396666666667,0.24637039930875537,2.4908,3.4339,-0.019698932146829887,62.19716333333333,4.532788920409695,54.0494,69.532,-0.43265394883203667,4.012973333333333,0.23013000519030302,3.5114,4.4944,0.01591777530589533
pump-0138,failure,110,139,FAILURE,2.8391333333333337,0.2593620408275317,2.4908,3.4339,-0.021941935483871033,60.588269999999994,4.407536710767894,52.8891,69.9938,0.004566028921022598,4.192666666666667,0.18872217381348944,3.7659,4.5129,0.011109766407118984
pump-0138,failure,120,149,FAILURE,2.751583333333333,0.18470210084229025,2.4908,3.1292,0.007123003337041103,60.82144333333333,4.533396065474045,52.8891,69.9938,0.2822269410456052,4.413786666666667,0.3366423153569511,3.7659,5.2636,0.026658509454949783
pump-0139,failure,0,29,NORMAL,4.69738,0.11549549024384743,4.4584,4.8927,-0.004212458286985597,91.28061333333333,1.8203256904069562,87.246,94.417,-0.15022883203559634,1.6438300000000003,0.19246201555978085,1.248,1.9846,-0.009624137931034536
pump-0139,failure,10,39,DEGRADATION,4.63855,0.12676513124672725,4.4465,4.8927,-0.009484160177975634,90.66071999999998,2.0944470871648524,85.5128,95.2515,-0.0252149944382664,1.6446633333333336,0.20461549221785616,1.248,2.0456,0.016933993325917662
pump-0139,failure,20,49,DEGRADATION,4.508993333333334,0.14180099184733821,4.1515,4.7145,-0.01078469410456074,90.53431,2.180300780374121,85.5128,95.2515,0.06772322580645079,1.8063999999999998,0.20898937293556338,1.4147,2.1205,0.021008498331479365
pump-0139,failure,30,59,DEGRADATION,4.382453333333332,0.17771400570079512,4.1095,4.698,-0.015893748609566338,89.62083333333335,3.0916233645485054,82.9229,95.2515,-0.19068106785317204,1.9295966666666664,0.15590223749374335,1.6373,2.2443,0.009998064516129
pump-0139,failure,40,69,DEGRADATION,4.255153333333333,0.1591081974283189,4.0067,4.669,-0.012664605116796537,87.28376000000002,3.5561538235008885,81.7295,94.1925,-0.363926095661848,2.1049066666666665,0.2219372567992034,1.7519,2.4731,0.019921957730811995
pump-0139,failure,50,79,DEGRADATION,4.21421,0.13310305869262862,4.0067,4.5157,0.002183781979977596,84.17968333333333,2.766834089843881,80.5999,92.0501,-0.2651367519466081,2.297266666666666,0.2822573711270542,1.7519,2.7433,0.029423670745272492
pump-0139,failure,60,89,DEGRADATION,4.190213333333334,0.13949522508753553,4.0038,4.5157,-0.0019566629588432453,82.56457999999999,1.7086812397089561,77.9735,85.5826,-0.11053477196885676,2.4554033333333334,0.14937141512202243,2.1501,2.7433,0.003964338153503861
pump-0139,failure,70,99,FAILURE,4.121426666666666,0.1836905367428841,3.734,4.5157,-0.013698687430478404,80.71211333333335,2.4749877703042413,75.9117,85.4543,-0.1973955951056761,2.564743333333334,0.2600324052668992,2.1365,3.5537,0.0085611345939933
pump-0139,failure,80,109,FAILURE,4.081833333333333,0.1455152279163784,3.734,4.3355,-0.0005649833147942777,79.35578,3.3583174338151345,70.3831,85.4543,-0.2727875417130162,2.732923333333334,0.38693336694520875,2.1365,3.5537,0.03195561735261396
pump-0139,failure,90,119,FAILURE,4.0792600000000006,0.1692994144506511,3.734,4.4113,0.008082536151279133,77.16768666666668,3.74228468743657,66.3704,82.9701,-0.1305752169076782,2.987656666666667,0.36195870637715327,2.1365,3.5537,0.02932642936596214
pump-0139,failure,100,129,FAILURE,4.036743333333333,0.20917636686670785,3.5034,4.4113,-0.014715172413793203,74.98326,4.879651957711738,65.2612,82.9701,-0.3083212458287009,3.155243333333333,0.21541913205552463,2.4689,3.5182,0.010125094549499399
pump-0139,failure,110,139,FAILURE,3.859963333333334,0.27016117347900964,3.3795,4.4113,-0.021977508342602925,72.31278999999999,4.428860951708314,65.2612,80.6608,-0.2626873637374884,3.3096266666666665,0.22048397512946125,2.9519,3.8043,0.01717650723025577
pump-0139,failure,120,149,FAILURE,3.7051366666666667,0.1793075430339976,3.3795,4.0208,-0.0075100556173527165,70.07751,3.174882307671682,64.8021,79.824,-0.1944141268075651,3.45843,0.2552972530861492,2.9519,3.8312,0.023540845383759623
pump-0139,failure,130,159,FAILURE,3.717380000000001,0.18767653982317553,3.3795,4.1201,0.010748253615127816,66.28908333333332,4.791946869842035,55.8091,72.6604,-0.4621942380422716,3.6024933333333338,0.19029598863057748,3.06,3.9193,0.00764080088987759
pump-0139,failure,140,169,FAILURE,3.6510499999999997,0.2754090264194936,3.0405,4.1201,-0.01687668520578433,65.03656,4.677986586385215,55.8091,70.7234,-0.14501619577308228,3.6999999999999997,0.21586594142352944,3.287,4.1246,0.008776863181312438
pump-0139,failure,150,179,FAILURE,3.48521,0.35807776841537275,2.9698,4.1201,-0.03391294771968864,64.25374000000001,4.159928983576523,55.8091,70.2307,0.26186812013347993,3.7859699999999994,0.2855451944964229,3.287,4.4966,0.01731637374860952
pump-0139,failure,160,189,FAILURE,3.2353433333333337,0.24424053401422857,2.9426,3.9567,-0.015421245828698617,64.33146333333335,4.461568617088489,54.4726,70.2307,-0.2588737041156857,3.977036666666666,0.30902013686633567,3.3435,4.4966,0.0210814015572858
pump-0139,failure,170,199,FAILURE,3.03357,0.21909112890910634,2.5857,3.4867,-0.015799354838709735,60.56547333333334,5.984110735379892,46.5399,70.2307,-0.5889411345939942,4.21526,0.37756266729290555,3.555,5.0583,0.034018020022246895
pump-0139,failure,180,209,FAILURE,2.933303333333333,0.18955261799534423,2.5857,3.2992,-0.011253993325917741,58.35312666666666,4.44498693263421,46.5399,68.9237,-0.0789777530589567,4.481473333333333,0.3295001213285901,3.929,5.1778,0.026630344827586156
pump-0139,failure,190,219,FAILURE,2.83247,0.15539257200179596,2.5493,3.1865,-0.0012863848720801139,58.18575,3.902688004845719,46.5399,65.4456,0.2512222246941028,4.749596666666666,0.33033535736009584,4.0806,5.3449,0.024117308120133442
pump-0140,degrading,0,29,NORMAL,4.518573333333333,0.1490506802697958,4.1777,4.7512,-0.002685027808676301,89.96779,2.2491724075534987,85.7407,94.1696,-0.1522623136818702,1.4928033333333333,0.16559839468491908,1.1492,1.8222,-0.013146095661846522
pump-0140,degrading,10,39,DEGRADATION,4.493593333333334,0.12629719430331338,4.2785,4.7091,-0.009808498331479586,89.50218666666666,2.1133803484360203,85.7407,94.1696,-0.057841512791991914,1.4513666666666665,0.12528139349303055,1.1492,1.6973,0.00032360400444935713
pump-0140,degrading,20,49,DEGRADATION,4.438163333333334,0.09787752375063213,4.2785,4.6475,0.001173548387096635,89.17222999999998,2.0410110579726575,85.5582,92.506,0.051819688542823504,1.5079966666666669,0.170231674458336,1.1492,1.7663,0.0157013348164627
pump-0140,degrading,30,59,DEGRADATION,4.3834833333333325,0.14992028122379647,4.0499,4.6475,-0.00897256952169094,87.50080999999999,3.6903272161467395,79.9654,92.506,-0.3311387986651862,1.6248666666666662,0.1374470669829743,1.3014,1.8227,0.009538286985539464
pump-0140,degrading,40,69,DEGRADATION,4.2873866666666665,0.19121045601349546,3.9686,4.6475,-0.01851301446051178,86.22893666666666,3.2632491607275242,79.9654,92.506,-0.18373167964405215,1.7800966666666667,0.20786261245244547,1.3014,2.2916,0.015868898776418217
pump-0140,degrading,50,79,DEGRADATION,4.21809,0.14163905617213543,3.9686,4.532,-0.0015890767519467078,84.62825,2.0471858588071576,79.9654,88.4771,0.06909412680756266,1.9546999999999999,0.2999702707491749,1.3014,2.5768,0.024716707452725195
pump-0140,degrading,60,89,DEGRADATION,4.190083333333334,0.13549841593990025,3.9686,4.4148,0.000252836484983214,85.40974000000001,1.6846413568076337,82.1886,88.4771,-0.04633597330367253,2.0268866666666665,0.23365434689348755,1.7398,2.5768,-0.003532992213570653
pump-0140,degrading,70,99,DEGRADATION,4.17087,0.12634592764839442,3.9501,4.4148,-0.007890700778642998,84.57321,1.7291247599773325,81.692,88.4771,-0.08510832035595388,2.0614633333333336,0.21394890586825213,1.7808,2.5768,-0.007857819799777592
pump-0140,degrading,80,109,DEGRADATION,4.08884,0.12039795014866325,3.8583,4.4148,-0.00817619577308133,85.75662333333331,2.4432096855957512,81.692,90.5647,0.14177345939933134,2.125513333333333,0.23814859189636672,1.7808,2.6522,0.023261134593993288
pump-0140,degrading,90,119,DEGRADATION,4.111619999999999,0.12543092494808983,3.8583,4.339,0.006943537263626162,85.02625333333334,3.4510026890488246,77.9513,90.5647,-0.05044373748609848,2.2010799999999997,0.19649974622545105,1.8613,2.6522,0.0015334371523915257
pump-0140,degrading,100,129,DEGRADATION,4.03893,0.18365144186746804,3.7016,4.339,-0.008586140155728665,82.34401666666668,5.840248297865616,74.2222,90.5647,-0.6184878086763099,2.27701,0.19182255228900136,1.9408,2.6522,-0.004048921023359339
pump-0140,degrading,110,139,DEGRADATION,3.9612400000000005,0.22667318853362434,3.5952,4.339,-0.021023092324805405,79.25112333333333,4.169141189156613,74.2222,89.4868,-0.2133754616240275,2.3397166666666664,0.27074166664101695,1.9408,2.9963,0.024241134593993276
pump-0140,degrading,120,149,DEGRADATION,3.822493333333333,0.12072496547478853,3.5952,4.032,-0.003343136818687487,78.65320999999999,2.9769266937956895,74.2222,84.2567,0.27795018909899794,2.4944599999999997,0.23905675978729402,2.0135,2.9963,0.015835283648498306
pump-0141,failure,0,29,NORMAL,4.360320000000001,0.15799262303453712,4.0463,4.604,-0.013109810901001199,90.75545333333336,2.1531149530750917,86.4992,93.5785,-0.1912706562847639,1.41471,0.1328656021449244,1.2155,1.6855,-0.008508364849833196
pump-0141,failure,10,39,DEGRADATION,4.27032,0.14574130597283214,4.0463,4.5969,-0.008822825361512908,90.74701333333334,2.3637959375734807,86.4992,95.5089,0.05843822024471502,1.4600933333333335,0.19618609861274292,1.2155,1.8952,0.01128324805339264
pump-0141,failure,20,49,DEGRADATION,4.233523333333333,0.11322027110411322,3.9866,4.5627,0.0011207786429364318,89.61321333333332,2.7730802127758394,84.0373,95.5089,-0.05489588431590916,1.5823399999999999,0.2197291538842005,1.2202,1.9499,0.021143225806451588
pump-0141,failure,30,59,DEGRADATION,4.17397,0.16563018676155225,3.7836,4.5627,-0.009532302558398303,88.13928333333335,3.8918772900391168,79.8506,95.5089,-0.37542694104560687,1.7639399999999996,0.1676311100800405,1.401,2.135,0.01172885428253611
pump-0141,failure,40,69,DEGRADATION,4.04481,0.2304426585942803,3.6611,4.5627,-0.022536573971079114,85.68403333333332,2.6416187508588145,79.8506,89.8117,-0.117568186874307,1.9504366666666668,0.255088382700759,1.6194,2.5017,0.023588987764182407
pump-0141,failure,50,79,DEGRADATION,3.9601200000000003,0.15591203588348573,3.6611,4.2305,-0.001088720800889912,85.46266666666665,2.5076210560786265,79.8506,89.8117,0.12032756395995269,2.1560099999999998,0.29455079737344686,1.7019,2.6778,0.023449187986651826
pump-0141,failure,60,89,DEGRADATION,3.9025933333333334,0.14515935825460552,3.6125,4.1468,0.002094505005561655,84.25541000000001,3.5018383851295396,77.0062,89.8117,-0.21343664071190374,2.1765966666666667,0.2849200373009163,1.7058,2.6778,-0.01218218020022253
pump-0141,failure,70,99,DEGRADATION,3.81305,0.2240141018626581,3.4416,4.1468,-0.02095610678531717,80.05169666666667,6.514102436022087,67.9369,89.3522,-0.6950641379310353,2.2834033333333332,0.30839458759121496,1.7058,2.754,0.004965939933259154
pump-0141,failure,80,109,FAILURE,3.6765766666666666,0.28748846548842416,3.0426,4.4285,-0.008644872080089124,78.17927000000002,5.052867777289118,67.9369,86.666,0.028231657397105314,2.3224299999999998,0.31762647890249956,1.7058,2.9284,0.02349457174638484
pump-0141,failure,90,119,FAILURE,3.7425433333333333,0.3923364293420749,3.0426,4.5294,0.023828720800889797,75.92083333333332,5.740533945045725,64.9482,86.666,0.02468040044493711,2.6442500000000004,0.2855442858238747,2.2558,3.3102,0.014087675194660648
pump-0141,failure,100,129,FAILURE,3.7046233333333327,0.4204397084666903,3.0426,4.5294,-0.007766028921023448,77.41119666666668,5.282859672215629,64.9482,86.666,-0.2629794215795341,2.580003333333333,0.34387214531308324,2.0495,3.3102,-0.01082934371523919
pump-0141,failure,110,139,FAILURE,3.562626666666666,0.43935560459483036,3.1142,4.5294,-0.044853303670745394,76.16356999999999,4.662587736879597,64.9482,84.3092,0.08443833147942041,2.7154999999999996,0.36293960470947045,2.0495,3.3102,-0.004374771968854367
pump-0141,failure,120,149,FAILURE,3.2776933333333327,0.17580231878132008,2.9737,3.7087,-0.011767385984427201,76.11453000000002,3.9277982226815054,68.417,84.1103,-0.16347624026696406,2.649666666666667,0.3168553406349479,2.0495,3.1392,0.016265450500556108
pump-0141,failure,130,159,FAILURE,3.221713333333333,0.14720758298704892,2.9343,3.5391,0.0015993325917685714,72.69744,5.813022939951294,61.0566,82.4545,-0.5096586429365972,2.8775500000000003,0.2627479955521386,2.3567,3.4795,0.003517486095661772
pump-0141,failure,140,169,FAILURE,3.0858866666666676,0.26882211185507454,2.5935,3.5391,-0.0223204004449389,68.72848666666667,5.060519559408457,60.0925,78.1046,-0.33272351501668646,3.0321333333333333,0.3670283171031297,2.3567,3.6922,0.03095759733036701
pump-0141,failure,150,179,FAILURE,3.078766666666667,0.26734855816995823,2.5935,3.4967,-0.00350478309232485,67.58071,3.8888682661626204,60.0925,75.733,0.14227695216907568,3.207263333333334,0.28491544650221323,2.5022,3.6922,0.0077570856507229845
pump-0141,failure,160,189,FAILURE,2.9907399999999997,0.22487236172252623,2.5935,3.4163,0.011759599555061107,66.46188333333333,4.214093726459925,57.4037,75.733,-0.11451859844271546,3.3985066666666675,0.30731092933524,2.9335,4.0173,0.009453570634037753
pump-0141,failure,170,199,FAILURE,3.1052233333333334,0.2187361099336113,2.5332,3.4494,-0.0035153503893215333,63.234856666666666,6.467745407362257,51.3931,75.733,-0.6849577975528374,3.596173333333333,0.40172994903984394,2.9335,4.3082,0.03211203559510556
pump-0141,failure,180,209,FAILURE,2.9036700000000004,0.30601700404825005,2.3595,3.4494,-0.01831988876529489,60.08443333333333,4.727422064390791,51.3931,67.36,-0.11272284760845629,3.9159133333333336,0.36406357936797556,3.1159,4.4512,0.029614505005561703
pump-0141,failure,190,219,FAILURE,2.8991366666666663,0.3102251768026287,2.3595,3.4494,-0.007822847608453932,59.61711666666667,4.49240466284174,51.3931,66.6716,0.25187713014460394,4.2287,0.3115001016586244,3.4293,4.854,0.02907216907675186
pump-0141,failure,200,229,FAILURE,2.655203333333333,0.30764048117170073,2.1119,3.1839,-0.010892391546162443,58.75819666666666,5.311975855334393,47.949,66.6716,-0.34412749721913444,4.331406666666667,0.2463279872220956,3.752,4.854,0.003045472747497113
pump-0141,failure,210,239,FAILURE,2.5610333333333335,0.3548278402580923,2.0792,3.1839,-0.03234887652947731,56.18509666666667,5.092618756951628,47.949,66.0754,-0.46908825361512885,4.38445,0.30321443979467727,3.6998,4.9679,-0.0045703893214684155
pump-0142,failure,0,29,DEGRADATION,4.679913333333333,0.14166582682103998,4.2596,4.8722,-0.007406674082313835,92.82180666666666,3.353624805185511,86.271,97.9137,-0.3228469855394898,1.6857133333333332,0.2046594256048054,1.4114,2.108,-0.009099844271412713
pump-0142,failure,10,39,DEGRADATION,4.518626666666667,0.24748362630462828,3.9701,4.8722,-0.02323919911012243,90.74027,2.3710724000122814,86.271,97.9137,-0.12483628476084685,1.681716666666667,0.18300193638926945,1.4114,2.1593,0.013843270300333665
pump-0142,failure,20,49,DEGRADATION,4.4465,0.20740209738573046,3.9701,4.8722,-0.006770589543937757,89.58765666666666,1.881969642277886,85.6266,93.2059,-0.04952264738598763,1.8612499999999996,0.23803165020643788,1.4114,2.3206,0.023374972191323663
pump-0142,failure,30,59,DEGRADATION,4.303433333333333,0.1932068896862175,3.872,4.598,-0.005231546162402777,87.18876,3.92642213672108,79.0852,93.2059,-0.3739638709677455,2.0232633333333334,0.17921369643218926,1.7657,2.3206,0.01147704115684092
pump-0142,failure,40,69,DEGRADATION,4.225016666666667,0.22703821570142962,3.872,4.598,-0.02341684093437167,83.38881666666666,4.647406456371362,76.8527,93.2059,-0.5077471635150175,2.21433,0.28769734925206847,1.8949,2.8778,0.017904805339265778
pump-0142,failure,50,79,FAILURE,4.06608,0.13996697324726293,3.7973,4.4244,-0.006863225806451763,80.31592,2.3810700231058592,76.8527,85.3884,-0.16639065628476327,2.4958000000000005,0.4198444275363595,1.9244,3.1998,0.041324048943270256
pump-0142,failure,60,89,FAILURE,4.014876666666667,0.11780297586318537,3.7973,4.352,0.0011959733036706493,78.42920333333335,3.005560615424165,67.6876,83.6881,-0.1347513904338185,2.77527,0.3607658919114537,1.9293,3.3461,0.02786444938820904
pump-0142,failure,70,99,FAILURE,3.9466533333333333,0.17316956186222676,3.5393,4.352,-0.010170945494994537,76.85223666666666,4.113890107710975,67.6876,83.6881,-0.27720286985539755,2.876276666666667,0.1988161423414999,2.5304,3.3461,-0.009080378197997842
pump-0142,failure,80,109,FAILURE,3.79622,0.240142928829201,3.3143,4.352,-0.019987942157953357,76.75138333333334,4.4422564730913745,67.6876,83.6881,0.08459610678531537,3.060753333333333,0.36945794684766065,2.5304,3.745,0.02573575083426024
pump-0142,failure,90,119,FAILURE,3.6906033333333337,0.17798421368824321,3.3143,4.0426,-0.004838909899888861,75.38192333333333,4.851367538861823,64.708,83.6627,-0.09057261401557357,3.2664299999999997,0.40717884453067216,2.5304,3.745,0.03851486095661838
pump-0142,failure,100,129,FAILURE,3.497843333333333,0.2672158723870189,2.9809,3.9978,-0.01659361512792005,73.56796666666668,5.709978434129348,64.708,83.6627,-0.5599837152391567,3.4828499999999996,0.20163456507586522,3.1231,3.8805,-0.0047378642936597
pump-0142,failure,110,139,FAILURE,3.3476133333333333,0.29598436302540637,2.9402,3.9978,-0.02788560622914362,70.02466333333332,3.608782463794249,64.5007,78.8263,-0.20046729699666366,3.6491666666666664,0.33947284852972986,3.1231,4.4141,0.021017975528364735
pump-0142,failure,120,149,FAILURE,3.1812266666666664,0.17266235631685584,2.9402,3.5027,-0.003822024471635216,69.33256,2.739264197383427,64.5007,75.4115,0.08167826473859689,3.9566100000000004,0.5103839556974076,3.1231,4.7912,0.053176707452725146
pump-0142,failure,130,159,FAILURE,3.0860433333333335,0.18885365354039502,2.6182,3.4931,-0.0075449833147942375,68.14249333333333,3.60496201782426,60.7436,75.4115,-0.19599470522803386,4.238183333333334,0.3205963516982411,3.3766,4.7912,0.015627697441601692
pump-0142,failure,140,169,FAILURE,2.991423333333333,0.23617519441202028,2.5369,3.4931,-0.01746235817575091,65.54273333333333,4.646533187681136,59.6768,75.4115,-0.4529369966629604,4.512479999999999,0.3382057365963308,3.8663,5.1817,0.01893699666295878
pump-0142,failure,150,179,FAILURE,2.881623333333334,0.17653402822748432,2.5369,3.1874,-0.0036718798665184506,61.59761,3.5388150989043394,52.1902,68.5603,-0.28934213570634226,4.572946666666667,0.3650361322146374,3.8663,5.1817,0.02368177975528352
pump-0143,failure,0,29,NORMAL,4.54066,0.17594190063768217,4.2424,4.8413,-0.015551813125695332,89.38826666666665,3.541125542473122,83.0106,94.6872,-0.3142685650723044,1.5098333333333334,0.1164701888419903,1.2537,1.7803,-0.005437686318131302
pump-0143,failure,10,39,DEGRADATION,4.47501,0.1305057376771867,4.2424,4.6635,-0.00338961067853179,88.12622333333334,3.2002065675706364,83.0106,94.6872,-0.17273359288098072,1.5409666666666666,0.16277574416628812,1.2537,1.9133,0.011748253615127886
pump-0143,failure,20,49,DEGRADATION,4.438136666666666,0.12663102959210096,4.2308,4.6579,0.005674949944382518,87.01565333333333,2.5335341332788257,83.0106,92.3793,0.12738402669632867,1.608183333333333,0.16956584774718705,1.2537,1.9133,0.011596062291434886
pump-0143,failure,30,59,DEGRADATION,4.368123333333333,0.2025192446548119,3.919,4.6579,-0.018458576195773166,86.03228,3.6515080350817612,79.4951,92.3793,-0.31518638487208045,1.7439099999999998,0.1660736389878498,1.4697,2.1012,0.011179555061179052
pump-0143,failure,40,69,DEGRADATION,4.213513333333333,0.2181133462725796,3.919,4.6579,-0.02230918798665191,83.75510333333335,4.185639655893576,77.688,92.3793,-0.3555229143492793,1.943166666666667,0.28628868219955106,1.5085,2.4715,0.030093659621801952
pump-0143,failure,50,79,DEGRADATION,4.083136666666666,0.09943082514436305,3.919,4.2426,-0.003086607341490651,82.92192333333334,3.0550341700962305,77.688,89.1798,0.1727912124582846,2.1358800000000002,0.24197304450427254,1.6729,2.5407,0.01752226918798662
pump-0143,failure,60,89,DEGRADATION,3.929366666666667,0.21785747379626172,3.4565,4.2364,-0.01833259176863187,82.03611000000001,3.56492225378993,76.4015,89.1798,-0.07825515016685337,2.2851966666666663,0.1603992819670823,1.9605,2.6907,0.0012885205784203908
pump-0143,failure,70,99,FAILURE,3.8652866666666665,0.2219674221341701,3.4565,4.2364,-0.010845784204671931,79.07339999999999,6.149555433145826,65.9063,89.1798,-0.681924315906566,2.343726666666667,0.19638957530604548,1.9605,2.7753,0.008423492769744101
pump-0143,failure,80,109,FAILURE,3.831793333333333,0.21267475157045687,3.4565,4.2629,0.015532013348164463,76.18632333333333,4.3778194419660075,65.9063,83.4821,-0.11297181312569737,2.55005,0.2911509181965028,2.1092,3.12,0.023942892102335883
pump-0143,failure,90,119,FAILURE,3.9772800000000004,0.26814887457032777,3.4637,4.5123,0.010905361512791915,75.00045999999999,4.123099966821081,65.9063,83.4821,0.12847310344827467,2.694613333333334,0.23513479358775374,2.1324,3.12,0.01168062291434924
pump-0143,failure,100,129,FAILURE,3.887376666666667,0.32410924565988897,3.4637,4.5123,-0.01987606229143497,73.33748333333332,5.458412434159669,64.1314,83.4821,-0.44263988876529675,2.7973766666666666,0.21770111419609733,2.4016,3.3066,-0.0024125250278087154
pump-0143,failure,110,139,FAILURE,3.758326666666667,0.33490999878906114,3.3867,4.5123,-0.02439991101223595,71.08620333333333,4.484971280434493,64.1314,81.5319,-0.24699997775306107,2.9804866666666663,0.39355536563769805,2.4016,3.9479,0.030950077864293598
pump-0143,failure,120,149,FAILURE,3.5642633333333333,0.1330125093950022,3.3304,3.864,-0.0019829810901001977,70.61346,3.723268668665568,64.1314,76.9169,0.3458305672969952,3.17912,0.3859830552412027,2.4016,3.9479,0.027670878754171256
pump-0143,failure,130,159,FAILURE,3.493556666666667,0.17404112671690244,3.1464,3.864,-0.011874860956618577,71.20234,4.415119038757619,58.274,76.9169,-0.10762909899888898,3.4787166666666662,0.2500178888044258,2.9413,3.9479,0.010091724137930993
pump-0143,failure,140,169,FAILURE,3.3809299999999993,0.16957096085906534,3.0272,3.6497,-0.013902447163515094,67.79383666666666,7.002501660953431,54.3068,76.9169,-0.7019498331479445,3.610596666666666,0.2587520389399,3.0222,4.1282,0.02377928809788647
pump-0143,failure,150,179,FAILURE,3.2629,0.1519096222539353,2.978,3.5701,-0.010957508342602987,64.20417,5.837501181735784,54.3068,75.8802,-0.27636736373748716,3.8740433333333333,0.2538430324476569,3.4054,4.3942,0.021072947719688446
pump-0143,failure,160,189,FAILURE,3.108146666666667,0.18654894037639438,2.7742,3.5338,-0.016022024471635202,62.74813333333334,4.1384671694830315,54.3068,70.97,0.24518042269187906,4.06426,0.2531231565858801,3.5935,4.5671,0.02039003337041147
pump-0143,failure,170,199,FAILURE,2.8916566666666674,0.24175444798849563,2.4987,3.2872,-0.024662091212458378,61.42791999999999,5.303504341181719,51.3128,70.97,-0.274740645161292,4.089543333333333,0.23676150825015638,3.6377,4.5671,-0.012043581757508482
pump-0143,failure,180,209,FAILURE,2.7889633333333332,0.17881154974503807,2.4987,3.2237,-0.0018745050055618334,59.252476666666674,4.850795998918343,51.3128,69.2423,-0.29898453837597505,4.176236666666666,0.2981554096812973,3.6377,4.7234,0.010133770856507168
pump-0143,failure,190,219,FAILURE,2.6820733333333338,0.18146306131613185,2.3764,3.2237,-0.0029915906562848083,56.844823333333345,2.9157992845511305,51.3128,64.2027,0.0448468743047819,4.37035,0.5003489400741579,3.6377,5.4632,0.048392591768631754
pump-0143,failure,200,229,FAILURE,2.652193333333334,0.19778174491651707,2.3362,3.2237,-0.016265228031145777,55.66637333333333,3.747649603501136,47.9154,61.6941,-0.2176664738598455,4.671633333333334,0.4060981632834877,3.9726,5.4632,0.022973882091212365
pump-0144,failure,0,29,NORMAL,4.485143333333334,0.16177794592863665,4.1866,4.7654,-0.015527853170189189,88.98289666666666,3.2181263063552286,82.7236,96.5474,-0.27322743047831155,1.68312,0.14669371811135382,1.4076,1.9352,-0.012633236929922154
pump-0144,failure,10,39,DEGRADATION,4.411919999999999,0.12569081483280048,4.1866,4.6601,-0.003210856507230343,87.67640333333334,2.6386857926479648,82.7236,94.2593,-0.12895107897664249,1.6791699999999998,0.14124836553626618,1.4076,1.9335,0.003547119021134572
pump-0144,failure,20,49,DEGRADATION,4.376226666666667,0.10236383454239208,4.215,4.5617,0.004241957730811883,87.02821333333334,2.0834094188346395,82.7236,91.3698,0.06305308120133324,1.7692499999999998,0.21241431958949158,1.4076,2.1119,0.02162422691879864
pump-0144,failure,30,59,DEGRADATION,4.354346666666666,0.12164881622477419,4.1432,4.5617,-0.006705272525027961,85.71398,3.403541842003219,78.1169,91.3698,-0.2864887208008926,1.9375566666666666,0.14948346772209367,1.6472,2.2468,0.01273999999999998
pump-0144,failure,40,69,DEGRADATION,4.1843200000000005,0.2271351982116965,3.6975,4.5218,-0.022329432703003412,83.03551999999999,4.231817787696756,76.2932,91.3698,-0.4296436040044511,2.192246666666667,0.29647594251286036,1.6472,2.8044,0.0280276307007786
pump-0144,failure,50,79,DEGRADATION,4.034893333333334,0.20254391611587735,3.6937,4.3651,-0.01455288097886548,81.14676,2.730513464606977,76.2932,85.6,0.003485606229141941,2.4720933333333335,0.3510490420946275,1.8219,2.9822,0.03642709677419352
pump-0144,failure,60,89,FAILURE,3.9717366666666667,0.15233970697826033,3.6937,4.2271,0.0068597330367074025,78.46234333333335,4.625402113019173,68.2953,85.5257,-0.2845442714126825,2.6665100000000006,0.19846615555303132,2.0641,2.9822,0.0026665406006673824
pump-0144,failure,70,99,FAILURE,3.9171933333333326,0.1972979995393319,3.3997,4.2271,-0.008107052280311495,77.68154666666666,4.509672724543201,68.2953,85.5257,-0.2310283870967759,2.689776666666667,0.18737126902371015,2.0641,2.9851,-0.008073170189099055
pump-0144,failure,80,109,FAILURE,3.92819,0.18553923457497243,3.3997,4.2271,-0.006431701890990106,76.00484666666668,3.1870204496502508,68.2953,81.3249,0.11222522803114335,2.78671,0.3146568271943261,2.0641,3.5496,0.023447719688542767
pump-0144,failure,90,119,FAILURE,3.8066900000000006,0.21385885586838183,3.3649,4.1128,-0.006829254727474993,76.03096333333333,3.020513346710383,67.4981,81.3249,-0.1640761067853195,3.105173333333333,0.4468446672191828,2.3397,3.99,0.04280867630700774
pump-0144,failure,100,129,FAILURE,3.7311300000000007,0.25150960770250247,3.1508,4.1128,-0.022973370411568463,73.81402333333332,4.056646660784689,64.5031,79.9818,-0.33047339265851106,3.341053333333333,0.30178008077995394,2.71,3.99,0.011284137931034416
pump-0144,failure,110,139,FAILURE,3.488446666666666,0.25947192877500685,3.1122,4.0359,-0.023907897664071226,69.50352333333333,5.736759150988958,56.7351,79.9818,-0.519049677419357,3.562573333333334,0.260373741550274,3.041,3.99,0.009166095661846426
pump-0144,failure,120,149,FAILURE,3.3465366666666663,0.21282184644021446,2.8522,3.6932,-0.01154507230255846,67.34534333333333,4.577506675085855,56.7351,74.9242,-0.15036304783092544,3.6530266666666664,0.3026482423907699,3.041,4.2915,0.026733615127919847
pump-0144,failure,130,159,FAILURE,3.22169,0.18484701485282362,2.7519,3.6053,-0.0055452947719688925,65.48722000000001,4.285060517067797,56.7351,73.4007,-0.032625494994439605,3.822053333333334,0.19759822491330453,3.4841,4.2915,0.006598754171301384
pump-0144,failure,140,169,FAILURE,3.117173333333333,0.27456934392284615,2.4424,3.6053,-0.014012235817575195,64.38833666666667,4.58514883506038,52.8015,71.9139,-0.2681831590656291,4.020136666666667,0.35097824005041806,3.4841,4.7525,0.02978022246941041
pump-0144,failure,150,179,FAILURE,3.036903333333334,0.22189313115902334,2.4424,3.3512,-0.004339599555061254,62.605623333333334,4.283032662392643,52.8015,70.6392,-0.09732860956618529,4.315383333333333,0.425493623989309,3.554,5.1033,0.044564026696329195
pump-0144,failure,160,189,FAILURE,2.9979999999999998,0.21408855488636783,2.4424,3.4123,0.0057143492769743,60.33711333333333,4.305470188549548,52.4658,66.8716,-0.09810496106785495,4.555073333333334,0.2835205047650385,3.9153,5.1033,0.011098286985539349
pump-0144,failure,170,199,FAILURE,2.89709,0.2686656402172286,2.3126,3.4123,-0.021394104560622993,57.43060666666667,5.689961414745172,46.445,66.0426,-0.4984394660734157,4.561899999999999,0.24355182747552245,4.1229,5.1033,-0.015455216907675248
pump-0144,failure,180,209,FAILURE,2.7714366666666668,0.27934176138836736,2.3087,3.4123,-0.018056529477196992,55.205369999999995,4.9832206058699295,46.445,66.0426,-0.1456025583982216,4.656689999999999,0.453063416716321,4.1229,5.8619,0.024714149054504954
pump-0145,failure,0,29,DEGRADATION,4.630283333333333,0.13669018761011664,4.3167,4.7931,-0.009644160177975612,91.75566999999998,2.734114065061418,87.7998,98.2004,-0.24261982202447488,1.4396300000000002,0.1347576470310065,1.2375,1.7541,-0.0008373971078976934
pump-0145,failure,10,39,DEGRADATION,4.552316666666667,0.15561955336296562,4.2597,4.7754,-0.013527007786429436,90.16143666666667,1.6588037455715572,86.9726,93.4265,-0.06467463848721014,1.6183366666666668,0.29442416169344676,1.2375,2.2869,0.022809988876529453
pump-0145,failure,20,49,DEGRADATION,4.425366666666666,0.12875513279952075,4.2597,4.7135,-0.00905610678531708,88.34073,2.769727770515844,81.8213,93.1607,-0.2387795550611807,1.73561,0.29109324433933537,1.2774,2.2869,0.020655595105672945
pump-0145,failure,30,59,DEGRADATION,4.254863333333334,0.21510448853728947,3.8649,4.5774,-0.02167877641824261,84.49457666666666,5.345246531931172,74.5257,93.1607,-0.5796704560622936,1.8744200000000002,0.1893607234882672,1.4776,2.2869,-0.005444582869855451
pump-0145,failure,40,69,FAILURE,4.043186666666667,0.22769334748492082,3.623,4.4347,-0.023273815350389426,81.21121333333335,3.6398577215539016,74.5257,87.8279,-0.2560857842046735,2.0268,0.3475642578478595,1.4776,2.8569,0.02737165739710787
pump-0145,failure,50,79,FAILURE,3.9384466666666667,0.1533844380053668,3.623,4.2206,0.0019601779755282506,80.34429999999999,3.007321428115059,74.5257,87.4199,0.19585508342602787,2.343023333333334,0.47317435876100566,1.4776,3.3498,0.04885452725250274
pump-0145,failure,60,89,FAILURE,3.8854400000000004,0.20219917672104074,3.5946,4.4345,0.00145250278086757,77.89695666666667,6.245328915954351,63.8975,87.4199,-0.4642667185761973,2.645553333333333,0.3041277809664148,1.9764,3.3498,0.01943661846496102
pump-0145,failure,70,99,FAILURE,3.7953633333333334,0.2735615086025241,3.3621,4.4345,-0.020866229143492933,74.81695333333336,6.726699182448666,63.8975,87.4199,-0.5668138820912145,2.752473333333333,0.27530777678001683,2.2659,3.3498,0.0030643826473859444
pump-0145,failure,80,109,FAILURE,3.6716500000000005,0.2362824535028645,3.3213,4.4345,-0.009257107897664174,72.83438333333332,4.626505028138291,63.8975,81.7449,0.2630911457174618,2.9092733333333323,0.37932118135192794,2.3069,3.6261,0.023415750834260216
pump-0145,failure,90,119,FAILURE,3.5443233333333333,0.2043691524069999,3.2585,3.9646,-0.006096974416017846,72.11010333333333,5.373763947829202,59.2243,80.7321,-0.13135508342603067,3.04139,0.3898869753744881,2.3069,3.6261,0.02113977753058945
pump-0145,failure,100,129,FAILURE,3.41654,0.2702058432627491,2.9362,3.9646,-0.022926852057842204,67.32837666666667,9.293819861452139,52.7595,80.7321,-0.9664176863181336,3.4049300000000007,0.43382432323848946,2.7021,4.2704,0.028334660734148927
pump-0145,failure,110,139,FAILURE,3.193716666666666,0.2583210690637181,2.6963,3.8195,-0.024372658509455077,64.44037333333334,7.529513714308219,52.7595,79.627,-0.04750153503893509,3.7085766666666666,0.5162496835726768,2.828,4.546,0.05194311457174635
pump-0145,failure,120,149,FAILURE,3.0414533333333336,0.15857611155390197,2.6963,3.488,-0.008900289210233649,62.286460000000005,6.072302219235577,52.7595,75.4219,0.3035757953281406,4.131553333333334,0.3507811575453974,3.2487,4.9037,0.030500111234705182
pump-0145,failure,130,159,FAILURE,2.86106,0.21406242640874654,2.3672,3.1883,-0.01682144605116803,62.70664333333333,5.798598076701145,51.905,75.4219,-0.400835973303672,4.468153333333333,0.3458969632066109,3.7589,5.1124,0.029818954393770806
pump-0146,failure,0,29,DEGRADATION,4.47174,0.17136178609402197,4.1143,4.8159,-0.009674838709677494,89.02419,3.5754056049022847,82.093,95.5931,-0.3167989543937739,1.6643599999999998,0.15625988523396955,1.4062,1.9437,-0.012011434927697472
pump-0146,failure,10,39,DEGRADATION,4.3564,0.21558412588438264,4.0366,4.8159,-0.019071145717463944,86.74073,3.4659228331619474,80.8027,93.1461,-0.23959250278086872,1.7476866666666666,0.3074077723299931,1.4062,2.4784,0.023948965517241346
pump-0146,failure,20,49,DEGRADATION,4.278356666666666,0.15806547310810448,4.0366,4.6203,-0.0020417130144605917,84.90184333333332,2.8620042059931055,78.7312,89.6776,-0.025390278086766346,1.9106533333333333,0.32501954170309344,1.4062,2.4784,0.027515239154616216
pump-0146,failure,30,59,DEGRADATION,4.11225,0.28432500153873214,3.4873,4.6203,-0.018512458286985604,82.21885666666667,4.8889708842579775,72.6374,89.6776,-0.3897161957730833,2.131873333333333,0.206834585975256,1.6674,2.4784,0.008624115684093384
pump-0146,failure,40,69,FAILURE,3.9219566666666674,0.3672726296030724,3.2677,4.6203,-0.03907241379310352,79.85446666666667,4.457299274398744,72.6374,89.2483,-0.3804249165739727,2.3350866666666668,0.28209143757929905,1.8446,2.9847,0.02605988876529473
pump-0146,failure,50,79,FAILURE,3.7413466666666664,0.21215752281945813,3.2677,4.2162,-0.007003292547274827,77.58403333333332,2.5226320547308423,72.015,83.0594,0.019996484983312118,2.6689,0.4073166548685842,2.0727,3.4517,0.04309410456062287
pump-0146,failure,60,89,FAILURE,3.7187566666666667,0.17925394218507137,3.2677,4.0776,0.005210033370411501,76.23799666666665,3.2795804349015265,68.9642,80.9098,-0.23766622914349347,2.917146666666666,0.27078883499057993,2.4287,3.4517,0.01512044493882087
pump-0146,failure,70,99,FAILURE,3.6757566666666666,0.21688669497125815,3.2709,4.0776,-0.013578843159065764,72.58493,5.479555488428478,62.2217,80.9098,-0.4710141268075663,3.061803333333333,0.31800120909972796,2.5113,4.1455,0.006691991101223508
pump-0146,failure,80,109,FAILURE,3.4904500000000005,0.2943674843343493,2.9784,4.0776,-0.026328387096774326,69.58521333333333,4.168901983395095,62.2217,75.2586,-0.17149535038932334,3.138073333333333,0.33856078620471625,2.5113,4.1455,0.018161067853170156
pump-0146,failure,90,119,FAILURE,3.341656666666667,0.1969833371689652,2.9784,3.7362,-0.008066273637375,68.33413333333333,3.6577918167781074,62.2217,74.1432,0.10555661846495853,3.3397800000000006,0.4147431674341765,2.5113,4.1455,0.01741494994438255
pump-0146,failure,100,129,FAILURE,3.165396666666666,0.22850368849442135,2.7144,3.6139,-0.016954905450500626,65.56260666666667,5.737381095060321,55.124,74.1432,-0.5011732146829823,3.4767,0.3520056448411019,2.888,4.0668,0.005574104560622851
pump-0146,failure,110,139,FAILURE,3.0606899999999997,0.22839592867066025,2.7144,3.5502,-0.02089968854282546,62.67652000000001,5.871057775245163,53.8577,74.1432,-0.37066918798665405,3.6653766666666674,0.37934429452528856,2.888,4.4017,0.014822091212458213
pump-0146,failure,120,149,FAILURE,2.9063833333333338,0.1240690347705216,2.6889,3.1292,-0.004937152391546312,59.96200333333333,3.927241677181185,53.8577,68.9228,0.11910885428253483,3.89554,0.391462625376506,3.0095,4.4663,0.03725637374860957
pump-0146,failure,130,159,FAILURE,2.7738633333333333,0.20145035200322242,2.3978,3.1276,-0.017966028921023402,58.415380000000006,5.012012327758184,49.3288,68.9228,-0.2826675417130157,4.262029999999999,0.39669728017721523,3.4479,4.984,0.03739027808676299
pump-0146,failure,140,169,FAILURE,2.5391566666666665,0.3090290436009031,1.8986,3.0997,-0.03287850945495005,54.14034333333334,6.288356597696165,42.9983,66.3793,-0.6846997330367088,4.618453333333333,0.37260205021204895,3.8746,5.1727,0.03487808676307005
pump-0147,degrading,0,29,NORMAL,4.492913333333333,0.10128773447735687,4.2912,4.6758,-0.007439555061179195,88.85821999999999,2.3858510092347904,84.3869,93.4662,-0.17720952169077026,1.5602099999999999,0.17799243307886248,1.2362,1.8829,0.0017973526140155503
pump-0147,degrading,10,39,NORMAL,4.44308,0.08397196119340469,4.2912,4.6518,-0.0024715906562848456,89.09200000000001,2.7558517802426654,84.3869,94.8951,0.19051167964404767,1.60249,0.230874068631942,1.2362,2.0725,0.009441535038932115
pump-0147,degrading,20,49,DEGRADATION,4.429293333333334,0.07394983404684256,4.2912,4.5601,0.0031353058954392554,89.53614666666667,2.7603673204525196,84.3869,94.8951,0.0929404226918777,1.6644433333333333,0.1859484546558236,1.3414,2.0725,-0.0012616017797553506
pump-0147,degrading,30,59,DEGRADATION,4.41007,0.09552330658012205,4.1744,4.5601,-0.004827119021134706,88.34405666666667,4.019714260880022,78.5345,94.8951,-0.40211624026696524,1.6821266666666665,0.17839790718752527,1.3414,2.0725,-0.0034510789766407715
pump-0147,degrading,40,69,DEGRADATION,4.317416666666667,0.1580396850653517,3.9979,4.5601,-0.013680867630700854,85.50217666666667,3.28299511185374,78.5345,92.1764,-0.2776492769744177,1.7727800000000002,0.23427324843723263,1.4529,2.4429,0.021225717463848676
pump-0147,degrading,50,79,DEGRADATION,4.25538,0.1289985359090043,3.9979,4.4945,-0.0020246051167965187,84.91318666666665,2.822459225301385,78.5345,91.0553,0.1837219577308102,1.9420066666666667,0.2590150857039455,1.5327,2.4903,0.022540289210233558
pump-0147,degrading,60,89,DEGRADATION,4.220940000000001,0.1195864473926707,3.9979,4.3884,0.00487457174638475,85.63869,3.1184976071125443,80.5264,91.0553,0.08959695216907398,2.0565900000000004,0.19162870061658296,1.707,2.4903,0.0025492102335928375
pump-0147,degrading,70,99,DEGRADATION,4.168190000000001,0.1593198823122839,3.83,4.3884,-0.012056929922135801,84.32092333333331,4.363328680696527,75.847,91.0553,-0.3953900111234724,2.0945733333333334,0.1427680775087889,1.8872,2.4903,-0.0009956395995551284
pump-0147,degrading,80,109,DEGRADATION,4.097226666666667,0.13686161364271898,3.83,4.3753,-0.008204894327030155,82.24308,3.602891649439379,75.847,90.7328,-0.24817659621802213,2.158066666666667,0.21124215540990443,1.8872,2.6889,0.016364226918798595
pump-0147,degrading,90,119,DEGRADATION,4.08291,0.11481760709925984,3.83,4.2887,0.008748008898776354,80.60212999999999,2.094753209354267,75.847,84.9609,0.026996507230253947,2.2271900000000002,0.20750451456936225,1.9375,2.6889,0.007267875417130124
pump-0147,degrading,100,129,DEGRADATION,4.049423333333333,0.15191451693487215,3.6833,4.2887,-0.006920956618465064,78.52144666666668,4.272501096448725,70.5418,84.9609,-0.4011532369299237,2.222533333333333,0.2167465068281891,1.8668,2.6889,-0.00916743047830926
pump-0147,degrading,110,139,DEGRADATION,3.984643333333333,0.17791562360349983,3.6833,4.2887,-0.01461951056729716,78.01817333333335,4.258560146726695,70.5418,84.9609,-0.06970068965517437,2.340733333333333,0.29461471374586096,1.8668,2.828,0.018652769744160136
pump-0147,degrading,120,149,DEGRADATION,3.902526666666667,0.10057573906707756,3.6833,4.0592,0.002853259176863075,78.46130666666664,4.58378127946301,70.5418,85.5295,0.37461383759732797,2.437876666666667,0.2860725242350657,1.8668,2.828,0.01791468298109006
pump-0147,degrading,130,159,DEGRADATION,3.8365833333333326,0.15679900527603977,3.389,4.0592,-0.010161846496106863,79.69678333333331,3.2619751146693665,72.817,85.5295,-0.1302236484983319,2.5244566666666666,0.2000821176139659,2.1814,2.828,-0.012603225806451656
pump-0148,failure,0,29,DEGRADATION,4.435803333333334,0.13574012298833704,4.203,4.7622,-0.009756106785317123,89.23082,3.2116145845353246,82.217,93.6417,-0.27970353726362773,1.6634500000000003,0.15374416791106796,1.4002,2.0885,0.006721223581757456
pump-0148,failure,10,39,DEGRADATION,4.333046666666666,0.12705555407860852,4.0509,4.6099,-0.009392836484983423,85.84661666666666,4.391093666888567,79.2474,93.6417,-0.4684889210233623,1.82059,0.24524342920181708,1.4222,2.245,0.022146540600667404
pump-0148,failure,20,49,DEGRADATION,4.281136666666667,0.13794305221922395,3.9298,4.5965,-0.004301156840934539,83.10468333333334,2.3677917111496294,79.2474,88.5099,-0.13474551724138137,2.0446133333333334,0.2725383859609912,1.518,2.4981,0.02725397107897659
pump-0148,failure,30,59,DEGRADATION,4.073053333333334,0.3105791748044647,3.4439,4.5965,-0.027764182424916677,79.57823333333333,3.8969421200332044,72.1715,84.6488,-0.3265543937708575,2.2241199999999997,0.1726018238605838,1.9411,2.5599,0.009095528364849786
pump-0148,failure,40,69,FAILURE,3.9000800000000004,0.3169870790216325,3.3937,4.5965,-0.02720600667408242,76.95356333333335,4.641573187004835,69.3191,84.6488,-0.4420269410456084,2.405030000000001,0.276902605200216,1.9807,3.1423,0.020871301446051132
pump-0148,failure,50,79,FAILURE,3.7558233333333333,0.18821361035329565,3.3937,4.1606,0.003898086763070059,74.37097333333331,2.4050620885863947,69.3191,80.8087,0.004202224694103679,2.8065066666666665,0.5762079780387943,1.9807,3.7618,0.06272783092324802
pump-0148,failure,60,89,FAILURE,3.649586666666666,0.2515338104951742,3.2152,4.1606,-0.01634513904338161,72.93632666666667,3.6656710639784476,63.3742,77.3953,-0.16497125695217232,3.046303333333333,0.4242920672393278,2.2449,3.7618,0.018232413793103374
pump-0148,failure,70,99,FAILURE,3.4277033333333335,0.38183259026553623,2.6898,4.1606,-0.04043677419354845,69.42868,6.347147537826212,55.3964,77.3953,-0.6413448275862086,3.313883333333334,0.46056792266601554,2.684,4.231,0.005134616240266866
pump-0148,failure,80,109,FAILURE,3.1522166666666664,0.23068209449851595,2.6898,3.5317,-0.019406206896551884,64.84557333333333,5.462163593969784,55.3964,77.3953,-0.49686286985539646,3.4476033333333334,0.5532860763856453,2.684,4.3408,0.04565408231368182
pump-0148,failure,90,119,FAILURE,3.0812299999999992,0.1873595512199294,2.6898,3.4662,0.0005936151279198117,62.785270000000004,3.368272673656336,55.3964,69.2069,0.011112102335927255,3.6914299999999995,0.4377292718488601,2.684,4.3408,0.017193214682981003
pump-0148,failure,100,129,FAILURE,3.0100166666666666,0.20093472419890218,2.5997,3.3834,-0.010962024471635223,60.987153333333346,3.533381644330101,53.5683,69.2069,-0.17972729699666432,3.8966166666666666,0.31171173123398616,3.3376,4.6183,0.008925939933259065
pump-0148,failure,110,139,FAILURE,2.897216666666667,0.2603403555390946,2.4228,3.3834,-0.024368075639599623,59.4728,4.371443091932,52.7999,69.2069,-0.3088336818687448,4.102206666666667,0.4379039110225996,3.5088,4.8599,0.04288048943270291
pump-0148,failure,120,149,FAILURE,2.7424299999999997,0.16974608714194264,2.4228,3.1611,-0.007237130144605174,56.81413333333334,2.5208826953183596,52.7999,63.6011,-0.014731612903227387,4.522483333333333,0.5118282277505044,3.5088,5.7139,0.05104429365962173
